source_image_id,source_path,class,group_id,split,augmentation_id,rotation_angle,horizontal_flip,augmented_path
IMG_0003,/content/BSM-Project/data/raw/BSM/Garnet/12.jpg,Garnet,GRP_0003,train,IMG_0003_r0_f0,0,False,/content/BSM-Project/data/augmented/train/Garnet/12__r0_f0.jpg
IMG_0003,/content/BSM-Project/data/raw/BSM/Garnet/12.jpg,Garnet,GRP_0003,train,IMG_0003_r0_f1,0,True,/content/BSM-Project/data/augmented/train/Garnet/12__r0_f1.jpg
IMG_0003,/content/BSM-Project/data/raw/BSM/Garnet/12.jpg,Garnet,GRP_0003,train,IMG_0003_r30_f0,30,False,/content/BSM-Project/data/augmented/train/Garnet/12__r30_f0.jpg
IMG_0003,/content/BSM-Project/data/raw/BSM/Garnet/12.jpg,Garnet,GRP_0003,train,IMG_0003_r30_f1,30,True,/content/BSM-Project/data/augmented/train/Garnet/12__r30_f1.jpg
IMG_0003,/content/BSM-Project/data/raw/BSM/Garnet/12.jpg,Garnet,GRP_0003,train,IMG_0003_r45_f0,45,False,/content/BSM-Project/data/augmented/train/Garnet/12__r45_f0.jpg
IMG_0003,/content/BSM-Project/data/raw/BSM/Garnet/12.jpg,Garnet,GRP_0003,train,IMG_0003_r45_f1,45,True,/content/BSM-Project/data/augmented/train/Garnet/12__r45_f1.jpg
IMG_0003,/content/BSM-Project/data/raw/BSM/Garnet/12.jpg,Garnet,GRP_0003,train,IMG_0003_r90_f0,90,False,/content/BSM-Project/data/augmented/train/Garnet/12__r90_f0.jpg
IMG_0003,/content/BSM-Project/data/raw/BSM/Garnet/12.jpg,Garnet,GRP_0003,train,IMG_0003_r90_f1,90,True,/content/BSM-Project/data/augmented/train/Garnet/12__r90_f1.jpg
IMG_0003,/content/BSM-Project/data/raw/BSM/Garnet/12.jpg,Garnet,GRP_0003,train,IMG_0003_r180_f0,180,False,/content/BSM-Project/data/augmented/train/Garnet/12__r180_f0.jpg
IMG_0003,/content/BSM-Project/data/raw/BSM/Garnet/12.jpg,Garnet,GRP_0003,train,IMG_0003_r180_f1,180,True,/content/BSM-Project/data/augmented/train/Garnet/12__r180_f1.jpg
IMG_0003,/content/BSM-Project/data/raw/BSM/Garnet/12.jpg,Garnet,GRP_0003,train,IMG_0003_r270_f0,270,False,/content/BSM-Project/data/augmented/train/Garnet/12__r270_f0.jpg
IMG_0003,/content/BSM-Project/data/raw/BSM/Garnet/12.jpg,Garnet,GRP_0003,train,IMG_0003_r270_f1,270,True,/content/BSM-Project/data/augmented/train/Garnet/12__r270_f1.jpg
IMG_0004,/content/BSM-Project/data/raw/BSM/Garnet/13.jpg,Garnet,GRP_0004,train,IMG_0004_r0_f0,0,False,/content/BSM-Project/data/augmented/train/Garnet/13__r0_f0.jpg
IMG_0004,/content/BSM-Project/data/raw/BSM/Garnet/13.jpg,Garnet,GRP_0004,train,IMG_0004_r0_f1,0,True,/content/BSM-Project/data/augmented/train/Garnet/13__r0_f1.jpg
IMG_0004,/content/BSM-Project/data/raw/BSM/Garnet/13.jpg,Garnet,GRP_0004,train,IMG_0004_r30_f0,30,False,/content/BSM-Project/data/augmented/train/Garnet/13__r30_f0.jpg
IMG_0004,/content/BSM-Project/data/raw/BSM/Garnet/13.jpg,Garnet,GRP_0004,train,IMG_0004_r30_f1,30,True,/content/BSM-Project/data/augmented/train/Garnet/13__r30_f1.jpg
IMG_0004,/content/BSM-Project/data/raw/BSM/Garnet/13.jpg,Garnet,GRP_0004,train,IMG_0004_r45_f0,45,False,/content/BSM-Project/data/augmented/train/Garnet/13__r45_f0.jpg
IMG_0004,/content/BSM-Project/data/raw/BSM/Garnet/13.jpg,Garnet,GRP_0004,train,IMG_0004_r45_f1,45,True,/content/BSM-Project/data/augmented/train/Garnet/13__r45_f1.jpg
IMG_0004,/content/BSM-Project/data/raw/BSM/Garnet/13.jpg,Garnet,GRP_0004,train,IMG_0004_r90_f0,90,False,/content/BSM-Project/data/augmented/train/Garnet/13__r90_f0.jpg
IMG_0004,/content/BSM-Project/data/raw/BSM/Garnet/13.jpg,Garnet,GRP_0004,train,IMG_0004_r90_f1,90,True,/content/BSM-Project/data/augmented/train/Garnet/13__r90_f1.jpg
IMG_0004,/content/BSM-Project/data/raw/BSM/Garnet/13.jpg,Garnet,GRP_0004,train,IMG_0004_r180_f0,180,False,/content/BSM-Project/data/augmented/train/Garnet/13__r180_f0.jpg
IMG_0004,/content/BSM-Project/data/raw/BSM/Garnet/13.jpg,Garnet,GRP_0004,train,IMG_0004_r180_f1,180,True,/content/BSM-Project/data/augmented/train/Garnet/13__r180_f1.jpg
IMG_0004,/content/BSM-Project/data/raw/BSM/Garnet/13.jpg,Garnet,GRP_0004,train,IMG_0004_r270_f0,270,False,/content/BSM-Project/data/augmented/train/Garnet/13__r270_f0.jpg
IMG_0004,/content/BSM-Project/data/raw/BSM/Garnet/13.jpg,Garnet,GRP_0004,train,IMG_0004_r270_f1,270,True,/content/BSM-Project/data/augmented/train/Garnet/13__r270_f1.jpg
IMG_0005,/content/BSM-Project/data/raw/BSM/Garnet/14.jpg,Garnet,GRP_0005,train,IMG_0005_r0_f0,0,False,/content/BSM-Project/data/augmented/train/Garnet/14__r0_f0.jpg
IMG_0005,/content/BSM-Project/data/raw/BSM/Garnet/14.jpg,Garnet,GRP_0005,train,IMG_0005_r0_f1,0,True,/content/BSM-Project/data/augmented/train/Garnet/14__r0_f1.jpg
IMG_0005,/content/BSM-Project/data/raw/BSM/Garnet/14.jpg,Garnet,GRP_0005,train,IMG_0005_r30_f0,30,False,/content/BSM-Project/data/augmented/train/Garnet/14__r30_f0.jpg
IMG_0005,/content/BSM-Project/data/raw/BSM/Garnet/14.jpg,Garnet,GRP_0005,train,IMG_0005_r30_f1,30,True,/content/BSM-Project/data/augmented/train/Garnet/14__r30_f1.jpg
IMG_0005,/content/BSM-Project/data/raw/BSM/Garnet/14.jpg,Garnet,GRP_0005,train,IMG_0005_r45_f0,45,False,/content/BSM-Project/data/augmented/train/Garnet/14__r45_f0.jpg
IMG_0005,/content/BSM-Project/data/raw/BSM/Garnet/14.jpg,Garnet,GRP_0005,train,IMG_0005_r45_f1,45,True,/content/BSM-Project/data/augmented/train/Garnet/14__r45_f1.jpg
IMG_0005,/content/BSM-Project/data/raw/BSM/Garnet/14.jpg,Garnet,GRP_0005,train,IMG_0005_r90_f0,90,False,/content/BSM-Project/data/augmented/train/Garnet/14__r90_f0.jpg
IMG_0005,/content/BSM-Project/data/raw/BSM/Garnet/14.jpg,Garnet,GRP_0005,train,IMG_0005_r90_f1,90,True,/content/BSM-Project/data/augmented/train/Garnet/14__r90_f1.jpg
IMG_0005,/content/BSM-Project/data/raw/BSM/Garnet/14.jpg,Garnet,GRP_0005,train,IMG_0005_r180_f0,180,False,/content/BSM-Project/data/augmented/train/Garnet/14__r180_f0.jpg
IMG_0005,/content/BSM-Project/data/raw/BSM/Garnet/14.jpg,Garnet,GRP_0005,train,IMG_0005_r180_f1,180,True,/content/BSM-Project/data/augmented/train/Garnet/14__r180_f1.jpg
IMG_0005,/content/BSM-Project/data/raw/BSM/Garnet/14.jpg,Garnet,GRP_0005,train,IMG_0005_r270_f0,270,False,/content/BSM-Project/data/augmented/train/Garnet/14__r270_f0.jpg
IMG_0005,/content/BSM-Project/data/raw/BSM/Garnet/14.jpg,Garnet,GRP_0005,train,IMG_0005_r270_f1,270,True,/content/BSM-Project/data/augmented/train/Garnet/14__r270_f1.jpg
IMG_0006,/content/BSM-Project/data/raw/BSM/Garnet/15.jpg,Garnet,GRP_0006,train,IMG_0006_r0_f0,0,False,/content/BSM-Project/data/augmented/train/Garnet/15__r0_f0.jpg
IMG_0006,/content/BSM-Project/data/raw/BSM/Garnet/15.jpg,Garnet,GRP_0006,train,IMG_0006_r0_f1,0,True,/content/BSM-Project/data/augmented/train/Garnet/15__r0_f1.jpg
IMG_0006,/content/BSM-Project/data/raw/BSM/Garnet/15.jpg,Garnet,GRP_0006,train,IMG_0006_r30_f0,30,False,/content/BSM-Project/data/augmented/train/Garnet/15__r30_f0.jpg
IMG_0006,/content/BSM-Project/data/raw/BSM/Garnet/15.jpg,Garnet,GRP_0006,train,IMG_0006_r30_f1,30,True,/content/BSM-Project/data/augmented/train/Garnet/15__r30_f1.jpg
IMG_0006,/content/BSM-Project/data/raw/BSM/Garnet/15.jpg,Garnet,GRP_0006,train,IMG_0006_r45_f0,45,False,/content/BSM-Project/data/augmented/train/Garnet/15__r45_f0.jpg
IMG_0006,/content/BSM-Project/data/raw/BSM/Garnet/15.jpg,Garnet,GRP_0006,train,IMG_0006_r45_f1,45,True,/content/BSM-Project/data/augmented/train/Garnet/15__r45_f1.jpg
IMG_0006,/content/BSM-Project/data/raw/BSM/Garnet/15.jpg,Garnet,GRP_0006,train,IMG_0006_r90_f0,90,False,/content/BSM-Project/data/augmented/train/Garnet/15__r90_f0.jpg
IMG_0006,/content/BSM-Project/data/raw/BSM/Garnet/15.jpg,Garnet,GRP_0006,train,IMG_0006_r90_f1,90,True,/content/BSM-Project/data/augmented/train/Garnet/15__r90_f1.jpg
IMG_0006,/content/BSM-Project/data/raw/BSM/Garnet/15.jpg,Garnet,GRP_0006,train,IMG_0006_r180_f0,180,False,/content/BSM-Project/data/augmented/train/Garnet/15__r180_f0.jpg
IMG_0006,/content/BSM-Project/data/raw/BSM/Garnet/15.jpg,Garnet,GRP_0006,train,IMG_0006_r180_f1,180,True,/content/BSM-Project/data/augmented/train/Garnet/15__r180_f1.jpg
IMG_0006,/content/BSM-Project/data/raw/BSM/Garnet/15.jpg,Garnet,GRP_0006,train,IMG_0006_r270_f0,270,False,/content/BSM-Project/data/augmented/train/Garnet/15__r270_f0.jpg
IMG_0006,/content/BSM-Project/data/raw/BSM/Garnet/15.jpg,Garnet,GRP_0006,train,IMG_0006_r270_f1,270,True,/content/BSM-Project/data/augmented/train/Garnet/15__r270_f1.jpg
IMG_0007,/content/BSM-Project/data/raw/BSM/Garnet/16.jpg,Garnet,GRP_0007,train,IMG_0007_r0_f0,0,False,/content/BSM-Project/data/augmented/train/Garnet/16__r0_f0.jpg
IMG_0007,/content/BSM-Project/data/raw/BSM/Garnet/16.jpg,Garnet,GRP_0007,train,IMG_0007_r0_f1,0,True,/content/BSM-Project/data/augmented/train/Garnet/16__r0_f1.jpg
IMG_0007,/content/BSM-Project/data/raw/BSM/Garnet/16.jpg,Garnet,GRP_0007,train,IMG_0007_r30_f0,30,False,/content/BSM-Project/data/augmented/train/Garnet/16__r30_f0.jpg
IMG_0007,/content/BSM-Project/data/raw/BSM/Garnet/16.jpg,Garnet,GRP_0007,train,IMG_0007_r30_f1,30,True,/content/BSM-Project/data/augmented/train/Garnet/16__r30_f1.jpg
IMG_0007,/content/BSM-Project/data/raw/BSM/Garnet/16.jpg,Garnet,GRP_0007,train,IMG_0007_r45_f0,45,False,/content/BSM-Project/data/augmented/train/Garnet/16__r45_f0.jpg
IMG_0007,/content/BSM-Project/data/raw/BSM/Garnet/16.jpg,Garnet,GRP_0007,train,IMG_0007_r45_f1,45,True,/content/BSM-Project/data/augmented/train/Garnet/16__r45_f1.jpg
IMG_0007,/content/BSM-Project/data/raw/BSM/Garnet/16.jpg,Garnet,GRP_0007,train,IMG_0007_r90_f0,90,False,/content/BSM-Project/data/augmented/train/Garnet/16__r90_f0.jpg
IMG_0007,/content/BSM-Project/data/raw/BSM/Garnet/16.jpg,Garnet,GRP_0007,train,IMG_0007_r90_f1,90,True,/content/BSM-Project/data/augmented/train/Garnet/16__r90_f1.jpg
IMG_0007,/content/BSM-Project/data/raw/BSM/Garnet/16.jpg,Garnet,GRP_0007,train,IMG_0007_r180_f0,180,False,/content/BSM-Project/data/augmented/train/Garnet/16__r180_f0.jpg
IMG_0007,/content/BSM-Project/data/raw/BSM/Garnet/16.jpg,Garnet,GRP_0007,train,IMG_0007_r180_f1,180,True,/content/BSM-Project/data/augmented/train/Garnet/16__r180_f1.jpg
IMG_0007,/content/BSM-Project/data/raw/BSM/Garnet/16.jpg,Garnet,GRP_0007,train,IMG_0007_r270_f0,270,False,/content/BSM-Project/data/augmented/train/Garnet/16__r270_f0.jpg
IMG_0007,/content/BSM-Project/data/raw/BSM/Garnet/16.jpg,Garnet,GRP_0007,train,IMG_0007_r270_f1,270,True,/content/BSM-Project/data/augmented/train/Garnet/16__r270_f1.jpg
IMG_0009,/content/BSM-Project/data/raw/BSM/Garnet/18.jpg,Garnet,GRP_0009,train,IMG_0009_r0_f0,0,False,/content/BSM-Project/data/augmented/train/Garnet/18__r0_f0.jpg
IMG_0009,/content/BSM-Project/data/raw/BSM/Garnet/18.jpg,Garnet,GRP_0009,train,IMG_0009_r0_f1,0,True,/content/BSM-Project/data/augmented/train/Garnet/18__r0_f1.jpg
IMG_0009,/content/BSM-Project/data/raw/BSM/Garnet/18.jpg,Garnet,GRP_0009,train,IMG_0009_r30_f0,30,False,/content/BSM-Project/data/augmented/train/Garnet/18__r30_f0.jpg
IMG_0009,/content/BSM-Project/data/raw/BSM/Garnet/18.jpg,Garnet,GRP_0009,train,IMG_0009_r30_f1,30,True,/content/BSM-Project/data/augmented/train/Garnet/18__r30_f1.jpg
IMG_0009,/content/BSM-Project/data/raw/BSM/Garnet/18.jpg,Garnet,GRP_0009,train,IMG_0009_r45_f0,45,False,/content/BSM-Project/data/augmented/train/Garnet/18__r45_f0.jpg
IMG_0009,/content/BSM-Project/data/raw/BSM/Garnet/18.jpg,Garnet,GRP_0009,train,IMG_0009_r45_f1,45,True,/content/BSM-Project/data/augmented/train/Garnet/18__r45_f1.jpg
IMG_0009,/content/BSM-Project/data/raw/BSM/Garnet/18.jpg,Garnet,GRP_0009,train,IMG_0009_r90_f0,90,False,/content/BSM-Project/data/augmented/train/Garnet/18__r90_f0.jpg
IMG_0009,/content/BSM-Project/data/raw/BSM/Garnet/18.jpg,Garnet,GRP_0009,train,IMG_0009_r90_f1,90,True,/content/BSM-Project/data/augmented/train/Garnet/18__r90_f1.jpg
IMG_0009,/content/BSM-Project/data/raw/BSM/Garnet/18.jpg,Garnet,GRP_0009,train,IMG_0009_r180_f0,180,False,/content/BSM-Project/data/augmented/train/Garnet/18__r180_f0.jpg
IMG_0009,/content/BSM-Project/data/raw/BSM/Garnet/18.jpg,Garnet,GRP_0009,train,IMG_0009_r180_f1,180,True,/content/BSM-Project/data/augmented/train/Garnet/18__r180_f1.jpg
IMG_0009,/content/BSM-Project/data/raw/BSM/Garnet/18.jpg,Garnet,GRP_0009,train,IMG_0009_r270_f0,270,False,/content/BSM-Project/data/augmented/train/Garnet/18__r270_f0.jpg
IMG_0009,/content/BSM-Project/data/raw/BSM/Garnet/18.jpg,Garnet,GRP_0009,train,IMG_0009_r270_f1,270,True,/content/BSM-Project/data/augmented/train/Garnet/18__r270_f1.jpg
IMG_0010,/content/BSM-Project/data/raw/BSM/Garnet/19.jpg,Garnet,GRP_0010,train,IMG_0010_r0_f0,0,False,/content/BSM-Project/data/augmented/train/Garnet/19__r0_f0.jpg
IMG_0010,/content/BSM-Project/data/raw/BSM/Garnet/19.jpg,Garnet,GRP_0010,train,IMG_0010_r0_f1,0,True,/content/BSM-Project/data/augmented/train/Garnet/19__r0_f1.jpg
IMG_0010,/content/BSM-Project/data/raw/BSM/Garnet/19.jpg,Garnet,GRP_0010,train,IMG_0010_r30_f0,30,False,/content/BSM-Project/data/augmented/train/Garnet/19__r30_f0.jpg
IMG_0010,/content/BSM-Project/data/raw/BSM/Garnet/19.jpg,Garnet,GRP_0010,train,IMG_0010_r30_f1,30,True,/content/BSM-Project/data/augmented/train/Garnet/19__r30_f1.jpg
IMG_0010,/content/BSM-Project/data/raw/BSM/Garnet/19.jpg,Garnet,GRP_0010,train,IMG_0010_r45_f0,45,False,/content/BSM-Project/data/augmented/train/Garnet/19__r45_f0.jpg
IMG_0010,/content/BSM-Project/data/raw/BSM/Garnet/19.jpg,Garnet,GRP_0010,train,IMG_0010_r45_f1,45,True,/content/BSM-Project/data/augmented/train/Garnet/19__r45_f1.jpg
IMG_0010,/content/BSM-Project/data/raw/BSM/Garnet/19.jpg,Garnet,GRP_0010,train,IMG_0010_r90_f0,90,False,/content/BSM-Project/data/augmented/train/Garnet/19__r90_f0.jpg
IMG_0010,/content/BSM-Project/data/raw/BSM/Garnet/19.jpg,Garnet,GRP_0010,train,IMG_0010_r90_f1,90,True,/content/BSM-Project/data/augmented/train/Garnet/19__r90_f1.jpg
IMG_0010,/content/BSM-Project/data/raw/BSM/Garnet/19.jpg,Garnet,GRP_0010,train,IMG_0010_r180_f0,180,False,/content/BSM-Project/data/augmented/train/Garnet/19__r180_f0.jpg
IMG_0010,/content/BSM-Project/data/raw/BSM/Garnet/19.jpg,Garnet,GRP_0010,train,IMG_0010_r180_f1,180,True,/content/BSM-Project/data/augmented/train/Garnet/19__r180_f1.jpg
IMG_0010,/content/BSM-Project/data/raw/BSM/Garnet/19.jpg,Garnet,GRP_0010,train,IMG_0010_r270_f0,270,False,/content/BSM-Project/data/augmented/train/Garnet/19__r270_f0.jpg
IMG_0010,/content/BSM-Project/data/raw/BSM/Garnet/19.jpg,Garnet,GRP_0010,train,IMG_0010_r270_f1,270,True,/content/BSM-Project/data/augmented/train/Garnet/19__r270_f1.jpg
IMG_0011,/content/BSM-Project/data/raw/BSM/Garnet/2.jpg,Garnet,GRP_0011,train,IMG_0011_r0_f0,0,False,/content/BSM-Project/data/augmented/train/Garnet/2__r0_f0.jpg
IMG_0011,/content/BSM-Project/data/raw/BSM/Garnet/2.jpg,Garnet,GRP_0011,train,IMG_0011_r0_f1,0,True,/content/BSM-Project/data/augmented/train/Garnet/2__r0_f1.jpg
IMG_0011,/content/BSM-Project/data/raw/BSM/Garnet/2.jpg,Garnet,GRP_0011,train,IMG_0011_r30_f0,30,False,/content/BSM-Project/data/augmented/train/Garnet/2__r30_f0.jpg
IMG_0011,/content/BSM-Project/data/raw/BSM/Garnet/2.jpg,Garnet,GRP_0011,train,IMG_0011_r30_f1,30,True,/content/BSM-Project/data/augmented/train/Garnet/2__r30_f1.jpg
IMG_0011,/content/BSM-Project/data/raw/BSM/Garnet/2.jpg,Garnet,GRP_0011,train,IMG_0011_r45_f0,45,False,/content/BSM-Project/data/augmented/train/Garnet/2__r45_f0.jpg
IMG_0011,/content/BSM-Project/data/raw/BSM/Garnet/2.jpg,Garnet,GRP_0011,train,IMG_0011_r45_f1,45,True,/content/BSM-Project/data/augmented/train/Garnet/2__r45_f1.jpg
IMG_0011,/content/BSM-Project/data/raw/BSM/Garnet/2.jpg,Garnet,GRP_0011,train,IMG_0011_r90_f0,90,False,/content/BSM-Project/data/augmented/train/Garnet/2__r90_f0.jpg
IMG_0011,/content/BSM-Project/data/raw/BSM/Garnet/2.jpg,Garnet,GRP_0011,train,IMG_0011_r90_f1,90,True,/content/BSM-Project/data/augmented/train/Garnet/2__r90_f1.jpg
IMG_0011,/content/BSM-Project/data/raw/BSM/Garnet/2.jpg,Garnet,GRP_0011,train,IMG_0011_r180_f0,180,False,/content/BSM-Project/data/augmented/train/Garnet/2__r180_f0.jpg
IMG_0011,/content/BSM-Project/data/raw/BSM/Garnet/2.jpg,Garnet,GRP_0011,train,IMG_0011_r180_f1,180,True,/content/BSM-Project/data/augmented/train/Garnet/2__r180_f1.jpg
IMG_0011,/content/BSM-Project/data/raw/BSM/Garnet/2.jpg,Garnet,GRP_0011,train,IMG_0011_r270_f0,270,False,/content/BSM-Project/data/augmented/train/Garnet/2__r270_f0.jpg
IMG_0011,/content/BSM-Project/data/raw/BSM/Garnet/2.jpg,Garnet,GRP_0011,train,IMG_0011_r270_f1,270,True,/content/BSM-Project/data/augmented/train/Garnet/2__r270_f1.jpg
IMG_0015,/content/BSM-Project/data/raw/BSM/Garnet/23.jpg,Garnet,GRP_0015,train,IMG_0015_r0_f0,0,False,/content/BSM-Project/data/augmented/train/Garnet/23__r0_f0.jpg
IMG_0015,/content/BSM-Project/data/raw/BSM/Garnet/23.jpg,Garnet,GRP_0015,train,IMG_0015_r0_f1,0,True,/content/BSM-Project/data/augmented/train/Garnet/23__r0_f1.jpg
IMG_0015,/content/BSM-Project/data/raw/BSM/Garnet/23.jpg,Garnet,GRP_0015,train,IMG_0015_r30_f0,30,False,/content/BSM-Project/data/augmented/train/Garnet/23__r30_f0.jpg
IMG_0015,/content/BSM-Project/data/raw/BSM/Garnet/23.jpg,Garnet,GRP_0015,train,IMG_0015_r30_f1,30,True,/content/BSM-Project/data/augmented/train/Garnet/23__r30_f1.jpg
IMG_0015,/content/BSM-Project/data/raw/BSM/Garnet/23.jpg,Garnet,GRP_0015,train,IMG_0015_r45_f0,45,False,/content/BSM-Project/data/augmented/train/Garnet/23__r45_f0.jpg
IMG_0015,/content/BSM-Project/data/raw/BSM/Garnet/23.jpg,Garnet,GRP_0015,train,IMG_0015_r45_f1,45,True,/content/BSM-Project/data/augmented/train/Garnet/23__r45_f1.jpg
IMG_0015,/content/BSM-Project/data/raw/BSM/Garnet/23.jpg,Garnet,GRP_0015,train,IMG_0015_r90_f0,90,False,/content/BSM-Project/data/augmented/train/Garnet/23__r90_f0.jpg
IMG_0015,/content/BSM-Project/data/raw/BSM/Garnet/23.jpg,Garnet,GRP_0015,train,IMG_0015_r90_f1,90,True,/content/BSM-Project/data/augmented/train/Garnet/23__r90_f1.jpg
IMG_0015,/content/BSM-Project/data/raw/BSM/Garnet/23.jpg,Garnet,GRP_0015,train,IMG_0015_r180_f0,180,False,/content/BSM-Project/data/augmented/train/Garnet/23__r180_f0.jpg
IMG_0015,/content/BSM-Project/data/raw/BSM/Garnet/23.jpg,Garnet,GRP_0015,train,IMG_0015_r180_f1,180,True,/content/BSM-Project/data/augmented/train/Garnet/23__r180_f1.jpg
IMG_0015,/content/BSM-Project/data/raw/BSM/Garnet/23.jpg,Garnet,GRP_0015,train,IMG_0015_r270_f0,270,False,/content/BSM-Project/data/augmented/train/Garnet/23__r270_f0.jpg
IMG_0015,/content/BSM-Project/data/raw/BSM/Garnet/23.jpg,Garnet,GRP_0015,train,IMG_0015_r270_f1,270,True,/content/BSM-Project/data/augmented/train/Garnet/23__r270_f1.jpg
IMG_0016,/content/BSM-Project/data/raw/BSM/Garnet/24.jpg,Garnet,GRP_0016,train,IMG_0016_r0_f0,0,False,/content/BSM-Project/data/augmented/train/Garnet/24__r0_f0.jpg
IMG_0016,/content/BSM-Project/data/raw/BSM/Garnet/24.jpg,Garnet,GRP_0016,train,IMG_0016_r0_f1,0,True,/content/BSM-Project/data/augmented/train/Garnet/24__r0_f1.jpg
IMG_0016,/content/BSM-Project/data/raw/BSM/Garnet/24.jpg,Garnet,GRP_0016,train,IMG_0016_r30_f0,30,False,/content/BSM-Project/data/augmented/train/Garnet/24__r30_f0.jpg
IMG_0016,/content/BSM-Project/data/raw/BSM/Garnet/24.jpg,Garnet,GRP_0016,train,IMG_0016_r30_f1,30,True,/content/BSM-Project/data/augmented/train/Garnet/24__r30_f1.jpg
IMG_0016,/content/BSM-Project/data/raw/BSM/Garnet/24.jpg,Garnet,GRP_0016,train,IMG_0016_r45_f0,45,False,/content/BSM-Project/data/augmented/train/Garnet/24__r45_f0.jpg
IMG_0016,/content/BSM-Project/data/raw/BSM/Garnet/24.jpg,Garnet,GRP_0016,train,IMG_0016_r45_f1,45,True,/content/BSM-Project/data/augmented/train/Garnet/24__r45_f1.jpg
IMG_0016,/content/BSM-Project/data/raw/BSM/Garnet/24.jpg,Garnet,GRP_0016,train,IMG_0016_r90_f0,90,False,/content/BSM-Project/data/augmented/train/Garnet/24__r90_f0.jpg
IMG_0016,/content/BSM-Project/data/raw/BSM/Garnet/24.jpg,Garnet,GRP_0016,train,IMG_0016_r90_f1,90,True,/content/BSM-Project/data/augmented/train/Garnet/24__r90_f1.jpg
IMG_0016,/content/BSM-Project/data/raw/BSM/Garnet/24.jpg,Garnet,GRP_0016,train,IMG_0016_r180_f0,180,False,/content/BSM-Project/data/augmented/train/Garnet/24__r180_f0.jpg
IMG_0016,/content/BSM-Project/data/raw/BSM/Garnet/24.jpg,Garnet,GRP_0016,train,IMG_0016_r180_f1,180,True,/content/BSM-Project/data/augmented/train/Garnet/24__r180_f1.jpg
IMG_0016,/content/BSM-Project/data/raw/BSM/Garnet/24.jpg,Garnet,GRP_0016,train,IMG_0016_r270_f0,270,False,/content/BSM-Project/data/augmented/train/Garnet/24__r270_f0.jpg
IMG_0016,/content/BSM-Project/data/raw/BSM/Garnet/24.jpg,Garnet,GRP_0016,train,IMG_0016_r270_f1,270,True,/content/BSM-Project/data/augmented/train/Garnet/24__r270_f1.jpg
IMG_0017,/content/BSM-Project/data/raw/BSM/Garnet/25.jpg,Garnet,GRP_0017,train,IMG_0017_r0_f0,0,False,/content/BSM-Project/data/augmented/train/Garnet/25__r0_f0.jpg
IMG_0017,/content/BSM-Project/data/raw/BSM/Garnet/25.jpg,Garnet,GRP_0017,train,IMG_0017_r0_f1,0,True,/content/BSM-Project/data/augmented/train/Garnet/25__r0_f1.jpg
IMG_0017,/content/BSM-Project/data/raw/BSM/Garnet/25.jpg,Garnet,GRP_0017,train,IMG_0017_r30_f0,30,False,/content/BSM-Project/data/augmented/train/Garnet/25__r30_f0.jpg
IMG_0017,/content/BSM-Project/data/raw/BSM/Garnet/25.jpg,Garnet,GRP_0017,train,IMG_0017_r30_f1,30,True,/content/BSM-Project/data/augmented/train/Garnet/25__r30_f1.jpg
IMG_0017,/content/BSM-Project/data/raw/BSM/Garnet/25.jpg,Garnet,GRP_0017,train,IMG_0017_r45_f0,45,False,/content/BSM-Project/data/augmented/train/Garnet/25__r45_f0.jpg
IMG_0017,/content/BSM-Project/data/raw/BSM/Garnet/25.jpg,Garnet,GRP_0017,train,IMG_0017_r45_f1,45,True,/content/BSM-Project/data/augmented/train/Garnet/25__r45_f1.jpg
IMG_0017,/content/BSM-Project/data/raw/BSM/Garnet/25.jpg,Garnet,GRP_0017,train,IMG_0017_r90_f0,90,False,/content/BSM-Project/data/augmented/train/Garnet/25__r90_f0.jpg
IMG_0017,/content/BSM-Project/data/raw/BSM/Garnet/25.jpg,Garnet,GRP_0017,train,IMG_0017_r90_f1,90,True,/content/BSM-Project/data/augmented/train/Garnet/25__r90_f1.jpg
IMG_0017,/content/BSM-Project/data/raw/BSM/Garnet/25.jpg,Garnet,GRP_0017,train,IMG_0017_r180_f0,180,False,/content/BSM-Project/data/augmented/train/Garnet/25__r180_f0.jpg
IMG_0017,/content/BSM-Project/data/raw/BSM/Garnet/25.jpg,Garnet,GRP_0017,train,IMG_0017_r180_f1,180,True,/content/BSM-Project/data/augmented/train/Garnet/25__r180_f1.jpg
IMG_0017,/content/BSM-Project/data/raw/BSM/Garnet/25.jpg,Garnet,GRP_0017,train,IMG_0017_r270_f0,270,False,/content/BSM-Project/data/augmented/train/Garnet/25__r270_f0.jpg
IMG_0017,/content/BSM-Project/data/raw/BSM/Garnet/25.jpg,Garnet,GRP_0017,train,IMG_0017_r270_f1,270,True,/content/BSM-Project/data/augmented/train/Garnet/25__r270_f1.jpg
IMG_0018,/content/BSM-Project/data/raw/BSM/Garnet/26.jpg,Garnet,GRP_0018,train,IMG_0018_r0_f0,0,False,/content/BSM-Project/data/augmented/train/Garnet/26__r0_f0.jpg
IMG_0018,/content/BSM-Project/data/raw/BSM/Garnet/26.jpg,Garnet,GRP_0018,train,IMG_0018_r0_f1,0,True,/content/BSM-Project/data/augmented/train/Garnet/26__r0_f1.jpg
IMG_0018,/content/BSM-Project/data/raw/BSM/Garnet/26.jpg,Garnet,GRP_0018,train,IMG_0018_r30_f0,30,False,/content/BSM-Project/data/augmented/train/Garnet/26__r30_f0.jpg
IMG_0018,/content/BSM-Project/data/raw/BSM/Garnet/26.jpg,Garnet,GRP_0018,train,IMG_0018_r30_f1,30,True,/content/BSM-Project/data/augmented/train/Garnet/26__r30_f1.jpg
IMG_0018,/content/BSM-Project/data/raw/BSM/Garnet/26.jpg,Garnet,GRP_0018,train,IMG_0018_r45_f0,45,False,/content/BSM-Project/data/augmented/train/Garnet/26__r45_f0.jpg
IMG_0018,/content/BSM-Project/data/raw/BSM/Garnet/26.jpg,Garnet,GRP_0018,train,IMG_0018_r45_f1,45,True,/content/BSM-Project/data/augmented/train/Garnet/26__r45_f1.jpg
IMG_0018,/content/BSM-Project/data/raw/BSM/Garnet/26.jpg,Garnet,GRP_0018,train,IMG_0018_r90_f0,90,False,/content/BSM-Project/data/augmented/train/Garnet/26__r90_f0.jpg
IMG_0018,/content/BSM-Project/data/raw/BSM/Garnet/26.jpg,Garnet,GRP_0018,train,IMG_0018_r90_f1,90,True,/content/BSM-Project/data/augmented/train/Garnet/26__r90_f1.jpg
IMG_0018,/content/BSM-Project/data/raw/BSM/Garnet/26.jpg,Garnet,GRP_0018,train,IMG_0018_r180_f0,180,False,/content/BSM-Project/data/augmented/train/Garnet/26__r180_f0.jpg
IMG_0018,/content/BSM-Project/data/raw/BSM/Garnet/26.jpg,Garnet,GRP_0018,train,IMG_0018_r180_f1,180,True,/content/BSM-Project/data/augmented/train/Garnet/26__r180_f1.jpg
IMG_0018,/content/BSM-Project/data/raw/BSM/Garnet/26.jpg,Garnet,GRP_0018,train,IMG_0018_r270_f0,270,False,/content/BSM-Project/data/augmented/train/Garnet/26__r270_f0.jpg
IMG_0018,/content/BSM-Project/data/raw/BSM/Garnet/26.jpg,Garnet,GRP_0018,train,IMG_0018_r270_f1,270,True,/content/BSM-Project/data/augmented/train/Garnet/26__r270_f1.jpg
IMG_0020,/content/BSM-Project/data/raw/BSM/Garnet/28.jpg,Garnet,GRP_0020,train,IMG_0020_r0_f0,0,False,/content/BSM-Project/data/augmented/train/Garnet/28__r0_f0.jpg
IMG_0020,/content/BSM-Project/data/raw/BSM/Garnet/28.jpg,Garnet,GRP_0020,train,IMG_0020_r0_f1,0,True,/content/BSM-Project/data/augmented/train/Garnet/28__r0_f1.jpg
IMG_0020,/content/BSM-Project/data/raw/BSM/Garnet/28.jpg,Garnet,GRP_0020,train,IMG_0020_r30_f0,30,False,/content/BSM-Project/data/augmented/train/Garnet/28__r30_f0.jpg
IMG_0020,/content/BSM-Project/data/raw/BSM/Garnet/28.jpg,Garnet,GRP_0020,train,IMG_0020_r30_f1,30,True,/content/BSM-Project/data/augmented/train/Garnet/28__r30_f1.jpg
IMG_0020,/content/BSM-Project/data/raw/BSM/Garnet/28.jpg,Garnet,GRP_0020,train,IMG_0020_r45_f0,45,False,/content/BSM-Project/data/augmented/train/Garnet/28__r45_f0.jpg
IMG_0020,/content/BSM-Project/data/raw/BSM/Garnet/28.jpg,Garnet,GRP_0020,train,IMG_0020_r45_f1,45,True,/content/BSM-Project/data/augmented/train/Garnet/28__r45_f1.jpg
IMG_0020,/content/BSM-Project/data/raw/BSM/Garnet/28.jpg,Garnet,GRP_0020,train,IMG_0020_r90_f0,90,False,/content/BSM-Project/data/augmented/train/Garnet/28__r90_f0.jpg
IMG_0020,/content/BSM-Project/data/raw/BSM/Garnet/28.jpg,Garnet,GRP_0020,train,IMG_0020_r90_f1,90,True,/content/BSM-Project/data/augmented/train/Garnet/28__r90_f1.jpg
IMG_0020,/content/BSM-Project/data/raw/BSM/Garnet/28.jpg,Garnet,GRP_0020,train,IMG_0020_r180_f0,180,False,/content/BSM-Project/data/augmented/train/Garnet/28__r180_f0.jpg
IMG_0020,/content/BSM-Project/data/raw/BSM/Garnet/28.jpg,Garnet,GRP_0020,train,IMG_0020_r180_f1,180,True,/content/BSM-Project/data/augmented/train/Garnet/28__r180_f1.jpg
IMG_0020,/content/BSM-Project/data/raw/BSM/Garnet/28.jpg,Garnet,GRP_0020,train,IMG_0020_r270_f0,270,False,/content/BSM-Project/data/augmented/train/Garnet/28__r270_f0.jpg
IMG_0020,/content/BSM-Project/data/raw/BSM/Garnet/28.jpg,Garnet,GRP_0020,train,IMG_0020_r270_f1,270,True,/content/BSM-Project/data/augmented/train/Garnet/28__r270_f1.jpg
IMG_0021,/content/BSM-Project/data/raw/BSM/Garnet/29.jpg,Garnet,GRP_0021,train,IMG_0021_r0_f0,0,False,/content/BSM-Project/data/augmented/train/Garnet/29__r0_f0.jpg
IMG_0021,/content/BSM-Project/data/raw/BSM/Garnet/29.jpg,Garnet,GRP_0021,train,IMG_0021_r0_f1,0,True,/content/BSM-Project/data/augmented/train/Garnet/29__r0_f1.jpg
IMG_0021,/content/BSM-Project/data/raw/BSM/Garnet/29.jpg,Garnet,GRP_0021,train,IMG_0021_r30_f0,30,False,/content/BSM-Project/data/augmented/train/Garnet/29__r30_f0.jpg
IMG_0021,/content/BSM-Project/data/raw/BSM/Garnet/29.jpg,Garnet,GRP_0021,train,IMG_0021_r30_f1,30,True,/content/BSM-Project/data/augmented/train/Garnet/29__r30_f1.jpg
IMG_0021,/content/BSM-Project/data/raw/BSM/Garnet/29.jpg,Garnet,GRP_0021,train,IMG_0021_r45_f0,45,False,/content/BSM-Project/data/augmented/train/Garnet/29__r45_f0.jpg
IMG_0021,/content/BSM-Project/data/raw/BSM/Garnet/29.jpg,Garnet,GRP_0021,train,IMG_0021_r45_f1,45,True,/content/BSM-Project/data/augmented/train/Garnet/29__r45_f1.jpg
IMG_0021,/content/BSM-Project/data/raw/BSM/Garnet/29.jpg,Garnet,GRP_0021,train,IMG_0021_r90_f0,90,False,/content/BSM-Project/data/augmented/train/Garnet/29__r90_f0.jpg
IMG_0021,/content/BSM-Project/data/raw/BSM/Garnet/29.jpg,Garnet,GRP_0021,train,IMG_0021_r90_f1,90,True,/content/BSM-Project/data/augmented/train/Garnet/29__r90_f1.jpg
IMG_0021,/content/BSM-Project/data/raw/BSM/Garnet/29.jpg,Garnet,GRP_0021,train,IMG_0021_r180_f0,180,False,/content/BSM-Project/data/augmented/train/Garnet/29__r180_f0.jpg
IMG_0021,/content/BSM-Project/data/raw/BSM/Garnet/29.jpg,Garnet,GRP_0021,train,IMG_0021_r180_f1,180,True,/content/BSM-Project/data/augmented/train/Garnet/29__r180_f1.jpg
IMG_0021,/content/BSM-Project/data/raw/BSM/Garnet/29.jpg,Garnet,GRP_0021,train,IMG_0021_r270_f0,270,False,/content/BSM-Project/data/augmented/train/Garnet/29__r270_f0.jpg
IMG_0021,/content/BSM-Project/data/raw/BSM/Garnet/29.jpg,Garnet,GRP_0021,train,IMG_0021_r270_f1,270,True,/content/BSM-Project/data/augmented/train/Garnet/29__r270_f1.jpg
IMG_0023,/content/BSM-Project/data/raw/BSM/Garnet/30.jpg,Garnet,GRP_0023,train,IMG_0023_r0_f0,0,False,/content/BSM-Project/data/augmented/train/Garnet/30__r0_f0.jpg
IMG_0023,/content/BSM-Project/data/raw/BSM/Garnet/30.jpg,Garnet,GRP_0023,train,IMG_0023_r0_f1,0,True,/content/BSM-Project/data/augmented/train/Garnet/30__r0_f1.jpg
IMG_0023,/content/BSM-Project/data/raw/BSM/Garnet/30.jpg,Garnet,GRP_0023,train,IMG_0023_r30_f0,30,False,/content/BSM-Project/data/augmented/train/Garnet/30__r30_f0.jpg
IMG_0023,/content/BSM-Project/data/raw/BSM/Garnet/30.jpg,Garnet,GRP_0023,train,IMG_0023_r30_f1,30,True,/content/BSM-Project/data/augmented/train/Garnet/30__r30_f1.jpg
IMG_0023,/content/BSM-Project/data/raw/BSM/Garnet/30.jpg,Garnet,GRP_0023,train,IMG_0023_r45_f0,45,False,/content/BSM-Project/data/augmented/train/Garnet/30__r45_f0.jpg
IMG_0023,/content/BSM-Project/data/raw/BSM/Garnet/30.jpg,Garnet,GRP_0023,train,IMG_0023_r45_f1,45,True,/content/BSM-Project/data/augmented/train/Garnet/30__r45_f1.jpg
IMG_0023,/content/BSM-Project/data/raw/BSM/Garnet/30.jpg,Garnet,GRP_0023,train,IMG_0023_r90_f0,90,False,/content/BSM-Project/data/augmented/train/Garnet/30__r90_f0.jpg
IMG_0023,/content/BSM-Project/data/raw/BSM/Garnet/30.jpg,Garnet,GRP_0023,train,IMG_0023_r90_f1,90,True,/content/BSM-Project/data/augmented/train/Garnet/30__r90_f1.jpg
IMG_0023,/content/BSM-Project/data/raw/BSM/Garnet/30.jpg,Garnet,GRP_0023,train,IMG_0023_r180_f0,180,False,/content/BSM-Project/data/augmented/train/Garnet/30__r180_f0.jpg
IMG_0023,/content/BSM-Project/data/raw/BSM/Garnet/30.jpg,Garnet,GRP_0023,train,IMG_0023_r180_f1,180,True,/content/BSM-Project/data/augmented/train/Garnet/30__r180_f1.jpg
IMG_0023,/content/BSM-Project/data/raw/BSM/Garnet/30.jpg,Garnet,GRP_0023,train,IMG_0023_r270_f0,270,False,/content/BSM-Project/data/augmented/train/Garnet/30__r270_f0.jpg
IMG_0023,/content/BSM-Project/data/raw/BSM/Garnet/30.jpg,Garnet,GRP_0023,train,IMG_0023_r270_f1,270,True,/content/BSM-Project/data/augmented/train/Garnet/30__r270_f1.jpg
IMG_0024,/content/BSM-Project/data/raw/BSM/Garnet/31.jpg,Garnet,GRP_0024,train,IMG_0024_r0_f0,0,False,/content/BSM-Project/data/augmented/train/Garnet/31__r0_f0.jpg
IMG_0024,/content/BSM-Project/data/raw/BSM/Garnet/31.jpg,Garnet,GRP_0024,train,IMG_0024_r0_f1,0,True,/content/BSM-Project/data/augmented/train/Garnet/31__r0_f1.jpg
IMG_0024,/content/BSM-Project/data/raw/BSM/Garnet/31.jpg,Garnet,GRP_0024,train,IMG_0024_r30_f0,30,False,/content/BSM-Project/data/augmented/train/Garnet/31__r30_f0.jpg
IMG_0024,/content/BSM-Project/data/raw/BSM/Garnet/31.jpg,Garnet,GRP_0024,train,IMG_0024_r30_f1,30,True,/content/BSM-Project/data/augmented/train/Garnet/31__r30_f1.jpg
IMG_0024,/content/BSM-Project/data/raw/BSM/Garnet/31.jpg,Garnet,GRP_0024,train,IMG_0024_r45_f0,45,False,/content/BSM-Project/data/augmented/train/Garnet/31__r45_f0.jpg
IMG_0024,/content/BSM-Project/data/raw/BSM/Garnet/31.jpg,Garnet,GRP_0024,train,IMG_0024_r45_f1,45,True,/content/BSM-Project/data/augmented/train/Garnet/31__r45_f1.jpg
IMG_0024,/content/BSM-Project/data/raw/BSM/Garnet/31.jpg,Garnet,GRP_0024,train,IMG_0024_r90_f0,90,False,/content/BSM-Project/data/augmented/train/Garnet/31__r90_f0.jpg
IMG_0024,/content/BSM-Project/data/raw/BSM/Garnet/31.jpg,Garnet,GRP_0024,train,IMG_0024_r90_f1,90,True,/content/BSM-Project/data/augmented/train/Garnet/31__r90_f1.jpg
IMG_0024,/content/BSM-Project/data/raw/BSM/Garnet/31.jpg,Garnet,GRP_0024,train,IMG_0024_r180_f0,180,False,/content/BSM-Project/data/augmented/train/Garnet/31__r180_f0.jpg
IMG_0024,/content/BSM-Project/data/raw/BSM/Garnet/31.jpg,Garnet,GRP_0024,train,IMG_0024_r180_f1,180,True,/content/BSM-Project/data/augmented/train/Garnet/31__r180_f1.jpg
IMG_0024,/content/BSM-Project/data/raw/BSM/Garnet/31.jpg,Garnet,GRP_0024,train,IMG_0024_r270_f0,270,False,/content/BSM-Project/data/augmented/train/Garnet/31__r270_f0.jpg
IMG_0024,/content/BSM-Project/data/raw/BSM/Garnet/31.jpg,Garnet,GRP_0024,train,IMG_0024_r270_f1,270,True,/content/BSM-Project/data/augmented/train/Garnet/31__r270_f1.jpg
IMG_0025,/content/BSM-Project/data/raw/BSM/Garnet/32.jpg,Garnet,GRP_0025,train,IMG_0025_r0_f0,0,False,/content/BSM-Project/data/augmented/train/Garnet/32__r0_f0.jpg
IMG_0025,/content/BSM-Project/data/raw/BSM/Garnet/32.jpg,Garnet,GRP_0025,train,IMG_0025_r0_f1,0,True,/content/BSM-Project/data/augmented/train/Garnet/32__r0_f1.jpg
IMG_0025,/content/BSM-Project/data/raw/BSM/Garnet/32.jpg,Garnet,GRP_0025,train,IMG_0025_r30_f0,30,False,/content/BSM-Project/data/augmented/train/Garnet/32__r30_f0.jpg
IMG_0025,/content/BSM-Project/data/raw/BSM/Garnet/32.jpg,Garnet,GRP_0025,train,IMG_0025_r30_f1,30,True,/content/BSM-Project/data/augmented/train/Garnet/32__r30_f1.jpg
IMG_0025,/content/BSM-Project/data/raw/BSM/Garnet/32.jpg,Garnet,GRP_0025,train,IMG_0025_r45_f0,45,False,/content/BSM-Project/data/augmented/train/Garnet/32__r45_f0.jpg
IMG_0025,/content/BSM-Project/data/raw/BSM/Garnet/32.jpg,Garnet,GRP_0025,train,IMG_0025_r45_f1,45,True,/content/BSM-Project/data/augmented/train/Garnet/32__r45_f1.jpg
IMG_0025,/content/BSM-Project/data/raw/BSM/Garnet/32.jpg,Garnet,GRP_0025,train,IMG_0025_r90_f0,90,False,/content/BSM-Project/data/augmented/train/Garnet/32__r90_f0.jpg
IMG_0025,/content/BSM-Project/data/raw/BSM/Garnet/32.jpg,Garnet,GRP_0025,train,IMG_0025_r90_f1,90,True,/content/BSM-Project/data/augmented/train/Garnet/32__r90_f1.jpg
IMG_0025,/content/BSM-Project/data/raw/BSM/Garnet/32.jpg,Garnet,GRP_0025,train,IMG_0025_r180_f0,180,False,/content/BSM-Project/data/augmented/train/Garnet/32__r180_f0.jpg
IMG_0025,/content/BSM-Project/data/raw/BSM/Garnet/32.jpg,Garnet,GRP_0025,train,IMG_0025_r180_f1,180,True,/content/BSM-Project/data/augmented/train/Garnet/32__r180_f1.jpg
IMG_0025,/content/BSM-Project/data/raw/BSM/Garnet/32.jpg,Garnet,GRP_0025,train,IMG_0025_r270_f0,270,False,/content/BSM-Project/data/augmented/train/Garnet/32__r270_f0.jpg
IMG_0025,/content/BSM-Project/data/raw/BSM/Garnet/32.jpg,Garnet,GRP_0025,train,IMG_0025_r270_f1,270,True,/content/BSM-Project/data/augmented/train/Garnet/32__r270_f1.jpg
IMG_0026,/content/BSM-Project/data/raw/BSM/Garnet/33.jpg,Garnet,GRP_0026,train,IMG_0026_r0_f0,0,False,/content/BSM-Project/data/augmented/train/Garnet/33__r0_f0.jpg
IMG_0026,/content/BSM-Project/data/raw/BSM/Garnet/33.jpg,Garnet,GRP_0026,train,IMG_0026_r0_f1,0,True,/content/BSM-Project/data/augmented/train/Garnet/33__r0_f1.jpg
IMG_0026,/content/BSM-Project/data/raw/BSM/Garnet/33.jpg,Garnet,GRP_0026,train,IMG_0026_r30_f0,30,False,/content/BSM-Project/data/augmented/train/Garnet/33__r30_f0.jpg
IMG_0026,/content/BSM-Project/data/raw/BSM/Garnet/33.jpg,Garnet,GRP_0026,train,IMG_0026_r30_f1,30,True,/content/BSM-Project/data/augmented/train/Garnet/33__r30_f1.jpg
IMG_0026,/content/BSM-Project/data/raw/BSM/Garnet/33.jpg,Garnet,GRP_0026,train,IMG_0026_r45_f0,45,False,/content/BSM-Project/data/augmented/train/Garnet/33__r45_f0.jpg
IMG_0026,/content/BSM-Project/data/raw/BSM/Garnet/33.jpg,Garnet,GRP_0026,train,IMG_0026_r45_f1,45,True,/content/BSM-Project/data/augmented/train/Garnet/33__r45_f1.jpg
IMG_0026,/content/BSM-Project/data/raw/BSM/Garnet/33.jpg,Garnet,GRP_0026,train,IMG_0026_r90_f0,90,False,/content/BSM-Project/data/augmented/train/Garnet/33__r90_f0.jpg
IMG_0026,/content/BSM-Project/data/raw/BSM/Garnet/33.jpg,Garnet,GRP_0026,train,IMG_0026_r90_f1,90,True,/content/BSM-Project/data/augmented/train/Garnet/33__r90_f1.jpg
IMG_0026,/content/BSM-Project/data/raw/BSM/Garnet/33.jpg,Garnet,GRP_0026,train,IMG_0026_r180_f0,180,False,/content/BSM-Project/data/augmented/train/Garnet/33__r180_f0.jpg
IMG_0026,/content/BSM-Project/data/raw/BSM/Garnet/33.jpg,Garnet,GRP_0026,train,IMG_0026_r180_f1,180,True,/content/BSM-Project/data/augmented/train/Garnet/33__r180_f1.jpg
IMG_0026,/content/BSM-Project/data/raw/BSM/Garnet/33.jpg,Garnet,GRP_0026,train,IMG_0026_r270_f0,270,False,/content/BSM-Project/data/augmented/train/Garnet/33__r270_f0.jpg
IMG_0026,/content/BSM-Project/data/raw/BSM/Garnet/33.jpg,Garnet,GRP_0026,train,IMG_0026_r270_f1,270,True,/content/BSM-Project/data/augmented/train/Garnet/33__r270_f1.jpg
IMG_0027,/content/BSM-Project/data/raw/BSM/Garnet/34.jpg,Garnet,GRP_0027,train,IMG_0027_r0_f0,0,False,/content/BSM-Project/data/augmented/train/Garnet/34__r0_f0.jpg
IMG_0027,/content/BSM-Project/data/raw/BSM/Garnet/34.jpg,Garnet,GRP_0027,train,IMG_0027_r0_f1,0,True,/content/BSM-Project/data/augmented/train/Garnet/34__r0_f1.jpg
IMG_0027,/content/BSM-Project/data/raw/BSM/Garnet/34.jpg,Garnet,GRP_0027,train,IMG_0027_r30_f0,30,False,/content/BSM-Project/data/augmented/train/Garnet/34__r30_f0.jpg
IMG_0027,/content/BSM-Project/data/raw/BSM/Garnet/34.jpg,Garnet,GRP_0027,train,IMG_0027_r30_f1,30,True,/content/BSM-Project/data/augmented/train/Garnet/34__r30_f1.jpg
IMG_0027,/content/BSM-Project/data/raw/BSM/Garnet/34.jpg,Garnet,GRP_0027,train,IMG_0027_r45_f0,45,False,/content/BSM-Project/data/augmented/train/Garnet/34__r45_f0.jpg
IMG_0027,/content/BSM-Project/data/raw/BSM/Garnet/34.jpg,Garnet,GRP_0027,train,IMG_0027_r45_f1,45,True,/content/BSM-Project/data/augmented/train/Garnet/34__r45_f1.jpg
IMG_0027,/content/BSM-Project/data/raw/BSM/Garnet/34.jpg,Garnet,GRP_0027,train,IMG_0027_r90_f0,90,False,/content/BSM-Project/data/augmented/train/Garnet/34__r90_f0.jpg
IMG_0027,/content/BSM-Project/data/raw/BSM/Garnet/34.jpg,Garnet,GRP_0027,train,IMG_0027_r90_f1,90,True,/content/BSM-Project/data/augmented/train/Garnet/34__r90_f1.jpg
IMG_0027,/content/BSM-Project/data/raw/BSM/Garnet/34.jpg,Garnet,GRP_0027,train,IMG_0027_r180_f0,180,False,/content/BSM-Project/data/augmented/train/Garnet/34__r180_f0.jpg
IMG_0027,/content/BSM-Project/data/raw/BSM/Garnet/34.jpg,Garnet,GRP_0027,train,IMG_0027_r180_f1,180,True,/content/BSM-Project/data/augmented/train/Garnet/34__r180_f1.jpg
IMG_0027,/content/BSM-Project/data/raw/BSM/Garnet/34.jpg,Garnet,GRP_0027,train,IMG_0027_r270_f0,270,False,/content/BSM-Project/data/augmented/train/Garnet/34__r270_f0.jpg
IMG_0027,/content/BSM-Project/data/raw/BSM/Garnet/34.jpg,Garnet,GRP_0027,train,IMG_0027_r270_f1,270,True,/content/BSM-Project/data/augmented/train/Garnet/34__r270_f1.jpg
IMG_0028,/content/BSM-Project/data/raw/BSM/Garnet/35.jpg,Garnet,GRP_0028,train,IMG_0028_r0_f0,0,False,/content/BSM-Project/data/augmented/train/Garnet/35__r0_f0.jpg
IMG_0028,/content/BSM-Project/data/raw/BSM/Garnet/35.jpg,Garnet,GRP_0028,train,IMG_0028_r0_f1,0,True,/content/BSM-Project/data/augmented/train/Garnet/35__r0_f1.jpg
IMG_0028,/content/BSM-Project/data/raw/BSM/Garnet/35.jpg,Garnet,GRP_0028,train,IMG_0028_r30_f0,30,False,/content/BSM-Project/data/augmented/train/Garnet/35__r30_f0.jpg
IMG_0028,/content/BSM-Project/data/raw/BSM/Garnet/35.jpg,Garnet,GRP_0028,train,IMG_0028_r30_f1,30,True,/content/BSM-Project/data/augmented/train/Garnet/35__r30_f1.jpg
IMG_0028,/content/BSM-Project/data/raw/BSM/Garnet/35.jpg,Garnet,GRP_0028,train,IMG_0028_r45_f0,45,False,/content/BSM-Project/data/augmented/train/Garnet/35__r45_f0.jpg
IMG_0028,/content/BSM-Project/data/raw/BSM/Garnet/35.jpg,Garnet,GRP_0028,train,IMG_0028_r45_f1,45,True,/content/BSM-Project/data/augmented/train/Garnet/35__r45_f1.jpg
IMG_0028,/content/BSM-Project/data/raw/BSM/Garnet/35.jpg,Garnet,GRP_0028,train,IMG_0028_r90_f0,90,False,/content/BSM-Project/data/augmented/train/Garnet/35__r90_f0.jpg
IMG_0028,/content/BSM-Project/data/raw/BSM/Garnet/35.jpg,Garnet,GRP_0028,train,IMG_0028_r90_f1,90,True,/content/BSM-Project/data/augmented/train/Garnet/35__r90_f1.jpg
IMG_0028,/content/BSM-Project/data/raw/BSM/Garnet/35.jpg,Garnet,GRP_0028,train,IMG_0028_r180_f0,180,False,/content/BSM-Project/data/augmented/train/Garnet/35__r180_f0.jpg
IMG_0028,/content/BSM-Project/data/raw/BSM/Garnet/35.jpg,Garnet,GRP_0028,train,IMG_0028_r180_f1,180,True,/content/BSM-Project/data/augmented/train/Garnet/35__r180_f1.jpg
IMG_0028,/content/BSM-Project/data/raw/BSM/Garnet/35.jpg,Garnet,GRP_0028,train,IMG_0028_r270_f0,270,False,/content/BSM-Project/data/augmented/train/Garnet/35__r270_f0.jpg
IMG_0028,/content/BSM-Project/data/raw/BSM/Garnet/35.jpg,Garnet,GRP_0028,train,IMG_0028_r270_f1,270,True,/content/BSM-Project/data/augmented/train/Garnet/35__r270_f1.jpg
IMG_0029,/content/BSM-Project/data/raw/BSM/Garnet/36.jpg,Garnet,GRP_0029,train,IMG_0029_r0_f0,0,False,/content/BSM-Project/data/augmented/train/Garnet/36__r0_f0.jpg
IMG_0029,/content/BSM-Project/data/raw/BSM/Garnet/36.jpg,Garnet,GRP_0029,train,IMG_0029_r0_f1,0,True,/content/BSM-Project/data/augmented/train/Garnet/36__r0_f1.jpg
IMG_0029,/content/BSM-Project/data/raw/BSM/Garnet/36.jpg,Garnet,GRP_0029,train,IMG_0029_r30_f0,30,False,/content/BSM-Project/data/augmented/train/Garnet/36__r30_f0.jpg
IMG_0029,/content/BSM-Project/data/raw/BSM/Garnet/36.jpg,Garnet,GRP_0029,train,IMG_0029_r30_f1,30,True,/content/BSM-Project/data/augmented/train/Garnet/36__r30_f1.jpg
IMG_0029,/content/BSM-Project/data/raw/BSM/Garnet/36.jpg,Garnet,GRP_0029,train,IMG_0029_r45_f0,45,False,/content/BSM-Project/data/augmented/train/Garnet/36__r45_f0.jpg
IMG_0029,/content/BSM-Project/data/raw/BSM/Garnet/36.jpg,Garnet,GRP_0029,train,IMG_0029_r45_f1,45,True,/content/BSM-Project/data/augmented/train/Garnet/36__r45_f1.jpg
IMG_0029,/content/BSM-Project/data/raw/BSM/Garnet/36.jpg,Garnet,GRP_0029,train,IMG_0029_r90_f0,90,False,/content/BSM-Project/data/augmented/train/Garnet/36__r90_f0.jpg
IMG_0029,/content/BSM-Project/data/raw/BSM/Garnet/36.jpg,Garnet,GRP_0029,train,IMG_0029_r90_f1,90,True,/content/BSM-Project/data/augmented/train/Garnet/36__r90_f1.jpg
IMG_0029,/content/BSM-Project/data/raw/BSM/Garnet/36.jpg,Garnet,GRP_0029,train,IMG_0029_r180_f0,180,False,/content/BSM-Project/data/augmented/train/Garnet/36__r180_f0.jpg
IMG_0029,/content/BSM-Project/data/raw/BSM/Garnet/36.jpg,Garnet,GRP_0029,train,IMG_0029_r180_f1,180,True,/content/BSM-Project/data/augmented/train/Garnet/36__r180_f1.jpg
IMG_0029,/content/BSM-Project/data/raw/BSM/Garnet/36.jpg,Garnet,GRP_0029,train,IMG_0029_r270_f0,270,False,/content/BSM-Project/data/augmented/train/Garnet/36__r270_f0.jpg
IMG_0029,/content/BSM-Project/data/raw/BSM/Garnet/36.jpg,Garnet,GRP_0029,train,IMG_0029_r270_f1,270,True,/content/BSM-Project/data/augmented/train/Garnet/36__r270_f1.jpg
IMG_0030,/content/BSM-Project/data/raw/BSM/Garnet/37.jpg,Garnet,GRP_0030,train,IMG_0030_r0_f0,0,False,/content/BSM-Project/data/augmented/train/Garnet/37__r0_f0.jpg
IMG_0030,/content/BSM-Project/data/raw/BSM/Garnet/37.jpg,Garnet,GRP_0030,train,IMG_0030_r0_f1,0,True,/content/BSM-Project/data/augmented/train/Garnet/37__r0_f1.jpg
IMG_0030,/content/BSM-Project/data/raw/BSM/Garnet/37.jpg,Garnet,GRP_0030,train,IMG_0030_r30_f0,30,False,/content/BSM-Project/data/augmented/train/Garnet/37__r30_f0.jpg
IMG_0030,/content/BSM-Project/data/raw/BSM/Garnet/37.jpg,Garnet,GRP_0030,train,IMG_0030_r30_f1,30,True,/content/BSM-Project/data/augmented/train/Garnet/37__r30_f1.jpg
IMG_0030,/content/BSM-Project/data/raw/BSM/Garnet/37.jpg,Garnet,GRP_0030,train,IMG_0030_r45_f0,45,False,/content/BSM-Project/data/augmented/train/Garnet/37__r45_f0.jpg
IMG_0030,/content/BSM-Project/data/raw/BSM/Garnet/37.jpg,Garnet,GRP_0030,train,IMG_0030_r45_f1,45,True,/content/BSM-Project/data/augmented/train/Garnet/37__r45_f1.jpg
IMG_0030,/content/BSM-Project/data/raw/BSM/Garnet/37.jpg,Garnet,GRP_0030,train,IMG_0030_r90_f0,90,False,/content/BSM-Project/data/augmented/train/Garnet/37__r90_f0.jpg
IMG_0030,/content/BSM-Project/data/raw/BSM/Garnet/37.jpg,Garnet,GRP_0030,train,IMG_0030_r90_f1,90,True,/content/BSM-Project/data/augmented/train/Garnet/37__r90_f1.jpg
IMG_0030,/content/BSM-Project/data/raw/BSM/Garnet/37.jpg,Garnet,GRP_0030,train,IMG_0030_r180_f0,180,False,/content/BSM-Project/data/augmented/train/Garnet/37__r180_f0.jpg
IMG_0030,/content/BSM-Project/data/raw/BSM/Garnet/37.jpg,Garnet,GRP_0030,train,IMG_0030_r180_f1,180,True,/content/BSM-Project/data/augmented/train/Garnet/37__r180_f1.jpg
IMG_0030,/content/BSM-Project/data/raw/BSM/Garnet/37.jpg,Garnet,GRP_0030,train,IMG_0030_r270_f0,270,False,/content/BSM-Project/data/augmented/train/Garnet/37__r270_f0.jpg
IMG_0030,/content/BSM-Project/data/raw/BSM/Garnet/37.jpg,Garnet,GRP_0030,train,IMG_0030_r270_f1,270,True,/content/BSM-Project/data/augmented/train/Garnet/37__r270_f1.jpg
IMG_0031,/content/BSM-Project/data/raw/BSM/Garnet/38.jpg,Garnet,GRP_0031,train,IMG_0031_r0_f0,0,False,/content/BSM-Project/data/augmented/train/Garnet/38__r0_f0.jpg
IMG_0031,/content/BSM-Project/data/raw/BSM/Garnet/38.jpg,Garnet,GRP_0031,train,IMG_0031_r0_f1,0,True,/content/BSM-Project/data/augmented/train/Garnet/38__r0_f1.jpg
IMG_0031,/content/BSM-Project/data/raw/BSM/Garnet/38.jpg,Garnet,GRP_0031,train,IMG_0031_r30_f0,30,False,/content/BSM-Project/data/augmented/train/Garnet/38__r30_f0.jpg
IMG_0031,/content/BSM-Project/data/raw/BSM/Garnet/38.jpg,Garnet,GRP_0031,train,IMG_0031_r30_f1,30,True,/content/BSM-Project/data/augmented/train/Garnet/38__r30_f1.jpg
IMG_0031,/content/BSM-Project/data/raw/BSM/Garnet/38.jpg,Garnet,GRP_0031,train,IMG_0031_r45_f0,45,False,/content/BSM-Project/data/augmented/train/Garnet/38__r45_f0.jpg
IMG_0031,/content/BSM-Project/data/raw/BSM/Garnet/38.jpg,Garnet,GRP_0031,train,IMG_0031_r45_f1,45,True,/content/BSM-Project/data/augmented/train/Garnet/38__r45_f1.jpg
IMG_0031,/content/BSM-Project/data/raw/BSM/Garnet/38.jpg,Garnet,GRP_0031,train,IMG_0031_r90_f0,90,False,/content/BSM-Project/data/augmented/train/Garnet/38__r90_f0.jpg
IMG_0031,/content/BSM-Project/data/raw/BSM/Garnet/38.jpg,Garnet,GRP_0031,train,IMG_0031_r90_f1,90,True,/content/BSM-Project/data/augmented/train/Garnet/38__r90_f1.jpg
IMG_0031,/content/BSM-Project/data/raw/BSM/Garnet/38.jpg,Garnet,GRP_0031,train,IMG_0031_r180_f0,180,False,/content/BSM-Project/data/augmented/train/Garnet/38__r180_f0.jpg
IMG_0031,/content/BSM-Project/data/raw/BSM/Garnet/38.jpg,Garnet,GRP_0031,train,IMG_0031_r180_f1,180,True,/content/BSM-Project/data/augmented/train/Garnet/38__r180_f1.jpg
IMG_0031,/content/BSM-Project/data/raw/BSM/Garnet/38.jpg,Garnet,GRP_0031,train,IMG_0031_r270_f0,270,False,/content/BSM-Project/data/augmented/train/Garnet/38__r270_f0.jpg
IMG_0031,/content/BSM-Project/data/raw/BSM/Garnet/38.jpg,Garnet,GRP_0031,train,IMG_0031_r270_f1,270,True,/content/BSM-Project/data/augmented/train/Garnet/38__r270_f1.jpg
IMG_0032,/content/BSM-Project/data/raw/BSM/Garnet/39.jpg,Garnet,GRP_0032,train,IMG_0032_r0_f0,0,False,/content/BSM-Project/data/augmented/train/Garnet/39__r0_f0.jpg
IMG_0032,/content/BSM-Project/data/raw/BSM/Garnet/39.jpg,Garnet,GRP_0032,train,IMG_0032_r0_f1,0,True,/content/BSM-Project/data/augmented/train/Garnet/39__r0_f1.jpg
IMG_0032,/content/BSM-Project/data/raw/BSM/Garnet/39.jpg,Garnet,GRP_0032,train,IMG_0032_r30_f0,30,False,/content/BSM-Project/data/augmented/train/Garnet/39__r30_f0.jpg
IMG_0032,/content/BSM-Project/data/raw/BSM/Garnet/39.jpg,Garnet,GRP_0032,train,IMG_0032_r30_f1,30,True,/content/BSM-Project/data/augmented/train/Garnet/39__r30_f1.jpg
IMG_0032,/content/BSM-Project/data/raw/BSM/Garnet/39.jpg,Garnet,GRP_0032,train,IMG_0032_r45_f0,45,False,/content/BSM-Project/data/augmented/train/Garnet/39__r45_f0.jpg
IMG_0032,/content/BSM-Project/data/raw/BSM/Garnet/39.jpg,Garnet,GRP_0032,train,IMG_0032_r45_f1,45,True,/content/BSM-Project/data/augmented/train/Garnet/39__r45_f1.jpg
IMG_0032,/content/BSM-Project/data/raw/BSM/Garnet/39.jpg,Garnet,GRP_0032,train,IMG_0032_r90_f0,90,False,/content/BSM-Project/data/augmented/train/Garnet/39__r90_f0.jpg
IMG_0032,/content/BSM-Project/data/raw/BSM/Garnet/39.jpg,Garnet,GRP_0032,train,IMG_0032_r90_f1,90,True,/content/BSM-Project/data/augmented/train/Garnet/39__r90_f1.jpg
IMG_0032,/content/BSM-Project/data/raw/BSM/Garnet/39.jpg,Garnet,GRP_0032,train,IMG_0032_r180_f0,180,False,/content/BSM-Project/data/augmented/train/Garnet/39__r180_f0.jpg
IMG_0032,/content/BSM-Project/data/raw/BSM/Garnet/39.jpg,Garnet,GRP_0032,train,IMG_0032_r180_f1,180,True,/content/BSM-Project/data/augmented/train/Garnet/39__r180_f1.jpg
IMG_0032,/content/BSM-Project/data/raw/BSM/Garnet/39.jpg,Garnet,GRP_0032,train,IMG_0032_r270_f0,270,False,/content/BSM-Project/data/augmented/train/Garnet/39__r270_f0.jpg
IMG_0032,/content/BSM-Project/data/raw/BSM/Garnet/39.jpg,Garnet,GRP_0032,train,IMG_0032_r270_f1,270,True,/content/BSM-Project/data/augmented/train/Garnet/39__r270_f1.jpg
IMG_0034,/content/BSM-Project/data/raw/BSM/Garnet/40.jpg,Garnet,GRP_0034,train,IMG_0034_r0_f0,0,False,/content/BSM-Project/data/augmented/train/Garnet/40__r0_f0.jpg
IMG_0034,/content/BSM-Project/data/raw/BSM/Garnet/40.jpg,Garnet,GRP_0034,train,IMG_0034_r0_f1,0,True,/content/BSM-Project/data/augmented/train/Garnet/40__r0_f1.jpg
IMG_0034,/content/BSM-Project/data/raw/BSM/Garnet/40.jpg,Garnet,GRP_0034,train,IMG_0034_r30_f0,30,False,/content/BSM-Project/data/augmented/train/Garnet/40__r30_f0.jpg
IMG_0034,/content/BSM-Project/data/raw/BSM/Garnet/40.jpg,Garnet,GRP_0034,train,IMG_0034_r30_f1,30,True,/content/BSM-Project/data/augmented/train/Garnet/40__r30_f1.jpg
IMG_0034,/content/BSM-Project/data/raw/BSM/Garnet/40.jpg,Garnet,GRP_0034,train,IMG_0034_r45_f0,45,False,/content/BSM-Project/data/augmented/train/Garnet/40__r45_f0.jpg
IMG_0034,/content/BSM-Project/data/raw/BSM/Garnet/40.jpg,Garnet,GRP_0034,train,IMG_0034_r45_f1,45,True,/content/BSM-Project/data/augmented/train/Garnet/40__r45_f1.jpg
IMG_0034,/content/BSM-Project/data/raw/BSM/Garnet/40.jpg,Garnet,GRP_0034,train,IMG_0034_r90_f0,90,False,/content/BSM-Project/data/augmented/train/Garnet/40__r90_f0.jpg
IMG_0034,/content/BSM-Project/data/raw/BSM/Garnet/40.jpg,Garnet,GRP_0034,train,IMG_0034_r90_f1,90,True,/content/BSM-Project/data/augmented/train/Garnet/40__r90_f1.jpg
IMG_0034,/content/BSM-Project/data/raw/BSM/Garnet/40.jpg,Garnet,GRP_0034,train,IMG_0034_r180_f0,180,False,/content/BSM-Project/data/augmented/train/Garnet/40__r180_f0.jpg
IMG_0034,/content/BSM-Project/data/raw/BSM/Garnet/40.jpg,Garnet,GRP_0034,train,IMG_0034_r180_f1,180,True,/content/BSM-Project/data/augmented/train/Garnet/40__r180_f1.jpg
IMG_0034,/content/BSM-Project/data/raw/BSM/Garnet/40.jpg,Garnet,GRP_0034,train,IMG_0034_r270_f0,270,False,/content/BSM-Project/data/augmented/train/Garnet/40__r270_f0.jpg
IMG_0034,/content/BSM-Project/data/raw/BSM/Garnet/40.jpg,Garnet,GRP_0034,train,IMG_0034_r270_f1,270,True,/content/BSM-Project/data/augmented/train/Garnet/40__r270_f1.jpg
IMG_0037,/content/BSM-Project/data/raw/BSM/Garnet/43.jpg,Garnet,GRP_0037,train,IMG_0037_r0_f0,0,False,/content/BSM-Project/data/augmented/train/Garnet/43__r0_f0.jpg
IMG_0037,/content/BSM-Project/data/raw/BSM/Garnet/43.jpg,Garnet,GRP_0037,train,IMG_0037_r0_f1,0,True,/content/BSM-Project/data/augmented/train/Garnet/43__r0_f1.jpg
IMG_0037,/content/BSM-Project/data/raw/BSM/Garnet/43.jpg,Garnet,GRP_0037,train,IMG_0037_r30_f0,30,False,/content/BSM-Project/data/augmented/train/Garnet/43__r30_f0.jpg
IMG_0037,/content/BSM-Project/data/raw/BSM/Garnet/43.jpg,Garnet,GRP_0037,train,IMG_0037_r30_f1,30,True,/content/BSM-Project/data/augmented/train/Garnet/43__r30_f1.jpg
IMG_0037,/content/BSM-Project/data/raw/BSM/Garnet/43.jpg,Garnet,GRP_0037,train,IMG_0037_r45_f0,45,False,/content/BSM-Project/data/augmented/train/Garnet/43__r45_f0.jpg
IMG_0037,/content/BSM-Project/data/raw/BSM/Garnet/43.jpg,Garnet,GRP_0037,train,IMG_0037_r45_f1,45,True,/content/BSM-Project/data/augmented/train/Garnet/43__r45_f1.jpg
IMG_0037,/content/BSM-Project/data/raw/BSM/Garnet/43.jpg,Garnet,GRP_0037,train,IMG_0037_r90_f0,90,False,/content/BSM-Project/data/augmented/train/Garnet/43__r90_f0.jpg
IMG_0037,/content/BSM-Project/data/raw/BSM/Garnet/43.jpg,Garnet,GRP_0037,train,IMG_0037_r90_f1,90,True,/content/BSM-Project/data/augmented/train/Garnet/43__r90_f1.jpg
IMG_0037,/content/BSM-Project/data/raw/BSM/Garnet/43.jpg,Garnet,GRP_0037,train,IMG_0037_r180_f0,180,False,/content/BSM-Project/data/augmented/train/Garnet/43__r180_f0.jpg
IMG_0037,/content/BSM-Project/data/raw/BSM/Garnet/43.jpg,Garnet,GRP_0037,train,IMG_0037_r180_f1,180,True,/content/BSM-Project/data/augmented/train/Garnet/43__r180_f1.jpg
IMG_0037,/content/BSM-Project/data/raw/BSM/Garnet/43.jpg,Garnet,GRP_0037,train,IMG_0037_r270_f0,270,False,/content/BSM-Project/data/augmented/train/Garnet/43__r270_f0.jpg
IMG_0037,/content/BSM-Project/data/raw/BSM/Garnet/43.jpg,Garnet,GRP_0037,train,IMG_0037_r270_f1,270,True,/content/BSM-Project/data/augmented/train/Garnet/43__r270_f1.jpg
IMG_0038,/content/BSM-Project/data/raw/BSM/Garnet/44.jpg,Garnet,GRP_0038,train,IMG_0038_r0_f0,0,False,/content/BSM-Project/data/augmented/train/Garnet/44__r0_f0.jpg
IMG_0038,/content/BSM-Project/data/raw/BSM/Garnet/44.jpg,Garnet,GRP_0038,train,IMG_0038_r0_f1,0,True,/content/BSM-Project/data/augmented/train/Garnet/44__r0_f1.jpg
IMG_0038,/content/BSM-Project/data/raw/BSM/Garnet/44.jpg,Garnet,GRP_0038,train,IMG_0038_r30_f0,30,False,/content/BSM-Project/data/augmented/train/Garnet/44__r30_f0.jpg
IMG_0038,/content/BSM-Project/data/raw/BSM/Garnet/44.jpg,Garnet,GRP_0038,train,IMG_0038_r30_f1,30,True,/content/BSM-Project/data/augmented/train/Garnet/44__r30_f1.jpg
IMG_0038,/content/BSM-Project/data/raw/BSM/Garnet/44.jpg,Garnet,GRP_0038,train,IMG_0038_r45_f0,45,False,/content/BSM-Project/data/augmented/train/Garnet/44__r45_f0.jpg
IMG_0038,/content/BSM-Project/data/raw/BSM/Garnet/44.jpg,Garnet,GRP_0038,train,IMG_0038_r45_f1,45,True,/content/BSM-Project/data/augmented/train/Garnet/44__r45_f1.jpg
IMG_0038,/content/BSM-Project/data/raw/BSM/Garnet/44.jpg,Garnet,GRP_0038,train,IMG_0038_r90_f0,90,False,/content/BSM-Project/data/augmented/train/Garnet/44__r90_f0.jpg
IMG_0038,/content/BSM-Project/data/raw/BSM/Garnet/44.jpg,Garnet,GRP_0038,train,IMG_0038_r90_f1,90,True,/content/BSM-Project/data/augmented/train/Garnet/44__r90_f1.jpg
IMG_0038,/content/BSM-Project/data/raw/BSM/Garnet/44.jpg,Garnet,GRP_0038,train,IMG_0038_r180_f0,180,False,/content/BSM-Project/data/augmented/train/Garnet/44__r180_f0.jpg
IMG_0038,/content/BSM-Project/data/raw/BSM/Garnet/44.jpg,Garnet,GRP_0038,train,IMG_0038_r180_f1,180,True,/content/BSM-Project/data/augmented/train/Garnet/44__r180_f1.jpg
IMG_0038,/content/BSM-Project/data/raw/BSM/Garnet/44.jpg,Garnet,GRP_0038,train,IMG_0038_r270_f0,270,False,/content/BSM-Project/data/augmented/train/Garnet/44__r270_f0.jpg
IMG_0038,/content/BSM-Project/data/raw/BSM/Garnet/44.jpg,Garnet,GRP_0038,train,IMG_0038_r270_f1,270,True,/content/BSM-Project/data/augmented/train/Garnet/44__r270_f1.jpg
IMG_0039,/content/BSM-Project/data/raw/BSM/Garnet/45.jpg,Garnet,GRP_0039,train,IMG_0039_r0_f0,0,False,/content/BSM-Project/data/augmented/train/Garnet/45__r0_f0.jpg
IMG_0039,/content/BSM-Project/data/raw/BSM/Garnet/45.jpg,Garnet,GRP_0039,train,IMG_0039_r0_f1,0,True,/content/BSM-Project/data/augmented/train/Garnet/45__r0_f1.jpg
IMG_0039,/content/BSM-Project/data/raw/BSM/Garnet/45.jpg,Garnet,GRP_0039,train,IMG_0039_r30_f0,30,False,/content/BSM-Project/data/augmented/train/Garnet/45__r30_f0.jpg
IMG_0039,/content/BSM-Project/data/raw/BSM/Garnet/45.jpg,Garnet,GRP_0039,train,IMG_0039_r30_f1,30,True,/content/BSM-Project/data/augmented/train/Garnet/45__r30_f1.jpg
IMG_0039,/content/BSM-Project/data/raw/BSM/Garnet/45.jpg,Garnet,GRP_0039,train,IMG_0039_r45_f0,45,False,/content/BSM-Project/data/augmented/train/Garnet/45__r45_f0.jpg
IMG_0039,/content/BSM-Project/data/raw/BSM/Garnet/45.jpg,Garnet,GRP_0039,train,IMG_0039_r45_f1,45,True,/content/BSM-Project/data/augmented/train/Garnet/45__r45_f1.jpg
IMG_0039,/content/BSM-Project/data/raw/BSM/Garnet/45.jpg,Garnet,GRP_0039,train,IMG_0039_r90_f0,90,False,/content/BSM-Project/data/augmented/train/Garnet/45__r90_f0.jpg
IMG_0039,/content/BSM-Project/data/raw/BSM/Garnet/45.jpg,Garnet,GRP_0039,train,IMG_0039_r90_f1,90,True,/content/BSM-Project/data/augmented/train/Garnet/45__r90_f1.jpg
IMG_0039,/content/BSM-Project/data/raw/BSM/Garnet/45.jpg,Garnet,GRP_0039,train,IMG_0039_r180_f0,180,False,/content/BSM-Project/data/augmented/train/Garnet/45__r180_f0.jpg
IMG_0039,/content/BSM-Project/data/raw/BSM/Garnet/45.jpg,Garnet,GRP_0039,train,IMG_0039_r180_f1,180,True,/content/BSM-Project/data/augmented/train/Garnet/45__r180_f1.jpg
IMG_0039,/content/BSM-Project/data/raw/BSM/Garnet/45.jpg,Garnet,GRP_0039,train,IMG_0039_r270_f0,270,False,/content/BSM-Project/data/augmented/train/Garnet/45__r270_f0.jpg
IMG_0039,/content/BSM-Project/data/raw/BSM/Garnet/45.jpg,Garnet,GRP_0039,train,IMG_0039_r270_f1,270,True,/content/BSM-Project/data/augmented/train/Garnet/45__r270_f1.jpg
IMG_0040,/content/BSM-Project/data/raw/BSM/Garnet/46.jpg,Garnet,GRP_0040,train,IMG_0040_r0_f0,0,False,/content/BSM-Project/data/augmented/train/Garnet/46__r0_f0.jpg
IMG_0040,/content/BSM-Project/data/raw/BSM/Garnet/46.jpg,Garnet,GRP_0040,train,IMG_0040_r0_f1,0,True,/content/BSM-Project/data/augmented/train/Garnet/46__r0_f1.jpg
IMG_0040,/content/BSM-Project/data/raw/BSM/Garnet/46.jpg,Garnet,GRP_0040,train,IMG_0040_r30_f0,30,False,/content/BSM-Project/data/augmented/train/Garnet/46__r30_f0.jpg
IMG_0040,/content/BSM-Project/data/raw/BSM/Garnet/46.jpg,Garnet,GRP_0040,train,IMG_0040_r30_f1,30,True,/content/BSM-Project/data/augmented/train/Garnet/46__r30_f1.jpg
IMG_0040,/content/BSM-Project/data/raw/BSM/Garnet/46.jpg,Garnet,GRP_0040,train,IMG_0040_r45_f0,45,False,/content/BSM-Project/data/augmented/train/Garnet/46__r45_f0.jpg
IMG_0040,/content/BSM-Project/data/raw/BSM/Garnet/46.jpg,Garnet,GRP_0040,train,IMG_0040_r45_f1,45,True,/content/BSM-Project/data/augmented/train/Garnet/46__r45_f1.jpg
IMG_0040,/content/BSM-Project/data/raw/BSM/Garnet/46.jpg,Garnet,GRP_0040,train,IMG_0040_r90_f0,90,False,/content/BSM-Project/data/augmented/train/Garnet/46__r90_f0.jpg
IMG_0040,/content/BSM-Project/data/raw/BSM/Garnet/46.jpg,Garnet,GRP_0040,train,IMG_0040_r90_f1,90,True,/content/BSM-Project/data/augmented/train/Garnet/46__r90_f1.jpg
IMG_0040,/content/BSM-Project/data/raw/BSM/Garnet/46.jpg,Garnet,GRP_0040,train,IMG_0040_r180_f0,180,False,/content/BSM-Project/data/augmented/train/Garnet/46__r180_f0.jpg
IMG_0040,/content/BSM-Project/data/raw/BSM/Garnet/46.jpg,Garnet,GRP_0040,train,IMG_0040_r180_f1,180,True,/content/BSM-Project/data/augmented/train/Garnet/46__r180_f1.jpg
IMG_0040,/content/BSM-Project/data/raw/BSM/Garnet/46.jpg,Garnet,GRP_0040,train,IMG_0040_r270_f0,270,False,/content/BSM-Project/data/augmented/train/Garnet/46__r270_f0.jpg
IMG_0040,/content/BSM-Project/data/raw/BSM/Garnet/46.jpg,Garnet,GRP_0040,train,IMG_0040_r270_f1,270,True,/content/BSM-Project/data/augmented/train/Garnet/46__r270_f1.jpg
IMG_0042,/content/BSM-Project/data/raw/BSM/Garnet/48.jpg,Garnet,GRP_0042,train,IMG_0042_r0_f0,0,False,/content/BSM-Project/data/augmented/train/Garnet/48__r0_f0.jpg
IMG_0042,/content/BSM-Project/data/raw/BSM/Garnet/48.jpg,Garnet,GRP_0042,train,IMG_0042_r0_f1,0,True,/content/BSM-Project/data/augmented/train/Garnet/48__r0_f1.jpg
IMG_0042,/content/BSM-Project/data/raw/BSM/Garnet/48.jpg,Garnet,GRP_0042,train,IMG_0042_r30_f0,30,False,/content/BSM-Project/data/augmented/train/Garnet/48__r30_f0.jpg
IMG_0042,/content/BSM-Project/data/raw/BSM/Garnet/48.jpg,Garnet,GRP_0042,train,IMG_0042_r30_f1,30,True,/content/BSM-Project/data/augmented/train/Garnet/48__r30_f1.jpg
IMG_0042,/content/BSM-Project/data/raw/BSM/Garnet/48.jpg,Garnet,GRP_0042,train,IMG_0042_r45_f0,45,False,/content/BSM-Project/data/augmented/train/Garnet/48__r45_f0.jpg
IMG_0042,/content/BSM-Project/data/raw/BSM/Garnet/48.jpg,Garnet,GRP_0042,train,IMG_0042_r45_f1,45,True,/content/BSM-Project/data/augmented/train/Garnet/48__r45_f1.jpg
IMG_0042,/content/BSM-Project/data/raw/BSM/Garnet/48.jpg,Garnet,GRP_0042,train,IMG_0042_r90_f0,90,False,/content/BSM-Project/data/augmented/train/Garnet/48__r90_f0.jpg
IMG_0042,/content/BSM-Project/data/raw/BSM/Garnet/48.jpg,Garnet,GRP_0042,train,IMG_0042_r90_f1,90,True,/content/BSM-Project/data/augmented/train/Garnet/48__r90_f1.jpg
IMG_0042,/content/BSM-Project/data/raw/BSM/Garnet/48.jpg,Garnet,GRP_0042,train,IMG_0042_r180_f0,180,False,/content/BSM-Project/data/augmented/train/Garnet/48__r180_f0.jpg
IMG_0042,/content/BSM-Project/data/raw/BSM/Garnet/48.jpg,Garnet,GRP_0042,train,IMG_0042_r180_f1,180,True,/content/BSM-Project/data/augmented/train/Garnet/48__r180_f1.jpg
IMG_0042,/content/BSM-Project/data/raw/BSM/Garnet/48.jpg,Garnet,GRP_0042,train,IMG_0042_r270_f0,270,False,/content/BSM-Project/data/augmented/train/Garnet/48__r270_f0.jpg
IMG_0042,/content/BSM-Project/data/raw/BSM/Garnet/48.jpg,Garnet,GRP_0042,train,IMG_0042_r270_f1,270,True,/content/BSM-Project/data/augmented/train/Garnet/48__r270_f1.jpg
IMG_0044,/content/BSM-Project/data/raw/BSM/Garnet/5.jpg,Garnet,GRP_0044,train,IMG_0044_r0_f0,0,False,/content/BSM-Project/data/augmented/train/Garnet/5__r0_f0.jpg
IMG_0044,/content/BSM-Project/data/raw/BSM/Garnet/5.jpg,Garnet,GRP_0044,train,IMG_0044_r0_f1,0,True,/content/BSM-Project/data/augmented/train/Garnet/5__r0_f1.jpg
IMG_0044,/content/BSM-Project/data/raw/BSM/Garnet/5.jpg,Garnet,GRP_0044,train,IMG_0044_r30_f0,30,False,/content/BSM-Project/data/augmented/train/Garnet/5__r30_f0.jpg
IMG_0044,/content/BSM-Project/data/raw/BSM/Garnet/5.jpg,Garnet,GRP_0044,train,IMG_0044_r30_f1,30,True,/content/BSM-Project/data/augmented/train/Garnet/5__r30_f1.jpg
IMG_0044,/content/BSM-Project/data/raw/BSM/Garnet/5.jpg,Garnet,GRP_0044,train,IMG_0044_r45_f0,45,False,/content/BSM-Project/data/augmented/train/Garnet/5__r45_f0.jpg
IMG_0044,/content/BSM-Project/data/raw/BSM/Garnet/5.jpg,Garnet,GRP_0044,train,IMG_0044_r45_f1,45,True,/content/BSM-Project/data/augmented/train/Garnet/5__r45_f1.jpg
IMG_0044,/content/BSM-Project/data/raw/BSM/Garnet/5.jpg,Garnet,GRP_0044,train,IMG_0044_r90_f0,90,False,/content/BSM-Project/data/augmented/train/Garnet/5__r90_f0.jpg
IMG_0044,/content/BSM-Project/data/raw/BSM/Garnet/5.jpg,Garnet,GRP_0044,train,IMG_0044_r90_f1,90,True,/content/BSM-Project/data/augmented/train/Garnet/5__r90_f1.jpg
IMG_0044,/content/BSM-Project/data/raw/BSM/Garnet/5.jpg,Garnet,GRP_0044,train,IMG_0044_r180_f0,180,False,/content/BSM-Project/data/augmented/train/Garnet/5__r180_f0.jpg
IMG_0044,/content/BSM-Project/data/raw/BSM/Garnet/5.jpg,Garnet,GRP_0044,train,IMG_0044_r180_f1,180,True,/content/BSM-Project/data/augmented/train/Garnet/5__r180_f1.jpg
IMG_0044,/content/BSM-Project/data/raw/BSM/Garnet/5.jpg,Garnet,GRP_0044,train,IMG_0044_r270_f0,270,False,/content/BSM-Project/data/augmented/train/Garnet/5__r270_f0.jpg
IMG_0044,/content/BSM-Project/data/raw/BSM/Garnet/5.jpg,Garnet,GRP_0044,train,IMG_0044_r270_f1,270,True,/content/BSM-Project/data/augmented/train/Garnet/5__r270_f1.jpg
IMG_0046,/content/BSM-Project/data/raw/BSM/Garnet/51.jpg,Garnet,GRP_0046,train,IMG_0046_r0_f0,0,False,/content/BSM-Project/data/augmented/train/Garnet/51__r0_f0.jpg
IMG_0046,/content/BSM-Project/data/raw/BSM/Garnet/51.jpg,Garnet,GRP_0046,train,IMG_0046_r0_f1,0,True,/content/BSM-Project/data/augmented/train/Garnet/51__r0_f1.jpg
IMG_0046,/content/BSM-Project/data/raw/BSM/Garnet/51.jpg,Garnet,GRP_0046,train,IMG_0046_r30_f0,30,False,/content/BSM-Project/data/augmented/train/Garnet/51__r30_f0.jpg
IMG_0046,/content/BSM-Project/data/raw/BSM/Garnet/51.jpg,Garnet,GRP_0046,train,IMG_0046_r30_f1,30,True,/content/BSM-Project/data/augmented/train/Garnet/51__r30_f1.jpg
IMG_0046,/content/BSM-Project/data/raw/BSM/Garnet/51.jpg,Garnet,GRP_0046,train,IMG_0046_r45_f0,45,False,/content/BSM-Project/data/augmented/train/Garnet/51__r45_f0.jpg
IMG_0046,/content/BSM-Project/data/raw/BSM/Garnet/51.jpg,Garnet,GRP_0046,train,IMG_0046_r45_f1,45,True,/content/BSM-Project/data/augmented/train/Garnet/51__r45_f1.jpg
IMG_0046,/content/BSM-Project/data/raw/BSM/Garnet/51.jpg,Garnet,GRP_0046,train,IMG_0046_r90_f0,90,False,/content/BSM-Project/data/augmented/train/Garnet/51__r90_f0.jpg
IMG_0046,/content/BSM-Project/data/raw/BSM/Garnet/51.jpg,Garnet,GRP_0046,train,IMG_0046_r90_f1,90,True,/content/BSM-Project/data/augmented/train/Garnet/51__r90_f1.jpg
IMG_0046,/content/BSM-Project/data/raw/BSM/Garnet/51.jpg,Garnet,GRP_0046,train,IMG_0046_r180_f0,180,False,/content/BSM-Project/data/augmented/train/Garnet/51__r180_f0.jpg
IMG_0046,/content/BSM-Project/data/raw/BSM/Garnet/51.jpg,Garnet,GRP_0046,train,IMG_0046_r180_f1,180,True,/content/BSM-Project/data/augmented/train/Garnet/51__r180_f1.jpg
IMG_0046,/content/BSM-Project/data/raw/BSM/Garnet/51.jpg,Garnet,GRP_0046,train,IMG_0046_r270_f0,270,False,/content/BSM-Project/data/augmented/train/Garnet/51__r270_f0.jpg
IMG_0046,/content/BSM-Project/data/raw/BSM/Garnet/51.jpg,Garnet,GRP_0046,train,IMG_0046_r270_f1,270,True,/content/BSM-Project/data/augmented/train/Garnet/51__r270_f1.jpg
IMG_0048,/content/BSM-Project/data/raw/BSM/Garnet/53.jpg,Garnet,GRP_0048,train,IMG_0048_r0_f0,0,False,/content/BSM-Project/data/augmented/train/Garnet/53__r0_f0.jpg
IMG_0048,/content/BSM-Project/data/raw/BSM/Garnet/53.jpg,Garnet,GRP_0048,train,IMG_0048_r0_f1,0,True,/content/BSM-Project/data/augmented/train/Garnet/53__r0_f1.jpg
IMG_0048,/content/BSM-Project/data/raw/BSM/Garnet/53.jpg,Garnet,GRP_0048,train,IMG_0048_r30_f0,30,False,/content/BSM-Project/data/augmented/train/Garnet/53__r30_f0.jpg
IMG_0048,/content/BSM-Project/data/raw/BSM/Garnet/53.jpg,Garnet,GRP_0048,train,IMG_0048_r30_f1,30,True,/content/BSM-Project/data/augmented/train/Garnet/53__r30_f1.jpg
IMG_0048,/content/BSM-Project/data/raw/BSM/Garnet/53.jpg,Garnet,GRP_0048,train,IMG_0048_r45_f0,45,False,/content/BSM-Project/data/augmented/train/Garnet/53__r45_f0.jpg
IMG_0048,/content/BSM-Project/data/raw/BSM/Garnet/53.jpg,Garnet,GRP_0048,train,IMG_0048_r45_f1,45,True,/content/BSM-Project/data/augmented/train/Garnet/53__r45_f1.jpg
IMG_0048,/content/BSM-Project/data/raw/BSM/Garnet/53.jpg,Garnet,GRP_0048,train,IMG_0048_r90_f0,90,False,/content/BSM-Project/data/augmented/train/Garnet/53__r90_f0.jpg
IMG_0048,/content/BSM-Project/data/raw/BSM/Garnet/53.jpg,Garnet,GRP_0048,train,IMG_0048_r90_f1,90,True,/content/BSM-Project/data/augmented/train/Garnet/53__r90_f1.jpg
IMG_0048,/content/BSM-Project/data/raw/BSM/Garnet/53.jpg,Garnet,GRP_0048,train,IMG_0048_r180_f0,180,False,/content/BSM-Project/data/augmented/train/Garnet/53__r180_f0.jpg
IMG_0048,/content/BSM-Project/data/raw/BSM/Garnet/53.jpg,Garnet,GRP_0048,train,IMG_0048_r180_f1,180,True,/content/BSM-Project/data/augmented/train/Garnet/53__r180_f1.jpg
IMG_0048,/content/BSM-Project/data/raw/BSM/Garnet/53.jpg,Garnet,GRP_0048,train,IMG_0048_r270_f0,270,False,/content/BSM-Project/data/augmented/train/Garnet/53__r270_f0.jpg
IMG_0048,/content/BSM-Project/data/raw/BSM/Garnet/53.jpg,Garnet,GRP_0048,train,IMG_0048_r270_f1,270,True,/content/BSM-Project/data/augmented/train/Garnet/53__r270_f1.jpg
IMG_0049,/content/BSM-Project/data/raw/BSM/Garnet/54.jpg,Garnet,GRP_0049,train,IMG_0049_r0_f0,0,False,/content/BSM-Project/data/augmented/train/Garnet/54__r0_f0.jpg
IMG_0049,/content/BSM-Project/data/raw/BSM/Garnet/54.jpg,Garnet,GRP_0049,train,IMG_0049_r0_f1,0,True,/content/BSM-Project/data/augmented/train/Garnet/54__r0_f1.jpg
IMG_0049,/content/BSM-Project/data/raw/BSM/Garnet/54.jpg,Garnet,GRP_0049,train,IMG_0049_r30_f0,30,False,/content/BSM-Project/data/augmented/train/Garnet/54__r30_f0.jpg
IMG_0049,/content/BSM-Project/data/raw/BSM/Garnet/54.jpg,Garnet,GRP_0049,train,IMG_0049_r30_f1,30,True,/content/BSM-Project/data/augmented/train/Garnet/54__r30_f1.jpg
IMG_0049,/content/BSM-Project/data/raw/BSM/Garnet/54.jpg,Garnet,GRP_0049,train,IMG_0049_r45_f0,45,False,/content/BSM-Project/data/augmented/train/Garnet/54__r45_f0.jpg
IMG_0049,/content/BSM-Project/data/raw/BSM/Garnet/54.jpg,Garnet,GRP_0049,train,IMG_0049_r45_f1,45,True,/content/BSM-Project/data/augmented/train/Garnet/54__r45_f1.jpg
IMG_0049,/content/BSM-Project/data/raw/BSM/Garnet/54.jpg,Garnet,GRP_0049,train,IMG_0049_r90_f0,90,False,/content/BSM-Project/data/augmented/train/Garnet/54__r90_f0.jpg
IMG_0049,/content/BSM-Project/data/raw/BSM/Garnet/54.jpg,Garnet,GRP_0049,train,IMG_0049_r90_f1,90,True,/content/BSM-Project/data/augmented/train/Garnet/54__r90_f1.jpg
IMG_0049,/content/BSM-Project/data/raw/BSM/Garnet/54.jpg,Garnet,GRP_0049,train,IMG_0049_r180_f0,180,False,/content/BSM-Project/data/augmented/train/Garnet/54__r180_f0.jpg
IMG_0049,/content/BSM-Project/data/raw/BSM/Garnet/54.jpg,Garnet,GRP_0049,train,IMG_0049_r180_f1,180,True,/content/BSM-Project/data/augmented/train/Garnet/54__r180_f1.jpg
IMG_0049,/content/BSM-Project/data/raw/BSM/Garnet/54.jpg,Garnet,GRP_0049,train,IMG_0049_r270_f0,270,False,/content/BSM-Project/data/augmented/train/Garnet/54__r270_f0.jpg
IMG_0049,/content/BSM-Project/data/raw/BSM/Garnet/54.jpg,Garnet,GRP_0049,train,IMG_0049_r270_f1,270,True,/content/BSM-Project/data/augmented/train/Garnet/54__r270_f1.jpg
IMG_0050,/content/BSM-Project/data/raw/BSM/Garnet/55.jpg,Garnet,GRP_0050,train,IMG_0050_r0_f0,0,False,/content/BSM-Project/data/augmented/train/Garnet/55__r0_f0.jpg
IMG_0050,/content/BSM-Project/data/raw/BSM/Garnet/55.jpg,Garnet,GRP_0050,train,IMG_0050_r0_f1,0,True,/content/BSM-Project/data/augmented/train/Garnet/55__r0_f1.jpg
IMG_0050,/content/BSM-Project/data/raw/BSM/Garnet/55.jpg,Garnet,GRP_0050,train,IMG_0050_r30_f0,30,False,/content/BSM-Project/data/augmented/train/Garnet/55__r30_f0.jpg
IMG_0050,/content/BSM-Project/data/raw/BSM/Garnet/55.jpg,Garnet,GRP_0050,train,IMG_0050_r30_f1,30,True,/content/BSM-Project/data/augmented/train/Garnet/55__r30_f1.jpg
IMG_0050,/content/BSM-Project/data/raw/BSM/Garnet/55.jpg,Garnet,GRP_0050,train,IMG_0050_r45_f0,45,False,/content/BSM-Project/data/augmented/train/Garnet/55__r45_f0.jpg
IMG_0050,/content/BSM-Project/data/raw/BSM/Garnet/55.jpg,Garnet,GRP_0050,train,IMG_0050_r45_f1,45,True,/content/BSM-Project/data/augmented/train/Garnet/55__r45_f1.jpg
IMG_0050,/content/BSM-Project/data/raw/BSM/Garnet/55.jpg,Garnet,GRP_0050,train,IMG_0050_r90_f0,90,False,/content/BSM-Project/data/augmented/train/Garnet/55__r90_f0.jpg
IMG_0050,/content/BSM-Project/data/raw/BSM/Garnet/55.jpg,Garnet,GRP_0050,train,IMG_0050_r90_f1,90,True,/content/BSM-Project/data/augmented/train/Garnet/55__r90_f1.jpg
IMG_0050,/content/BSM-Project/data/raw/BSM/Garnet/55.jpg,Garnet,GRP_0050,train,IMG_0050_r180_f0,180,False,/content/BSM-Project/data/augmented/train/Garnet/55__r180_f0.jpg
IMG_0050,/content/BSM-Project/data/raw/BSM/Garnet/55.jpg,Garnet,GRP_0050,train,IMG_0050_r180_f1,180,True,/content/BSM-Project/data/augmented/train/Garnet/55__r180_f1.jpg
IMG_0050,/content/BSM-Project/data/raw/BSM/Garnet/55.jpg,Garnet,GRP_0050,train,IMG_0050_r270_f0,270,False,/content/BSM-Project/data/augmented/train/Garnet/55__r270_f0.jpg
IMG_0050,/content/BSM-Project/data/raw/BSM/Garnet/55.jpg,Garnet,GRP_0050,train,IMG_0050_r270_f1,270,True,/content/BSM-Project/data/augmented/train/Garnet/55__r270_f1.jpg
IMG_0052,/content/BSM-Project/data/raw/BSM/Garnet/57.jpg,Garnet,GRP_0052,train,IMG_0052_r0_f0,0,False,/content/BSM-Project/data/augmented/train/Garnet/57__r0_f0.jpg
IMG_0052,/content/BSM-Project/data/raw/BSM/Garnet/57.jpg,Garnet,GRP_0052,train,IMG_0052_r0_f1,0,True,/content/BSM-Project/data/augmented/train/Garnet/57__r0_f1.jpg
IMG_0052,/content/BSM-Project/data/raw/BSM/Garnet/57.jpg,Garnet,GRP_0052,train,IMG_0052_r30_f0,30,False,/content/BSM-Project/data/augmented/train/Garnet/57__r30_f0.jpg
IMG_0052,/content/BSM-Project/data/raw/BSM/Garnet/57.jpg,Garnet,GRP_0052,train,IMG_0052_r30_f1,30,True,/content/BSM-Project/data/augmented/train/Garnet/57__r30_f1.jpg
IMG_0052,/content/BSM-Project/data/raw/BSM/Garnet/57.jpg,Garnet,GRP_0052,train,IMG_0052_r45_f0,45,False,/content/BSM-Project/data/augmented/train/Garnet/57__r45_f0.jpg
IMG_0052,/content/BSM-Project/data/raw/BSM/Garnet/57.jpg,Garnet,GRP_0052,train,IMG_0052_r45_f1,45,True,/content/BSM-Project/data/augmented/train/Garnet/57__r45_f1.jpg
IMG_0052,/content/BSM-Project/data/raw/BSM/Garnet/57.jpg,Garnet,GRP_0052,train,IMG_0052_r90_f0,90,False,/content/BSM-Project/data/augmented/train/Garnet/57__r90_f0.jpg
IMG_0052,/content/BSM-Project/data/raw/BSM/Garnet/57.jpg,Garnet,GRP_0052,train,IMG_0052_r90_f1,90,True,/content/BSM-Project/data/augmented/train/Garnet/57__r90_f1.jpg
IMG_0052,/content/BSM-Project/data/raw/BSM/Garnet/57.jpg,Garnet,GRP_0052,train,IMG_0052_r180_f0,180,False,/content/BSM-Project/data/augmented/train/Garnet/57__r180_f0.jpg
IMG_0052,/content/BSM-Project/data/raw/BSM/Garnet/57.jpg,Garnet,GRP_0052,train,IMG_0052_r180_f1,180,True,/content/BSM-Project/data/augmented/train/Garnet/57__r180_f1.jpg
IMG_0052,/content/BSM-Project/data/raw/BSM/Garnet/57.jpg,Garnet,GRP_0052,train,IMG_0052_r270_f0,270,False,/content/BSM-Project/data/augmented/train/Garnet/57__r270_f0.jpg
IMG_0052,/content/BSM-Project/data/raw/BSM/Garnet/57.jpg,Garnet,GRP_0052,train,IMG_0052_r270_f1,270,True,/content/BSM-Project/data/augmented/train/Garnet/57__r270_f1.jpg
IMG_0053,/content/BSM-Project/data/raw/BSM/Garnet/58.jpg,Garnet,GRP_0053,train,IMG_0053_r0_f0,0,False,/content/BSM-Project/data/augmented/train/Garnet/58__r0_f0.jpg
IMG_0053,/content/BSM-Project/data/raw/BSM/Garnet/58.jpg,Garnet,GRP_0053,train,IMG_0053_r0_f1,0,True,/content/BSM-Project/data/augmented/train/Garnet/58__r0_f1.jpg
IMG_0053,/content/BSM-Project/data/raw/BSM/Garnet/58.jpg,Garnet,GRP_0053,train,IMG_0053_r30_f0,30,False,/content/BSM-Project/data/augmented/train/Garnet/58__r30_f0.jpg
IMG_0053,/content/BSM-Project/data/raw/BSM/Garnet/58.jpg,Garnet,GRP_0053,train,IMG_0053_r30_f1,30,True,/content/BSM-Project/data/augmented/train/Garnet/58__r30_f1.jpg
IMG_0053,/content/BSM-Project/data/raw/BSM/Garnet/58.jpg,Garnet,GRP_0053,train,IMG_0053_r45_f0,45,False,/content/BSM-Project/data/augmented/train/Garnet/58__r45_f0.jpg
IMG_0053,/content/BSM-Project/data/raw/BSM/Garnet/58.jpg,Garnet,GRP_0053,train,IMG_0053_r45_f1,45,True,/content/BSM-Project/data/augmented/train/Garnet/58__r45_f1.jpg
IMG_0053,/content/BSM-Project/data/raw/BSM/Garnet/58.jpg,Garnet,GRP_0053,train,IMG_0053_r90_f0,90,False,/content/BSM-Project/data/augmented/train/Garnet/58__r90_f0.jpg
IMG_0053,/content/BSM-Project/data/raw/BSM/Garnet/58.jpg,Garnet,GRP_0053,train,IMG_0053_r90_f1,90,True,/content/BSM-Project/data/augmented/train/Garnet/58__r90_f1.jpg
IMG_0053,/content/BSM-Project/data/raw/BSM/Garnet/58.jpg,Garnet,GRP_0053,train,IMG_0053_r180_f0,180,False,/content/BSM-Project/data/augmented/train/Garnet/58__r180_f0.jpg
IMG_0053,/content/BSM-Project/data/raw/BSM/Garnet/58.jpg,Garnet,GRP_0053,train,IMG_0053_r180_f1,180,True,/content/BSM-Project/data/augmented/train/Garnet/58__r180_f1.jpg
IMG_0053,/content/BSM-Project/data/raw/BSM/Garnet/58.jpg,Garnet,GRP_0053,train,IMG_0053_r270_f0,270,False,/content/BSM-Project/data/augmented/train/Garnet/58__r270_f0.jpg
IMG_0053,/content/BSM-Project/data/raw/BSM/Garnet/58.jpg,Garnet,GRP_0053,train,IMG_0053_r270_f1,270,True,/content/BSM-Project/data/augmented/train/Garnet/58__r270_f1.jpg
IMG_0054,/content/BSM-Project/data/raw/BSM/Garnet/59.jpg,Garnet,GRP_0054,train,IMG_0054_r0_f0,0,False,/content/BSM-Project/data/augmented/train/Garnet/59__r0_f0.jpg
IMG_0054,/content/BSM-Project/data/raw/BSM/Garnet/59.jpg,Garnet,GRP_0054,train,IMG_0054_r0_f1,0,True,/content/BSM-Project/data/augmented/train/Garnet/59__r0_f1.jpg
IMG_0054,/content/BSM-Project/data/raw/BSM/Garnet/59.jpg,Garnet,GRP_0054,train,IMG_0054_r30_f0,30,False,/content/BSM-Project/data/augmented/train/Garnet/59__r30_f0.jpg
IMG_0054,/content/BSM-Project/data/raw/BSM/Garnet/59.jpg,Garnet,GRP_0054,train,IMG_0054_r30_f1,30,True,/content/BSM-Project/data/augmented/train/Garnet/59__r30_f1.jpg
IMG_0054,/content/BSM-Project/data/raw/BSM/Garnet/59.jpg,Garnet,GRP_0054,train,IMG_0054_r45_f0,45,False,/content/BSM-Project/data/augmented/train/Garnet/59__r45_f0.jpg
IMG_0054,/content/BSM-Project/data/raw/BSM/Garnet/59.jpg,Garnet,GRP_0054,train,IMG_0054_r45_f1,45,True,/content/BSM-Project/data/augmented/train/Garnet/59__r45_f1.jpg
IMG_0054,/content/BSM-Project/data/raw/BSM/Garnet/59.jpg,Garnet,GRP_0054,train,IMG_0054_r90_f0,90,False,/content/BSM-Project/data/augmented/train/Garnet/59__r90_f0.jpg
IMG_0054,/content/BSM-Project/data/raw/BSM/Garnet/59.jpg,Garnet,GRP_0054,train,IMG_0054_r90_f1,90,True,/content/BSM-Project/data/augmented/train/Garnet/59__r90_f1.jpg
IMG_0054,/content/BSM-Project/data/raw/BSM/Garnet/59.jpg,Garnet,GRP_0054,train,IMG_0054_r180_f0,180,False,/content/BSM-Project/data/augmented/train/Garnet/59__r180_f0.jpg
IMG_0054,/content/BSM-Project/data/raw/BSM/Garnet/59.jpg,Garnet,GRP_0054,train,IMG_0054_r180_f1,180,True,/content/BSM-Project/data/augmented/train/Garnet/59__r180_f1.jpg
IMG_0054,/content/BSM-Project/data/raw/BSM/Garnet/59.jpg,Garnet,GRP_0054,train,IMG_0054_r270_f0,270,False,/content/BSM-Project/data/augmented/train/Garnet/59__r270_f0.jpg
IMG_0054,/content/BSM-Project/data/raw/BSM/Garnet/59.jpg,Garnet,GRP_0054,train,IMG_0054_r270_f1,270,True,/content/BSM-Project/data/augmented/train/Garnet/59__r270_f1.jpg
IMG_0055,/content/BSM-Project/data/raw/BSM/Garnet/6.jpg,Garnet,GRP_0055,train,IMG_0055_r0_f0,0,False,/content/BSM-Project/data/augmented/train/Garnet/6__r0_f0.jpg
IMG_0055,/content/BSM-Project/data/raw/BSM/Garnet/6.jpg,Garnet,GRP_0055,train,IMG_0055_r0_f1,0,True,/content/BSM-Project/data/augmented/train/Garnet/6__r0_f1.jpg
IMG_0055,/content/BSM-Project/data/raw/BSM/Garnet/6.jpg,Garnet,GRP_0055,train,IMG_0055_r30_f0,30,False,/content/BSM-Project/data/augmented/train/Garnet/6__r30_f0.jpg
IMG_0055,/content/BSM-Project/data/raw/BSM/Garnet/6.jpg,Garnet,GRP_0055,train,IMG_0055_r30_f1,30,True,/content/BSM-Project/data/augmented/train/Garnet/6__r30_f1.jpg
IMG_0055,/content/BSM-Project/data/raw/BSM/Garnet/6.jpg,Garnet,GRP_0055,train,IMG_0055_r45_f0,45,False,/content/BSM-Project/data/augmented/train/Garnet/6__r45_f0.jpg
IMG_0055,/content/BSM-Project/data/raw/BSM/Garnet/6.jpg,Garnet,GRP_0055,train,IMG_0055_r45_f1,45,True,/content/BSM-Project/data/augmented/train/Garnet/6__r45_f1.jpg
IMG_0055,/content/BSM-Project/data/raw/BSM/Garnet/6.jpg,Garnet,GRP_0055,train,IMG_0055_r90_f0,90,False,/content/BSM-Project/data/augmented/train/Garnet/6__r90_f0.jpg
IMG_0055,/content/BSM-Project/data/raw/BSM/Garnet/6.jpg,Garnet,GRP_0055,train,IMG_0055_r90_f1,90,True,/content/BSM-Project/data/augmented/train/Garnet/6__r90_f1.jpg
IMG_0055,/content/BSM-Project/data/raw/BSM/Garnet/6.jpg,Garnet,GRP_0055,train,IMG_0055_r180_f0,180,False,/content/BSM-Project/data/augmented/train/Garnet/6__r180_f0.jpg
IMG_0055,/content/BSM-Project/data/raw/BSM/Garnet/6.jpg,Garnet,GRP_0055,train,IMG_0055_r180_f1,180,True,/content/BSM-Project/data/augmented/train/Garnet/6__r180_f1.jpg
IMG_0055,/content/BSM-Project/data/raw/BSM/Garnet/6.jpg,Garnet,GRP_0055,train,IMG_0055_r270_f0,270,False,/content/BSM-Project/data/augmented/train/Garnet/6__r270_f0.jpg
IMG_0055,/content/BSM-Project/data/raw/BSM/Garnet/6.jpg,Garnet,GRP_0055,train,IMG_0055_r270_f1,270,True,/content/BSM-Project/data/augmented/train/Garnet/6__r270_f1.jpg
IMG_0056,/content/BSM-Project/data/raw/BSM/Garnet/60.jpg,Garnet,GRP_0056,train,IMG_0056_r0_f0,0,False,/content/BSM-Project/data/augmented/train/Garnet/60__r0_f0.jpg
IMG_0056,/content/BSM-Project/data/raw/BSM/Garnet/60.jpg,Garnet,GRP_0056,train,IMG_0056_r0_f1,0,True,/content/BSM-Project/data/augmented/train/Garnet/60__r0_f1.jpg
IMG_0056,/content/BSM-Project/data/raw/BSM/Garnet/60.jpg,Garnet,GRP_0056,train,IMG_0056_r30_f0,30,False,/content/BSM-Project/data/augmented/train/Garnet/60__r30_f0.jpg
IMG_0056,/content/BSM-Project/data/raw/BSM/Garnet/60.jpg,Garnet,GRP_0056,train,IMG_0056_r30_f1,30,True,/content/BSM-Project/data/augmented/train/Garnet/60__r30_f1.jpg
IMG_0056,/content/BSM-Project/data/raw/BSM/Garnet/60.jpg,Garnet,GRP_0056,train,IMG_0056_r45_f0,45,False,/content/BSM-Project/data/augmented/train/Garnet/60__r45_f0.jpg
IMG_0056,/content/BSM-Project/data/raw/BSM/Garnet/60.jpg,Garnet,GRP_0056,train,IMG_0056_r45_f1,45,True,/content/BSM-Project/data/augmented/train/Garnet/60__r45_f1.jpg
IMG_0056,/content/BSM-Project/data/raw/BSM/Garnet/60.jpg,Garnet,GRP_0056,train,IMG_0056_r90_f0,90,False,/content/BSM-Project/data/augmented/train/Garnet/60__r90_f0.jpg
IMG_0056,/content/BSM-Project/data/raw/BSM/Garnet/60.jpg,Garnet,GRP_0056,train,IMG_0056_r90_f1,90,True,/content/BSM-Project/data/augmented/train/Garnet/60__r90_f1.jpg
IMG_0056,/content/BSM-Project/data/raw/BSM/Garnet/60.jpg,Garnet,GRP_0056,train,IMG_0056_r180_f0,180,False,/content/BSM-Project/data/augmented/train/Garnet/60__r180_f0.jpg
IMG_0056,/content/BSM-Project/data/raw/BSM/Garnet/60.jpg,Garnet,GRP_0056,train,IMG_0056_r180_f1,180,True,/content/BSM-Project/data/augmented/train/Garnet/60__r180_f1.jpg
IMG_0056,/content/BSM-Project/data/raw/BSM/Garnet/60.jpg,Garnet,GRP_0056,train,IMG_0056_r270_f0,270,False,/content/BSM-Project/data/augmented/train/Garnet/60__r270_f0.jpg
IMG_0056,/content/BSM-Project/data/raw/BSM/Garnet/60.jpg,Garnet,GRP_0056,train,IMG_0056_r270_f1,270,True,/content/BSM-Project/data/augmented/train/Garnet/60__r270_f1.jpg
IMG_0057,/content/BSM-Project/data/raw/BSM/Garnet/7.jpg,Garnet,GRP_0057,train,IMG_0057_r0_f0,0,False,/content/BSM-Project/data/augmented/train/Garnet/7__r0_f0.jpg
IMG_0057,/content/BSM-Project/data/raw/BSM/Garnet/7.jpg,Garnet,GRP_0057,train,IMG_0057_r0_f1,0,True,/content/BSM-Project/data/augmented/train/Garnet/7__r0_f1.jpg
IMG_0057,/content/BSM-Project/data/raw/BSM/Garnet/7.jpg,Garnet,GRP_0057,train,IMG_0057_r30_f0,30,False,/content/BSM-Project/data/augmented/train/Garnet/7__r30_f0.jpg
IMG_0057,/content/BSM-Project/data/raw/BSM/Garnet/7.jpg,Garnet,GRP_0057,train,IMG_0057_r30_f1,30,True,/content/BSM-Project/data/augmented/train/Garnet/7__r30_f1.jpg
IMG_0057,/content/BSM-Project/data/raw/BSM/Garnet/7.jpg,Garnet,GRP_0057,train,IMG_0057_r45_f0,45,False,/content/BSM-Project/data/augmented/train/Garnet/7__r45_f0.jpg
IMG_0057,/content/BSM-Project/data/raw/BSM/Garnet/7.jpg,Garnet,GRP_0057,train,IMG_0057_r45_f1,45,True,/content/BSM-Project/data/augmented/train/Garnet/7__r45_f1.jpg
IMG_0057,/content/BSM-Project/data/raw/BSM/Garnet/7.jpg,Garnet,GRP_0057,train,IMG_0057_r90_f0,90,False,/content/BSM-Project/data/augmented/train/Garnet/7__r90_f0.jpg
IMG_0057,/content/BSM-Project/data/raw/BSM/Garnet/7.jpg,Garnet,GRP_0057,train,IMG_0057_r90_f1,90,True,/content/BSM-Project/data/augmented/train/Garnet/7__r90_f1.jpg
IMG_0057,/content/BSM-Project/data/raw/BSM/Garnet/7.jpg,Garnet,GRP_0057,train,IMG_0057_r180_f0,180,False,/content/BSM-Project/data/augmented/train/Garnet/7__r180_f0.jpg
IMG_0057,/content/BSM-Project/data/raw/BSM/Garnet/7.jpg,Garnet,GRP_0057,train,IMG_0057_r180_f1,180,True,/content/BSM-Project/data/augmented/train/Garnet/7__r180_f1.jpg
IMG_0057,/content/BSM-Project/data/raw/BSM/Garnet/7.jpg,Garnet,GRP_0057,train,IMG_0057_r270_f0,270,False,/content/BSM-Project/data/augmented/train/Garnet/7__r270_f0.jpg
IMG_0057,/content/BSM-Project/data/raw/BSM/Garnet/7.jpg,Garnet,GRP_0057,train,IMG_0057_r270_f1,270,True,/content/BSM-Project/data/augmented/train/Garnet/7__r270_f1.jpg
IMG_0059,/content/BSM-Project/data/raw/BSM/Garnet/9.jpg,Garnet,GRP_0059,train,IMG_0059_r0_f0,0,False,/content/BSM-Project/data/augmented/train/Garnet/9__r0_f0.jpg
IMG_0059,/content/BSM-Project/data/raw/BSM/Garnet/9.jpg,Garnet,GRP_0059,train,IMG_0059_r0_f1,0,True,/content/BSM-Project/data/augmented/train/Garnet/9__r0_f1.jpg
IMG_0059,/content/BSM-Project/data/raw/BSM/Garnet/9.jpg,Garnet,GRP_0059,train,IMG_0059_r30_f0,30,False,/content/BSM-Project/data/augmented/train/Garnet/9__r30_f0.jpg
IMG_0059,/content/BSM-Project/data/raw/BSM/Garnet/9.jpg,Garnet,GRP_0059,train,IMG_0059_r30_f1,30,True,/content/BSM-Project/data/augmented/train/Garnet/9__r30_f1.jpg
IMG_0059,/content/BSM-Project/data/raw/BSM/Garnet/9.jpg,Garnet,GRP_0059,train,IMG_0059_r45_f0,45,False,/content/BSM-Project/data/augmented/train/Garnet/9__r45_f0.jpg
IMG_0059,/content/BSM-Project/data/raw/BSM/Garnet/9.jpg,Garnet,GRP_0059,train,IMG_0059_r45_f1,45,True,/content/BSM-Project/data/augmented/train/Garnet/9__r45_f1.jpg
IMG_0059,/content/BSM-Project/data/raw/BSM/Garnet/9.jpg,Garnet,GRP_0059,train,IMG_0059_r90_f0,90,False,/content/BSM-Project/data/augmented/train/Garnet/9__r90_f0.jpg
IMG_0059,/content/BSM-Project/data/raw/BSM/Garnet/9.jpg,Garnet,GRP_0059,train,IMG_0059_r90_f1,90,True,/content/BSM-Project/data/augmented/train/Garnet/9__r90_f1.jpg
IMG_0059,/content/BSM-Project/data/raw/BSM/Garnet/9.jpg,Garnet,GRP_0059,train,IMG_0059_r180_f0,180,False,/content/BSM-Project/data/augmented/train/Garnet/9__r180_f0.jpg
IMG_0059,/content/BSM-Project/data/raw/BSM/Garnet/9.jpg,Garnet,GRP_0059,train,IMG_0059_r180_f1,180,True,/content/BSM-Project/data/augmented/train/Garnet/9__r180_f1.jpg
IMG_0059,/content/BSM-Project/data/raw/BSM/Garnet/9.jpg,Garnet,GRP_0059,train,IMG_0059_r270_f0,270,False,/content/BSM-Project/data/augmented/train/Garnet/9__r270_f0.jpg
IMG_0059,/content/BSM-Project/data/raw/BSM/Garnet/9.jpg,Garnet,GRP_0059,train,IMG_0059_r270_f1,270,True,/content/BSM-Project/data/augmented/train/Garnet/9__r270_f1.jpg
IMG_0060,/content/BSM-Project/data/raw/BSM/Ilmenite/1.jpg,Ilmenite,GRP_0060,train,IMG_0060_r0_f0,0,False,/content/BSM-Project/data/augmented/train/Ilmenite/1__r0_f0.jpg
IMG_0060,/content/BSM-Project/data/raw/BSM/Ilmenite/1.jpg,Ilmenite,GRP_0060,train,IMG_0060_r0_f1,0,True,/content/BSM-Project/data/augmented/train/Ilmenite/1__r0_f1.jpg
IMG_0060,/content/BSM-Project/data/raw/BSM/Ilmenite/1.jpg,Ilmenite,GRP_0060,train,IMG_0060_r30_f0,30,False,/content/BSM-Project/data/augmented/train/Ilmenite/1__r30_f0.jpg
IMG_0060,/content/BSM-Project/data/raw/BSM/Ilmenite/1.jpg,Ilmenite,GRP_0060,train,IMG_0060_r30_f1,30,True,/content/BSM-Project/data/augmented/train/Ilmenite/1__r30_f1.jpg
IMG_0060,/content/BSM-Project/data/raw/BSM/Ilmenite/1.jpg,Ilmenite,GRP_0060,train,IMG_0060_r45_f0,45,False,/content/BSM-Project/data/augmented/train/Ilmenite/1__r45_f0.jpg
IMG_0060,/content/BSM-Project/data/raw/BSM/Ilmenite/1.jpg,Ilmenite,GRP_0060,train,IMG_0060_r45_f1,45,True,/content/BSM-Project/data/augmented/train/Ilmenite/1__r45_f1.jpg
IMG_0060,/content/BSM-Project/data/raw/BSM/Ilmenite/1.jpg,Ilmenite,GRP_0060,train,IMG_0060_r90_f0,90,False,/content/BSM-Project/data/augmented/train/Ilmenite/1__r90_f0.jpg
IMG_0060,/content/BSM-Project/data/raw/BSM/Ilmenite/1.jpg,Ilmenite,GRP_0060,train,IMG_0060_r90_f1,90,True,/content/BSM-Project/data/augmented/train/Ilmenite/1__r90_f1.jpg
IMG_0060,/content/BSM-Project/data/raw/BSM/Ilmenite/1.jpg,Ilmenite,GRP_0060,train,IMG_0060_r180_f0,180,False,/content/BSM-Project/data/augmented/train/Ilmenite/1__r180_f0.jpg
IMG_0060,/content/BSM-Project/data/raw/BSM/Ilmenite/1.jpg,Ilmenite,GRP_0060,train,IMG_0060_r180_f1,180,True,/content/BSM-Project/data/augmented/train/Ilmenite/1__r180_f1.jpg
IMG_0060,/content/BSM-Project/data/raw/BSM/Ilmenite/1.jpg,Ilmenite,GRP_0060,train,IMG_0060_r270_f0,270,False,/content/BSM-Project/data/augmented/train/Ilmenite/1__r270_f0.jpg
IMG_0060,/content/BSM-Project/data/raw/BSM/Ilmenite/1.jpg,Ilmenite,GRP_0060,train,IMG_0060_r270_f1,270,True,/content/BSM-Project/data/augmented/train/Ilmenite/1__r270_f1.jpg
IMG_0062,/content/BSM-Project/data/raw/BSM/Ilmenite/11.jpg,Ilmenite,GRP_0062,train,IMG_0062_r0_f0,0,False,/content/BSM-Project/data/augmented/train/Ilmenite/11__r0_f0.jpg
IMG_0062,/content/BSM-Project/data/raw/BSM/Ilmenite/11.jpg,Ilmenite,GRP_0062,train,IMG_0062_r0_f1,0,True,/content/BSM-Project/data/augmented/train/Ilmenite/11__r0_f1.jpg
IMG_0062,/content/BSM-Project/data/raw/BSM/Ilmenite/11.jpg,Ilmenite,GRP_0062,train,IMG_0062_r30_f0,30,False,/content/BSM-Project/data/augmented/train/Ilmenite/11__r30_f0.jpg
IMG_0062,/content/BSM-Project/data/raw/BSM/Ilmenite/11.jpg,Ilmenite,GRP_0062,train,IMG_0062_r30_f1,30,True,/content/BSM-Project/data/augmented/train/Ilmenite/11__r30_f1.jpg
IMG_0062,/content/BSM-Project/data/raw/BSM/Ilmenite/11.jpg,Ilmenite,GRP_0062,train,IMG_0062_r45_f0,45,False,/content/BSM-Project/data/augmented/train/Ilmenite/11__r45_f0.jpg
IMG_0062,/content/BSM-Project/data/raw/BSM/Ilmenite/11.jpg,Ilmenite,GRP_0062,train,IMG_0062_r45_f1,45,True,/content/BSM-Project/data/augmented/train/Ilmenite/11__r45_f1.jpg
IMG_0062,/content/BSM-Project/data/raw/BSM/Ilmenite/11.jpg,Ilmenite,GRP_0062,train,IMG_0062_r90_f0,90,False,/content/BSM-Project/data/augmented/train/Ilmenite/11__r90_f0.jpg
IMG_0062,/content/BSM-Project/data/raw/BSM/Ilmenite/11.jpg,Ilmenite,GRP_0062,train,IMG_0062_r90_f1,90,True,/content/BSM-Project/data/augmented/train/Ilmenite/11__r90_f1.jpg
IMG_0062,/content/BSM-Project/data/raw/BSM/Ilmenite/11.jpg,Ilmenite,GRP_0062,train,IMG_0062_r180_f0,180,False,/content/BSM-Project/data/augmented/train/Ilmenite/11__r180_f0.jpg
IMG_0062,/content/BSM-Project/data/raw/BSM/Ilmenite/11.jpg,Ilmenite,GRP_0062,train,IMG_0062_r180_f1,180,True,/content/BSM-Project/data/augmented/train/Ilmenite/11__r180_f1.jpg
IMG_0062,/content/BSM-Project/data/raw/BSM/Ilmenite/11.jpg,Ilmenite,GRP_0062,train,IMG_0062_r270_f0,270,False,/content/BSM-Project/data/augmented/train/Ilmenite/11__r270_f0.jpg
IMG_0062,/content/BSM-Project/data/raw/BSM/Ilmenite/11.jpg,Ilmenite,GRP_0062,train,IMG_0062_r270_f1,270,True,/content/BSM-Project/data/augmented/train/Ilmenite/11__r270_f1.jpg
IMG_0063,/content/BSM-Project/data/raw/BSM/Ilmenite/12.jpg,Ilmenite,GRP_0063,train,IMG_0063_r0_f0,0,False,/content/BSM-Project/data/augmented/train/Ilmenite/12__r0_f0.jpg
IMG_0063,/content/BSM-Project/data/raw/BSM/Ilmenite/12.jpg,Ilmenite,GRP_0063,train,IMG_0063_r0_f1,0,True,/content/BSM-Project/data/augmented/train/Ilmenite/12__r0_f1.jpg
IMG_0063,/content/BSM-Project/data/raw/BSM/Ilmenite/12.jpg,Ilmenite,GRP_0063,train,IMG_0063_r30_f0,30,False,/content/BSM-Project/data/augmented/train/Ilmenite/12__r30_f0.jpg
IMG_0063,/content/BSM-Project/data/raw/BSM/Ilmenite/12.jpg,Ilmenite,GRP_0063,train,IMG_0063_r30_f1,30,True,/content/BSM-Project/data/augmented/train/Ilmenite/12__r30_f1.jpg
IMG_0063,/content/BSM-Project/data/raw/BSM/Ilmenite/12.jpg,Ilmenite,GRP_0063,train,IMG_0063_r45_f0,45,False,/content/BSM-Project/data/augmented/train/Ilmenite/12__r45_f0.jpg
IMG_0063,/content/BSM-Project/data/raw/BSM/Ilmenite/12.jpg,Ilmenite,GRP_0063,train,IMG_0063_r45_f1,45,True,/content/BSM-Project/data/augmented/train/Ilmenite/12__r45_f1.jpg
IMG_0063,/content/BSM-Project/data/raw/BSM/Ilmenite/12.jpg,Ilmenite,GRP_0063,train,IMG_0063_r90_f0,90,False,/content/BSM-Project/data/augmented/train/Ilmenite/12__r90_f0.jpg
IMG_0063,/content/BSM-Project/data/raw/BSM/Ilmenite/12.jpg,Ilmenite,GRP_0063,train,IMG_0063_r90_f1,90,True,/content/BSM-Project/data/augmented/train/Ilmenite/12__r90_f1.jpg
IMG_0063,/content/BSM-Project/data/raw/BSM/Ilmenite/12.jpg,Ilmenite,GRP_0063,train,IMG_0063_r180_f0,180,False,/content/BSM-Project/data/augmented/train/Ilmenite/12__r180_f0.jpg
IMG_0063,/content/BSM-Project/data/raw/BSM/Ilmenite/12.jpg,Ilmenite,GRP_0063,train,IMG_0063_r180_f1,180,True,/content/BSM-Project/data/augmented/train/Ilmenite/12__r180_f1.jpg
IMG_0063,/content/BSM-Project/data/raw/BSM/Ilmenite/12.jpg,Ilmenite,GRP_0063,train,IMG_0063_r270_f0,270,False,/content/BSM-Project/data/augmented/train/Ilmenite/12__r270_f0.jpg
IMG_0063,/content/BSM-Project/data/raw/BSM/Ilmenite/12.jpg,Ilmenite,GRP_0063,train,IMG_0063_r270_f1,270,True,/content/BSM-Project/data/augmented/train/Ilmenite/12__r270_f1.jpg
IMG_0064,/content/BSM-Project/data/raw/BSM/Ilmenite/13.jpg,Ilmenite,GRP_0064,train,IMG_0064_r0_f0,0,False,/content/BSM-Project/data/augmented/train/Ilmenite/13__r0_f0.jpg
IMG_0064,/content/BSM-Project/data/raw/BSM/Ilmenite/13.jpg,Ilmenite,GRP_0064,train,IMG_0064_r0_f1,0,True,/content/BSM-Project/data/augmented/train/Ilmenite/13__r0_f1.jpg
IMG_0064,/content/BSM-Project/data/raw/BSM/Ilmenite/13.jpg,Ilmenite,GRP_0064,train,IMG_0064_r30_f0,30,False,/content/BSM-Project/data/augmented/train/Ilmenite/13__r30_f0.jpg
IMG_0064,/content/BSM-Project/data/raw/BSM/Ilmenite/13.jpg,Ilmenite,GRP_0064,train,IMG_0064_r30_f1,30,True,/content/BSM-Project/data/augmented/train/Ilmenite/13__r30_f1.jpg
IMG_0064,/content/BSM-Project/data/raw/BSM/Ilmenite/13.jpg,Ilmenite,GRP_0064,train,IMG_0064_r45_f0,45,False,/content/BSM-Project/data/augmented/train/Ilmenite/13__r45_f0.jpg
IMG_0064,/content/BSM-Project/data/raw/BSM/Ilmenite/13.jpg,Ilmenite,GRP_0064,train,IMG_0064_r45_f1,45,True,/content/BSM-Project/data/augmented/train/Ilmenite/13__r45_f1.jpg
IMG_0064,/content/BSM-Project/data/raw/BSM/Ilmenite/13.jpg,Ilmenite,GRP_0064,train,IMG_0064_r90_f0,90,False,/content/BSM-Project/data/augmented/train/Ilmenite/13__r90_f0.jpg
IMG_0064,/content/BSM-Project/data/raw/BSM/Ilmenite/13.jpg,Ilmenite,GRP_0064,train,IMG_0064_r90_f1,90,True,/content/BSM-Project/data/augmented/train/Ilmenite/13__r90_f1.jpg
IMG_0064,/content/BSM-Project/data/raw/BSM/Ilmenite/13.jpg,Ilmenite,GRP_0064,train,IMG_0064_r180_f0,180,False,/content/BSM-Project/data/augmented/train/Ilmenite/13__r180_f0.jpg
IMG_0064,/content/BSM-Project/data/raw/BSM/Ilmenite/13.jpg,Ilmenite,GRP_0064,train,IMG_0064_r180_f1,180,True,/content/BSM-Project/data/augmented/train/Ilmenite/13__r180_f1.jpg
IMG_0064,/content/BSM-Project/data/raw/BSM/Ilmenite/13.jpg,Ilmenite,GRP_0064,train,IMG_0064_r270_f0,270,False,/content/BSM-Project/data/augmented/train/Ilmenite/13__r270_f0.jpg
IMG_0064,/content/BSM-Project/data/raw/BSM/Ilmenite/13.jpg,Ilmenite,GRP_0064,train,IMG_0064_r270_f1,270,True,/content/BSM-Project/data/augmented/train/Ilmenite/13__r270_f1.jpg
IMG_0066,/content/BSM-Project/data/raw/BSM/Ilmenite/15.jpg,Ilmenite,GRP_0066,train,IMG_0066_r0_f0,0,False,/content/BSM-Project/data/augmented/train/Ilmenite/15__r0_f0.jpg
IMG_0066,/content/BSM-Project/data/raw/BSM/Ilmenite/15.jpg,Ilmenite,GRP_0066,train,IMG_0066_r0_f1,0,True,/content/BSM-Project/data/augmented/train/Ilmenite/15__r0_f1.jpg
IMG_0066,/content/BSM-Project/data/raw/BSM/Ilmenite/15.jpg,Ilmenite,GRP_0066,train,IMG_0066_r30_f0,30,False,/content/BSM-Project/data/augmented/train/Ilmenite/15__r30_f0.jpg
IMG_0066,/content/BSM-Project/data/raw/BSM/Ilmenite/15.jpg,Ilmenite,GRP_0066,train,IMG_0066_r30_f1,30,True,/content/BSM-Project/data/augmented/train/Ilmenite/15__r30_f1.jpg
IMG_0066,/content/BSM-Project/data/raw/BSM/Ilmenite/15.jpg,Ilmenite,GRP_0066,train,IMG_0066_r45_f0,45,False,/content/BSM-Project/data/augmented/train/Ilmenite/15__r45_f0.jpg
IMG_0066,/content/BSM-Project/data/raw/BSM/Ilmenite/15.jpg,Ilmenite,GRP_0066,train,IMG_0066_r45_f1,45,True,/content/BSM-Project/data/augmented/train/Ilmenite/15__r45_f1.jpg
IMG_0066,/content/BSM-Project/data/raw/BSM/Ilmenite/15.jpg,Ilmenite,GRP_0066,train,IMG_0066_r90_f0,90,False,/content/BSM-Project/data/augmented/train/Ilmenite/15__r90_f0.jpg
IMG_0066,/content/BSM-Project/data/raw/BSM/Ilmenite/15.jpg,Ilmenite,GRP_0066,train,IMG_0066_r90_f1,90,True,/content/BSM-Project/data/augmented/train/Ilmenite/15__r90_f1.jpg
IMG_0066,/content/BSM-Project/data/raw/BSM/Ilmenite/15.jpg,Ilmenite,GRP_0066,train,IMG_0066_r180_f0,180,False,/content/BSM-Project/data/augmented/train/Ilmenite/15__r180_f0.jpg
IMG_0066,/content/BSM-Project/data/raw/BSM/Ilmenite/15.jpg,Ilmenite,GRP_0066,train,IMG_0066_r180_f1,180,True,/content/BSM-Project/data/augmented/train/Ilmenite/15__r180_f1.jpg
IMG_0066,/content/BSM-Project/data/raw/BSM/Ilmenite/15.jpg,Ilmenite,GRP_0066,train,IMG_0066_r270_f0,270,False,/content/BSM-Project/data/augmented/train/Ilmenite/15__r270_f0.jpg
IMG_0066,/content/BSM-Project/data/raw/BSM/Ilmenite/15.jpg,Ilmenite,GRP_0066,train,IMG_0066_r270_f1,270,True,/content/BSM-Project/data/augmented/train/Ilmenite/15__r270_f1.jpg
IMG_0068,/content/BSM-Project/data/raw/BSM/Ilmenite/17.jpg,Ilmenite,GRP_0068,train,IMG_0068_r0_f0,0,False,/content/BSM-Project/data/augmented/train/Ilmenite/17__r0_f0.jpg
IMG_0068,/content/BSM-Project/data/raw/BSM/Ilmenite/17.jpg,Ilmenite,GRP_0068,train,IMG_0068_r0_f1,0,True,/content/BSM-Project/data/augmented/train/Ilmenite/17__r0_f1.jpg
IMG_0068,/content/BSM-Project/data/raw/BSM/Ilmenite/17.jpg,Ilmenite,GRP_0068,train,IMG_0068_r30_f0,30,False,/content/BSM-Project/data/augmented/train/Ilmenite/17__r30_f0.jpg
IMG_0068,/content/BSM-Project/data/raw/BSM/Ilmenite/17.jpg,Ilmenite,GRP_0068,train,IMG_0068_r30_f1,30,True,/content/BSM-Project/data/augmented/train/Ilmenite/17__r30_f1.jpg
IMG_0068,/content/BSM-Project/data/raw/BSM/Ilmenite/17.jpg,Ilmenite,GRP_0068,train,IMG_0068_r45_f0,45,False,/content/BSM-Project/data/augmented/train/Ilmenite/17__r45_f0.jpg
IMG_0068,/content/BSM-Project/data/raw/BSM/Ilmenite/17.jpg,Ilmenite,GRP_0068,train,IMG_0068_r45_f1,45,True,/content/BSM-Project/data/augmented/train/Ilmenite/17__r45_f1.jpg
IMG_0068,/content/BSM-Project/data/raw/BSM/Ilmenite/17.jpg,Ilmenite,GRP_0068,train,IMG_0068_r90_f0,90,False,/content/BSM-Project/data/augmented/train/Ilmenite/17__r90_f0.jpg
IMG_0068,/content/BSM-Project/data/raw/BSM/Ilmenite/17.jpg,Ilmenite,GRP_0068,train,IMG_0068_r90_f1,90,True,/content/BSM-Project/data/augmented/train/Ilmenite/17__r90_f1.jpg
IMG_0068,/content/BSM-Project/data/raw/BSM/Ilmenite/17.jpg,Ilmenite,GRP_0068,train,IMG_0068_r180_f0,180,False,/content/BSM-Project/data/augmented/train/Ilmenite/17__r180_f0.jpg
IMG_0068,/content/BSM-Project/data/raw/BSM/Ilmenite/17.jpg,Ilmenite,GRP_0068,train,IMG_0068_r180_f1,180,True,/content/BSM-Project/data/augmented/train/Ilmenite/17__r180_f1.jpg
IMG_0068,/content/BSM-Project/data/raw/BSM/Ilmenite/17.jpg,Ilmenite,GRP_0068,train,IMG_0068_r270_f0,270,False,/content/BSM-Project/data/augmented/train/Ilmenite/17__r270_f0.jpg
IMG_0068,/content/BSM-Project/data/raw/BSM/Ilmenite/17.jpg,Ilmenite,GRP_0068,train,IMG_0068_r270_f1,270,True,/content/BSM-Project/data/augmented/train/Ilmenite/17__r270_f1.jpg
IMG_0069,/content/BSM-Project/data/raw/BSM/Ilmenite/18.jpg,Ilmenite,GRP_0069,train,IMG_0069_r0_f0,0,False,/content/BSM-Project/data/augmented/train/Ilmenite/18__r0_f0.jpg
IMG_0069,/content/BSM-Project/data/raw/BSM/Ilmenite/18.jpg,Ilmenite,GRP_0069,train,IMG_0069_r0_f1,0,True,/content/BSM-Project/data/augmented/train/Ilmenite/18__r0_f1.jpg
IMG_0069,/content/BSM-Project/data/raw/BSM/Ilmenite/18.jpg,Ilmenite,GRP_0069,train,IMG_0069_r30_f0,30,False,/content/BSM-Project/data/augmented/train/Ilmenite/18__r30_f0.jpg
IMG_0069,/content/BSM-Project/data/raw/BSM/Ilmenite/18.jpg,Ilmenite,GRP_0069,train,IMG_0069_r30_f1,30,True,/content/BSM-Project/data/augmented/train/Ilmenite/18__r30_f1.jpg
IMG_0069,/content/BSM-Project/data/raw/BSM/Ilmenite/18.jpg,Ilmenite,GRP_0069,train,IMG_0069_r45_f0,45,False,/content/BSM-Project/data/augmented/train/Ilmenite/18__r45_f0.jpg
IMG_0069,/content/BSM-Project/data/raw/BSM/Ilmenite/18.jpg,Ilmenite,GRP_0069,train,IMG_0069_r45_f1,45,True,/content/BSM-Project/data/augmented/train/Ilmenite/18__r45_f1.jpg
IMG_0069,/content/BSM-Project/data/raw/BSM/Ilmenite/18.jpg,Ilmenite,GRP_0069,train,IMG_0069_r90_f0,90,False,/content/BSM-Project/data/augmented/train/Ilmenite/18__r90_f0.jpg
IMG_0069,/content/BSM-Project/data/raw/BSM/Ilmenite/18.jpg,Ilmenite,GRP_0069,train,IMG_0069_r90_f1,90,True,/content/BSM-Project/data/augmented/train/Ilmenite/18__r90_f1.jpg
IMG_0069,/content/BSM-Project/data/raw/BSM/Ilmenite/18.jpg,Ilmenite,GRP_0069,train,IMG_0069_r180_f0,180,False,/content/BSM-Project/data/augmented/train/Ilmenite/18__r180_f0.jpg
IMG_0069,/content/BSM-Project/data/raw/BSM/Ilmenite/18.jpg,Ilmenite,GRP_0069,train,IMG_0069_r180_f1,180,True,/content/BSM-Project/data/augmented/train/Ilmenite/18__r180_f1.jpg
IMG_0069,/content/BSM-Project/data/raw/BSM/Ilmenite/18.jpg,Ilmenite,GRP_0069,train,IMG_0069_r270_f0,270,False,/content/BSM-Project/data/augmented/train/Ilmenite/18__r270_f0.jpg
IMG_0069,/content/BSM-Project/data/raw/BSM/Ilmenite/18.jpg,Ilmenite,GRP_0069,train,IMG_0069_r270_f1,270,True,/content/BSM-Project/data/augmented/train/Ilmenite/18__r270_f1.jpg
IMG_0071,/content/BSM-Project/data/raw/BSM/Ilmenite/2.jpg,Ilmenite,GRP_0071,train,IMG_0071_r0_f0,0,False,/content/BSM-Project/data/augmented/train/Ilmenite/2__r0_f0.jpg
IMG_0071,/content/BSM-Project/data/raw/BSM/Ilmenite/2.jpg,Ilmenite,GRP_0071,train,IMG_0071_r0_f1,0,True,/content/BSM-Project/data/augmented/train/Ilmenite/2__r0_f1.jpg
IMG_0071,/content/BSM-Project/data/raw/BSM/Ilmenite/2.jpg,Ilmenite,GRP_0071,train,IMG_0071_r30_f0,30,False,/content/BSM-Project/data/augmented/train/Ilmenite/2__r30_f0.jpg
IMG_0071,/content/BSM-Project/data/raw/BSM/Ilmenite/2.jpg,Ilmenite,GRP_0071,train,IMG_0071_r30_f1,30,True,/content/BSM-Project/data/augmented/train/Ilmenite/2__r30_f1.jpg
IMG_0071,/content/BSM-Project/data/raw/BSM/Ilmenite/2.jpg,Ilmenite,GRP_0071,train,IMG_0071_r45_f0,45,False,/content/BSM-Project/data/augmented/train/Ilmenite/2__r45_f0.jpg
IMG_0071,/content/BSM-Project/data/raw/BSM/Ilmenite/2.jpg,Ilmenite,GRP_0071,train,IMG_0071_r45_f1,45,True,/content/BSM-Project/data/augmented/train/Ilmenite/2__r45_f1.jpg
IMG_0071,/content/BSM-Project/data/raw/BSM/Ilmenite/2.jpg,Ilmenite,GRP_0071,train,IMG_0071_r90_f0,90,False,/content/BSM-Project/data/augmented/train/Ilmenite/2__r90_f0.jpg
IMG_0071,/content/BSM-Project/data/raw/BSM/Ilmenite/2.jpg,Ilmenite,GRP_0071,train,IMG_0071_r90_f1,90,True,/content/BSM-Project/data/augmented/train/Ilmenite/2__r90_f1.jpg
IMG_0071,/content/BSM-Project/data/raw/BSM/Ilmenite/2.jpg,Ilmenite,GRP_0071,train,IMG_0071_r180_f0,180,False,/content/BSM-Project/data/augmented/train/Ilmenite/2__r180_f0.jpg
IMG_0071,/content/BSM-Project/data/raw/BSM/Ilmenite/2.jpg,Ilmenite,GRP_0071,train,IMG_0071_r180_f1,180,True,/content/BSM-Project/data/augmented/train/Ilmenite/2__r180_f1.jpg
IMG_0071,/content/BSM-Project/data/raw/BSM/Ilmenite/2.jpg,Ilmenite,GRP_0071,train,IMG_0071_r270_f0,270,False,/content/BSM-Project/data/augmented/train/Ilmenite/2__r270_f0.jpg
IMG_0071,/content/BSM-Project/data/raw/BSM/Ilmenite/2.jpg,Ilmenite,GRP_0071,train,IMG_0071_r270_f1,270,True,/content/BSM-Project/data/augmented/train/Ilmenite/2__r270_f1.jpg
IMG_0072,/content/BSM-Project/data/raw/BSM/Ilmenite/20.jpg,Ilmenite,GRP_0072,train,IMG_0072_r0_f0,0,False,/content/BSM-Project/data/augmented/train/Ilmenite/20__r0_f0.jpg
IMG_0072,/content/BSM-Project/data/raw/BSM/Ilmenite/20.jpg,Ilmenite,GRP_0072,train,IMG_0072_r0_f1,0,True,/content/BSM-Project/data/augmented/train/Ilmenite/20__r0_f1.jpg
IMG_0072,/content/BSM-Project/data/raw/BSM/Ilmenite/20.jpg,Ilmenite,GRP_0072,train,IMG_0072_r30_f0,30,False,/content/BSM-Project/data/augmented/train/Ilmenite/20__r30_f0.jpg
IMG_0072,/content/BSM-Project/data/raw/BSM/Ilmenite/20.jpg,Ilmenite,GRP_0072,train,IMG_0072_r30_f1,30,True,/content/BSM-Project/data/augmented/train/Ilmenite/20__r30_f1.jpg
IMG_0072,/content/BSM-Project/data/raw/BSM/Ilmenite/20.jpg,Ilmenite,GRP_0072,train,IMG_0072_r45_f0,45,False,/content/BSM-Project/data/augmented/train/Ilmenite/20__r45_f0.jpg
IMG_0072,/content/BSM-Project/data/raw/BSM/Ilmenite/20.jpg,Ilmenite,GRP_0072,train,IMG_0072_r45_f1,45,True,/content/BSM-Project/data/augmented/train/Ilmenite/20__r45_f1.jpg
IMG_0072,/content/BSM-Project/data/raw/BSM/Ilmenite/20.jpg,Ilmenite,GRP_0072,train,IMG_0072_r90_f0,90,False,/content/BSM-Project/data/augmented/train/Ilmenite/20__r90_f0.jpg
IMG_0072,/content/BSM-Project/data/raw/BSM/Ilmenite/20.jpg,Ilmenite,GRP_0072,train,IMG_0072_r90_f1,90,True,/content/BSM-Project/data/augmented/train/Ilmenite/20__r90_f1.jpg
IMG_0072,/content/BSM-Project/data/raw/BSM/Ilmenite/20.jpg,Ilmenite,GRP_0072,train,IMG_0072_r180_f0,180,False,/content/BSM-Project/data/augmented/train/Ilmenite/20__r180_f0.jpg
IMG_0072,/content/BSM-Project/data/raw/BSM/Ilmenite/20.jpg,Ilmenite,GRP_0072,train,IMG_0072_r180_f1,180,True,/content/BSM-Project/data/augmented/train/Ilmenite/20__r180_f1.jpg
IMG_0072,/content/BSM-Project/data/raw/BSM/Ilmenite/20.jpg,Ilmenite,GRP_0072,train,IMG_0072_r270_f0,270,False,/content/BSM-Project/data/augmented/train/Ilmenite/20__r270_f0.jpg
IMG_0072,/content/BSM-Project/data/raw/BSM/Ilmenite/20.jpg,Ilmenite,GRP_0072,train,IMG_0072_r270_f1,270,True,/content/BSM-Project/data/augmented/train/Ilmenite/20__r270_f1.jpg
IMG_0073,/content/BSM-Project/data/raw/BSM/Ilmenite/21.jpg,Ilmenite,GRP_0073,train,IMG_0073_r0_f0,0,False,/content/BSM-Project/data/augmented/train/Ilmenite/21__r0_f0.jpg
IMG_0073,/content/BSM-Project/data/raw/BSM/Ilmenite/21.jpg,Ilmenite,GRP_0073,train,IMG_0073_r0_f1,0,True,/content/BSM-Project/data/augmented/train/Ilmenite/21__r0_f1.jpg
IMG_0073,/content/BSM-Project/data/raw/BSM/Ilmenite/21.jpg,Ilmenite,GRP_0073,train,IMG_0073_r30_f0,30,False,/content/BSM-Project/data/augmented/train/Ilmenite/21__r30_f0.jpg
IMG_0073,/content/BSM-Project/data/raw/BSM/Ilmenite/21.jpg,Ilmenite,GRP_0073,train,IMG_0073_r30_f1,30,True,/content/BSM-Project/data/augmented/train/Ilmenite/21__r30_f1.jpg
IMG_0073,/content/BSM-Project/data/raw/BSM/Ilmenite/21.jpg,Ilmenite,GRP_0073,train,IMG_0073_r45_f0,45,False,/content/BSM-Project/data/augmented/train/Ilmenite/21__r45_f0.jpg
IMG_0073,/content/BSM-Project/data/raw/BSM/Ilmenite/21.jpg,Ilmenite,GRP_0073,train,IMG_0073_r45_f1,45,True,/content/BSM-Project/data/augmented/train/Ilmenite/21__r45_f1.jpg
IMG_0073,/content/BSM-Project/data/raw/BSM/Ilmenite/21.jpg,Ilmenite,GRP_0073,train,IMG_0073_r90_f0,90,False,/content/BSM-Project/data/augmented/train/Ilmenite/21__r90_f0.jpg
IMG_0073,/content/BSM-Project/data/raw/BSM/Ilmenite/21.jpg,Ilmenite,GRP_0073,train,IMG_0073_r90_f1,90,True,/content/BSM-Project/data/augmented/train/Ilmenite/21__r90_f1.jpg
IMG_0073,/content/BSM-Project/data/raw/BSM/Ilmenite/21.jpg,Ilmenite,GRP_0073,train,IMG_0073_r180_f0,180,False,/content/BSM-Project/data/augmented/train/Ilmenite/21__r180_f0.jpg
IMG_0073,/content/BSM-Project/data/raw/BSM/Ilmenite/21.jpg,Ilmenite,GRP_0073,train,IMG_0073_r180_f1,180,True,/content/BSM-Project/data/augmented/train/Ilmenite/21__r180_f1.jpg
IMG_0073,/content/BSM-Project/data/raw/BSM/Ilmenite/21.jpg,Ilmenite,GRP_0073,train,IMG_0073_r270_f0,270,False,/content/BSM-Project/data/augmented/train/Ilmenite/21__r270_f0.jpg
IMG_0073,/content/BSM-Project/data/raw/BSM/Ilmenite/21.jpg,Ilmenite,GRP_0073,train,IMG_0073_r270_f1,270,True,/content/BSM-Project/data/augmented/train/Ilmenite/21__r270_f1.jpg
IMG_0074,/content/BSM-Project/data/raw/BSM/Ilmenite/22.jpg,Ilmenite,GRP_0074,train,IMG_0074_r0_f0,0,False,/content/BSM-Project/data/augmented/train/Ilmenite/22__r0_f0.jpg
IMG_0074,/content/BSM-Project/data/raw/BSM/Ilmenite/22.jpg,Ilmenite,GRP_0074,train,IMG_0074_r0_f1,0,True,/content/BSM-Project/data/augmented/train/Ilmenite/22__r0_f1.jpg
IMG_0074,/content/BSM-Project/data/raw/BSM/Ilmenite/22.jpg,Ilmenite,GRP_0074,train,IMG_0074_r30_f0,30,False,/content/BSM-Project/data/augmented/train/Ilmenite/22__r30_f0.jpg
IMG_0074,/content/BSM-Project/data/raw/BSM/Ilmenite/22.jpg,Ilmenite,GRP_0074,train,IMG_0074_r30_f1,30,True,/content/BSM-Project/data/augmented/train/Ilmenite/22__r30_f1.jpg
IMG_0074,/content/BSM-Project/data/raw/BSM/Ilmenite/22.jpg,Ilmenite,GRP_0074,train,IMG_0074_r45_f0,45,False,/content/BSM-Project/data/augmented/train/Ilmenite/22__r45_f0.jpg
IMG_0074,/content/BSM-Project/data/raw/BSM/Ilmenite/22.jpg,Ilmenite,GRP_0074,train,IMG_0074_r45_f1,45,True,/content/BSM-Project/data/augmented/train/Ilmenite/22__r45_f1.jpg
IMG_0074,/content/BSM-Project/data/raw/BSM/Ilmenite/22.jpg,Ilmenite,GRP_0074,train,IMG_0074_r90_f0,90,False,/content/BSM-Project/data/augmented/train/Ilmenite/22__r90_f0.jpg
IMG_0074,/content/BSM-Project/data/raw/BSM/Ilmenite/22.jpg,Ilmenite,GRP_0074,train,IMG_0074_r90_f1,90,True,/content/BSM-Project/data/augmented/train/Ilmenite/22__r90_f1.jpg
IMG_0074,/content/BSM-Project/data/raw/BSM/Ilmenite/22.jpg,Ilmenite,GRP_0074,train,IMG_0074_r180_f0,180,False,/content/BSM-Project/data/augmented/train/Ilmenite/22__r180_f0.jpg
IMG_0074,/content/BSM-Project/data/raw/BSM/Ilmenite/22.jpg,Ilmenite,GRP_0074,train,IMG_0074_r180_f1,180,True,/content/BSM-Project/data/augmented/train/Ilmenite/22__r180_f1.jpg
IMG_0074,/content/BSM-Project/data/raw/BSM/Ilmenite/22.jpg,Ilmenite,GRP_0074,train,IMG_0074_r270_f0,270,False,/content/BSM-Project/data/augmented/train/Ilmenite/22__r270_f0.jpg
IMG_0074,/content/BSM-Project/data/raw/BSM/Ilmenite/22.jpg,Ilmenite,GRP_0074,train,IMG_0074_r270_f1,270,True,/content/BSM-Project/data/augmented/train/Ilmenite/22__r270_f1.jpg
IMG_0075,/content/BSM-Project/data/raw/BSM/Ilmenite/23.jpg,Ilmenite,GRP_0075,train,IMG_0075_r0_f0,0,False,/content/BSM-Project/data/augmented/train/Ilmenite/23__r0_f0.jpg
IMG_0075,/content/BSM-Project/data/raw/BSM/Ilmenite/23.jpg,Ilmenite,GRP_0075,train,IMG_0075_r0_f1,0,True,/content/BSM-Project/data/augmented/train/Ilmenite/23__r0_f1.jpg
IMG_0075,/content/BSM-Project/data/raw/BSM/Ilmenite/23.jpg,Ilmenite,GRP_0075,train,IMG_0075_r30_f0,30,False,/content/BSM-Project/data/augmented/train/Ilmenite/23__r30_f0.jpg
IMG_0075,/content/BSM-Project/data/raw/BSM/Ilmenite/23.jpg,Ilmenite,GRP_0075,train,IMG_0075_r30_f1,30,True,/content/BSM-Project/data/augmented/train/Ilmenite/23__r30_f1.jpg
IMG_0075,/content/BSM-Project/data/raw/BSM/Ilmenite/23.jpg,Ilmenite,GRP_0075,train,IMG_0075_r45_f0,45,False,/content/BSM-Project/data/augmented/train/Ilmenite/23__r45_f0.jpg
IMG_0075,/content/BSM-Project/data/raw/BSM/Ilmenite/23.jpg,Ilmenite,GRP_0075,train,IMG_0075_r45_f1,45,True,/content/BSM-Project/data/augmented/train/Ilmenite/23__r45_f1.jpg
IMG_0075,/content/BSM-Project/data/raw/BSM/Ilmenite/23.jpg,Ilmenite,GRP_0075,train,IMG_0075_r90_f0,90,False,/content/BSM-Project/data/augmented/train/Ilmenite/23__r90_f0.jpg
IMG_0075,/content/BSM-Project/data/raw/BSM/Ilmenite/23.jpg,Ilmenite,GRP_0075,train,IMG_0075_r90_f1,90,True,/content/BSM-Project/data/augmented/train/Ilmenite/23__r90_f1.jpg
IMG_0075,/content/BSM-Project/data/raw/BSM/Ilmenite/23.jpg,Ilmenite,GRP_0075,train,IMG_0075_r180_f0,180,False,/content/BSM-Project/data/augmented/train/Ilmenite/23__r180_f0.jpg
IMG_0075,/content/BSM-Project/data/raw/BSM/Ilmenite/23.jpg,Ilmenite,GRP_0075,train,IMG_0075_r180_f1,180,True,/content/BSM-Project/data/augmented/train/Ilmenite/23__r180_f1.jpg
IMG_0075,/content/BSM-Project/data/raw/BSM/Ilmenite/23.jpg,Ilmenite,GRP_0075,train,IMG_0075_r270_f0,270,False,/content/BSM-Project/data/augmented/train/Ilmenite/23__r270_f0.jpg
IMG_0075,/content/BSM-Project/data/raw/BSM/Ilmenite/23.jpg,Ilmenite,GRP_0075,train,IMG_0075_r270_f1,270,True,/content/BSM-Project/data/augmented/train/Ilmenite/23__r270_f1.jpg
IMG_0076,/content/BSM-Project/data/raw/BSM/Ilmenite/24.jpg,Ilmenite,GRP_0076,train,IMG_0076_r0_f0,0,False,/content/BSM-Project/data/augmented/train/Ilmenite/24__r0_f0.jpg
IMG_0076,/content/BSM-Project/data/raw/BSM/Ilmenite/24.jpg,Ilmenite,GRP_0076,train,IMG_0076_r0_f1,0,True,/content/BSM-Project/data/augmented/train/Ilmenite/24__r0_f1.jpg
IMG_0076,/content/BSM-Project/data/raw/BSM/Ilmenite/24.jpg,Ilmenite,GRP_0076,train,IMG_0076_r30_f0,30,False,/content/BSM-Project/data/augmented/train/Ilmenite/24__r30_f0.jpg
IMG_0076,/content/BSM-Project/data/raw/BSM/Ilmenite/24.jpg,Ilmenite,GRP_0076,train,IMG_0076_r30_f1,30,True,/content/BSM-Project/data/augmented/train/Ilmenite/24__r30_f1.jpg
IMG_0076,/content/BSM-Project/data/raw/BSM/Ilmenite/24.jpg,Ilmenite,GRP_0076,train,IMG_0076_r45_f0,45,False,/content/BSM-Project/data/augmented/train/Ilmenite/24__r45_f0.jpg
IMG_0076,/content/BSM-Project/data/raw/BSM/Ilmenite/24.jpg,Ilmenite,GRP_0076,train,IMG_0076_r45_f1,45,True,/content/BSM-Project/data/augmented/train/Ilmenite/24__r45_f1.jpg
IMG_0076,/content/BSM-Project/data/raw/BSM/Ilmenite/24.jpg,Ilmenite,GRP_0076,train,IMG_0076_r90_f0,90,False,/content/BSM-Project/data/augmented/train/Ilmenite/24__r90_f0.jpg
IMG_0076,/content/BSM-Project/data/raw/BSM/Ilmenite/24.jpg,Ilmenite,GRP_0076,train,IMG_0076_r90_f1,90,True,/content/BSM-Project/data/augmented/train/Ilmenite/24__r90_f1.jpg
IMG_0076,/content/BSM-Project/data/raw/BSM/Ilmenite/24.jpg,Ilmenite,GRP_0076,train,IMG_0076_r180_f0,180,False,/content/BSM-Project/data/augmented/train/Ilmenite/24__r180_f0.jpg
IMG_0076,/content/BSM-Project/data/raw/BSM/Ilmenite/24.jpg,Ilmenite,GRP_0076,train,IMG_0076_r180_f1,180,True,/content/BSM-Project/data/augmented/train/Ilmenite/24__r180_f1.jpg
IMG_0076,/content/BSM-Project/data/raw/BSM/Ilmenite/24.jpg,Ilmenite,GRP_0076,train,IMG_0076_r270_f0,270,False,/content/BSM-Project/data/augmented/train/Ilmenite/24__r270_f0.jpg
IMG_0076,/content/BSM-Project/data/raw/BSM/Ilmenite/24.jpg,Ilmenite,GRP_0076,train,IMG_0076_r270_f1,270,True,/content/BSM-Project/data/augmented/train/Ilmenite/24__r270_f1.jpg
IMG_0077,/content/BSM-Project/data/raw/BSM/Ilmenite/25.jpg,Ilmenite,GRP_0077,train,IMG_0077_r0_f0,0,False,/content/BSM-Project/data/augmented/train/Ilmenite/25__r0_f0.jpg
IMG_0077,/content/BSM-Project/data/raw/BSM/Ilmenite/25.jpg,Ilmenite,GRP_0077,train,IMG_0077_r0_f1,0,True,/content/BSM-Project/data/augmented/train/Ilmenite/25__r0_f1.jpg
IMG_0077,/content/BSM-Project/data/raw/BSM/Ilmenite/25.jpg,Ilmenite,GRP_0077,train,IMG_0077_r30_f0,30,False,/content/BSM-Project/data/augmented/train/Ilmenite/25__r30_f0.jpg
IMG_0077,/content/BSM-Project/data/raw/BSM/Ilmenite/25.jpg,Ilmenite,GRP_0077,train,IMG_0077_r30_f1,30,True,/content/BSM-Project/data/augmented/train/Ilmenite/25__r30_f1.jpg
IMG_0077,/content/BSM-Project/data/raw/BSM/Ilmenite/25.jpg,Ilmenite,GRP_0077,train,IMG_0077_r45_f0,45,False,/content/BSM-Project/data/augmented/train/Ilmenite/25__r45_f0.jpg
IMG_0077,/content/BSM-Project/data/raw/BSM/Ilmenite/25.jpg,Ilmenite,GRP_0077,train,IMG_0077_r45_f1,45,True,/content/BSM-Project/data/augmented/train/Ilmenite/25__r45_f1.jpg
IMG_0077,/content/BSM-Project/data/raw/BSM/Ilmenite/25.jpg,Ilmenite,GRP_0077,train,IMG_0077_r90_f0,90,False,/content/BSM-Project/data/augmented/train/Ilmenite/25__r90_f0.jpg
IMG_0077,/content/BSM-Project/data/raw/BSM/Ilmenite/25.jpg,Ilmenite,GRP_0077,train,IMG_0077_r90_f1,90,True,/content/BSM-Project/data/augmented/train/Ilmenite/25__r90_f1.jpg
IMG_0077,/content/BSM-Project/data/raw/BSM/Ilmenite/25.jpg,Ilmenite,GRP_0077,train,IMG_0077_r180_f0,180,False,/content/BSM-Project/data/augmented/train/Ilmenite/25__r180_f0.jpg
IMG_0077,/content/BSM-Project/data/raw/BSM/Ilmenite/25.jpg,Ilmenite,GRP_0077,train,IMG_0077_r180_f1,180,True,/content/BSM-Project/data/augmented/train/Ilmenite/25__r180_f1.jpg
IMG_0077,/content/BSM-Project/data/raw/BSM/Ilmenite/25.jpg,Ilmenite,GRP_0077,train,IMG_0077_r270_f0,270,False,/content/BSM-Project/data/augmented/train/Ilmenite/25__r270_f0.jpg
IMG_0077,/content/BSM-Project/data/raw/BSM/Ilmenite/25.jpg,Ilmenite,GRP_0077,train,IMG_0077_r270_f1,270,True,/content/BSM-Project/data/augmented/train/Ilmenite/25__r270_f1.jpg
IMG_0078,/content/BSM-Project/data/raw/BSM/Ilmenite/26.jpg,Ilmenite,GRP_0078,train,IMG_0078_r0_f0,0,False,/content/BSM-Project/data/augmented/train/Ilmenite/26__r0_f0.jpg
IMG_0078,/content/BSM-Project/data/raw/BSM/Ilmenite/26.jpg,Ilmenite,GRP_0078,train,IMG_0078_r0_f1,0,True,/content/BSM-Project/data/augmented/train/Ilmenite/26__r0_f1.jpg
IMG_0078,/content/BSM-Project/data/raw/BSM/Ilmenite/26.jpg,Ilmenite,GRP_0078,train,IMG_0078_r30_f0,30,False,/content/BSM-Project/data/augmented/train/Ilmenite/26__r30_f0.jpg
IMG_0078,/content/BSM-Project/data/raw/BSM/Ilmenite/26.jpg,Ilmenite,GRP_0078,train,IMG_0078_r30_f1,30,True,/content/BSM-Project/data/augmented/train/Ilmenite/26__r30_f1.jpg
IMG_0078,/content/BSM-Project/data/raw/BSM/Ilmenite/26.jpg,Ilmenite,GRP_0078,train,IMG_0078_r45_f0,45,False,/content/BSM-Project/data/augmented/train/Ilmenite/26__r45_f0.jpg
IMG_0078,/content/BSM-Project/data/raw/BSM/Ilmenite/26.jpg,Ilmenite,GRP_0078,train,IMG_0078_r45_f1,45,True,/content/BSM-Project/data/augmented/train/Ilmenite/26__r45_f1.jpg
IMG_0078,/content/BSM-Project/data/raw/BSM/Ilmenite/26.jpg,Ilmenite,GRP_0078,train,IMG_0078_r90_f0,90,False,/content/BSM-Project/data/augmented/train/Ilmenite/26__r90_f0.jpg
IMG_0078,/content/BSM-Project/data/raw/BSM/Ilmenite/26.jpg,Ilmenite,GRP_0078,train,IMG_0078_r90_f1,90,True,/content/BSM-Project/data/augmented/train/Ilmenite/26__r90_f1.jpg
IMG_0078,/content/BSM-Project/data/raw/BSM/Ilmenite/26.jpg,Ilmenite,GRP_0078,train,IMG_0078_r180_f0,180,False,/content/BSM-Project/data/augmented/train/Ilmenite/26__r180_f0.jpg
IMG_0078,/content/BSM-Project/data/raw/BSM/Ilmenite/26.jpg,Ilmenite,GRP_0078,train,IMG_0078_r180_f1,180,True,/content/BSM-Project/data/augmented/train/Ilmenite/26__r180_f1.jpg
IMG_0078,/content/BSM-Project/data/raw/BSM/Ilmenite/26.jpg,Ilmenite,GRP_0078,train,IMG_0078_r270_f0,270,False,/content/BSM-Project/data/augmented/train/Ilmenite/26__r270_f0.jpg
IMG_0078,/content/BSM-Project/data/raw/BSM/Ilmenite/26.jpg,Ilmenite,GRP_0078,train,IMG_0078_r270_f1,270,True,/content/BSM-Project/data/augmented/train/Ilmenite/26__r270_f1.jpg
IMG_0079,/content/BSM-Project/data/raw/BSM/Ilmenite/27.jpg,Ilmenite,GRP_0079,train,IMG_0079_r0_f0,0,False,/content/BSM-Project/data/augmented/train/Ilmenite/27__r0_f0.jpg
IMG_0079,/content/BSM-Project/data/raw/BSM/Ilmenite/27.jpg,Ilmenite,GRP_0079,train,IMG_0079_r0_f1,0,True,/content/BSM-Project/data/augmented/train/Ilmenite/27__r0_f1.jpg
IMG_0079,/content/BSM-Project/data/raw/BSM/Ilmenite/27.jpg,Ilmenite,GRP_0079,train,IMG_0079_r30_f0,30,False,/content/BSM-Project/data/augmented/train/Ilmenite/27__r30_f0.jpg
IMG_0079,/content/BSM-Project/data/raw/BSM/Ilmenite/27.jpg,Ilmenite,GRP_0079,train,IMG_0079_r30_f1,30,True,/content/BSM-Project/data/augmented/train/Ilmenite/27__r30_f1.jpg
IMG_0079,/content/BSM-Project/data/raw/BSM/Ilmenite/27.jpg,Ilmenite,GRP_0079,train,IMG_0079_r45_f0,45,False,/content/BSM-Project/data/augmented/train/Ilmenite/27__r45_f0.jpg
IMG_0079,/content/BSM-Project/data/raw/BSM/Ilmenite/27.jpg,Ilmenite,GRP_0079,train,IMG_0079_r45_f1,45,True,/content/BSM-Project/data/augmented/train/Ilmenite/27__r45_f1.jpg
IMG_0079,/content/BSM-Project/data/raw/BSM/Ilmenite/27.jpg,Ilmenite,GRP_0079,train,IMG_0079_r90_f0,90,False,/content/BSM-Project/data/augmented/train/Ilmenite/27__r90_f0.jpg
IMG_0079,/content/BSM-Project/data/raw/BSM/Ilmenite/27.jpg,Ilmenite,GRP_0079,train,IMG_0079_r90_f1,90,True,/content/BSM-Project/data/augmented/train/Ilmenite/27__r90_f1.jpg
IMG_0079,/content/BSM-Project/data/raw/BSM/Ilmenite/27.jpg,Ilmenite,GRP_0079,train,IMG_0079_r180_f0,180,False,/content/BSM-Project/data/augmented/train/Ilmenite/27__r180_f0.jpg
IMG_0079,/content/BSM-Project/data/raw/BSM/Ilmenite/27.jpg,Ilmenite,GRP_0079,train,IMG_0079_r180_f1,180,True,/content/BSM-Project/data/augmented/train/Ilmenite/27__r180_f1.jpg
IMG_0079,/content/BSM-Project/data/raw/BSM/Ilmenite/27.jpg,Ilmenite,GRP_0079,train,IMG_0079_r270_f0,270,False,/content/BSM-Project/data/augmented/train/Ilmenite/27__r270_f0.jpg
IMG_0079,/content/BSM-Project/data/raw/BSM/Ilmenite/27.jpg,Ilmenite,GRP_0079,train,IMG_0079_r270_f1,270,True,/content/BSM-Project/data/augmented/train/Ilmenite/27__r270_f1.jpg
IMG_0080,/content/BSM-Project/data/raw/BSM/Ilmenite/28.jpg,Ilmenite,GRP_0080,train,IMG_0080_r0_f0,0,False,/content/BSM-Project/data/augmented/train/Ilmenite/28__r0_f0.jpg
IMG_0080,/content/BSM-Project/data/raw/BSM/Ilmenite/28.jpg,Ilmenite,GRP_0080,train,IMG_0080_r0_f1,0,True,/content/BSM-Project/data/augmented/train/Ilmenite/28__r0_f1.jpg
IMG_0080,/content/BSM-Project/data/raw/BSM/Ilmenite/28.jpg,Ilmenite,GRP_0080,train,IMG_0080_r30_f0,30,False,/content/BSM-Project/data/augmented/train/Ilmenite/28__r30_f0.jpg
IMG_0080,/content/BSM-Project/data/raw/BSM/Ilmenite/28.jpg,Ilmenite,GRP_0080,train,IMG_0080_r30_f1,30,True,/content/BSM-Project/data/augmented/train/Ilmenite/28__r30_f1.jpg
IMG_0080,/content/BSM-Project/data/raw/BSM/Ilmenite/28.jpg,Ilmenite,GRP_0080,train,IMG_0080_r45_f0,45,False,/content/BSM-Project/data/augmented/train/Ilmenite/28__r45_f0.jpg
IMG_0080,/content/BSM-Project/data/raw/BSM/Ilmenite/28.jpg,Ilmenite,GRP_0080,train,IMG_0080_r45_f1,45,True,/content/BSM-Project/data/augmented/train/Ilmenite/28__r45_f1.jpg
IMG_0080,/content/BSM-Project/data/raw/BSM/Ilmenite/28.jpg,Ilmenite,GRP_0080,train,IMG_0080_r90_f0,90,False,/content/BSM-Project/data/augmented/train/Ilmenite/28__r90_f0.jpg
IMG_0080,/content/BSM-Project/data/raw/BSM/Ilmenite/28.jpg,Ilmenite,GRP_0080,train,IMG_0080_r90_f1,90,True,/content/BSM-Project/data/augmented/train/Ilmenite/28__r90_f1.jpg
IMG_0080,/content/BSM-Project/data/raw/BSM/Ilmenite/28.jpg,Ilmenite,GRP_0080,train,IMG_0080_r180_f0,180,False,/content/BSM-Project/data/augmented/train/Ilmenite/28__r180_f0.jpg
IMG_0080,/content/BSM-Project/data/raw/BSM/Ilmenite/28.jpg,Ilmenite,GRP_0080,train,IMG_0080_r180_f1,180,True,/content/BSM-Project/data/augmented/train/Ilmenite/28__r180_f1.jpg
IMG_0080,/content/BSM-Project/data/raw/BSM/Ilmenite/28.jpg,Ilmenite,GRP_0080,train,IMG_0080_r270_f0,270,False,/content/BSM-Project/data/augmented/train/Ilmenite/28__r270_f0.jpg
IMG_0080,/content/BSM-Project/data/raw/BSM/Ilmenite/28.jpg,Ilmenite,GRP_0080,train,IMG_0080_r270_f1,270,True,/content/BSM-Project/data/augmented/train/Ilmenite/28__r270_f1.jpg
IMG_0081,/content/BSM-Project/data/raw/BSM/Ilmenite/29.jpg,Ilmenite,GRP_0081,train,IMG_0081_r0_f0,0,False,/content/BSM-Project/data/augmented/train/Ilmenite/29__r0_f0.jpg
IMG_0081,/content/BSM-Project/data/raw/BSM/Ilmenite/29.jpg,Ilmenite,GRP_0081,train,IMG_0081_r0_f1,0,True,/content/BSM-Project/data/augmented/train/Ilmenite/29__r0_f1.jpg
IMG_0081,/content/BSM-Project/data/raw/BSM/Ilmenite/29.jpg,Ilmenite,GRP_0081,train,IMG_0081_r30_f0,30,False,/content/BSM-Project/data/augmented/train/Ilmenite/29__r30_f0.jpg
IMG_0081,/content/BSM-Project/data/raw/BSM/Ilmenite/29.jpg,Ilmenite,GRP_0081,train,IMG_0081_r30_f1,30,True,/content/BSM-Project/data/augmented/train/Ilmenite/29__r30_f1.jpg
IMG_0081,/content/BSM-Project/data/raw/BSM/Ilmenite/29.jpg,Ilmenite,GRP_0081,train,IMG_0081_r45_f0,45,False,/content/BSM-Project/data/augmented/train/Ilmenite/29__r45_f0.jpg
IMG_0081,/content/BSM-Project/data/raw/BSM/Ilmenite/29.jpg,Ilmenite,GRP_0081,train,IMG_0081_r45_f1,45,True,/content/BSM-Project/data/augmented/train/Ilmenite/29__r45_f1.jpg
IMG_0081,/content/BSM-Project/data/raw/BSM/Ilmenite/29.jpg,Ilmenite,GRP_0081,train,IMG_0081_r90_f0,90,False,/content/BSM-Project/data/augmented/train/Ilmenite/29__r90_f0.jpg
IMG_0081,/content/BSM-Project/data/raw/BSM/Ilmenite/29.jpg,Ilmenite,GRP_0081,train,IMG_0081_r90_f1,90,True,/content/BSM-Project/data/augmented/train/Ilmenite/29__r90_f1.jpg
IMG_0081,/content/BSM-Project/data/raw/BSM/Ilmenite/29.jpg,Ilmenite,GRP_0081,train,IMG_0081_r180_f0,180,False,/content/BSM-Project/data/augmented/train/Ilmenite/29__r180_f0.jpg
IMG_0081,/content/BSM-Project/data/raw/BSM/Ilmenite/29.jpg,Ilmenite,GRP_0081,train,IMG_0081_r180_f1,180,True,/content/BSM-Project/data/augmented/train/Ilmenite/29__r180_f1.jpg
IMG_0081,/content/BSM-Project/data/raw/BSM/Ilmenite/29.jpg,Ilmenite,GRP_0081,train,IMG_0081_r270_f0,270,False,/content/BSM-Project/data/augmented/train/Ilmenite/29__r270_f0.jpg
IMG_0081,/content/BSM-Project/data/raw/BSM/Ilmenite/29.jpg,Ilmenite,GRP_0081,train,IMG_0081_r270_f1,270,True,/content/BSM-Project/data/augmented/train/Ilmenite/29__r270_f1.jpg
IMG_0084,/content/BSM-Project/data/raw/BSM/Ilmenite/31.jpg,Ilmenite,GRP_0084,train,IMG_0084_r0_f0,0,False,/content/BSM-Project/data/augmented/train/Ilmenite/31__r0_f0.jpg
IMG_0084,/content/BSM-Project/data/raw/BSM/Ilmenite/31.jpg,Ilmenite,GRP_0084,train,IMG_0084_r0_f1,0,True,/content/BSM-Project/data/augmented/train/Ilmenite/31__r0_f1.jpg
IMG_0084,/content/BSM-Project/data/raw/BSM/Ilmenite/31.jpg,Ilmenite,GRP_0084,train,IMG_0084_r30_f0,30,False,/content/BSM-Project/data/augmented/train/Ilmenite/31__r30_f0.jpg
IMG_0084,/content/BSM-Project/data/raw/BSM/Ilmenite/31.jpg,Ilmenite,GRP_0084,train,IMG_0084_r30_f1,30,True,/content/BSM-Project/data/augmented/train/Ilmenite/31__r30_f1.jpg
IMG_0084,/content/BSM-Project/data/raw/BSM/Ilmenite/31.jpg,Ilmenite,GRP_0084,train,IMG_0084_r45_f0,45,False,/content/BSM-Project/data/augmented/train/Ilmenite/31__r45_f0.jpg
IMG_0084,/content/BSM-Project/data/raw/BSM/Ilmenite/31.jpg,Ilmenite,GRP_0084,train,IMG_0084_r45_f1,45,True,/content/BSM-Project/data/augmented/train/Ilmenite/31__r45_f1.jpg
IMG_0084,/content/BSM-Project/data/raw/BSM/Ilmenite/31.jpg,Ilmenite,GRP_0084,train,IMG_0084_r90_f0,90,False,/content/BSM-Project/data/augmented/train/Ilmenite/31__r90_f0.jpg
IMG_0084,/content/BSM-Project/data/raw/BSM/Ilmenite/31.jpg,Ilmenite,GRP_0084,train,IMG_0084_r90_f1,90,True,/content/BSM-Project/data/augmented/train/Ilmenite/31__r90_f1.jpg
IMG_0084,/content/BSM-Project/data/raw/BSM/Ilmenite/31.jpg,Ilmenite,GRP_0084,train,IMG_0084_r180_f0,180,False,/content/BSM-Project/data/augmented/train/Ilmenite/31__r180_f0.jpg
IMG_0084,/content/BSM-Project/data/raw/BSM/Ilmenite/31.jpg,Ilmenite,GRP_0084,train,IMG_0084_r180_f1,180,True,/content/BSM-Project/data/augmented/train/Ilmenite/31__r180_f1.jpg
IMG_0084,/content/BSM-Project/data/raw/BSM/Ilmenite/31.jpg,Ilmenite,GRP_0084,train,IMG_0084_r270_f0,270,False,/content/BSM-Project/data/augmented/train/Ilmenite/31__r270_f0.jpg
IMG_0084,/content/BSM-Project/data/raw/BSM/Ilmenite/31.jpg,Ilmenite,GRP_0084,train,IMG_0084_r270_f1,270,True,/content/BSM-Project/data/augmented/train/Ilmenite/31__r270_f1.jpg
IMG_0085,/content/BSM-Project/data/raw/BSM/Ilmenite/32.jpg,Ilmenite,GRP_0085,train,IMG_0085_r0_f0,0,False,/content/BSM-Project/data/augmented/train/Ilmenite/32__r0_f0.jpg
IMG_0085,/content/BSM-Project/data/raw/BSM/Ilmenite/32.jpg,Ilmenite,GRP_0085,train,IMG_0085_r0_f1,0,True,/content/BSM-Project/data/augmented/train/Ilmenite/32__r0_f1.jpg
IMG_0085,/content/BSM-Project/data/raw/BSM/Ilmenite/32.jpg,Ilmenite,GRP_0085,train,IMG_0085_r30_f0,30,False,/content/BSM-Project/data/augmented/train/Ilmenite/32__r30_f0.jpg
IMG_0085,/content/BSM-Project/data/raw/BSM/Ilmenite/32.jpg,Ilmenite,GRP_0085,train,IMG_0085_r30_f1,30,True,/content/BSM-Project/data/augmented/train/Ilmenite/32__r30_f1.jpg
IMG_0085,/content/BSM-Project/data/raw/BSM/Ilmenite/32.jpg,Ilmenite,GRP_0085,train,IMG_0085_r45_f0,45,False,/content/BSM-Project/data/augmented/train/Ilmenite/32__r45_f0.jpg
IMG_0085,/content/BSM-Project/data/raw/BSM/Ilmenite/32.jpg,Ilmenite,GRP_0085,train,IMG_0085_r45_f1,45,True,/content/BSM-Project/data/augmented/train/Ilmenite/32__r45_f1.jpg
IMG_0085,/content/BSM-Project/data/raw/BSM/Ilmenite/32.jpg,Ilmenite,GRP_0085,train,IMG_0085_r90_f0,90,False,/content/BSM-Project/data/augmented/train/Ilmenite/32__r90_f0.jpg
IMG_0085,/content/BSM-Project/data/raw/BSM/Ilmenite/32.jpg,Ilmenite,GRP_0085,train,IMG_0085_r90_f1,90,True,/content/BSM-Project/data/augmented/train/Ilmenite/32__r90_f1.jpg
IMG_0085,/content/BSM-Project/data/raw/BSM/Ilmenite/32.jpg,Ilmenite,GRP_0085,train,IMG_0085_r180_f0,180,False,/content/BSM-Project/data/augmented/train/Ilmenite/32__r180_f0.jpg
IMG_0085,/content/BSM-Project/data/raw/BSM/Ilmenite/32.jpg,Ilmenite,GRP_0085,train,IMG_0085_r180_f1,180,True,/content/BSM-Project/data/augmented/train/Ilmenite/32__r180_f1.jpg
IMG_0085,/content/BSM-Project/data/raw/BSM/Ilmenite/32.jpg,Ilmenite,GRP_0085,train,IMG_0085_r270_f0,270,False,/content/BSM-Project/data/augmented/train/Ilmenite/32__r270_f0.jpg
IMG_0085,/content/BSM-Project/data/raw/BSM/Ilmenite/32.jpg,Ilmenite,GRP_0085,train,IMG_0085_r270_f1,270,True,/content/BSM-Project/data/augmented/train/Ilmenite/32__r270_f1.jpg
IMG_0087,/content/BSM-Project/data/raw/BSM/Ilmenite/34.jpg,Ilmenite,GRP_0087,train,IMG_0087_r0_f0,0,False,/content/BSM-Project/data/augmented/train/Ilmenite/34__r0_f0.jpg
IMG_0087,/content/BSM-Project/data/raw/BSM/Ilmenite/34.jpg,Ilmenite,GRP_0087,train,IMG_0087_r0_f1,0,True,/content/BSM-Project/data/augmented/train/Ilmenite/34__r0_f1.jpg
IMG_0087,/content/BSM-Project/data/raw/BSM/Ilmenite/34.jpg,Ilmenite,GRP_0087,train,IMG_0087_r30_f0,30,False,/content/BSM-Project/data/augmented/train/Ilmenite/34__r30_f0.jpg
IMG_0087,/content/BSM-Project/data/raw/BSM/Ilmenite/34.jpg,Ilmenite,GRP_0087,train,IMG_0087_r30_f1,30,True,/content/BSM-Project/data/augmented/train/Ilmenite/34__r30_f1.jpg
IMG_0087,/content/BSM-Project/data/raw/BSM/Ilmenite/34.jpg,Ilmenite,GRP_0087,train,IMG_0087_r45_f0,45,False,/content/BSM-Project/data/augmented/train/Ilmenite/34__r45_f0.jpg
IMG_0087,/content/BSM-Project/data/raw/BSM/Ilmenite/34.jpg,Ilmenite,GRP_0087,train,IMG_0087_r45_f1,45,True,/content/BSM-Project/data/augmented/train/Ilmenite/34__r45_f1.jpg
IMG_0087,/content/BSM-Project/data/raw/BSM/Ilmenite/34.jpg,Ilmenite,GRP_0087,train,IMG_0087_r90_f0,90,False,/content/BSM-Project/data/augmented/train/Ilmenite/34__r90_f0.jpg
IMG_0087,/content/BSM-Project/data/raw/BSM/Ilmenite/34.jpg,Ilmenite,GRP_0087,train,IMG_0087_r90_f1,90,True,/content/BSM-Project/data/augmented/train/Ilmenite/34__r90_f1.jpg
IMG_0087,/content/BSM-Project/data/raw/BSM/Ilmenite/34.jpg,Ilmenite,GRP_0087,train,IMG_0087_r180_f0,180,False,/content/BSM-Project/data/augmented/train/Ilmenite/34__r180_f0.jpg
IMG_0087,/content/BSM-Project/data/raw/BSM/Ilmenite/34.jpg,Ilmenite,GRP_0087,train,IMG_0087_r180_f1,180,True,/content/BSM-Project/data/augmented/train/Ilmenite/34__r180_f1.jpg
IMG_0087,/content/BSM-Project/data/raw/BSM/Ilmenite/34.jpg,Ilmenite,GRP_0087,train,IMG_0087_r270_f0,270,False,/content/BSM-Project/data/augmented/train/Ilmenite/34__r270_f0.jpg
IMG_0087,/content/BSM-Project/data/raw/BSM/Ilmenite/34.jpg,Ilmenite,GRP_0087,train,IMG_0087_r270_f1,270,True,/content/BSM-Project/data/augmented/train/Ilmenite/34__r270_f1.jpg
IMG_0088,/content/BSM-Project/data/raw/BSM/Ilmenite/35.jpg,Ilmenite,GRP_0088,train,IMG_0088_r0_f0,0,False,/content/BSM-Project/data/augmented/train/Ilmenite/35__r0_f0.jpg
IMG_0088,/content/BSM-Project/data/raw/BSM/Ilmenite/35.jpg,Ilmenite,GRP_0088,train,IMG_0088_r0_f1,0,True,/content/BSM-Project/data/augmented/train/Ilmenite/35__r0_f1.jpg
IMG_0088,/content/BSM-Project/data/raw/BSM/Ilmenite/35.jpg,Ilmenite,GRP_0088,train,IMG_0088_r30_f0,30,False,/content/BSM-Project/data/augmented/train/Ilmenite/35__r30_f0.jpg
IMG_0088,/content/BSM-Project/data/raw/BSM/Ilmenite/35.jpg,Ilmenite,GRP_0088,train,IMG_0088_r30_f1,30,True,/content/BSM-Project/data/augmented/train/Ilmenite/35__r30_f1.jpg
IMG_0088,/content/BSM-Project/data/raw/BSM/Ilmenite/35.jpg,Ilmenite,GRP_0088,train,IMG_0088_r45_f0,45,False,/content/BSM-Project/data/augmented/train/Ilmenite/35__r45_f0.jpg
IMG_0088,/content/BSM-Project/data/raw/BSM/Ilmenite/35.jpg,Ilmenite,GRP_0088,train,IMG_0088_r45_f1,45,True,/content/BSM-Project/data/augmented/train/Ilmenite/35__r45_f1.jpg
IMG_0088,/content/BSM-Project/data/raw/BSM/Ilmenite/35.jpg,Ilmenite,GRP_0088,train,IMG_0088_r90_f0,90,False,/content/BSM-Project/data/augmented/train/Ilmenite/35__r90_f0.jpg
IMG_0088,/content/BSM-Project/data/raw/BSM/Ilmenite/35.jpg,Ilmenite,GRP_0088,train,IMG_0088_r90_f1,90,True,/content/BSM-Project/data/augmented/train/Ilmenite/35__r90_f1.jpg
IMG_0088,/content/BSM-Project/data/raw/BSM/Ilmenite/35.jpg,Ilmenite,GRP_0088,train,IMG_0088_r180_f0,180,False,/content/BSM-Project/data/augmented/train/Ilmenite/35__r180_f0.jpg
IMG_0088,/content/BSM-Project/data/raw/BSM/Ilmenite/35.jpg,Ilmenite,GRP_0088,train,IMG_0088_r180_f1,180,True,/content/BSM-Project/data/augmented/train/Ilmenite/35__r180_f1.jpg
IMG_0088,/content/BSM-Project/data/raw/BSM/Ilmenite/35.jpg,Ilmenite,GRP_0088,train,IMG_0088_r270_f0,270,False,/content/BSM-Project/data/augmented/train/Ilmenite/35__r270_f0.jpg
IMG_0088,/content/BSM-Project/data/raw/BSM/Ilmenite/35.jpg,Ilmenite,GRP_0088,train,IMG_0088_r270_f1,270,True,/content/BSM-Project/data/augmented/train/Ilmenite/35__r270_f1.jpg
IMG_0090,/content/BSM-Project/data/raw/BSM/Ilmenite/37.jpg,Ilmenite,GRP_0090,train,IMG_0090_r0_f0,0,False,/content/BSM-Project/data/augmented/train/Ilmenite/37__r0_f0.jpg
IMG_0090,/content/BSM-Project/data/raw/BSM/Ilmenite/37.jpg,Ilmenite,GRP_0090,train,IMG_0090_r0_f1,0,True,/content/BSM-Project/data/augmented/train/Ilmenite/37__r0_f1.jpg
IMG_0090,/content/BSM-Project/data/raw/BSM/Ilmenite/37.jpg,Ilmenite,GRP_0090,train,IMG_0090_r30_f0,30,False,/content/BSM-Project/data/augmented/train/Ilmenite/37__r30_f0.jpg
IMG_0090,/content/BSM-Project/data/raw/BSM/Ilmenite/37.jpg,Ilmenite,GRP_0090,train,IMG_0090_r30_f1,30,True,/content/BSM-Project/data/augmented/train/Ilmenite/37__r30_f1.jpg
IMG_0090,/content/BSM-Project/data/raw/BSM/Ilmenite/37.jpg,Ilmenite,GRP_0090,train,IMG_0090_r45_f0,45,False,/content/BSM-Project/data/augmented/train/Ilmenite/37__r45_f0.jpg
IMG_0090,/content/BSM-Project/data/raw/BSM/Ilmenite/37.jpg,Ilmenite,GRP_0090,train,IMG_0090_r45_f1,45,True,/content/BSM-Project/data/augmented/train/Ilmenite/37__r45_f1.jpg
IMG_0090,/content/BSM-Project/data/raw/BSM/Ilmenite/37.jpg,Ilmenite,GRP_0090,train,IMG_0090_r90_f0,90,False,/content/BSM-Project/data/augmented/train/Ilmenite/37__r90_f0.jpg
IMG_0090,/content/BSM-Project/data/raw/BSM/Ilmenite/37.jpg,Ilmenite,GRP_0090,train,IMG_0090_r90_f1,90,True,/content/BSM-Project/data/augmented/train/Ilmenite/37__r90_f1.jpg
IMG_0090,/content/BSM-Project/data/raw/BSM/Ilmenite/37.jpg,Ilmenite,GRP_0090,train,IMG_0090_r180_f0,180,False,/content/BSM-Project/data/augmented/train/Ilmenite/37__r180_f0.jpg
IMG_0090,/content/BSM-Project/data/raw/BSM/Ilmenite/37.jpg,Ilmenite,GRP_0090,train,IMG_0090_r180_f1,180,True,/content/BSM-Project/data/augmented/train/Ilmenite/37__r180_f1.jpg
IMG_0090,/content/BSM-Project/data/raw/BSM/Ilmenite/37.jpg,Ilmenite,GRP_0090,train,IMG_0090_r270_f0,270,False,/content/BSM-Project/data/augmented/train/Ilmenite/37__r270_f0.jpg
IMG_0090,/content/BSM-Project/data/raw/BSM/Ilmenite/37.jpg,Ilmenite,GRP_0090,train,IMG_0090_r270_f1,270,True,/content/BSM-Project/data/augmented/train/Ilmenite/37__r270_f1.jpg
IMG_0093,/content/BSM-Project/data/raw/BSM/Ilmenite/4.jpg,Ilmenite,GRP_0093,train,IMG_0093_r0_f0,0,False,/content/BSM-Project/data/augmented/train/Ilmenite/4__r0_f0.jpg
IMG_0093,/content/BSM-Project/data/raw/BSM/Ilmenite/4.jpg,Ilmenite,GRP_0093,train,IMG_0093_r0_f1,0,True,/content/BSM-Project/data/augmented/train/Ilmenite/4__r0_f1.jpg
IMG_0093,/content/BSM-Project/data/raw/BSM/Ilmenite/4.jpg,Ilmenite,GRP_0093,train,IMG_0093_r30_f0,30,False,/content/BSM-Project/data/augmented/train/Ilmenite/4__r30_f0.jpg
IMG_0093,/content/BSM-Project/data/raw/BSM/Ilmenite/4.jpg,Ilmenite,GRP_0093,train,IMG_0093_r30_f1,30,True,/content/BSM-Project/data/augmented/train/Ilmenite/4__r30_f1.jpg
IMG_0093,/content/BSM-Project/data/raw/BSM/Ilmenite/4.jpg,Ilmenite,GRP_0093,train,IMG_0093_r45_f0,45,False,/content/BSM-Project/data/augmented/train/Ilmenite/4__r45_f0.jpg
IMG_0093,/content/BSM-Project/data/raw/BSM/Ilmenite/4.jpg,Ilmenite,GRP_0093,train,IMG_0093_r45_f1,45,True,/content/BSM-Project/data/augmented/train/Ilmenite/4__r45_f1.jpg
IMG_0093,/content/BSM-Project/data/raw/BSM/Ilmenite/4.jpg,Ilmenite,GRP_0093,train,IMG_0093_r90_f0,90,False,/content/BSM-Project/data/augmented/train/Ilmenite/4__r90_f0.jpg
IMG_0093,/content/BSM-Project/data/raw/BSM/Ilmenite/4.jpg,Ilmenite,GRP_0093,train,IMG_0093_r90_f1,90,True,/content/BSM-Project/data/augmented/train/Ilmenite/4__r90_f1.jpg
IMG_0093,/content/BSM-Project/data/raw/BSM/Ilmenite/4.jpg,Ilmenite,GRP_0093,train,IMG_0093_r180_f0,180,False,/content/BSM-Project/data/augmented/train/Ilmenite/4__r180_f0.jpg
IMG_0093,/content/BSM-Project/data/raw/BSM/Ilmenite/4.jpg,Ilmenite,GRP_0093,train,IMG_0093_r180_f1,180,True,/content/BSM-Project/data/augmented/train/Ilmenite/4__r180_f1.jpg
IMG_0093,/content/BSM-Project/data/raw/BSM/Ilmenite/4.jpg,Ilmenite,GRP_0093,train,IMG_0093_r270_f0,270,False,/content/BSM-Project/data/augmented/train/Ilmenite/4__r270_f0.jpg
IMG_0093,/content/BSM-Project/data/raw/BSM/Ilmenite/4.jpg,Ilmenite,GRP_0093,train,IMG_0093_r270_f1,270,True,/content/BSM-Project/data/augmented/train/Ilmenite/4__r270_f1.jpg
IMG_0094,/content/BSM-Project/data/raw/BSM/Ilmenite/40.jpg,Ilmenite,GRP_0094,train,IMG_0094_r0_f0,0,False,/content/BSM-Project/data/augmented/train/Ilmenite/40__r0_f0.jpg
IMG_0094,/content/BSM-Project/data/raw/BSM/Ilmenite/40.jpg,Ilmenite,GRP_0094,train,IMG_0094_r0_f1,0,True,/content/BSM-Project/data/augmented/train/Ilmenite/40__r0_f1.jpg
IMG_0094,/content/BSM-Project/data/raw/BSM/Ilmenite/40.jpg,Ilmenite,GRP_0094,train,IMG_0094_r30_f0,30,False,/content/BSM-Project/data/augmented/train/Ilmenite/40__r30_f0.jpg
IMG_0094,/content/BSM-Project/data/raw/BSM/Ilmenite/40.jpg,Ilmenite,GRP_0094,train,IMG_0094_r30_f1,30,True,/content/BSM-Project/data/augmented/train/Ilmenite/40__r30_f1.jpg
IMG_0094,/content/BSM-Project/data/raw/BSM/Ilmenite/40.jpg,Ilmenite,GRP_0094,train,IMG_0094_r45_f0,45,False,/content/BSM-Project/data/augmented/train/Ilmenite/40__r45_f0.jpg
IMG_0094,/content/BSM-Project/data/raw/BSM/Ilmenite/40.jpg,Ilmenite,GRP_0094,train,IMG_0094_r45_f1,45,True,/content/BSM-Project/data/augmented/train/Ilmenite/40__r45_f1.jpg
IMG_0094,/content/BSM-Project/data/raw/BSM/Ilmenite/40.jpg,Ilmenite,GRP_0094,train,IMG_0094_r90_f0,90,False,/content/BSM-Project/data/augmented/train/Ilmenite/40__r90_f0.jpg
IMG_0094,/content/BSM-Project/data/raw/BSM/Ilmenite/40.jpg,Ilmenite,GRP_0094,train,IMG_0094_r90_f1,90,True,/content/BSM-Project/data/augmented/train/Ilmenite/40__r90_f1.jpg
IMG_0094,/content/BSM-Project/data/raw/BSM/Ilmenite/40.jpg,Ilmenite,GRP_0094,train,IMG_0094_r180_f0,180,False,/content/BSM-Project/data/augmented/train/Ilmenite/40__r180_f0.jpg
IMG_0094,/content/BSM-Project/data/raw/BSM/Ilmenite/40.jpg,Ilmenite,GRP_0094,train,IMG_0094_r180_f1,180,True,/content/BSM-Project/data/augmented/train/Ilmenite/40__r180_f1.jpg
IMG_0094,/content/BSM-Project/data/raw/BSM/Ilmenite/40.jpg,Ilmenite,GRP_0094,train,IMG_0094_r270_f0,270,False,/content/BSM-Project/data/augmented/train/Ilmenite/40__r270_f0.jpg
IMG_0094,/content/BSM-Project/data/raw/BSM/Ilmenite/40.jpg,Ilmenite,GRP_0094,train,IMG_0094_r270_f1,270,True,/content/BSM-Project/data/augmented/train/Ilmenite/40__r270_f1.jpg
IMG_0096,/content/BSM-Project/data/raw/BSM/Ilmenite/42.jpg,Ilmenite,GRP_0096,train,IMG_0096_r0_f0,0,False,/content/BSM-Project/data/augmented/train/Ilmenite/42__r0_f0.jpg
IMG_0096,/content/BSM-Project/data/raw/BSM/Ilmenite/42.jpg,Ilmenite,GRP_0096,train,IMG_0096_r0_f1,0,True,/content/BSM-Project/data/augmented/train/Ilmenite/42__r0_f1.jpg
IMG_0096,/content/BSM-Project/data/raw/BSM/Ilmenite/42.jpg,Ilmenite,GRP_0096,train,IMG_0096_r30_f0,30,False,/content/BSM-Project/data/augmented/train/Ilmenite/42__r30_f0.jpg
IMG_0096,/content/BSM-Project/data/raw/BSM/Ilmenite/42.jpg,Ilmenite,GRP_0096,train,IMG_0096_r30_f1,30,True,/content/BSM-Project/data/augmented/train/Ilmenite/42__r30_f1.jpg
IMG_0096,/content/BSM-Project/data/raw/BSM/Ilmenite/42.jpg,Ilmenite,GRP_0096,train,IMG_0096_r45_f0,45,False,/content/BSM-Project/data/augmented/train/Ilmenite/42__r45_f0.jpg
IMG_0096,/content/BSM-Project/data/raw/BSM/Ilmenite/42.jpg,Ilmenite,GRP_0096,train,IMG_0096_r45_f1,45,True,/content/BSM-Project/data/augmented/train/Ilmenite/42__r45_f1.jpg
IMG_0096,/content/BSM-Project/data/raw/BSM/Ilmenite/42.jpg,Ilmenite,GRP_0096,train,IMG_0096_r90_f0,90,False,/content/BSM-Project/data/augmented/train/Ilmenite/42__r90_f0.jpg
IMG_0096,/content/BSM-Project/data/raw/BSM/Ilmenite/42.jpg,Ilmenite,GRP_0096,train,IMG_0096_r90_f1,90,True,/content/BSM-Project/data/augmented/train/Ilmenite/42__r90_f1.jpg
IMG_0096,/content/BSM-Project/data/raw/BSM/Ilmenite/42.jpg,Ilmenite,GRP_0096,train,IMG_0096_r180_f0,180,False,/content/BSM-Project/data/augmented/train/Ilmenite/42__r180_f0.jpg
IMG_0096,/content/BSM-Project/data/raw/BSM/Ilmenite/42.jpg,Ilmenite,GRP_0096,train,IMG_0096_r180_f1,180,True,/content/BSM-Project/data/augmented/train/Ilmenite/42__r180_f1.jpg
IMG_0096,/content/BSM-Project/data/raw/BSM/Ilmenite/42.jpg,Ilmenite,GRP_0096,train,IMG_0096_r270_f0,270,False,/content/BSM-Project/data/augmented/train/Ilmenite/42__r270_f0.jpg
IMG_0096,/content/BSM-Project/data/raw/BSM/Ilmenite/42.jpg,Ilmenite,GRP_0096,train,IMG_0096_r270_f1,270,True,/content/BSM-Project/data/augmented/train/Ilmenite/42__r270_f1.jpg
IMG_0097,/content/BSM-Project/data/raw/BSM/Ilmenite/43.jpg,Ilmenite,GRP_0097,train,IMG_0097_r0_f0,0,False,/content/BSM-Project/data/augmented/train/Ilmenite/43__r0_f0.jpg
IMG_0097,/content/BSM-Project/data/raw/BSM/Ilmenite/43.jpg,Ilmenite,GRP_0097,train,IMG_0097_r0_f1,0,True,/content/BSM-Project/data/augmented/train/Ilmenite/43__r0_f1.jpg
IMG_0097,/content/BSM-Project/data/raw/BSM/Ilmenite/43.jpg,Ilmenite,GRP_0097,train,IMG_0097_r30_f0,30,False,/content/BSM-Project/data/augmented/train/Ilmenite/43__r30_f0.jpg
IMG_0097,/content/BSM-Project/data/raw/BSM/Ilmenite/43.jpg,Ilmenite,GRP_0097,train,IMG_0097_r30_f1,30,True,/content/BSM-Project/data/augmented/train/Ilmenite/43__r30_f1.jpg
IMG_0097,/content/BSM-Project/data/raw/BSM/Ilmenite/43.jpg,Ilmenite,GRP_0097,train,IMG_0097_r45_f0,45,False,/content/BSM-Project/data/augmented/train/Ilmenite/43__r45_f0.jpg
IMG_0097,/content/BSM-Project/data/raw/BSM/Ilmenite/43.jpg,Ilmenite,GRP_0097,train,IMG_0097_r45_f1,45,True,/content/BSM-Project/data/augmented/train/Ilmenite/43__r45_f1.jpg
IMG_0097,/content/BSM-Project/data/raw/BSM/Ilmenite/43.jpg,Ilmenite,GRP_0097,train,IMG_0097_r90_f0,90,False,/content/BSM-Project/data/augmented/train/Ilmenite/43__r90_f0.jpg
IMG_0097,/content/BSM-Project/data/raw/BSM/Ilmenite/43.jpg,Ilmenite,GRP_0097,train,IMG_0097_r90_f1,90,True,/content/BSM-Project/data/augmented/train/Ilmenite/43__r90_f1.jpg
IMG_0097,/content/BSM-Project/data/raw/BSM/Ilmenite/43.jpg,Ilmenite,GRP_0097,train,IMG_0097_r180_f0,180,False,/content/BSM-Project/data/augmented/train/Ilmenite/43__r180_f0.jpg
IMG_0097,/content/BSM-Project/data/raw/BSM/Ilmenite/43.jpg,Ilmenite,GRP_0097,train,IMG_0097_r180_f1,180,True,/content/BSM-Project/data/augmented/train/Ilmenite/43__r180_f1.jpg
IMG_0097,/content/BSM-Project/data/raw/BSM/Ilmenite/43.jpg,Ilmenite,GRP_0097,train,IMG_0097_r270_f0,270,False,/content/BSM-Project/data/augmented/train/Ilmenite/43__r270_f0.jpg
IMG_0097,/content/BSM-Project/data/raw/BSM/Ilmenite/43.jpg,Ilmenite,GRP_0097,train,IMG_0097_r270_f1,270,True,/content/BSM-Project/data/augmented/train/Ilmenite/43__r270_f1.jpg
IMG_0098,/content/BSM-Project/data/raw/BSM/Ilmenite/44.jpg,Ilmenite,GRP_0098,train,IMG_0098_r0_f0,0,False,/content/BSM-Project/data/augmented/train/Ilmenite/44__r0_f0.jpg
IMG_0098,/content/BSM-Project/data/raw/BSM/Ilmenite/44.jpg,Ilmenite,GRP_0098,train,IMG_0098_r0_f1,0,True,/content/BSM-Project/data/augmented/train/Ilmenite/44__r0_f1.jpg
IMG_0098,/content/BSM-Project/data/raw/BSM/Ilmenite/44.jpg,Ilmenite,GRP_0098,train,IMG_0098_r30_f0,30,False,/content/BSM-Project/data/augmented/train/Ilmenite/44__r30_f0.jpg
IMG_0098,/content/BSM-Project/data/raw/BSM/Ilmenite/44.jpg,Ilmenite,GRP_0098,train,IMG_0098_r30_f1,30,True,/content/BSM-Project/data/augmented/train/Ilmenite/44__r30_f1.jpg
IMG_0098,/content/BSM-Project/data/raw/BSM/Ilmenite/44.jpg,Ilmenite,GRP_0098,train,IMG_0098_r45_f0,45,False,/content/BSM-Project/data/augmented/train/Ilmenite/44__r45_f0.jpg
IMG_0098,/content/BSM-Project/data/raw/BSM/Ilmenite/44.jpg,Ilmenite,GRP_0098,train,IMG_0098_r45_f1,45,True,/content/BSM-Project/data/augmented/train/Ilmenite/44__r45_f1.jpg
IMG_0098,/content/BSM-Project/data/raw/BSM/Ilmenite/44.jpg,Ilmenite,GRP_0098,train,IMG_0098_r90_f0,90,False,/content/BSM-Project/data/augmented/train/Ilmenite/44__r90_f0.jpg
IMG_0098,/content/BSM-Project/data/raw/BSM/Ilmenite/44.jpg,Ilmenite,GRP_0098,train,IMG_0098_r90_f1,90,True,/content/BSM-Project/data/augmented/train/Ilmenite/44__r90_f1.jpg
IMG_0098,/content/BSM-Project/data/raw/BSM/Ilmenite/44.jpg,Ilmenite,GRP_0098,train,IMG_0098_r180_f0,180,False,/content/BSM-Project/data/augmented/train/Ilmenite/44__r180_f0.jpg
IMG_0098,/content/BSM-Project/data/raw/BSM/Ilmenite/44.jpg,Ilmenite,GRP_0098,train,IMG_0098_r180_f1,180,True,/content/BSM-Project/data/augmented/train/Ilmenite/44__r180_f1.jpg
IMG_0098,/content/BSM-Project/data/raw/BSM/Ilmenite/44.jpg,Ilmenite,GRP_0098,train,IMG_0098_r270_f0,270,False,/content/BSM-Project/data/augmented/train/Ilmenite/44__r270_f0.jpg
IMG_0098,/content/BSM-Project/data/raw/BSM/Ilmenite/44.jpg,Ilmenite,GRP_0098,train,IMG_0098_r270_f1,270,True,/content/BSM-Project/data/augmented/train/Ilmenite/44__r270_f1.jpg
IMG_0099,/content/BSM-Project/data/raw/BSM/Ilmenite/45.jpg,Ilmenite,GRP_0099,train,IMG_0099_r0_f0,0,False,/content/BSM-Project/data/augmented/train/Ilmenite/45__r0_f0.jpg
IMG_0099,/content/BSM-Project/data/raw/BSM/Ilmenite/45.jpg,Ilmenite,GRP_0099,train,IMG_0099_r0_f1,0,True,/content/BSM-Project/data/augmented/train/Ilmenite/45__r0_f1.jpg
IMG_0099,/content/BSM-Project/data/raw/BSM/Ilmenite/45.jpg,Ilmenite,GRP_0099,train,IMG_0099_r30_f0,30,False,/content/BSM-Project/data/augmented/train/Ilmenite/45__r30_f0.jpg
IMG_0099,/content/BSM-Project/data/raw/BSM/Ilmenite/45.jpg,Ilmenite,GRP_0099,train,IMG_0099_r30_f1,30,True,/content/BSM-Project/data/augmented/train/Ilmenite/45__r30_f1.jpg
IMG_0099,/content/BSM-Project/data/raw/BSM/Ilmenite/45.jpg,Ilmenite,GRP_0099,train,IMG_0099_r45_f0,45,False,/content/BSM-Project/data/augmented/train/Ilmenite/45__r45_f0.jpg
IMG_0099,/content/BSM-Project/data/raw/BSM/Ilmenite/45.jpg,Ilmenite,GRP_0099,train,IMG_0099_r45_f1,45,True,/content/BSM-Project/data/augmented/train/Ilmenite/45__r45_f1.jpg
IMG_0099,/content/BSM-Project/data/raw/BSM/Ilmenite/45.jpg,Ilmenite,GRP_0099,train,IMG_0099_r90_f0,90,False,/content/BSM-Project/data/augmented/train/Ilmenite/45__r90_f0.jpg
IMG_0099,/content/BSM-Project/data/raw/BSM/Ilmenite/45.jpg,Ilmenite,GRP_0099,train,IMG_0099_r90_f1,90,True,/content/BSM-Project/data/augmented/train/Ilmenite/45__r90_f1.jpg
IMG_0099,/content/BSM-Project/data/raw/BSM/Ilmenite/45.jpg,Ilmenite,GRP_0099,train,IMG_0099_r180_f0,180,False,/content/BSM-Project/data/augmented/train/Ilmenite/45__r180_f0.jpg
IMG_0099,/content/BSM-Project/data/raw/BSM/Ilmenite/45.jpg,Ilmenite,GRP_0099,train,IMG_0099_r180_f1,180,True,/content/BSM-Project/data/augmented/train/Ilmenite/45__r180_f1.jpg
IMG_0099,/content/BSM-Project/data/raw/BSM/Ilmenite/45.jpg,Ilmenite,GRP_0099,train,IMG_0099_r270_f0,270,False,/content/BSM-Project/data/augmented/train/Ilmenite/45__r270_f0.jpg
IMG_0099,/content/BSM-Project/data/raw/BSM/Ilmenite/45.jpg,Ilmenite,GRP_0099,train,IMG_0099_r270_f1,270,True,/content/BSM-Project/data/augmented/train/Ilmenite/45__r270_f1.jpg
IMG_0100,/content/BSM-Project/data/raw/BSM/Ilmenite/46.jpg,Ilmenite,GRP_0100,train,IMG_0100_r0_f0,0,False,/content/BSM-Project/data/augmented/train/Ilmenite/46__r0_f0.jpg
IMG_0100,/content/BSM-Project/data/raw/BSM/Ilmenite/46.jpg,Ilmenite,GRP_0100,train,IMG_0100_r0_f1,0,True,/content/BSM-Project/data/augmented/train/Ilmenite/46__r0_f1.jpg
IMG_0100,/content/BSM-Project/data/raw/BSM/Ilmenite/46.jpg,Ilmenite,GRP_0100,train,IMG_0100_r30_f0,30,False,/content/BSM-Project/data/augmented/train/Ilmenite/46__r30_f0.jpg
IMG_0100,/content/BSM-Project/data/raw/BSM/Ilmenite/46.jpg,Ilmenite,GRP_0100,train,IMG_0100_r30_f1,30,True,/content/BSM-Project/data/augmented/train/Ilmenite/46__r30_f1.jpg
IMG_0100,/content/BSM-Project/data/raw/BSM/Ilmenite/46.jpg,Ilmenite,GRP_0100,train,IMG_0100_r45_f0,45,False,/content/BSM-Project/data/augmented/train/Ilmenite/46__r45_f0.jpg
IMG_0100,/content/BSM-Project/data/raw/BSM/Ilmenite/46.jpg,Ilmenite,GRP_0100,train,IMG_0100_r45_f1,45,True,/content/BSM-Project/data/augmented/train/Ilmenite/46__r45_f1.jpg
IMG_0100,/content/BSM-Project/data/raw/BSM/Ilmenite/46.jpg,Ilmenite,GRP_0100,train,IMG_0100_r90_f0,90,False,/content/BSM-Project/data/augmented/train/Ilmenite/46__r90_f0.jpg
IMG_0100,/content/BSM-Project/data/raw/BSM/Ilmenite/46.jpg,Ilmenite,GRP_0100,train,IMG_0100_r90_f1,90,True,/content/BSM-Project/data/augmented/train/Ilmenite/46__r90_f1.jpg
IMG_0100,/content/BSM-Project/data/raw/BSM/Ilmenite/46.jpg,Ilmenite,GRP_0100,train,IMG_0100_r180_f0,180,False,/content/BSM-Project/data/augmented/train/Ilmenite/46__r180_f0.jpg
IMG_0100,/content/BSM-Project/data/raw/BSM/Ilmenite/46.jpg,Ilmenite,GRP_0100,train,IMG_0100_r180_f1,180,True,/content/BSM-Project/data/augmented/train/Ilmenite/46__r180_f1.jpg
IMG_0100,/content/BSM-Project/data/raw/BSM/Ilmenite/46.jpg,Ilmenite,GRP_0100,train,IMG_0100_r270_f0,270,False,/content/BSM-Project/data/augmented/train/Ilmenite/46__r270_f0.jpg
IMG_0100,/content/BSM-Project/data/raw/BSM/Ilmenite/46.jpg,Ilmenite,GRP_0100,train,IMG_0100_r270_f1,270,True,/content/BSM-Project/data/augmented/train/Ilmenite/46__r270_f1.jpg
IMG_0101,/content/BSM-Project/data/raw/BSM/Ilmenite/47.jpg,Ilmenite,GRP_0101,train,IMG_0101_r0_f0,0,False,/content/BSM-Project/data/augmented/train/Ilmenite/47__r0_f0.jpg
IMG_0101,/content/BSM-Project/data/raw/BSM/Ilmenite/47.jpg,Ilmenite,GRP_0101,train,IMG_0101_r0_f1,0,True,/content/BSM-Project/data/augmented/train/Ilmenite/47__r0_f1.jpg
IMG_0101,/content/BSM-Project/data/raw/BSM/Ilmenite/47.jpg,Ilmenite,GRP_0101,train,IMG_0101_r30_f0,30,False,/content/BSM-Project/data/augmented/train/Ilmenite/47__r30_f0.jpg
IMG_0101,/content/BSM-Project/data/raw/BSM/Ilmenite/47.jpg,Ilmenite,GRP_0101,train,IMG_0101_r30_f1,30,True,/content/BSM-Project/data/augmented/train/Ilmenite/47__r30_f1.jpg
IMG_0101,/content/BSM-Project/data/raw/BSM/Ilmenite/47.jpg,Ilmenite,GRP_0101,train,IMG_0101_r45_f0,45,False,/content/BSM-Project/data/augmented/train/Ilmenite/47__r45_f0.jpg
IMG_0101,/content/BSM-Project/data/raw/BSM/Ilmenite/47.jpg,Ilmenite,GRP_0101,train,IMG_0101_r45_f1,45,True,/content/BSM-Project/data/augmented/train/Ilmenite/47__r45_f1.jpg
IMG_0101,/content/BSM-Project/data/raw/BSM/Ilmenite/47.jpg,Ilmenite,GRP_0101,train,IMG_0101_r90_f0,90,False,/content/BSM-Project/data/augmented/train/Ilmenite/47__r90_f0.jpg
IMG_0101,/content/BSM-Project/data/raw/BSM/Ilmenite/47.jpg,Ilmenite,GRP_0101,train,IMG_0101_r90_f1,90,True,/content/BSM-Project/data/augmented/train/Ilmenite/47__r90_f1.jpg
IMG_0101,/content/BSM-Project/data/raw/BSM/Ilmenite/47.jpg,Ilmenite,GRP_0101,train,IMG_0101_r180_f0,180,False,/content/BSM-Project/data/augmented/train/Ilmenite/47__r180_f0.jpg
IMG_0101,/content/BSM-Project/data/raw/BSM/Ilmenite/47.jpg,Ilmenite,GRP_0101,train,IMG_0101_r180_f1,180,True,/content/BSM-Project/data/augmented/train/Ilmenite/47__r180_f1.jpg
IMG_0101,/content/BSM-Project/data/raw/BSM/Ilmenite/47.jpg,Ilmenite,GRP_0101,train,IMG_0101_r270_f0,270,False,/content/BSM-Project/data/augmented/train/Ilmenite/47__r270_f0.jpg
IMG_0101,/content/BSM-Project/data/raw/BSM/Ilmenite/47.jpg,Ilmenite,GRP_0101,train,IMG_0101_r270_f1,270,True,/content/BSM-Project/data/augmented/train/Ilmenite/47__r270_f1.jpg
IMG_0103,/content/BSM-Project/data/raw/BSM/Ilmenite/49.jpg,Ilmenite,GRP_0103,train,IMG_0103_r0_f0,0,False,/content/BSM-Project/data/augmented/train/Ilmenite/49__r0_f0.jpg
IMG_0103,/content/BSM-Project/data/raw/BSM/Ilmenite/49.jpg,Ilmenite,GRP_0103,train,IMG_0103_r0_f1,0,True,/content/BSM-Project/data/augmented/train/Ilmenite/49__r0_f1.jpg
IMG_0103,/content/BSM-Project/data/raw/BSM/Ilmenite/49.jpg,Ilmenite,GRP_0103,train,IMG_0103_r30_f0,30,False,/content/BSM-Project/data/augmented/train/Ilmenite/49__r30_f0.jpg
IMG_0103,/content/BSM-Project/data/raw/BSM/Ilmenite/49.jpg,Ilmenite,GRP_0103,train,IMG_0103_r30_f1,30,True,/content/BSM-Project/data/augmented/train/Ilmenite/49__r30_f1.jpg
IMG_0103,/content/BSM-Project/data/raw/BSM/Ilmenite/49.jpg,Ilmenite,GRP_0103,train,IMG_0103_r45_f0,45,False,/content/BSM-Project/data/augmented/train/Ilmenite/49__r45_f0.jpg
IMG_0103,/content/BSM-Project/data/raw/BSM/Ilmenite/49.jpg,Ilmenite,GRP_0103,train,IMG_0103_r45_f1,45,True,/content/BSM-Project/data/augmented/train/Ilmenite/49__r45_f1.jpg
IMG_0103,/content/BSM-Project/data/raw/BSM/Ilmenite/49.jpg,Ilmenite,GRP_0103,train,IMG_0103_r90_f0,90,False,/content/BSM-Project/data/augmented/train/Ilmenite/49__r90_f0.jpg
IMG_0103,/content/BSM-Project/data/raw/BSM/Ilmenite/49.jpg,Ilmenite,GRP_0103,train,IMG_0103_r90_f1,90,True,/content/BSM-Project/data/augmented/train/Ilmenite/49__r90_f1.jpg
IMG_0103,/content/BSM-Project/data/raw/BSM/Ilmenite/49.jpg,Ilmenite,GRP_0103,train,IMG_0103_r180_f0,180,False,/content/BSM-Project/data/augmented/train/Ilmenite/49__r180_f0.jpg
IMG_0103,/content/BSM-Project/data/raw/BSM/Ilmenite/49.jpg,Ilmenite,GRP_0103,train,IMG_0103_r180_f1,180,True,/content/BSM-Project/data/augmented/train/Ilmenite/49__r180_f1.jpg
IMG_0103,/content/BSM-Project/data/raw/BSM/Ilmenite/49.jpg,Ilmenite,GRP_0103,train,IMG_0103_r270_f0,270,False,/content/BSM-Project/data/augmented/train/Ilmenite/49__r270_f0.jpg
IMG_0103,/content/BSM-Project/data/raw/BSM/Ilmenite/49.jpg,Ilmenite,GRP_0103,train,IMG_0103_r270_f1,270,True,/content/BSM-Project/data/augmented/train/Ilmenite/49__r270_f1.jpg
IMG_0104,/content/BSM-Project/data/raw/BSM/Ilmenite/5.jpg,Ilmenite,GRP_0104,train,IMG_0104_r0_f0,0,False,/content/BSM-Project/data/augmented/train/Ilmenite/5__r0_f0.jpg
IMG_0104,/content/BSM-Project/data/raw/BSM/Ilmenite/5.jpg,Ilmenite,GRP_0104,train,IMG_0104_r0_f1,0,True,/content/BSM-Project/data/augmented/train/Ilmenite/5__r0_f1.jpg
IMG_0104,/content/BSM-Project/data/raw/BSM/Ilmenite/5.jpg,Ilmenite,GRP_0104,train,IMG_0104_r30_f0,30,False,/content/BSM-Project/data/augmented/train/Ilmenite/5__r30_f0.jpg
IMG_0104,/content/BSM-Project/data/raw/BSM/Ilmenite/5.jpg,Ilmenite,GRP_0104,train,IMG_0104_r30_f1,30,True,/content/BSM-Project/data/augmented/train/Ilmenite/5__r30_f1.jpg
IMG_0104,/content/BSM-Project/data/raw/BSM/Ilmenite/5.jpg,Ilmenite,GRP_0104,train,IMG_0104_r45_f0,45,False,/content/BSM-Project/data/augmented/train/Ilmenite/5__r45_f0.jpg
IMG_0104,/content/BSM-Project/data/raw/BSM/Ilmenite/5.jpg,Ilmenite,GRP_0104,train,IMG_0104_r45_f1,45,True,/content/BSM-Project/data/augmented/train/Ilmenite/5__r45_f1.jpg
IMG_0104,/content/BSM-Project/data/raw/BSM/Ilmenite/5.jpg,Ilmenite,GRP_0104,train,IMG_0104_r90_f0,90,False,/content/BSM-Project/data/augmented/train/Ilmenite/5__r90_f0.jpg
IMG_0104,/content/BSM-Project/data/raw/BSM/Ilmenite/5.jpg,Ilmenite,GRP_0104,train,IMG_0104_r90_f1,90,True,/content/BSM-Project/data/augmented/train/Ilmenite/5__r90_f1.jpg
IMG_0104,/content/BSM-Project/data/raw/BSM/Ilmenite/5.jpg,Ilmenite,GRP_0104,train,IMG_0104_r180_f0,180,False,/content/BSM-Project/data/augmented/train/Ilmenite/5__r180_f0.jpg
IMG_0104,/content/BSM-Project/data/raw/BSM/Ilmenite/5.jpg,Ilmenite,GRP_0104,train,IMG_0104_r180_f1,180,True,/content/BSM-Project/data/augmented/train/Ilmenite/5__r180_f1.jpg
IMG_0104,/content/BSM-Project/data/raw/BSM/Ilmenite/5.jpg,Ilmenite,GRP_0104,train,IMG_0104_r270_f0,270,False,/content/BSM-Project/data/augmented/train/Ilmenite/5__r270_f0.jpg
IMG_0104,/content/BSM-Project/data/raw/BSM/Ilmenite/5.jpg,Ilmenite,GRP_0104,train,IMG_0104_r270_f1,270,True,/content/BSM-Project/data/augmented/train/Ilmenite/5__r270_f1.jpg
IMG_0105,/content/BSM-Project/data/raw/BSM/Ilmenite/50.jpg,Ilmenite,GRP_0105,train,IMG_0105_r0_f0,0,False,/content/BSM-Project/data/augmented/train/Ilmenite/50__r0_f0.jpg
IMG_0105,/content/BSM-Project/data/raw/BSM/Ilmenite/50.jpg,Ilmenite,GRP_0105,train,IMG_0105_r0_f1,0,True,/content/BSM-Project/data/augmented/train/Ilmenite/50__r0_f1.jpg
IMG_0105,/content/BSM-Project/data/raw/BSM/Ilmenite/50.jpg,Ilmenite,GRP_0105,train,IMG_0105_r30_f0,30,False,/content/BSM-Project/data/augmented/train/Ilmenite/50__r30_f0.jpg
IMG_0105,/content/BSM-Project/data/raw/BSM/Ilmenite/50.jpg,Ilmenite,GRP_0105,train,IMG_0105_r30_f1,30,True,/content/BSM-Project/data/augmented/train/Ilmenite/50__r30_f1.jpg
IMG_0105,/content/BSM-Project/data/raw/BSM/Ilmenite/50.jpg,Ilmenite,GRP_0105,train,IMG_0105_r45_f0,45,False,/content/BSM-Project/data/augmented/train/Ilmenite/50__r45_f0.jpg
IMG_0105,/content/BSM-Project/data/raw/BSM/Ilmenite/50.jpg,Ilmenite,GRP_0105,train,IMG_0105_r45_f1,45,True,/content/BSM-Project/data/augmented/train/Ilmenite/50__r45_f1.jpg
IMG_0105,/content/BSM-Project/data/raw/BSM/Ilmenite/50.jpg,Ilmenite,GRP_0105,train,IMG_0105_r90_f0,90,False,/content/BSM-Project/data/augmented/train/Ilmenite/50__r90_f0.jpg
IMG_0105,/content/BSM-Project/data/raw/BSM/Ilmenite/50.jpg,Ilmenite,GRP_0105,train,IMG_0105_r90_f1,90,True,/content/BSM-Project/data/augmented/train/Ilmenite/50__r90_f1.jpg
IMG_0105,/content/BSM-Project/data/raw/BSM/Ilmenite/50.jpg,Ilmenite,GRP_0105,train,IMG_0105_r180_f0,180,False,/content/BSM-Project/data/augmented/train/Ilmenite/50__r180_f0.jpg
IMG_0105,/content/BSM-Project/data/raw/BSM/Ilmenite/50.jpg,Ilmenite,GRP_0105,train,IMG_0105_r180_f1,180,True,/content/BSM-Project/data/augmented/train/Ilmenite/50__r180_f1.jpg
IMG_0105,/content/BSM-Project/data/raw/BSM/Ilmenite/50.jpg,Ilmenite,GRP_0105,train,IMG_0105_r270_f0,270,False,/content/BSM-Project/data/augmented/train/Ilmenite/50__r270_f0.jpg
IMG_0105,/content/BSM-Project/data/raw/BSM/Ilmenite/50.jpg,Ilmenite,GRP_0105,train,IMG_0105_r270_f1,270,True,/content/BSM-Project/data/augmented/train/Ilmenite/50__r270_f1.jpg
IMG_0106,/content/BSM-Project/data/raw/BSM/Ilmenite/51.jpg,Ilmenite,GRP_0106,train,IMG_0106_r0_f0,0,False,/content/BSM-Project/data/augmented/train/Ilmenite/51__r0_f0.jpg
IMG_0106,/content/BSM-Project/data/raw/BSM/Ilmenite/51.jpg,Ilmenite,GRP_0106,train,IMG_0106_r0_f1,0,True,/content/BSM-Project/data/augmented/train/Ilmenite/51__r0_f1.jpg
IMG_0106,/content/BSM-Project/data/raw/BSM/Ilmenite/51.jpg,Ilmenite,GRP_0106,train,IMG_0106_r30_f0,30,False,/content/BSM-Project/data/augmented/train/Ilmenite/51__r30_f0.jpg
IMG_0106,/content/BSM-Project/data/raw/BSM/Ilmenite/51.jpg,Ilmenite,GRP_0106,train,IMG_0106_r30_f1,30,True,/content/BSM-Project/data/augmented/train/Ilmenite/51__r30_f1.jpg
IMG_0106,/content/BSM-Project/data/raw/BSM/Ilmenite/51.jpg,Ilmenite,GRP_0106,train,IMG_0106_r45_f0,45,False,/content/BSM-Project/data/augmented/train/Ilmenite/51__r45_f0.jpg
IMG_0106,/content/BSM-Project/data/raw/BSM/Ilmenite/51.jpg,Ilmenite,GRP_0106,train,IMG_0106_r45_f1,45,True,/content/BSM-Project/data/augmented/train/Ilmenite/51__r45_f1.jpg
IMG_0106,/content/BSM-Project/data/raw/BSM/Ilmenite/51.jpg,Ilmenite,GRP_0106,train,IMG_0106_r90_f0,90,False,/content/BSM-Project/data/augmented/train/Ilmenite/51__r90_f0.jpg
IMG_0106,/content/BSM-Project/data/raw/BSM/Ilmenite/51.jpg,Ilmenite,GRP_0106,train,IMG_0106_r90_f1,90,True,/content/BSM-Project/data/augmented/train/Ilmenite/51__r90_f1.jpg
IMG_0106,/content/BSM-Project/data/raw/BSM/Ilmenite/51.jpg,Ilmenite,GRP_0106,train,IMG_0106_r180_f0,180,False,/content/BSM-Project/data/augmented/train/Ilmenite/51__r180_f0.jpg
IMG_0106,/content/BSM-Project/data/raw/BSM/Ilmenite/51.jpg,Ilmenite,GRP_0106,train,IMG_0106_r180_f1,180,True,/content/BSM-Project/data/augmented/train/Ilmenite/51__r180_f1.jpg
IMG_0106,/content/BSM-Project/data/raw/BSM/Ilmenite/51.jpg,Ilmenite,GRP_0106,train,IMG_0106_r270_f0,270,False,/content/BSM-Project/data/augmented/train/Ilmenite/51__r270_f0.jpg
IMG_0106,/content/BSM-Project/data/raw/BSM/Ilmenite/51.jpg,Ilmenite,GRP_0106,train,IMG_0106_r270_f1,270,True,/content/BSM-Project/data/augmented/train/Ilmenite/51__r270_f1.jpg
IMG_0107,/content/BSM-Project/data/raw/BSM/Ilmenite/52.jpg,Ilmenite,GRP_0107,train,IMG_0107_r0_f0,0,False,/content/BSM-Project/data/augmented/train/Ilmenite/52__r0_f0.jpg
IMG_0107,/content/BSM-Project/data/raw/BSM/Ilmenite/52.jpg,Ilmenite,GRP_0107,train,IMG_0107_r0_f1,0,True,/content/BSM-Project/data/augmented/train/Ilmenite/52__r0_f1.jpg
IMG_0107,/content/BSM-Project/data/raw/BSM/Ilmenite/52.jpg,Ilmenite,GRP_0107,train,IMG_0107_r30_f0,30,False,/content/BSM-Project/data/augmented/train/Ilmenite/52__r30_f0.jpg
IMG_0107,/content/BSM-Project/data/raw/BSM/Ilmenite/52.jpg,Ilmenite,GRP_0107,train,IMG_0107_r30_f1,30,True,/content/BSM-Project/data/augmented/train/Ilmenite/52__r30_f1.jpg
IMG_0107,/content/BSM-Project/data/raw/BSM/Ilmenite/52.jpg,Ilmenite,GRP_0107,train,IMG_0107_r45_f0,45,False,/content/BSM-Project/data/augmented/train/Ilmenite/52__r45_f0.jpg
IMG_0107,/content/BSM-Project/data/raw/BSM/Ilmenite/52.jpg,Ilmenite,GRP_0107,train,IMG_0107_r45_f1,45,True,/content/BSM-Project/data/augmented/train/Ilmenite/52__r45_f1.jpg
IMG_0107,/content/BSM-Project/data/raw/BSM/Ilmenite/52.jpg,Ilmenite,GRP_0107,train,IMG_0107_r90_f0,90,False,/content/BSM-Project/data/augmented/train/Ilmenite/52__r90_f0.jpg
IMG_0107,/content/BSM-Project/data/raw/BSM/Ilmenite/52.jpg,Ilmenite,GRP_0107,train,IMG_0107_r90_f1,90,True,/content/BSM-Project/data/augmented/train/Ilmenite/52__r90_f1.jpg
IMG_0107,/content/BSM-Project/data/raw/BSM/Ilmenite/52.jpg,Ilmenite,GRP_0107,train,IMG_0107_r180_f0,180,False,/content/BSM-Project/data/augmented/train/Ilmenite/52__r180_f0.jpg
IMG_0107,/content/BSM-Project/data/raw/BSM/Ilmenite/52.jpg,Ilmenite,GRP_0107,train,IMG_0107_r180_f1,180,True,/content/BSM-Project/data/augmented/train/Ilmenite/52__r180_f1.jpg
IMG_0107,/content/BSM-Project/data/raw/BSM/Ilmenite/52.jpg,Ilmenite,GRP_0107,train,IMG_0107_r270_f0,270,False,/content/BSM-Project/data/augmented/train/Ilmenite/52__r270_f0.jpg
IMG_0107,/content/BSM-Project/data/raw/BSM/Ilmenite/52.jpg,Ilmenite,GRP_0107,train,IMG_0107_r270_f1,270,True,/content/BSM-Project/data/augmented/train/Ilmenite/52__r270_f1.jpg
IMG_0108,/content/BSM-Project/data/raw/BSM/Ilmenite/53.jpg,Ilmenite,GRP_0108,train,IMG_0108_r0_f0,0,False,/content/BSM-Project/data/augmented/train/Ilmenite/53__r0_f0.jpg
IMG_0108,/content/BSM-Project/data/raw/BSM/Ilmenite/53.jpg,Ilmenite,GRP_0108,train,IMG_0108_r0_f1,0,True,/content/BSM-Project/data/augmented/train/Ilmenite/53__r0_f1.jpg
IMG_0108,/content/BSM-Project/data/raw/BSM/Ilmenite/53.jpg,Ilmenite,GRP_0108,train,IMG_0108_r30_f0,30,False,/content/BSM-Project/data/augmented/train/Ilmenite/53__r30_f0.jpg
IMG_0108,/content/BSM-Project/data/raw/BSM/Ilmenite/53.jpg,Ilmenite,GRP_0108,train,IMG_0108_r30_f1,30,True,/content/BSM-Project/data/augmented/train/Ilmenite/53__r30_f1.jpg
IMG_0108,/content/BSM-Project/data/raw/BSM/Ilmenite/53.jpg,Ilmenite,GRP_0108,train,IMG_0108_r45_f0,45,False,/content/BSM-Project/data/augmented/train/Ilmenite/53__r45_f0.jpg
IMG_0108,/content/BSM-Project/data/raw/BSM/Ilmenite/53.jpg,Ilmenite,GRP_0108,train,IMG_0108_r45_f1,45,True,/content/BSM-Project/data/augmented/train/Ilmenite/53__r45_f1.jpg
IMG_0108,/content/BSM-Project/data/raw/BSM/Ilmenite/53.jpg,Ilmenite,GRP_0108,train,IMG_0108_r90_f0,90,False,/content/BSM-Project/data/augmented/train/Ilmenite/53__r90_f0.jpg
IMG_0108,/content/BSM-Project/data/raw/BSM/Ilmenite/53.jpg,Ilmenite,GRP_0108,train,IMG_0108_r90_f1,90,True,/content/BSM-Project/data/augmented/train/Ilmenite/53__r90_f1.jpg
IMG_0108,/content/BSM-Project/data/raw/BSM/Ilmenite/53.jpg,Ilmenite,GRP_0108,train,IMG_0108_r180_f0,180,False,/content/BSM-Project/data/augmented/train/Ilmenite/53__r180_f0.jpg
IMG_0108,/content/BSM-Project/data/raw/BSM/Ilmenite/53.jpg,Ilmenite,GRP_0108,train,IMG_0108_r180_f1,180,True,/content/BSM-Project/data/augmented/train/Ilmenite/53__r180_f1.jpg
IMG_0108,/content/BSM-Project/data/raw/BSM/Ilmenite/53.jpg,Ilmenite,GRP_0108,train,IMG_0108_r270_f0,270,False,/content/BSM-Project/data/augmented/train/Ilmenite/53__r270_f0.jpg
IMG_0108,/content/BSM-Project/data/raw/BSM/Ilmenite/53.jpg,Ilmenite,GRP_0108,train,IMG_0108_r270_f1,270,True,/content/BSM-Project/data/augmented/train/Ilmenite/53__r270_f1.jpg
IMG_0109,/content/BSM-Project/data/raw/BSM/Ilmenite/54.jpg,Ilmenite,GRP_0109,train,IMG_0109_r0_f0,0,False,/content/BSM-Project/data/augmented/train/Ilmenite/54__r0_f0.jpg
IMG_0109,/content/BSM-Project/data/raw/BSM/Ilmenite/54.jpg,Ilmenite,GRP_0109,train,IMG_0109_r0_f1,0,True,/content/BSM-Project/data/augmented/train/Ilmenite/54__r0_f1.jpg
IMG_0109,/content/BSM-Project/data/raw/BSM/Ilmenite/54.jpg,Ilmenite,GRP_0109,train,IMG_0109_r30_f0,30,False,/content/BSM-Project/data/augmented/train/Ilmenite/54__r30_f0.jpg
IMG_0109,/content/BSM-Project/data/raw/BSM/Ilmenite/54.jpg,Ilmenite,GRP_0109,train,IMG_0109_r30_f1,30,True,/content/BSM-Project/data/augmented/train/Ilmenite/54__r30_f1.jpg
IMG_0109,/content/BSM-Project/data/raw/BSM/Ilmenite/54.jpg,Ilmenite,GRP_0109,train,IMG_0109_r45_f0,45,False,/content/BSM-Project/data/augmented/train/Ilmenite/54__r45_f0.jpg
IMG_0109,/content/BSM-Project/data/raw/BSM/Ilmenite/54.jpg,Ilmenite,GRP_0109,train,IMG_0109_r45_f1,45,True,/content/BSM-Project/data/augmented/train/Ilmenite/54__r45_f1.jpg
IMG_0109,/content/BSM-Project/data/raw/BSM/Ilmenite/54.jpg,Ilmenite,GRP_0109,train,IMG_0109_r90_f0,90,False,/content/BSM-Project/data/augmented/train/Ilmenite/54__r90_f0.jpg
IMG_0109,/content/BSM-Project/data/raw/BSM/Ilmenite/54.jpg,Ilmenite,GRP_0109,train,IMG_0109_r90_f1,90,True,/content/BSM-Project/data/augmented/train/Ilmenite/54__r90_f1.jpg
IMG_0109,/content/BSM-Project/data/raw/BSM/Ilmenite/54.jpg,Ilmenite,GRP_0109,train,IMG_0109_r180_f0,180,False,/content/BSM-Project/data/augmented/train/Ilmenite/54__r180_f0.jpg
IMG_0109,/content/BSM-Project/data/raw/BSM/Ilmenite/54.jpg,Ilmenite,GRP_0109,train,IMG_0109_r180_f1,180,True,/content/BSM-Project/data/augmented/train/Ilmenite/54__r180_f1.jpg
IMG_0109,/content/BSM-Project/data/raw/BSM/Ilmenite/54.jpg,Ilmenite,GRP_0109,train,IMG_0109_r270_f0,270,False,/content/BSM-Project/data/augmented/train/Ilmenite/54__r270_f0.jpg
IMG_0109,/content/BSM-Project/data/raw/BSM/Ilmenite/54.jpg,Ilmenite,GRP_0109,train,IMG_0109_r270_f1,270,True,/content/BSM-Project/data/augmented/train/Ilmenite/54__r270_f1.jpg
IMG_0110,/content/BSM-Project/data/raw/BSM/Ilmenite/55.jpg,Ilmenite,GRP_0110,train,IMG_0110_r0_f0,0,False,/content/BSM-Project/data/augmented/train/Ilmenite/55__r0_f0.jpg
IMG_0110,/content/BSM-Project/data/raw/BSM/Ilmenite/55.jpg,Ilmenite,GRP_0110,train,IMG_0110_r0_f1,0,True,/content/BSM-Project/data/augmented/train/Ilmenite/55__r0_f1.jpg
IMG_0110,/content/BSM-Project/data/raw/BSM/Ilmenite/55.jpg,Ilmenite,GRP_0110,train,IMG_0110_r30_f0,30,False,/content/BSM-Project/data/augmented/train/Ilmenite/55__r30_f0.jpg
IMG_0110,/content/BSM-Project/data/raw/BSM/Ilmenite/55.jpg,Ilmenite,GRP_0110,train,IMG_0110_r30_f1,30,True,/content/BSM-Project/data/augmented/train/Ilmenite/55__r30_f1.jpg
IMG_0110,/content/BSM-Project/data/raw/BSM/Ilmenite/55.jpg,Ilmenite,GRP_0110,train,IMG_0110_r45_f0,45,False,/content/BSM-Project/data/augmented/train/Ilmenite/55__r45_f0.jpg
IMG_0110,/content/BSM-Project/data/raw/BSM/Ilmenite/55.jpg,Ilmenite,GRP_0110,train,IMG_0110_r45_f1,45,True,/content/BSM-Project/data/augmented/train/Ilmenite/55__r45_f1.jpg
IMG_0110,/content/BSM-Project/data/raw/BSM/Ilmenite/55.jpg,Ilmenite,GRP_0110,train,IMG_0110_r90_f0,90,False,/content/BSM-Project/data/augmented/train/Ilmenite/55__r90_f0.jpg
IMG_0110,/content/BSM-Project/data/raw/BSM/Ilmenite/55.jpg,Ilmenite,GRP_0110,train,IMG_0110_r90_f1,90,True,/content/BSM-Project/data/augmented/train/Ilmenite/55__r90_f1.jpg
IMG_0110,/content/BSM-Project/data/raw/BSM/Ilmenite/55.jpg,Ilmenite,GRP_0110,train,IMG_0110_r180_f0,180,False,/content/BSM-Project/data/augmented/train/Ilmenite/55__r180_f0.jpg
IMG_0110,/content/BSM-Project/data/raw/BSM/Ilmenite/55.jpg,Ilmenite,GRP_0110,train,IMG_0110_r180_f1,180,True,/content/BSM-Project/data/augmented/train/Ilmenite/55__r180_f1.jpg
IMG_0110,/content/BSM-Project/data/raw/BSM/Ilmenite/55.jpg,Ilmenite,GRP_0110,train,IMG_0110_r270_f0,270,False,/content/BSM-Project/data/augmented/train/Ilmenite/55__r270_f0.jpg
IMG_0110,/content/BSM-Project/data/raw/BSM/Ilmenite/55.jpg,Ilmenite,GRP_0110,train,IMG_0110_r270_f1,270,True,/content/BSM-Project/data/augmented/train/Ilmenite/55__r270_f1.jpg
IMG_0111,/content/BSM-Project/data/raw/BSM/Ilmenite/56.jpg,Ilmenite,GRP_0111,train,IMG_0111_r0_f0,0,False,/content/BSM-Project/data/augmented/train/Ilmenite/56__r0_f0.jpg
IMG_0111,/content/BSM-Project/data/raw/BSM/Ilmenite/56.jpg,Ilmenite,GRP_0111,train,IMG_0111_r0_f1,0,True,/content/BSM-Project/data/augmented/train/Ilmenite/56__r0_f1.jpg
IMG_0111,/content/BSM-Project/data/raw/BSM/Ilmenite/56.jpg,Ilmenite,GRP_0111,train,IMG_0111_r30_f0,30,False,/content/BSM-Project/data/augmented/train/Ilmenite/56__r30_f0.jpg
IMG_0111,/content/BSM-Project/data/raw/BSM/Ilmenite/56.jpg,Ilmenite,GRP_0111,train,IMG_0111_r30_f1,30,True,/content/BSM-Project/data/augmented/train/Ilmenite/56__r30_f1.jpg
IMG_0111,/content/BSM-Project/data/raw/BSM/Ilmenite/56.jpg,Ilmenite,GRP_0111,train,IMG_0111_r45_f0,45,False,/content/BSM-Project/data/augmented/train/Ilmenite/56__r45_f0.jpg
IMG_0111,/content/BSM-Project/data/raw/BSM/Ilmenite/56.jpg,Ilmenite,GRP_0111,train,IMG_0111_r45_f1,45,True,/content/BSM-Project/data/augmented/train/Ilmenite/56__r45_f1.jpg
IMG_0111,/content/BSM-Project/data/raw/BSM/Ilmenite/56.jpg,Ilmenite,GRP_0111,train,IMG_0111_r90_f0,90,False,/content/BSM-Project/data/augmented/train/Ilmenite/56__r90_f0.jpg
IMG_0111,/content/BSM-Project/data/raw/BSM/Ilmenite/56.jpg,Ilmenite,GRP_0111,train,IMG_0111_r90_f1,90,True,/content/BSM-Project/data/augmented/train/Ilmenite/56__r90_f1.jpg
IMG_0111,/content/BSM-Project/data/raw/BSM/Ilmenite/56.jpg,Ilmenite,GRP_0111,train,IMG_0111_r180_f0,180,False,/content/BSM-Project/data/augmented/train/Ilmenite/56__r180_f0.jpg
IMG_0111,/content/BSM-Project/data/raw/BSM/Ilmenite/56.jpg,Ilmenite,GRP_0111,train,IMG_0111_r180_f1,180,True,/content/BSM-Project/data/augmented/train/Ilmenite/56__r180_f1.jpg
IMG_0111,/content/BSM-Project/data/raw/BSM/Ilmenite/56.jpg,Ilmenite,GRP_0111,train,IMG_0111_r270_f0,270,False,/content/BSM-Project/data/augmented/train/Ilmenite/56__r270_f0.jpg
IMG_0111,/content/BSM-Project/data/raw/BSM/Ilmenite/56.jpg,Ilmenite,GRP_0111,train,IMG_0111_r270_f1,270,True,/content/BSM-Project/data/augmented/train/Ilmenite/56__r270_f1.jpg
IMG_0116,/content/BSM-Project/data/raw/BSM/Ilmenite/60.jpg,Ilmenite,GRP_0116,train,IMG_0116_r0_f0,0,False,/content/BSM-Project/data/augmented/train/Ilmenite/60__r0_f0.jpg
IMG_0116,/content/BSM-Project/data/raw/BSM/Ilmenite/60.jpg,Ilmenite,GRP_0116,train,IMG_0116_r0_f1,0,True,/content/BSM-Project/data/augmented/train/Ilmenite/60__r0_f1.jpg
IMG_0116,/content/BSM-Project/data/raw/BSM/Ilmenite/60.jpg,Ilmenite,GRP_0116,train,IMG_0116_r30_f0,30,False,/content/BSM-Project/data/augmented/train/Ilmenite/60__r30_f0.jpg
IMG_0116,/content/BSM-Project/data/raw/BSM/Ilmenite/60.jpg,Ilmenite,GRP_0116,train,IMG_0116_r30_f1,30,True,/content/BSM-Project/data/augmented/train/Ilmenite/60__r30_f1.jpg
IMG_0116,/content/BSM-Project/data/raw/BSM/Ilmenite/60.jpg,Ilmenite,GRP_0116,train,IMG_0116_r45_f0,45,False,/content/BSM-Project/data/augmented/train/Ilmenite/60__r45_f0.jpg
IMG_0116,/content/BSM-Project/data/raw/BSM/Ilmenite/60.jpg,Ilmenite,GRP_0116,train,IMG_0116_r45_f1,45,True,/content/BSM-Project/data/augmented/train/Ilmenite/60__r45_f1.jpg
IMG_0116,/content/BSM-Project/data/raw/BSM/Ilmenite/60.jpg,Ilmenite,GRP_0116,train,IMG_0116_r90_f0,90,False,/content/BSM-Project/data/augmented/train/Ilmenite/60__r90_f0.jpg
IMG_0116,/content/BSM-Project/data/raw/BSM/Ilmenite/60.jpg,Ilmenite,GRP_0116,train,IMG_0116_r90_f1,90,True,/content/BSM-Project/data/augmented/train/Ilmenite/60__r90_f1.jpg
IMG_0116,/content/BSM-Project/data/raw/BSM/Ilmenite/60.jpg,Ilmenite,GRP_0116,train,IMG_0116_r180_f0,180,False,/content/BSM-Project/data/augmented/train/Ilmenite/60__r180_f0.jpg
IMG_0116,/content/BSM-Project/data/raw/BSM/Ilmenite/60.jpg,Ilmenite,GRP_0116,train,IMG_0116_r180_f1,180,True,/content/BSM-Project/data/augmented/train/Ilmenite/60__r180_f1.jpg
IMG_0116,/content/BSM-Project/data/raw/BSM/Ilmenite/60.jpg,Ilmenite,GRP_0116,train,IMG_0116_r270_f0,270,False,/content/BSM-Project/data/augmented/train/Ilmenite/60__r270_f0.jpg
IMG_0116,/content/BSM-Project/data/raw/BSM/Ilmenite/60.jpg,Ilmenite,GRP_0116,train,IMG_0116_r270_f1,270,True,/content/BSM-Project/data/augmented/train/Ilmenite/60__r270_f1.jpg
IMG_0117,/content/BSM-Project/data/raw/BSM/Ilmenite/61.jpg,Ilmenite,GRP_0117,train,IMG_0117_r0_f0,0,False,/content/BSM-Project/data/augmented/train/Ilmenite/61__r0_f0.jpg
IMG_0117,/content/BSM-Project/data/raw/BSM/Ilmenite/61.jpg,Ilmenite,GRP_0117,train,IMG_0117_r0_f1,0,True,/content/BSM-Project/data/augmented/train/Ilmenite/61__r0_f1.jpg
IMG_0117,/content/BSM-Project/data/raw/BSM/Ilmenite/61.jpg,Ilmenite,GRP_0117,train,IMG_0117_r30_f0,30,False,/content/BSM-Project/data/augmented/train/Ilmenite/61__r30_f0.jpg
IMG_0117,/content/BSM-Project/data/raw/BSM/Ilmenite/61.jpg,Ilmenite,GRP_0117,train,IMG_0117_r30_f1,30,True,/content/BSM-Project/data/augmented/train/Ilmenite/61__r30_f1.jpg
IMG_0117,/content/BSM-Project/data/raw/BSM/Ilmenite/61.jpg,Ilmenite,GRP_0117,train,IMG_0117_r45_f0,45,False,/content/BSM-Project/data/augmented/train/Ilmenite/61__r45_f0.jpg
IMG_0117,/content/BSM-Project/data/raw/BSM/Ilmenite/61.jpg,Ilmenite,GRP_0117,train,IMG_0117_r45_f1,45,True,/content/BSM-Project/data/augmented/train/Ilmenite/61__r45_f1.jpg
IMG_0117,/content/BSM-Project/data/raw/BSM/Ilmenite/61.jpg,Ilmenite,GRP_0117,train,IMG_0117_r90_f0,90,False,/content/BSM-Project/data/augmented/train/Ilmenite/61__r90_f0.jpg
IMG_0117,/content/BSM-Project/data/raw/BSM/Ilmenite/61.jpg,Ilmenite,GRP_0117,train,IMG_0117_r90_f1,90,True,/content/BSM-Project/data/augmented/train/Ilmenite/61__r90_f1.jpg
IMG_0117,/content/BSM-Project/data/raw/BSM/Ilmenite/61.jpg,Ilmenite,GRP_0117,train,IMG_0117_r180_f0,180,False,/content/BSM-Project/data/augmented/train/Ilmenite/61__r180_f0.jpg
IMG_0117,/content/BSM-Project/data/raw/BSM/Ilmenite/61.jpg,Ilmenite,GRP_0117,train,IMG_0117_r180_f1,180,True,/content/BSM-Project/data/augmented/train/Ilmenite/61__r180_f1.jpg
IMG_0117,/content/BSM-Project/data/raw/BSM/Ilmenite/61.jpg,Ilmenite,GRP_0117,train,IMG_0117_r270_f0,270,False,/content/BSM-Project/data/augmented/train/Ilmenite/61__r270_f0.jpg
IMG_0117,/content/BSM-Project/data/raw/BSM/Ilmenite/61.jpg,Ilmenite,GRP_0117,train,IMG_0117_r270_f1,270,True,/content/BSM-Project/data/augmented/train/Ilmenite/61__r270_f1.jpg
IMG_0121,/content/BSM-Project/data/raw/BSM/Ilmenite/9.jpg,Ilmenite,GRP_0121,train,IMG_0121_r0_f0,0,False,/content/BSM-Project/data/augmented/train/Ilmenite/9__r0_f0.jpg
IMG_0121,/content/BSM-Project/data/raw/BSM/Ilmenite/9.jpg,Ilmenite,GRP_0121,train,IMG_0121_r0_f1,0,True,/content/BSM-Project/data/augmented/train/Ilmenite/9__r0_f1.jpg
IMG_0121,/content/BSM-Project/data/raw/BSM/Ilmenite/9.jpg,Ilmenite,GRP_0121,train,IMG_0121_r30_f0,30,False,/content/BSM-Project/data/augmented/train/Ilmenite/9__r30_f0.jpg
IMG_0121,/content/BSM-Project/data/raw/BSM/Ilmenite/9.jpg,Ilmenite,GRP_0121,train,IMG_0121_r30_f1,30,True,/content/BSM-Project/data/augmented/train/Ilmenite/9__r30_f1.jpg
IMG_0121,/content/BSM-Project/data/raw/BSM/Ilmenite/9.jpg,Ilmenite,GRP_0121,train,IMG_0121_r45_f0,45,False,/content/BSM-Project/data/augmented/train/Ilmenite/9__r45_f0.jpg
IMG_0121,/content/BSM-Project/data/raw/BSM/Ilmenite/9.jpg,Ilmenite,GRP_0121,train,IMG_0121_r45_f1,45,True,/content/BSM-Project/data/augmented/train/Ilmenite/9__r45_f1.jpg
IMG_0121,/content/BSM-Project/data/raw/BSM/Ilmenite/9.jpg,Ilmenite,GRP_0121,train,IMG_0121_r90_f0,90,False,/content/BSM-Project/data/augmented/train/Ilmenite/9__r90_f0.jpg
IMG_0121,/content/BSM-Project/data/raw/BSM/Ilmenite/9.jpg,Ilmenite,GRP_0121,train,IMG_0121_r90_f1,90,True,/content/BSM-Project/data/augmented/train/Ilmenite/9__r90_f1.jpg
IMG_0121,/content/BSM-Project/data/raw/BSM/Ilmenite/9.jpg,Ilmenite,GRP_0121,train,IMG_0121_r180_f0,180,False,/content/BSM-Project/data/augmented/train/Ilmenite/9__r180_f0.jpg
IMG_0121,/content/BSM-Project/data/raw/BSM/Ilmenite/9.jpg,Ilmenite,GRP_0121,train,IMG_0121_r180_f1,180,True,/content/BSM-Project/data/augmented/train/Ilmenite/9__r180_f1.jpg
IMG_0121,/content/BSM-Project/data/raw/BSM/Ilmenite/9.jpg,Ilmenite,GRP_0121,train,IMG_0121_r270_f0,270,False,/content/BSM-Project/data/augmented/train/Ilmenite/9__r270_f0.jpg
IMG_0121,/content/BSM-Project/data/raw/BSM/Ilmenite/9.jpg,Ilmenite,GRP_0121,train,IMG_0121_r270_f1,270,True,/content/BSM-Project/data/augmented/train/Ilmenite/9__r270_f1.jpg
IMG_0123,/content/BSM-Project/data/raw/BSM/Monazite/10.jpg,Monazite,GRP_0123,train,IMG_0123_r0_f0,0,False,/content/BSM-Project/data/augmented/train/Monazite/10__r0_f0.jpg
IMG_0123,/content/BSM-Project/data/raw/BSM/Monazite/10.jpg,Monazite,GRP_0123,train,IMG_0123_r0_f1,0,True,/content/BSM-Project/data/augmented/train/Monazite/10__r0_f1.jpg
IMG_0123,/content/BSM-Project/data/raw/BSM/Monazite/10.jpg,Monazite,GRP_0123,train,IMG_0123_r30_f0,30,False,/content/BSM-Project/data/augmented/train/Monazite/10__r30_f0.jpg
IMG_0123,/content/BSM-Project/data/raw/BSM/Monazite/10.jpg,Monazite,GRP_0123,train,IMG_0123_r30_f1,30,True,/content/BSM-Project/data/augmented/train/Monazite/10__r30_f1.jpg
IMG_0123,/content/BSM-Project/data/raw/BSM/Monazite/10.jpg,Monazite,GRP_0123,train,IMG_0123_r45_f0,45,False,/content/BSM-Project/data/augmented/train/Monazite/10__r45_f0.jpg
IMG_0123,/content/BSM-Project/data/raw/BSM/Monazite/10.jpg,Monazite,GRP_0123,train,IMG_0123_r45_f1,45,True,/content/BSM-Project/data/augmented/train/Monazite/10__r45_f1.jpg
IMG_0123,/content/BSM-Project/data/raw/BSM/Monazite/10.jpg,Monazite,GRP_0123,train,IMG_0123_r90_f0,90,False,/content/BSM-Project/data/augmented/train/Monazite/10__r90_f0.jpg
IMG_0123,/content/BSM-Project/data/raw/BSM/Monazite/10.jpg,Monazite,GRP_0123,train,IMG_0123_r90_f1,90,True,/content/BSM-Project/data/augmented/train/Monazite/10__r90_f1.jpg
IMG_0123,/content/BSM-Project/data/raw/BSM/Monazite/10.jpg,Monazite,GRP_0123,train,IMG_0123_r180_f0,180,False,/content/BSM-Project/data/augmented/train/Monazite/10__r180_f0.jpg
IMG_0123,/content/BSM-Project/data/raw/BSM/Monazite/10.jpg,Monazite,GRP_0123,train,IMG_0123_r180_f1,180,True,/content/BSM-Project/data/augmented/train/Monazite/10__r180_f1.jpg
IMG_0123,/content/BSM-Project/data/raw/BSM/Monazite/10.jpg,Monazite,GRP_0123,train,IMG_0123_r270_f0,270,False,/content/BSM-Project/data/augmented/train/Monazite/10__r270_f0.jpg
IMG_0123,/content/BSM-Project/data/raw/BSM/Monazite/10.jpg,Monazite,GRP_0123,train,IMG_0123_r270_f1,270,True,/content/BSM-Project/data/augmented/train/Monazite/10__r270_f1.jpg
IMG_0125,/content/BSM-Project/data/raw/BSM/Monazite/12.jpg,Monazite,GRP_0125,train,IMG_0125_r0_f0,0,False,/content/BSM-Project/data/augmented/train/Monazite/12__r0_f0.jpg
IMG_0125,/content/BSM-Project/data/raw/BSM/Monazite/12.jpg,Monazite,GRP_0125,train,IMG_0125_r0_f1,0,True,/content/BSM-Project/data/augmented/train/Monazite/12__r0_f1.jpg
IMG_0125,/content/BSM-Project/data/raw/BSM/Monazite/12.jpg,Monazite,GRP_0125,train,IMG_0125_r30_f0,30,False,/content/BSM-Project/data/augmented/train/Monazite/12__r30_f0.jpg
IMG_0125,/content/BSM-Project/data/raw/BSM/Monazite/12.jpg,Monazite,GRP_0125,train,IMG_0125_r30_f1,30,True,/content/BSM-Project/data/augmented/train/Monazite/12__r30_f1.jpg
IMG_0125,/content/BSM-Project/data/raw/BSM/Monazite/12.jpg,Monazite,GRP_0125,train,IMG_0125_r45_f0,45,False,/content/BSM-Project/data/augmented/train/Monazite/12__r45_f0.jpg
IMG_0125,/content/BSM-Project/data/raw/BSM/Monazite/12.jpg,Monazite,GRP_0125,train,IMG_0125_r45_f1,45,True,/content/BSM-Project/data/augmented/train/Monazite/12__r45_f1.jpg
IMG_0125,/content/BSM-Project/data/raw/BSM/Monazite/12.jpg,Monazite,GRP_0125,train,IMG_0125_r90_f0,90,False,/content/BSM-Project/data/augmented/train/Monazite/12__r90_f0.jpg
IMG_0125,/content/BSM-Project/data/raw/BSM/Monazite/12.jpg,Monazite,GRP_0125,train,IMG_0125_r90_f1,90,True,/content/BSM-Project/data/augmented/train/Monazite/12__r90_f1.jpg
IMG_0125,/content/BSM-Project/data/raw/BSM/Monazite/12.jpg,Monazite,GRP_0125,train,IMG_0125_r180_f0,180,False,/content/BSM-Project/data/augmented/train/Monazite/12__r180_f0.jpg
IMG_0125,/content/BSM-Project/data/raw/BSM/Monazite/12.jpg,Monazite,GRP_0125,train,IMG_0125_r180_f1,180,True,/content/BSM-Project/data/augmented/train/Monazite/12__r180_f1.jpg
IMG_0125,/content/BSM-Project/data/raw/BSM/Monazite/12.jpg,Monazite,GRP_0125,train,IMG_0125_r270_f0,270,False,/content/BSM-Project/data/augmented/train/Monazite/12__r270_f0.jpg
IMG_0125,/content/BSM-Project/data/raw/BSM/Monazite/12.jpg,Monazite,GRP_0125,train,IMG_0125_r270_f1,270,True,/content/BSM-Project/data/augmented/train/Monazite/12__r270_f1.jpg
IMG_0126,/content/BSM-Project/data/raw/BSM/Monazite/13.jpg,Monazite,GRP_0126,train,IMG_0126_r0_f0,0,False,/content/BSM-Project/data/augmented/train/Monazite/13__r0_f0.jpg
IMG_0126,/content/BSM-Project/data/raw/BSM/Monazite/13.jpg,Monazite,GRP_0126,train,IMG_0126_r0_f1,0,True,/content/BSM-Project/data/augmented/train/Monazite/13__r0_f1.jpg
IMG_0126,/content/BSM-Project/data/raw/BSM/Monazite/13.jpg,Monazite,GRP_0126,train,IMG_0126_r30_f0,30,False,/content/BSM-Project/data/augmented/train/Monazite/13__r30_f0.jpg
IMG_0126,/content/BSM-Project/data/raw/BSM/Monazite/13.jpg,Monazite,GRP_0126,train,IMG_0126_r30_f1,30,True,/content/BSM-Project/data/augmented/train/Monazite/13__r30_f1.jpg
IMG_0126,/content/BSM-Project/data/raw/BSM/Monazite/13.jpg,Monazite,GRP_0126,train,IMG_0126_r45_f0,45,False,/content/BSM-Project/data/augmented/train/Monazite/13__r45_f0.jpg
IMG_0126,/content/BSM-Project/data/raw/BSM/Monazite/13.jpg,Monazite,GRP_0126,train,IMG_0126_r45_f1,45,True,/content/BSM-Project/data/augmented/train/Monazite/13__r45_f1.jpg
IMG_0126,/content/BSM-Project/data/raw/BSM/Monazite/13.jpg,Monazite,GRP_0126,train,IMG_0126_r90_f0,90,False,/content/BSM-Project/data/augmented/train/Monazite/13__r90_f0.jpg
IMG_0126,/content/BSM-Project/data/raw/BSM/Monazite/13.jpg,Monazite,GRP_0126,train,IMG_0126_r90_f1,90,True,/content/BSM-Project/data/augmented/train/Monazite/13__r90_f1.jpg
IMG_0126,/content/BSM-Project/data/raw/BSM/Monazite/13.jpg,Monazite,GRP_0126,train,IMG_0126_r180_f0,180,False,/content/BSM-Project/data/augmented/train/Monazite/13__r180_f0.jpg
IMG_0126,/content/BSM-Project/data/raw/BSM/Monazite/13.jpg,Monazite,GRP_0126,train,IMG_0126_r180_f1,180,True,/content/BSM-Project/data/augmented/train/Monazite/13__r180_f1.jpg
IMG_0126,/content/BSM-Project/data/raw/BSM/Monazite/13.jpg,Monazite,GRP_0126,train,IMG_0126_r270_f0,270,False,/content/BSM-Project/data/augmented/train/Monazite/13__r270_f0.jpg
IMG_0126,/content/BSM-Project/data/raw/BSM/Monazite/13.jpg,Monazite,GRP_0126,train,IMG_0126_r270_f1,270,True,/content/BSM-Project/data/augmented/train/Monazite/13__r270_f1.jpg
IMG_0127,/content/BSM-Project/data/raw/BSM/Monazite/14.jpg,Monazite,GRP_0127,train,IMG_0127_r0_f0,0,False,/content/BSM-Project/data/augmented/train/Monazite/14__r0_f0.jpg
IMG_0127,/content/BSM-Project/data/raw/BSM/Monazite/14.jpg,Monazite,GRP_0127,train,IMG_0127_r0_f1,0,True,/content/BSM-Project/data/augmented/train/Monazite/14__r0_f1.jpg
IMG_0127,/content/BSM-Project/data/raw/BSM/Monazite/14.jpg,Monazite,GRP_0127,train,IMG_0127_r30_f0,30,False,/content/BSM-Project/data/augmented/train/Monazite/14__r30_f0.jpg
IMG_0127,/content/BSM-Project/data/raw/BSM/Monazite/14.jpg,Monazite,GRP_0127,train,IMG_0127_r30_f1,30,True,/content/BSM-Project/data/augmented/train/Monazite/14__r30_f1.jpg
IMG_0127,/content/BSM-Project/data/raw/BSM/Monazite/14.jpg,Monazite,GRP_0127,train,IMG_0127_r45_f0,45,False,/content/BSM-Project/data/augmented/train/Monazite/14__r45_f0.jpg
IMG_0127,/content/BSM-Project/data/raw/BSM/Monazite/14.jpg,Monazite,GRP_0127,train,IMG_0127_r45_f1,45,True,/content/BSM-Project/data/augmented/train/Monazite/14__r45_f1.jpg
IMG_0127,/content/BSM-Project/data/raw/BSM/Monazite/14.jpg,Monazite,GRP_0127,train,IMG_0127_r90_f0,90,False,/content/BSM-Project/data/augmented/train/Monazite/14__r90_f0.jpg
IMG_0127,/content/BSM-Project/data/raw/BSM/Monazite/14.jpg,Monazite,GRP_0127,train,IMG_0127_r90_f1,90,True,/content/BSM-Project/data/augmented/train/Monazite/14__r90_f1.jpg
IMG_0127,/content/BSM-Project/data/raw/BSM/Monazite/14.jpg,Monazite,GRP_0127,train,IMG_0127_r180_f0,180,False,/content/BSM-Project/data/augmented/train/Monazite/14__r180_f0.jpg
IMG_0127,/content/BSM-Project/data/raw/BSM/Monazite/14.jpg,Monazite,GRP_0127,train,IMG_0127_r180_f1,180,True,/content/BSM-Project/data/augmented/train/Monazite/14__r180_f1.jpg
IMG_0127,/content/BSM-Project/data/raw/BSM/Monazite/14.jpg,Monazite,GRP_0127,train,IMG_0127_r270_f0,270,False,/content/BSM-Project/data/augmented/train/Monazite/14__r270_f0.jpg
IMG_0127,/content/BSM-Project/data/raw/BSM/Monazite/14.jpg,Monazite,GRP_0127,train,IMG_0127_r270_f1,270,True,/content/BSM-Project/data/augmented/train/Monazite/14__r270_f1.jpg
IMG_0128,/content/BSM-Project/data/raw/BSM/Monazite/15.jpg,Monazite,GRP_0128,train,IMG_0128_r0_f0,0,False,/content/BSM-Project/data/augmented/train/Monazite/15__r0_f0.jpg
IMG_0128,/content/BSM-Project/data/raw/BSM/Monazite/15.jpg,Monazite,GRP_0128,train,IMG_0128_r0_f1,0,True,/content/BSM-Project/data/augmented/train/Monazite/15__r0_f1.jpg
IMG_0128,/content/BSM-Project/data/raw/BSM/Monazite/15.jpg,Monazite,GRP_0128,train,IMG_0128_r30_f0,30,False,/content/BSM-Project/data/augmented/train/Monazite/15__r30_f0.jpg
IMG_0128,/content/BSM-Project/data/raw/BSM/Monazite/15.jpg,Monazite,GRP_0128,train,IMG_0128_r30_f1,30,True,/content/BSM-Project/data/augmented/train/Monazite/15__r30_f1.jpg
IMG_0128,/content/BSM-Project/data/raw/BSM/Monazite/15.jpg,Monazite,GRP_0128,train,IMG_0128_r45_f0,45,False,/content/BSM-Project/data/augmented/train/Monazite/15__r45_f0.jpg
IMG_0128,/content/BSM-Project/data/raw/BSM/Monazite/15.jpg,Monazite,GRP_0128,train,IMG_0128_r45_f1,45,True,/content/BSM-Project/data/augmented/train/Monazite/15__r45_f1.jpg
IMG_0128,/content/BSM-Project/data/raw/BSM/Monazite/15.jpg,Monazite,GRP_0128,train,IMG_0128_r90_f0,90,False,/content/BSM-Project/data/augmented/train/Monazite/15__r90_f0.jpg
IMG_0128,/content/BSM-Project/data/raw/BSM/Monazite/15.jpg,Monazite,GRP_0128,train,IMG_0128_r90_f1,90,True,/content/BSM-Project/data/augmented/train/Monazite/15__r90_f1.jpg
IMG_0128,/content/BSM-Project/data/raw/BSM/Monazite/15.jpg,Monazite,GRP_0128,train,IMG_0128_r180_f0,180,False,/content/BSM-Project/data/augmented/train/Monazite/15__r180_f0.jpg
IMG_0128,/content/BSM-Project/data/raw/BSM/Monazite/15.jpg,Monazite,GRP_0128,train,IMG_0128_r180_f1,180,True,/content/BSM-Project/data/augmented/train/Monazite/15__r180_f1.jpg
IMG_0128,/content/BSM-Project/data/raw/BSM/Monazite/15.jpg,Monazite,GRP_0128,train,IMG_0128_r270_f0,270,False,/content/BSM-Project/data/augmented/train/Monazite/15__r270_f0.jpg
IMG_0128,/content/BSM-Project/data/raw/BSM/Monazite/15.jpg,Monazite,GRP_0128,train,IMG_0128_r270_f1,270,True,/content/BSM-Project/data/augmented/train/Monazite/15__r270_f1.jpg
IMG_0129,/content/BSM-Project/data/raw/BSM/Monazite/16.jpg,Monazite,GRP_0129,train,IMG_0129_r0_f0,0,False,/content/BSM-Project/data/augmented/train/Monazite/16__r0_f0.jpg
IMG_0129,/content/BSM-Project/data/raw/BSM/Monazite/16.jpg,Monazite,GRP_0129,train,IMG_0129_r0_f1,0,True,/content/BSM-Project/data/augmented/train/Monazite/16__r0_f1.jpg
IMG_0129,/content/BSM-Project/data/raw/BSM/Monazite/16.jpg,Monazite,GRP_0129,train,IMG_0129_r30_f0,30,False,/content/BSM-Project/data/augmented/train/Monazite/16__r30_f0.jpg
IMG_0129,/content/BSM-Project/data/raw/BSM/Monazite/16.jpg,Monazite,GRP_0129,train,IMG_0129_r30_f1,30,True,/content/BSM-Project/data/augmented/train/Monazite/16__r30_f1.jpg
IMG_0129,/content/BSM-Project/data/raw/BSM/Monazite/16.jpg,Monazite,GRP_0129,train,IMG_0129_r45_f0,45,False,/content/BSM-Project/data/augmented/train/Monazite/16__r45_f0.jpg
IMG_0129,/content/BSM-Project/data/raw/BSM/Monazite/16.jpg,Monazite,GRP_0129,train,IMG_0129_r45_f1,45,True,/content/BSM-Project/data/augmented/train/Monazite/16__r45_f1.jpg
IMG_0129,/content/BSM-Project/data/raw/BSM/Monazite/16.jpg,Monazite,GRP_0129,train,IMG_0129_r90_f0,90,False,/content/BSM-Project/data/augmented/train/Monazite/16__r90_f0.jpg
IMG_0129,/content/BSM-Project/data/raw/BSM/Monazite/16.jpg,Monazite,GRP_0129,train,IMG_0129_r90_f1,90,True,/content/BSM-Project/data/augmented/train/Monazite/16__r90_f1.jpg
IMG_0129,/content/BSM-Project/data/raw/BSM/Monazite/16.jpg,Monazite,GRP_0129,train,IMG_0129_r180_f0,180,False,/content/BSM-Project/data/augmented/train/Monazite/16__r180_f0.jpg
IMG_0129,/content/BSM-Project/data/raw/BSM/Monazite/16.jpg,Monazite,GRP_0129,train,IMG_0129_r180_f1,180,True,/content/BSM-Project/data/augmented/train/Monazite/16__r180_f1.jpg
IMG_0129,/content/BSM-Project/data/raw/BSM/Monazite/16.jpg,Monazite,GRP_0129,train,IMG_0129_r270_f0,270,False,/content/BSM-Project/data/augmented/train/Monazite/16__r270_f0.jpg
IMG_0129,/content/BSM-Project/data/raw/BSM/Monazite/16.jpg,Monazite,GRP_0129,train,IMG_0129_r270_f1,270,True,/content/BSM-Project/data/augmented/train/Monazite/16__r270_f1.jpg
IMG_0130,/content/BSM-Project/data/raw/BSM/Monazite/17.jpg,Monazite,GRP_0130,train,IMG_0130_r0_f0,0,False,/content/BSM-Project/data/augmented/train/Monazite/17__r0_f0.jpg
IMG_0130,/content/BSM-Project/data/raw/BSM/Monazite/17.jpg,Monazite,GRP_0130,train,IMG_0130_r0_f1,0,True,/content/BSM-Project/data/augmented/train/Monazite/17__r0_f1.jpg
IMG_0130,/content/BSM-Project/data/raw/BSM/Monazite/17.jpg,Monazite,GRP_0130,train,IMG_0130_r30_f0,30,False,/content/BSM-Project/data/augmented/train/Monazite/17__r30_f0.jpg
IMG_0130,/content/BSM-Project/data/raw/BSM/Monazite/17.jpg,Monazite,GRP_0130,train,IMG_0130_r30_f1,30,True,/content/BSM-Project/data/augmented/train/Monazite/17__r30_f1.jpg
IMG_0130,/content/BSM-Project/data/raw/BSM/Monazite/17.jpg,Monazite,GRP_0130,train,IMG_0130_r45_f0,45,False,/content/BSM-Project/data/augmented/train/Monazite/17__r45_f0.jpg
IMG_0130,/content/BSM-Project/data/raw/BSM/Monazite/17.jpg,Monazite,GRP_0130,train,IMG_0130_r45_f1,45,True,/content/BSM-Project/data/augmented/train/Monazite/17__r45_f1.jpg
IMG_0130,/content/BSM-Project/data/raw/BSM/Monazite/17.jpg,Monazite,GRP_0130,train,IMG_0130_r90_f0,90,False,/content/BSM-Project/data/augmented/train/Monazite/17__r90_f0.jpg
IMG_0130,/content/BSM-Project/data/raw/BSM/Monazite/17.jpg,Monazite,GRP_0130,train,IMG_0130_r90_f1,90,True,/content/BSM-Project/data/augmented/train/Monazite/17__r90_f1.jpg
IMG_0130,/content/BSM-Project/data/raw/BSM/Monazite/17.jpg,Monazite,GRP_0130,train,IMG_0130_r180_f0,180,False,/content/BSM-Project/data/augmented/train/Monazite/17__r180_f0.jpg
IMG_0130,/content/BSM-Project/data/raw/BSM/Monazite/17.jpg,Monazite,GRP_0130,train,IMG_0130_r180_f1,180,True,/content/BSM-Project/data/augmented/train/Monazite/17__r180_f1.jpg
IMG_0130,/content/BSM-Project/data/raw/BSM/Monazite/17.jpg,Monazite,GRP_0130,train,IMG_0130_r270_f0,270,False,/content/BSM-Project/data/augmented/train/Monazite/17__r270_f0.jpg
IMG_0130,/content/BSM-Project/data/raw/BSM/Monazite/17.jpg,Monazite,GRP_0130,train,IMG_0130_r270_f1,270,True,/content/BSM-Project/data/augmented/train/Monazite/17__r270_f1.jpg
IMG_0131,/content/BSM-Project/data/raw/BSM/Monazite/18.jpg,Monazite,GRP_0131,train,IMG_0131_r0_f0,0,False,/content/BSM-Project/data/augmented/train/Monazite/18__r0_f0.jpg
IMG_0131,/content/BSM-Project/data/raw/BSM/Monazite/18.jpg,Monazite,GRP_0131,train,IMG_0131_r0_f1,0,True,/content/BSM-Project/data/augmented/train/Monazite/18__r0_f1.jpg
IMG_0131,/content/BSM-Project/data/raw/BSM/Monazite/18.jpg,Monazite,GRP_0131,train,IMG_0131_r30_f0,30,False,/content/BSM-Project/data/augmented/train/Monazite/18__r30_f0.jpg
IMG_0131,/content/BSM-Project/data/raw/BSM/Monazite/18.jpg,Monazite,GRP_0131,train,IMG_0131_r30_f1,30,True,/content/BSM-Project/data/augmented/train/Monazite/18__r30_f1.jpg
IMG_0131,/content/BSM-Project/data/raw/BSM/Monazite/18.jpg,Monazite,GRP_0131,train,IMG_0131_r45_f0,45,False,/content/BSM-Project/data/augmented/train/Monazite/18__r45_f0.jpg
IMG_0131,/content/BSM-Project/data/raw/BSM/Monazite/18.jpg,Monazite,GRP_0131,train,IMG_0131_r45_f1,45,True,/content/BSM-Project/data/augmented/train/Monazite/18__r45_f1.jpg
IMG_0131,/content/BSM-Project/data/raw/BSM/Monazite/18.jpg,Monazite,GRP_0131,train,IMG_0131_r90_f0,90,False,/content/BSM-Project/data/augmented/train/Monazite/18__r90_f0.jpg
IMG_0131,/content/BSM-Project/data/raw/BSM/Monazite/18.jpg,Monazite,GRP_0131,train,IMG_0131_r90_f1,90,True,/content/BSM-Project/data/augmented/train/Monazite/18__r90_f1.jpg
IMG_0131,/content/BSM-Project/data/raw/BSM/Monazite/18.jpg,Monazite,GRP_0131,train,IMG_0131_r180_f0,180,False,/content/BSM-Project/data/augmented/train/Monazite/18__r180_f0.jpg
IMG_0131,/content/BSM-Project/data/raw/BSM/Monazite/18.jpg,Monazite,GRP_0131,train,IMG_0131_r180_f1,180,True,/content/BSM-Project/data/augmented/train/Monazite/18__r180_f1.jpg
IMG_0131,/content/BSM-Project/data/raw/BSM/Monazite/18.jpg,Monazite,GRP_0131,train,IMG_0131_r270_f0,270,False,/content/BSM-Project/data/augmented/train/Monazite/18__r270_f0.jpg
IMG_0131,/content/BSM-Project/data/raw/BSM/Monazite/18.jpg,Monazite,GRP_0131,train,IMG_0131_r270_f1,270,True,/content/BSM-Project/data/augmented/train/Monazite/18__r270_f1.jpg
IMG_0135,/content/BSM-Project/data/raw/BSM/Monazite/21.jpg,Monazite,GRP_0135,train,IMG_0135_r0_f0,0,False,/content/BSM-Project/data/augmented/train/Monazite/21__r0_f0.jpg
IMG_0135,/content/BSM-Project/data/raw/BSM/Monazite/21.jpg,Monazite,GRP_0135,train,IMG_0135_r0_f1,0,True,/content/BSM-Project/data/augmented/train/Monazite/21__r0_f1.jpg
IMG_0135,/content/BSM-Project/data/raw/BSM/Monazite/21.jpg,Monazite,GRP_0135,train,IMG_0135_r30_f0,30,False,/content/BSM-Project/data/augmented/train/Monazite/21__r30_f0.jpg
IMG_0135,/content/BSM-Project/data/raw/BSM/Monazite/21.jpg,Monazite,GRP_0135,train,IMG_0135_r30_f1,30,True,/content/BSM-Project/data/augmented/train/Monazite/21__r30_f1.jpg
IMG_0135,/content/BSM-Project/data/raw/BSM/Monazite/21.jpg,Monazite,GRP_0135,train,IMG_0135_r45_f0,45,False,/content/BSM-Project/data/augmented/train/Monazite/21__r45_f0.jpg
IMG_0135,/content/BSM-Project/data/raw/BSM/Monazite/21.jpg,Monazite,GRP_0135,train,IMG_0135_r45_f1,45,True,/content/BSM-Project/data/augmented/train/Monazite/21__r45_f1.jpg
IMG_0135,/content/BSM-Project/data/raw/BSM/Monazite/21.jpg,Monazite,GRP_0135,train,IMG_0135_r90_f0,90,False,/content/BSM-Project/data/augmented/train/Monazite/21__r90_f0.jpg
IMG_0135,/content/BSM-Project/data/raw/BSM/Monazite/21.jpg,Monazite,GRP_0135,train,IMG_0135_r90_f1,90,True,/content/BSM-Project/data/augmented/train/Monazite/21__r90_f1.jpg
IMG_0135,/content/BSM-Project/data/raw/BSM/Monazite/21.jpg,Monazite,GRP_0135,train,IMG_0135_r180_f0,180,False,/content/BSM-Project/data/augmented/train/Monazite/21__r180_f0.jpg
IMG_0135,/content/BSM-Project/data/raw/BSM/Monazite/21.jpg,Monazite,GRP_0135,train,IMG_0135_r180_f1,180,True,/content/BSM-Project/data/augmented/train/Monazite/21__r180_f1.jpg
IMG_0135,/content/BSM-Project/data/raw/BSM/Monazite/21.jpg,Monazite,GRP_0135,train,IMG_0135_r270_f0,270,False,/content/BSM-Project/data/augmented/train/Monazite/21__r270_f0.jpg
IMG_0135,/content/BSM-Project/data/raw/BSM/Monazite/21.jpg,Monazite,GRP_0135,train,IMG_0135_r270_f1,270,True,/content/BSM-Project/data/augmented/train/Monazite/21__r270_f1.jpg
IMG_0137,/content/BSM-Project/data/raw/BSM/Monazite/23.jpg,Monazite,GRP_0137,train,IMG_0137_r0_f0,0,False,/content/BSM-Project/data/augmented/train/Monazite/23__r0_f0.jpg
IMG_0137,/content/BSM-Project/data/raw/BSM/Monazite/23.jpg,Monazite,GRP_0137,train,IMG_0137_r0_f1,0,True,/content/BSM-Project/data/augmented/train/Monazite/23__r0_f1.jpg
IMG_0137,/content/BSM-Project/data/raw/BSM/Monazite/23.jpg,Monazite,GRP_0137,train,IMG_0137_r30_f0,30,False,/content/BSM-Project/data/augmented/train/Monazite/23__r30_f0.jpg
IMG_0137,/content/BSM-Project/data/raw/BSM/Monazite/23.jpg,Monazite,GRP_0137,train,IMG_0137_r30_f1,30,True,/content/BSM-Project/data/augmented/train/Monazite/23__r30_f1.jpg
IMG_0137,/content/BSM-Project/data/raw/BSM/Monazite/23.jpg,Monazite,GRP_0137,train,IMG_0137_r45_f0,45,False,/content/BSM-Project/data/augmented/train/Monazite/23__r45_f0.jpg
IMG_0137,/content/BSM-Project/data/raw/BSM/Monazite/23.jpg,Monazite,GRP_0137,train,IMG_0137_r45_f1,45,True,/content/BSM-Project/data/augmented/train/Monazite/23__r45_f1.jpg
IMG_0137,/content/BSM-Project/data/raw/BSM/Monazite/23.jpg,Monazite,GRP_0137,train,IMG_0137_r90_f0,90,False,/content/BSM-Project/data/augmented/train/Monazite/23__r90_f0.jpg
IMG_0137,/content/BSM-Project/data/raw/BSM/Monazite/23.jpg,Monazite,GRP_0137,train,IMG_0137_r90_f1,90,True,/content/BSM-Project/data/augmented/train/Monazite/23__r90_f1.jpg
IMG_0137,/content/BSM-Project/data/raw/BSM/Monazite/23.jpg,Monazite,GRP_0137,train,IMG_0137_r180_f0,180,False,/content/BSM-Project/data/augmented/train/Monazite/23__r180_f0.jpg
IMG_0137,/content/BSM-Project/data/raw/BSM/Monazite/23.jpg,Monazite,GRP_0137,train,IMG_0137_r180_f1,180,True,/content/BSM-Project/data/augmented/train/Monazite/23__r180_f1.jpg
IMG_0137,/content/BSM-Project/data/raw/BSM/Monazite/23.jpg,Monazite,GRP_0137,train,IMG_0137_r270_f0,270,False,/content/BSM-Project/data/augmented/train/Monazite/23__r270_f0.jpg
IMG_0137,/content/BSM-Project/data/raw/BSM/Monazite/23.jpg,Monazite,GRP_0137,train,IMG_0137_r270_f1,270,True,/content/BSM-Project/data/augmented/train/Monazite/23__r270_f1.jpg
IMG_0138,/content/BSM-Project/data/raw/BSM/Monazite/24.jpg,Monazite,GRP_0138,train,IMG_0138_r0_f0,0,False,/content/BSM-Project/data/augmented/train/Monazite/24__r0_f0.jpg
IMG_0138,/content/BSM-Project/data/raw/BSM/Monazite/24.jpg,Monazite,GRP_0138,train,IMG_0138_r0_f1,0,True,/content/BSM-Project/data/augmented/train/Monazite/24__r0_f1.jpg
IMG_0138,/content/BSM-Project/data/raw/BSM/Monazite/24.jpg,Monazite,GRP_0138,train,IMG_0138_r30_f0,30,False,/content/BSM-Project/data/augmented/train/Monazite/24__r30_f0.jpg
IMG_0138,/content/BSM-Project/data/raw/BSM/Monazite/24.jpg,Monazite,GRP_0138,train,IMG_0138_r30_f1,30,True,/content/BSM-Project/data/augmented/train/Monazite/24__r30_f1.jpg
IMG_0138,/content/BSM-Project/data/raw/BSM/Monazite/24.jpg,Monazite,GRP_0138,train,IMG_0138_r45_f0,45,False,/content/BSM-Project/data/augmented/train/Monazite/24__r45_f0.jpg
IMG_0138,/content/BSM-Project/data/raw/BSM/Monazite/24.jpg,Monazite,GRP_0138,train,IMG_0138_r45_f1,45,True,/content/BSM-Project/data/augmented/train/Monazite/24__r45_f1.jpg
IMG_0138,/content/BSM-Project/data/raw/BSM/Monazite/24.jpg,Monazite,GRP_0138,train,IMG_0138_r90_f0,90,False,/content/BSM-Project/data/augmented/train/Monazite/24__r90_f0.jpg
IMG_0138,/content/BSM-Project/data/raw/BSM/Monazite/24.jpg,Monazite,GRP_0138,train,IMG_0138_r90_f1,90,True,/content/BSM-Project/data/augmented/train/Monazite/24__r90_f1.jpg
IMG_0138,/content/BSM-Project/data/raw/BSM/Monazite/24.jpg,Monazite,GRP_0138,train,IMG_0138_r180_f0,180,False,/content/BSM-Project/data/augmented/train/Monazite/24__r180_f0.jpg
IMG_0138,/content/BSM-Project/data/raw/BSM/Monazite/24.jpg,Monazite,GRP_0138,train,IMG_0138_r180_f1,180,True,/content/BSM-Project/data/augmented/train/Monazite/24__r180_f1.jpg
IMG_0138,/content/BSM-Project/data/raw/BSM/Monazite/24.jpg,Monazite,GRP_0138,train,IMG_0138_r270_f0,270,False,/content/BSM-Project/data/augmented/train/Monazite/24__r270_f0.jpg
IMG_0138,/content/BSM-Project/data/raw/BSM/Monazite/24.jpg,Monazite,GRP_0138,train,IMG_0138_r270_f1,270,True,/content/BSM-Project/data/augmented/train/Monazite/24__r270_f1.jpg
IMG_0141,/content/BSM-Project/data/raw/BSM/Monazite/27.jpg,Monazite,GRP_0141,train,IMG_0141_r0_f0,0,False,/content/BSM-Project/data/augmented/train/Monazite/27__r0_f0.jpg
IMG_0141,/content/BSM-Project/data/raw/BSM/Monazite/27.jpg,Monazite,GRP_0141,train,IMG_0141_r0_f1,0,True,/content/BSM-Project/data/augmented/train/Monazite/27__r0_f1.jpg
IMG_0141,/content/BSM-Project/data/raw/BSM/Monazite/27.jpg,Monazite,GRP_0141,train,IMG_0141_r30_f0,30,False,/content/BSM-Project/data/augmented/train/Monazite/27__r30_f0.jpg
IMG_0141,/content/BSM-Project/data/raw/BSM/Monazite/27.jpg,Monazite,GRP_0141,train,IMG_0141_r30_f1,30,True,/content/BSM-Project/data/augmented/train/Monazite/27__r30_f1.jpg
IMG_0141,/content/BSM-Project/data/raw/BSM/Monazite/27.jpg,Monazite,GRP_0141,train,IMG_0141_r45_f0,45,False,/content/BSM-Project/data/augmented/train/Monazite/27__r45_f0.jpg
IMG_0141,/content/BSM-Project/data/raw/BSM/Monazite/27.jpg,Monazite,GRP_0141,train,IMG_0141_r45_f1,45,True,/content/BSM-Project/data/augmented/train/Monazite/27__r45_f1.jpg
IMG_0141,/content/BSM-Project/data/raw/BSM/Monazite/27.jpg,Monazite,GRP_0141,train,IMG_0141_r90_f0,90,False,/content/BSM-Project/data/augmented/train/Monazite/27__r90_f0.jpg
IMG_0141,/content/BSM-Project/data/raw/BSM/Monazite/27.jpg,Monazite,GRP_0141,train,IMG_0141_r90_f1,90,True,/content/BSM-Project/data/augmented/train/Monazite/27__r90_f1.jpg
IMG_0141,/content/BSM-Project/data/raw/BSM/Monazite/27.jpg,Monazite,GRP_0141,train,IMG_0141_r180_f0,180,False,/content/BSM-Project/data/augmented/train/Monazite/27__r180_f0.jpg
IMG_0141,/content/BSM-Project/data/raw/BSM/Monazite/27.jpg,Monazite,GRP_0141,train,IMG_0141_r180_f1,180,True,/content/BSM-Project/data/augmented/train/Monazite/27__r180_f1.jpg
IMG_0141,/content/BSM-Project/data/raw/BSM/Monazite/27.jpg,Monazite,GRP_0141,train,IMG_0141_r270_f0,270,False,/content/BSM-Project/data/augmented/train/Monazite/27__r270_f0.jpg
IMG_0141,/content/BSM-Project/data/raw/BSM/Monazite/27.jpg,Monazite,GRP_0141,train,IMG_0141_r270_f1,270,True,/content/BSM-Project/data/augmented/train/Monazite/27__r270_f1.jpg
IMG_0142,/content/BSM-Project/data/raw/BSM/Monazite/28.jpg,Monazite,GRP_0142,train,IMG_0142_r0_f0,0,False,/content/BSM-Project/data/augmented/train/Monazite/28__r0_f0.jpg
IMG_0142,/content/BSM-Project/data/raw/BSM/Monazite/28.jpg,Monazite,GRP_0142,train,IMG_0142_r0_f1,0,True,/content/BSM-Project/data/augmented/train/Monazite/28__r0_f1.jpg
IMG_0142,/content/BSM-Project/data/raw/BSM/Monazite/28.jpg,Monazite,GRP_0142,train,IMG_0142_r30_f0,30,False,/content/BSM-Project/data/augmented/train/Monazite/28__r30_f0.jpg
IMG_0142,/content/BSM-Project/data/raw/BSM/Monazite/28.jpg,Monazite,GRP_0142,train,IMG_0142_r30_f1,30,True,/content/BSM-Project/data/augmented/train/Monazite/28__r30_f1.jpg
IMG_0142,/content/BSM-Project/data/raw/BSM/Monazite/28.jpg,Monazite,GRP_0142,train,IMG_0142_r45_f0,45,False,/content/BSM-Project/data/augmented/train/Monazite/28__r45_f0.jpg
IMG_0142,/content/BSM-Project/data/raw/BSM/Monazite/28.jpg,Monazite,GRP_0142,train,IMG_0142_r45_f1,45,True,/content/BSM-Project/data/augmented/train/Monazite/28__r45_f1.jpg
IMG_0142,/content/BSM-Project/data/raw/BSM/Monazite/28.jpg,Monazite,GRP_0142,train,IMG_0142_r90_f0,90,False,/content/BSM-Project/data/augmented/train/Monazite/28__r90_f0.jpg
IMG_0142,/content/BSM-Project/data/raw/BSM/Monazite/28.jpg,Monazite,GRP_0142,train,IMG_0142_r90_f1,90,True,/content/BSM-Project/data/augmented/train/Monazite/28__r90_f1.jpg
IMG_0142,/content/BSM-Project/data/raw/BSM/Monazite/28.jpg,Monazite,GRP_0142,train,IMG_0142_r180_f0,180,False,/content/BSM-Project/data/augmented/train/Monazite/28__r180_f0.jpg
IMG_0142,/content/BSM-Project/data/raw/BSM/Monazite/28.jpg,Monazite,GRP_0142,train,IMG_0142_r180_f1,180,True,/content/BSM-Project/data/augmented/train/Monazite/28__r180_f1.jpg
IMG_0142,/content/BSM-Project/data/raw/BSM/Monazite/28.jpg,Monazite,GRP_0142,train,IMG_0142_r270_f0,270,False,/content/BSM-Project/data/augmented/train/Monazite/28__r270_f0.jpg
IMG_0142,/content/BSM-Project/data/raw/BSM/Monazite/28.jpg,Monazite,GRP_0142,train,IMG_0142_r270_f1,270,True,/content/BSM-Project/data/augmented/train/Monazite/28__r270_f1.jpg
IMG_0145,/content/BSM-Project/data/raw/BSM/Monazite/30.jpg,Monazite,GRP_0145,train,IMG_0145_r0_f0,0,False,/content/BSM-Project/data/augmented/train/Monazite/30__r0_f0.jpg
IMG_0145,/content/BSM-Project/data/raw/BSM/Monazite/30.jpg,Monazite,GRP_0145,train,IMG_0145_r0_f1,0,True,/content/BSM-Project/data/augmented/train/Monazite/30__r0_f1.jpg
IMG_0145,/content/BSM-Project/data/raw/BSM/Monazite/30.jpg,Monazite,GRP_0145,train,IMG_0145_r30_f0,30,False,/content/BSM-Project/data/augmented/train/Monazite/30__r30_f0.jpg
IMG_0145,/content/BSM-Project/data/raw/BSM/Monazite/30.jpg,Monazite,GRP_0145,train,IMG_0145_r30_f1,30,True,/content/BSM-Project/data/augmented/train/Monazite/30__r30_f1.jpg
IMG_0145,/content/BSM-Project/data/raw/BSM/Monazite/30.jpg,Monazite,GRP_0145,train,IMG_0145_r45_f0,45,False,/content/BSM-Project/data/augmented/train/Monazite/30__r45_f0.jpg
IMG_0145,/content/BSM-Project/data/raw/BSM/Monazite/30.jpg,Monazite,GRP_0145,train,IMG_0145_r45_f1,45,True,/content/BSM-Project/data/augmented/train/Monazite/30__r45_f1.jpg
IMG_0145,/content/BSM-Project/data/raw/BSM/Monazite/30.jpg,Monazite,GRP_0145,train,IMG_0145_r90_f0,90,False,/content/BSM-Project/data/augmented/train/Monazite/30__r90_f0.jpg
IMG_0145,/content/BSM-Project/data/raw/BSM/Monazite/30.jpg,Monazite,GRP_0145,train,IMG_0145_r90_f1,90,True,/content/BSM-Project/data/augmented/train/Monazite/30__r90_f1.jpg
IMG_0145,/content/BSM-Project/data/raw/BSM/Monazite/30.jpg,Monazite,GRP_0145,train,IMG_0145_r180_f0,180,False,/content/BSM-Project/data/augmented/train/Monazite/30__r180_f0.jpg
IMG_0145,/content/BSM-Project/data/raw/BSM/Monazite/30.jpg,Monazite,GRP_0145,train,IMG_0145_r180_f1,180,True,/content/BSM-Project/data/augmented/train/Monazite/30__r180_f1.jpg
IMG_0145,/content/BSM-Project/data/raw/BSM/Monazite/30.jpg,Monazite,GRP_0145,train,IMG_0145_r270_f0,270,False,/content/BSM-Project/data/augmented/train/Monazite/30__r270_f0.jpg
IMG_0145,/content/BSM-Project/data/raw/BSM/Monazite/30.jpg,Monazite,GRP_0145,train,IMG_0145_r270_f1,270,True,/content/BSM-Project/data/augmented/train/Monazite/30__r270_f1.jpg
IMG_0146,/content/BSM-Project/data/raw/BSM/Monazite/31.jpg,Monazite,GRP_0146,train,IMG_0146_r0_f0,0,False,/content/BSM-Project/data/augmented/train/Monazite/31__r0_f0.jpg
IMG_0146,/content/BSM-Project/data/raw/BSM/Monazite/31.jpg,Monazite,GRP_0146,train,IMG_0146_r0_f1,0,True,/content/BSM-Project/data/augmented/train/Monazite/31__r0_f1.jpg
IMG_0146,/content/BSM-Project/data/raw/BSM/Monazite/31.jpg,Monazite,GRP_0146,train,IMG_0146_r30_f0,30,False,/content/BSM-Project/data/augmented/train/Monazite/31__r30_f0.jpg
IMG_0146,/content/BSM-Project/data/raw/BSM/Monazite/31.jpg,Monazite,GRP_0146,train,IMG_0146_r30_f1,30,True,/content/BSM-Project/data/augmented/train/Monazite/31__r30_f1.jpg
IMG_0146,/content/BSM-Project/data/raw/BSM/Monazite/31.jpg,Monazite,GRP_0146,train,IMG_0146_r45_f0,45,False,/content/BSM-Project/data/augmented/train/Monazite/31__r45_f0.jpg
IMG_0146,/content/BSM-Project/data/raw/BSM/Monazite/31.jpg,Monazite,GRP_0146,train,IMG_0146_r45_f1,45,True,/content/BSM-Project/data/augmented/train/Monazite/31__r45_f1.jpg
IMG_0146,/content/BSM-Project/data/raw/BSM/Monazite/31.jpg,Monazite,GRP_0146,train,IMG_0146_r90_f0,90,False,/content/BSM-Project/data/augmented/train/Monazite/31__r90_f0.jpg
IMG_0146,/content/BSM-Project/data/raw/BSM/Monazite/31.jpg,Monazite,GRP_0146,train,IMG_0146_r90_f1,90,True,/content/BSM-Project/data/augmented/train/Monazite/31__r90_f1.jpg
IMG_0146,/content/BSM-Project/data/raw/BSM/Monazite/31.jpg,Monazite,GRP_0146,train,IMG_0146_r180_f0,180,False,/content/BSM-Project/data/augmented/train/Monazite/31__r180_f0.jpg
IMG_0146,/content/BSM-Project/data/raw/BSM/Monazite/31.jpg,Monazite,GRP_0146,train,IMG_0146_r180_f1,180,True,/content/BSM-Project/data/augmented/train/Monazite/31__r180_f1.jpg
IMG_0146,/content/BSM-Project/data/raw/BSM/Monazite/31.jpg,Monazite,GRP_0146,train,IMG_0146_r270_f0,270,False,/content/BSM-Project/data/augmented/train/Monazite/31__r270_f0.jpg
IMG_0146,/content/BSM-Project/data/raw/BSM/Monazite/31.jpg,Monazite,GRP_0146,train,IMG_0146_r270_f1,270,True,/content/BSM-Project/data/augmented/train/Monazite/31__r270_f1.jpg
IMG_0147,/content/BSM-Project/data/raw/BSM/Monazite/32.jpg,Monazite,GRP_0147,train,IMG_0147_r0_f0,0,False,/content/BSM-Project/data/augmented/train/Monazite/32__r0_f0.jpg
IMG_0147,/content/BSM-Project/data/raw/BSM/Monazite/32.jpg,Monazite,GRP_0147,train,IMG_0147_r0_f1,0,True,/content/BSM-Project/data/augmented/train/Monazite/32__r0_f1.jpg
IMG_0147,/content/BSM-Project/data/raw/BSM/Monazite/32.jpg,Monazite,GRP_0147,train,IMG_0147_r30_f0,30,False,/content/BSM-Project/data/augmented/train/Monazite/32__r30_f0.jpg
IMG_0147,/content/BSM-Project/data/raw/BSM/Monazite/32.jpg,Monazite,GRP_0147,train,IMG_0147_r30_f1,30,True,/content/BSM-Project/data/augmented/train/Monazite/32__r30_f1.jpg
IMG_0147,/content/BSM-Project/data/raw/BSM/Monazite/32.jpg,Monazite,GRP_0147,train,IMG_0147_r45_f0,45,False,/content/BSM-Project/data/augmented/train/Monazite/32__r45_f0.jpg
IMG_0147,/content/BSM-Project/data/raw/BSM/Monazite/32.jpg,Monazite,GRP_0147,train,IMG_0147_r45_f1,45,True,/content/BSM-Project/data/augmented/train/Monazite/32__r45_f1.jpg
IMG_0147,/content/BSM-Project/data/raw/BSM/Monazite/32.jpg,Monazite,GRP_0147,train,IMG_0147_r90_f0,90,False,/content/BSM-Project/data/augmented/train/Monazite/32__r90_f0.jpg
IMG_0147,/content/BSM-Project/data/raw/BSM/Monazite/32.jpg,Monazite,GRP_0147,train,IMG_0147_r90_f1,90,True,/content/BSM-Project/data/augmented/train/Monazite/32__r90_f1.jpg
IMG_0147,/content/BSM-Project/data/raw/BSM/Monazite/32.jpg,Monazite,GRP_0147,train,IMG_0147_r180_f0,180,False,/content/BSM-Project/data/augmented/train/Monazite/32__r180_f0.jpg
IMG_0147,/content/BSM-Project/data/raw/BSM/Monazite/32.jpg,Monazite,GRP_0147,train,IMG_0147_r180_f1,180,True,/content/BSM-Project/data/augmented/train/Monazite/32__r180_f1.jpg
IMG_0147,/content/BSM-Project/data/raw/BSM/Monazite/32.jpg,Monazite,GRP_0147,train,IMG_0147_r270_f0,270,False,/content/BSM-Project/data/augmented/train/Monazite/32__r270_f0.jpg
IMG_0147,/content/BSM-Project/data/raw/BSM/Monazite/32.jpg,Monazite,GRP_0147,train,IMG_0147_r270_f1,270,True,/content/BSM-Project/data/augmented/train/Monazite/32__r270_f1.jpg
IMG_0151,/content/BSM-Project/data/raw/BSM/Monazite/36.jpg,Monazite,GRP_0151,train,IMG_0151_r0_f0,0,False,/content/BSM-Project/data/augmented/train/Monazite/36__r0_f0.jpg
IMG_0151,/content/BSM-Project/data/raw/BSM/Monazite/36.jpg,Monazite,GRP_0151,train,IMG_0151_r0_f1,0,True,/content/BSM-Project/data/augmented/train/Monazite/36__r0_f1.jpg
IMG_0151,/content/BSM-Project/data/raw/BSM/Monazite/36.jpg,Monazite,GRP_0151,train,IMG_0151_r30_f0,30,False,/content/BSM-Project/data/augmented/train/Monazite/36__r30_f0.jpg
IMG_0151,/content/BSM-Project/data/raw/BSM/Monazite/36.jpg,Monazite,GRP_0151,train,IMG_0151_r30_f1,30,True,/content/BSM-Project/data/augmented/train/Monazite/36__r30_f1.jpg
IMG_0151,/content/BSM-Project/data/raw/BSM/Monazite/36.jpg,Monazite,GRP_0151,train,IMG_0151_r45_f0,45,False,/content/BSM-Project/data/augmented/train/Monazite/36__r45_f0.jpg
IMG_0151,/content/BSM-Project/data/raw/BSM/Monazite/36.jpg,Monazite,GRP_0151,train,IMG_0151_r45_f1,45,True,/content/BSM-Project/data/augmented/train/Monazite/36__r45_f1.jpg
IMG_0151,/content/BSM-Project/data/raw/BSM/Monazite/36.jpg,Monazite,GRP_0151,train,IMG_0151_r90_f0,90,False,/content/BSM-Project/data/augmented/train/Monazite/36__r90_f0.jpg
IMG_0151,/content/BSM-Project/data/raw/BSM/Monazite/36.jpg,Monazite,GRP_0151,train,IMG_0151_r90_f1,90,True,/content/BSM-Project/data/augmented/train/Monazite/36__r90_f1.jpg
IMG_0151,/content/BSM-Project/data/raw/BSM/Monazite/36.jpg,Monazite,GRP_0151,train,IMG_0151_r180_f0,180,False,/content/BSM-Project/data/augmented/train/Monazite/36__r180_f0.jpg
IMG_0151,/content/BSM-Project/data/raw/BSM/Monazite/36.jpg,Monazite,GRP_0151,train,IMG_0151_r180_f1,180,True,/content/BSM-Project/data/augmented/train/Monazite/36__r180_f1.jpg
IMG_0151,/content/BSM-Project/data/raw/BSM/Monazite/36.jpg,Monazite,GRP_0151,train,IMG_0151_r270_f0,270,False,/content/BSM-Project/data/augmented/train/Monazite/36__r270_f0.jpg
IMG_0151,/content/BSM-Project/data/raw/BSM/Monazite/36.jpg,Monazite,GRP_0151,train,IMG_0151_r270_f1,270,True,/content/BSM-Project/data/augmented/train/Monazite/36__r270_f1.jpg
IMG_0152,/content/BSM-Project/data/raw/BSM/Monazite/37.jpg,Monazite,GRP_0152,train,IMG_0152_r0_f0,0,False,/content/BSM-Project/data/augmented/train/Monazite/37__r0_f0.jpg
IMG_0152,/content/BSM-Project/data/raw/BSM/Monazite/37.jpg,Monazite,GRP_0152,train,IMG_0152_r0_f1,0,True,/content/BSM-Project/data/augmented/train/Monazite/37__r0_f1.jpg
IMG_0152,/content/BSM-Project/data/raw/BSM/Monazite/37.jpg,Monazite,GRP_0152,train,IMG_0152_r30_f0,30,False,/content/BSM-Project/data/augmented/train/Monazite/37__r30_f0.jpg
IMG_0152,/content/BSM-Project/data/raw/BSM/Monazite/37.jpg,Monazite,GRP_0152,train,IMG_0152_r30_f1,30,True,/content/BSM-Project/data/augmented/train/Monazite/37__r30_f1.jpg
IMG_0152,/content/BSM-Project/data/raw/BSM/Monazite/37.jpg,Monazite,GRP_0152,train,IMG_0152_r45_f0,45,False,/content/BSM-Project/data/augmented/train/Monazite/37__r45_f0.jpg
IMG_0152,/content/BSM-Project/data/raw/BSM/Monazite/37.jpg,Monazite,GRP_0152,train,IMG_0152_r45_f1,45,True,/content/BSM-Project/data/augmented/train/Monazite/37__r45_f1.jpg
IMG_0152,/content/BSM-Project/data/raw/BSM/Monazite/37.jpg,Monazite,GRP_0152,train,IMG_0152_r90_f0,90,False,/content/BSM-Project/data/augmented/train/Monazite/37__r90_f0.jpg
IMG_0152,/content/BSM-Project/data/raw/BSM/Monazite/37.jpg,Monazite,GRP_0152,train,IMG_0152_r90_f1,90,True,/content/BSM-Project/data/augmented/train/Monazite/37__r90_f1.jpg
IMG_0152,/content/BSM-Project/data/raw/BSM/Monazite/37.jpg,Monazite,GRP_0152,train,IMG_0152_r180_f0,180,False,/content/BSM-Project/data/augmented/train/Monazite/37__r180_f0.jpg
IMG_0152,/content/BSM-Project/data/raw/BSM/Monazite/37.jpg,Monazite,GRP_0152,train,IMG_0152_r180_f1,180,True,/content/BSM-Project/data/augmented/train/Monazite/37__r180_f1.jpg
IMG_0152,/content/BSM-Project/data/raw/BSM/Monazite/37.jpg,Monazite,GRP_0152,train,IMG_0152_r270_f0,270,False,/content/BSM-Project/data/augmented/train/Monazite/37__r270_f0.jpg
IMG_0152,/content/BSM-Project/data/raw/BSM/Monazite/37.jpg,Monazite,GRP_0152,train,IMG_0152_r270_f1,270,True,/content/BSM-Project/data/augmented/train/Monazite/37__r270_f1.jpg
IMG_0153,/content/BSM-Project/data/raw/BSM/Monazite/38.jpg,Monazite,GRP_0153,train,IMG_0153_r0_f0,0,False,/content/BSM-Project/data/augmented/train/Monazite/38__r0_f0.jpg
IMG_0153,/content/BSM-Project/data/raw/BSM/Monazite/38.jpg,Monazite,GRP_0153,train,IMG_0153_r0_f1,0,True,/content/BSM-Project/data/augmented/train/Monazite/38__r0_f1.jpg
IMG_0153,/content/BSM-Project/data/raw/BSM/Monazite/38.jpg,Monazite,GRP_0153,train,IMG_0153_r30_f0,30,False,/content/BSM-Project/data/augmented/train/Monazite/38__r30_f0.jpg
IMG_0153,/content/BSM-Project/data/raw/BSM/Monazite/38.jpg,Monazite,GRP_0153,train,IMG_0153_r30_f1,30,True,/content/BSM-Project/data/augmented/train/Monazite/38__r30_f1.jpg
IMG_0153,/content/BSM-Project/data/raw/BSM/Monazite/38.jpg,Monazite,GRP_0153,train,IMG_0153_r45_f0,45,False,/content/BSM-Project/data/augmented/train/Monazite/38__r45_f0.jpg
IMG_0153,/content/BSM-Project/data/raw/BSM/Monazite/38.jpg,Monazite,GRP_0153,train,IMG_0153_r45_f1,45,True,/content/BSM-Project/data/augmented/train/Monazite/38__r45_f1.jpg
IMG_0153,/content/BSM-Project/data/raw/BSM/Monazite/38.jpg,Monazite,GRP_0153,train,IMG_0153_r90_f0,90,False,/content/BSM-Project/data/augmented/train/Monazite/38__r90_f0.jpg
IMG_0153,/content/BSM-Project/data/raw/BSM/Monazite/38.jpg,Monazite,GRP_0153,train,IMG_0153_r90_f1,90,True,/content/BSM-Project/data/augmented/train/Monazite/38__r90_f1.jpg
IMG_0153,/content/BSM-Project/data/raw/BSM/Monazite/38.jpg,Monazite,GRP_0153,train,IMG_0153_r180_f0,180,False,/content/BSM-Project/data/augmented/train/Monazite/38__r180_f0.jpg
IMG_0153,/content/BSM-Project/data/raw/BSM/Monazite/38.jpg,Monazite,GRP_0153,train,IMG_0153_r180_f1,180,True,/content/BSM-Project/data/augmented/train/Monazite/38__r180_f1.jpg
IMG_0153,/content/BSM-Project/data/raw/BSM/Monazite/38.jpg,Monazite,GRP_0153,train,IMG_0153_r270_f0,270,False,/content/BSM-Project/data/augmented/train/Monazite/38__r270_f0.jpg
IMG_0153,/content/BSM-Project/data/raw/BSM/Monazite/38.jpg,Monazite,GRP_0153,train,IMG_0153_r270_f1,270,True,/content/BSM-Project/data/augmented/train/Monazite/38__r270_f1.jpg
IMG_0154,/content/BSM-Project/data/raw/BSM/Monazite/39.jpg,Monazite,GRP_0154,train,IMG_0154_r0_f0,0,False,/content/BSM-Project/data/augmented/train/Monazite/39__r0_f0.jpg
IMG_0154,/content/BSM-Project/data/raw/BSM/Monazite/39.jpg,Monazite,GRP_0154,train,IMG_0154_r0_f1,0,True,/content/BSM-Project/data/augmented/train/Monazite/39__r0_f1.jpg
IMG_0154,/content/BSM-Project/data/raw/BSM/Monazite/39.jpg,Monazite,GRP_0154,train,IMG_0154_r30_f0,30,False,/content/BSM-Project/data/augmented/train/Monazite/39__r30_f0.jpg
IMG_0154,/content/BSM-Project/data/raw/BSM/Monazite/39.jpg,Monazite,GRP_0154,train,IMG_0154_r30_f1,30,True,/content/BSM-Project/data/augmented/train/Monazite/39__r30_f1.jpg
IMG_0154,/content/BSM-Project/data/raw/BSM/Monazite/39.jpg,Monazite,GRP_0154,train,IMG_0154_r45_f0,45,False,/content/BSM-Project/data/augmented/train/Monazite/39__r45_f0.jpg
IMG_0154,/content/BSM-Project/data/raw/BSM/Monazite/39.jpg,Monazite,GRP_0154,train,IMG_0154_r45_f1,45,True,/content/BSM-Project/data/augmented/train/Monazite/39__r45_f1.jpg
IMG_0154,/content/BSM-Project/data/raw/BSM/Monazite/39.jpg,Monazite,GRP_0154,train,IMG_0154_r90_f0,90,False,/content/BSM-Project/data/augmented/train/Monazite/39__r90_f0.jpg
IMG_0154,/content/BSM-Project/data/raw/BSM/Monazite/39.jpg,Monazite,GRP_0154,train,IMG_0154_r90_f1,90,True,/content/BSM-Project/data/augmented/train/Monazite/39__r90_f1.jpg
IMG_0154,/content/BSM-Project/data/raw/BSM/Monazite/39.jpg,Monazite,GRP_0154,train,IMG_0154_r180_f0,180,False,/content/BSM-Project/data/augmented/train/Monazite/39__r180_f0.jpg
IMG_0154,/content/BSM-Project/data/raw/BSM/Monazite/39.jpg,Monazite,GRP_0154,train,IMG_0154_r180_f1,180,True,/content/BSM-Project/data/augmented/train/Monazite/39__r180_f1.jpg
IMG_0154,/content/BSM-Project/data/raw/BSM/Monazite/39.jpg,Monazite,GRP_0154,train,IMG_0154_r270_f0,270,False,/content/BSM-Project/data/augmented/train/Monazite/39__r270_f0.jpg
IMG_0154,/content/BSM-Project/data/raw/BSM/Monazite/39.jpg,Monazite,GRP_0154,train,IMG_0154_r270_f1,270,True,/content/BSM-Project/data/augmented/train/Monazite/39__r270_f1.jpg
IMG_0155,/content/BSM-Project/data/raw/BSM/Monazite/4.jpg,Monazite,GRP_0155,train,IMG_0155_r0_f0,0,False,/content/BSM-Project/data/augmented/train/Monazite/4__r0_f0.jpg
IMG_0155,/content/BSM-Project/data/raw/BSM/Monazite/4.jpg,Monazite,GRP_0155,train,IMG_0155_r0_f1,0,True,/content/BSM-Project/data/augmented/train/Monazite/4__r0_f1.jpg
IMG_0155,/content/BSM-Project/data/raw/BSM/Monazite/4.jpg,Monazite,GRP_0155,train,IMG_0155_r30_f0,30,False,/content/BSM-Project/data/augmented/train/Monazite/4__r30_f0.jpg
IMG_0155,/content/BSM-Project/data/raw/BSM/Monazite/4.jpg,Monazite,GRP_0155,train,IMG_0155_r30_f1,30,True,/content/BSM-Project/data/augmented/train/Monazite/4__r30_f1.jpg
IMG_0155,/content/BSM-Project/data/raw/BSM/Monazite/4.jpg,Monazite,GRP_0155,train,IMG_0155_r45_f0,45,False,/content/BSM-Project/data/augmented/train/Monazite/4__r45_f0.jpg
IMG_0155,/content/BSM-Project/data/raw/BSM/Monazite/4.jpg,Monazite,GRP_0155,train,IMG_0155_r45_f1,45,True,/content/BSM-Project/data/augmented/train/Monazite/4__r45_f1.jpg
IMG_0155,/content/BSM-Project/data/raw/BSM/Monazite/4.jpg,Monazite,GRP_0155,train,IMG_0155_r90_f0,90,False,/content/BSM-Project/data/augmented/train/Monazite/4__r90_f0.jpg
IMG_0155,/content/BSM-Project/data/raw/BSM/Monazite/4.jpg,Monazite,GRP_0155,train,IMG_0155_r90_f1,90,True,/content/BSM-Project/data/augmented/train/Monazite/4__r90_f1.jpg
IMG_0155,/content/BSM-Project/data/raw/BSM/Monazite/4.jpg,Monazite,GRP_0155,train,IMG_0155_r180_f0,180,False,/content/BSM-Project/data/augmented/train/Monazite/4__r180_f0.jpg
IMG_0155,/content/BSM-Project/data/raw/BSM/Monazite/4.jpg,Monazite,GRP_0155,train,IMG_0155_r180_f1,180,True,/content/BSM-Project/data/augmented/train/Monazite/4__r180_f1.jpg
IMG_0155,/content/BSM-Project/data/raw/BSM/Monazite/4.jpg,Monazite,GRP_0155,train,IMG_0155_r270_f0,270,False,/content/BSM-Project/data/augmented/train/Monazite/4__r270_f0.jpg
IMG_0155,/content/BSM-Project/data/raw/BSM/Monazite/4.jpg,Monazite,GRP_0155,train,IMG_0155_r270_f1,270,True,/content/BSM-Project/data/augmented/train/Monazite/4__r270_f1.jpg
IMG_0156,/content/BSM-Project/data/raw/BSM/Monazite/40.jpg,Monazite,GRP_0156,train,IMG_0156_r0_f0,0,False,/content/BSM-Project/data/augmented/train/Monazite/40__r0_f0.jpg
IMG_0156,/content/BSM-Project/data/raw/BSM/Monazite/40.jpg,Monazite,GRP_0156,train,IMG_0156_r0_f1,0,True,/content/BSM-Project/data/augmented/train/Monazite/40__r0_f1.jpg
IMG_0156,/content/BSM-Project/data/raw/BSM/Monazite/40.jpg,Monazite,GRP_0156,train,IMG_0156_r30_f0,30,False,/content/BSM-Project/data/augmented/train/Monazite/40__r30_f0.jpg
IMG_0156,/content/BSM-Project/data/raw/BSM/Monazite/40.jpg,Monazite,GRP_0156,train,IMG_0156_r30_f1,30,True,/content/BSM-Project/data/augmented/train/Monazite/40__r30_f1.jpg
IMG_0156,/content/BSM-Project/data/raw/BSM/Monazite/40.jpg,Monazite,GRP_0156,train,IMG_0156_r45_f0,45,False,/content/BSM-Project/data/augmented/train/Monazite/40__r45_f0.jpg
IMG_0156,/content/BSM-Project/data/raw/BSM/Monazite/40.jpg,Monazite,GRP_0156,train,IMG_0156_r45_f1,45,True,/content/BSM-Project/data/augmented/train/Monazite/40__r45_f1.jpg
IMG_0156,/content/BSM-Project/data/raw/BSM/Monazite/40.jpg,Monazite,GRP_0156,train,IMG_0156_r90_f0,90,False,/content/BSM-Project/data/augmented/train/Monazite/40__r90_f0.jpg
IMG_0156,/content/BSM-Project/data/raw/BSM/Monazite/40.jpg,Monazite,GRP_0156,train,IMG_0156_r90_f1,90,True,/content/BSM-Project/data/augmented/train/Monazite/40__r90_f1.jpg
IMG_0156,/content/BSM-Project/data/raw/BSM/Monazite/40.jpg,Monazite,GRP_0156,train,IMG_0156_r180_f0,180,False,/content/BSM-Project/data/augmented/train/Monazite/40__r180_f0.jpg
IMG_0156,/content/BSM-Project/data/raw/BSM/Monazite/40.jpg,Monazite,GRP_0156,train,IMG_0156_r180_f1,180,True,/content/BSM-Project/data/augmented/train/Monazite/40__r180_f1.jpg
IMG_0156,/content/BSM-Project/data/raw/BSM/Monazite/40.jpg,Monazite,GRP_0156,train,IMG_0156_r270_f0,270,False,/content/BSM-Project/data/augmented/train/Monazite/40__r270_f0.jpg
IMG_0156,/content/BSM-Project/data/raw/BSM/Monazite/40.jpg,Monazite,GRP_0156,train,IMG_0156_r270_f1,270,True,/content/BSM-Project/data/augmented/train/Monazite/40__r270_f1.jpg
IMG_0157,/content/BSM-Project/data/raw/BSM/Monazite/41.jpg,Monazite,GRP_0157,train,IMG_0157_r0_f0,0,False,/content/BSM-Project/data/augmented/train/Monazite/41__r0_f0.jpg
IMG_0157,/content/BSM-Project/data/raw/BSM/Monazite/41.jpg,Monazite,GRP_0157,train,IMG_0157_r0_f1,0,True,/content/BSM-Project/data/augmented/train/Monazite/41__r0_f1.jpg
IMG_0157,/content/BSM-Project/data/raw/BSM/Monazite/41.jpg,Monazite,GRP_0157,train,IMG_0157_r30_f0,30,False,/content/BSM-Project/data/augmented/train/Monazite/41__r30_f0.jpg
IMG_0157,/content/BSM-Project/data/raw/BSM/Monazite/41.jpg,Monazite,GRP_0157,train,IMG_0157_r30_f1,30,True,/content/BSM-Project/data/augmented/train/Monazite/41__r30_f1.jpg
IMG_0157,/content/BSM-Project/data/raw/BSM/Monazite/41.jpg,Monazite,GRP_0157,train,IMG_0157_r45_f0,45,False,/content/BSM-Project/data/augmented/train/Monazite/41__r45_f0.jpg
IMG_0157,/content/BSM-Project/data/raw/BSM/Monazite/41.jpg,Monazite,GRP_0157,train,IMG_0157_r45_f1,45,True,/content/BSM-Project/data/augmented/train/Monazite/41__r45_f1.jpg
IMG_0157,/content/BSM-Project/data/raw/BSM/Monazite/41.jpg,Monazite,GRP_0157,train,IMG_0157_r90_f0,90,False,/content/BSM-Project/data/augmented/train/Monazite/41__r90_f0.jpg
IMG_0157,/content/BSM-Project/data/raw/BSM/Monazite/41.jpg,Monazite,GRP_0157,train,IMG_0157_r90_f1,90,True,/content/BSM-Project/data/augmented/train/Monazite/41__r90_f1.jpg
IMG_0157,/content/BSM-Project/data/raw/BSM/Monazite/41.jpg,Monazite,GRP_0157,train,IMG_0157_r180_f0,180,False,/content/BSM-Project/data/augmented/train/Monazite/41__r180_f0.jpg
IMG_0157,/content/BSM-Project/data/raw/BSM/Monazite/41.jpg,Monazite,GRP_0157,train,IMG_0157_r180_f1,180,True,/content/BSM-Project/data/augmented/train/Monazite/41__r180_f1.jpg
IMG_0157,/content/BSM-Project/data/raw/BSM/Monazite/41.jpg,Monazite,GRP_0157,train,IMG_0157_r270_f0,270,False,/content/BSM-Project/data/augmented/train/Monazite/41__r270_f0.jpg
IMG_0157,/content/BSM-Project/data/raw/BSM/Monazite/41.jpg,Monazite,GRP_0157,train,IMG_0157_r270_f1,270,True,/content/BSM-Project/data/augmented/train/Monazite/41__r270_f1.jpg
IMG_0158,/content/BSM-Project/data/raw/BSM/Monazite/42.jpg,Monazite,GRP_0158,train,IMG_0158_r0_f0,0,False,/content/BSM-Project/data/augmented/train/Monazite/42__r0_f0.jpg
IMG_0158,/content/BSM-Project/data/raw/BSM/Monazite/42.jpg,Monazite,GRP_0158,train,IMG_0158_r0_f1,0,True,/content/BSM-Project/data/augmented/train/Monazite/42__r0_f1.jpg
IMG_0158,/content/BSM-Project/data/raw/BSM/Monazite/42.jpg,Monazite,GRP_0158,train,IMG_0158_r30_f0,30,False,/content/BSM-Project/data/augmented/train/Monazite/42__r30_f0.jpg
IMG_0158,/content/BSM-Project/data/raw/BSM/Monazite/42.jpg,Monazite,GRP_0158,train,IMG_0158_r30_f1,30,True,/content/BSM-Project/data/augmented/train/Monazite/42__r30_f1.jpg
IMG_0158,/content/BSM-Project/data/raw/BSM/Monazite/42.jpg,Monazite,GRP_0158,train,IMG_0158_r45_f0,45,False,/content/BSM-Project/data/augmented/train/Monazite/42__r45_f0.jpg
IMG_0158,/content/BSM-Project/data/raw/BSM/Monazite/42.jpg,Monazite,GRP_0158,train,IMG_0158_r45_f1,45,True,/content/BSM-Project/data/augmented/train/Monazite/42__r45_f1.jpg
IMG_0158,/content/BSM-Project/data/raw/BSM/Monazite/42.jpg,Monazite,GRP_0158,train,IMG_0158_r90_f0,90,False,/content/BSM-Project/data/augmented/train/Monazite/42__r90_f0.jpg
IMG_0158,/content/BSM-Project/data/raw/BSM/Monazite/42.jpg,Monazite,GRP_0158,train,IMG_0158_r90_f1,90,True,/content/BSM-Project/data/augmented/train/Monazite/42__r90_f1.jpg
IMG_0158,/content/BSM-Project/data/raw/BSM/Monazite/42.jpg,Monazite,GRP_0158,train,IMG_0158_r180_f0,180,False,/content/BSM-Project/data/augmented/train/Monazite/42__r180_f0.jpg
IMG_0158,/content/BSM-Project/data/raw/BSM/Monazite/42.jpg,Monazite,GRP_0158,train,IMG_0158_r180_f1,180,True,/content/BSM-Project/data/augmented/train/Monazite/42__r180_f1.jpg
IMG_0158,/content/BSM-Project/data/raw/BSM/Monazite/42.jpg,Monazite,GRP_0158,train,IMG_0158_r270_f0,270,False,/content/BSM-Project/data/augmented/train/Monazite/42__r270_f0.jpg
IMG_0158,/content/BSM-Project/data/raw/BSM/Monazite/42.jpg,Monazite,GRP_0158,train,IMG_0158_r270_f1,270,True,/content/BSM-Project/data/augmented/train/Monazite/42__r270_f1.jpg
IMG_0159,/content/BSM-Project/data/raw/BSM/Monazite/43.jpg,Monazite,GRP_0159,train,IMG_0159_r0_f0,0,False,/content/BSM-Project/data/augmented/train/Monazite/43__r0_f0.jpg
IMG_0159,/content/BSM-Project/data/raw/BSM/Monazite/43.jpg,Monazite,GRP_0159,train,IMG_0159_r0_f1,0,True,/content/BSM-Project/data/augmented/train/Monazite/43__r0_f1.jpg
IMG_0159,/content/BSM-Project/data/raw/BSM/Monazite/43.jpg,Monazite,GRP_0159,train,IMG_0159_r30_f0,30,False,/content/BSM-Project/data/augmented/train/Monazite/43__r30_f0.jpg
IMG_0159,/content/BSM-Project/data/raw/BSM/Monazite/43.jpg,Monazite,GRP_0159,train,IMG_0159_r30_f1,30,True,/content/BSM-Project/data/augmented/train/Monazite/43__r30_f1.jpg
IMG_0159,/content/BSM-Project/data/raw/BSM/Monazite/43.jpg,Monazite,GRP_0159,train,IMG_0159_r45_f0,45,False,/content/BSM-Project/data/augmented/train/Monazite/43__r45_f0.jpg
IMG_0159,/content/BSM-Project/data/raw/BSM/Monazite/43.jpg,Monazite,GRP_0159,train,IMG_0159_r45_f1,45,True,/content/BSM-Project/data/augmented/train/Monazite/43__r45_f1.jpg
IMG_0159,/content/BSM-Project/data/raw/BSM/Monazite/43.jpg,Monazite,GRP_0159,train,IMG_0159_r90_f0,90,False,/content/BSM-Project/data/augmented/train/Monazite/43__r90_f0.jpg
IMG_0159,/content/BSM-Project/data/raw/BSM/Monazite/43.jpg,Monazite,GRP_0159,train,IMG_0159_r90_f1,90,True,/content/BSM-Project/data/augmented/train/Monazite/43__r90_f1.jpg
IMG_0159,/content/BSM-Project/data/raw/BSM/Monazite/43.jpg,Monazite,GRP_0159,train,IMG_0159_r180_f0,180,False,/content/BSM-Project/data/augmented/train/Monazite/43__r180_f0.jpg
IMG_0159,/content/BSM-Project/data/raw/BSM/Monazite/43.jpg,Monazite,GRP_0159,train,IMG_0159_r180_f1,180,True,/content/BSM-Project/data/augmented/train/Monazite/43__r180_f1.jpg
IMG_0159,/content/BSM-Project/data/raw/BSM/Monazite/43.jpg,Monazite,GRP_0159,train,IMG_0159_r270_f0,270,False,/content/BSM-Project/data/augmented/train/Monazite/43__r270_f0.jpg
IMG_0159,/content/BSM-Project/data/raw/BSM/Monazite/43.jpg,Monazite,GRP_0159,train,IMG_0159_r270_f1,270,True,/content/BSM-Project/data/augmented/train/Monazite/43__r270_f1.jpg
IMG_0160,/content/BSM-Project/data/raw/BSM/Monazite/44.jpg,Monazite,GRP_0160,train,IMG_0160_r0_f0,0,False,/content/BSM-Project/data/augmented/train/Monazite/44__r0_f0.jpg
IMG_0160,/content/BSM-Project/data/raw/BSM/Monazite/44.jpg,Monazite,GRP_0160,train,IMG_0160_r0_f1,0,True,/content/BSM-Project/data/augmented/train/Monazite/44__r0_f1.jpg
IMG_0160,/content/BSM-Project/data/raw/BSM/Monazite/44.jpg,Monazite,GRP_0160,train,IMG_0160_r30_f0,30,False,/content/BSM-Project/data/augmented/train/Monazite/44__r30_f0.jpg
IMG_0160,/content/BSM-Project/data/raw/BSM/Monazite/44.jpg,Monazite,GRP_0160,train,IMG_0160_r30_f1,30,True,/content/BSM-Project/data/augmented/train/Monazite/44__r30_f1.jpg
IMG_0160,/content/BSM-Project/data/raw/BSM/Monazite/44.jpg,Monazite,GRP_0160,train,IMG_0160_r45_f0,45,False,/content/BSM-Project/data/augmented/train/Monazite/44__r45_f0.jpg
IMG_0160,/content/BSM-Project/data/raw/BSM/Monazite/44.jpg,Monazite,GRP_0160,train,IMG_0160_r45_f1,45,True,/content/BSM-Project/data/augmented/train/Monazite/44__r45_f1.jpg
IMG_0160,/content/BSM-Project/data/raw/BSM/Monazite/44.jpg,Monazite,GRP_0160,train,IMG_0160_r90_f0,90,False,/content/BSM-Project/data/augmented/train/Monazite/44__r90_f0.jpg
IMG_0160,/content/BSM-Project/data/raw/BSM/Monazite/44.jpg,Monazite,GRP_0160,train,IMG_0160_r90_f1,90,True,/content/BSM-Project/data/augmented/train/Monazite/44__r90_f1.jpg
IMG_0160,/content/BSM-Project/data/raw/BSM/Monazite/44.jpg,Monazite,GRP_0160,train,IMG_0160_r180_f0,180,False,/content/BSM-Project/data/augmented/train/Monazite/44__r180_f0.jpg
IMG_0160,/content/BSM-Project/data/raw/BSM/Monazite/44.jpg,Monazite,GRP_0160,train,IMG_0160_r180_f1,180,True,/content/BSM-Project/data/augmented/train/Monazite/44__r180_f1.jpg
IMG_0160,/content/BSM-Project/data/raw/BSM/Monazite/44.jpg,Monazite,GRP_0160,train,IMG_0160_r270_f0,270,False,/content/BSM-Project/data/augmented/train/Monazite/44__r270_f0.jpg
IMG_0160,/content/BSM-Project/data/raw/BSM/Monazite/44.jpg,Monazite,GRP_0160,train,IMG_0160_r270_f1,270,True,/content/BSM-Project/data/augmented/train/Monazite/44__r270_f1.jpg
IMG_0162,/content/BSM-Project/data/raw/BSM/Monazite/46.jpg,Monazite,GRP_0162,train,IMG_0162_r0_f0,0,False,/content/BSM-Project/data/augmented/train/Monazite/46__r0_f0.jpg
IMG_0162,/content/BSM-Project/data/raw/BSM/Monazite/46.jpg,Monazite,GRP_0162,train,IMG_0162_r0_f1,0,True,/content/BSM-Project/data/augmented/train/Monazite/46__r0_f1.jpg
IMG_0162,/content/BSM-Project/data/raw/BSM/Monazite/46.jpg,Monazite,GRP_0162,train,IMG_0162_r30_f0,30,False,/content/BSM-Project/data/augmented/train/Monazite/46__r30_f0.jpg
IMG_0162,/content/BSM-Project/data/raw/BSM/Monazite/46.jpg,Monazite,GRP_0162,train,IMG_0162_r30_f1,30,True,/content/BSM-Project/data/augmented/train/Monazite/46__r30_f1.jpg
IMG_0162,/content/BSM-Project/data/raw/BSM/Monazite/46.jpg,Monazite,GRP_0162,train,IMG_0162_r45_f0,45,False,/content/BSM-Project/data/augmented/train/Monazite/46__r45_f0.jpg
IMG_0162,/content/BSM-Project/data/raw/BSM/Monazite/46.jpg,Monazite,GRP_0162,train,IMG_0162_r45_f1,45,True,/content/BSM-Project/data/augmented/train/Monazite/46__r45_f1.jpg
IMG_0162,/content/BSM-Project/data/raw/BSM/Monazite/46.jpg,Monazite,GRP_0162,train,IMG_0162_r90_f0,90,False,/content/BSM-Project/data/augmented/train/Monazite/46__r90_f0.jpg
IMG_0162,/content/BSM-Project/data/raw/BSM/Monazite/46.jpg,Monazite,GRP_0162,train,IMG_0162_r90_f1,90,True,/content/BSM-Project/data/augmented/train/Monazite/46__r90_f1.jpg
IMG_0162,/content/BSM-Project/data/raw/BSM/Monazite/46.jpg,Monazite,GRP_0162,train,IMG_0162_r180_f0,180,False,/content/BSM-Project/data/augmented/train/Monazite/46__r180_f0.jpg
IMG_0162,/content/BSM-Project/data/raw/BSM/Monazite/46.jpg,Monazite,GRP_0162,train,IMG_0162_r180_f1,180,True,/content/BSM-Project/data/augmented/train/Monazite/46__r180_f1.jpg
IMG_0162,/content/BSM-Project/data/raw/BSM/Monazite/46.jpg,Monazite,GRP_0162,train,IMG_0162_r270_f0,270,False,/content/BSM-Project/data/augmented/train/Monazite/46__r270_f0.jpg
IMG_0162,/content/BSM-Project/data/raw/BSM/Monazite/46.jpg,Monazite,GRP_0162,train,IMG_0162_r270_f1,270,True,/content/BSM-Project/data/augmented/train/Monazite/46__r270_f1.jpg
IMG_0165,/content/BSM-Project/data/raw/BSM/Monazite/49.jpg,Monazite,GRP_0165,train,IMG_0165_r0_f0,0,False,/content/BSM-Project/data/augmented/train/Monazite/49__r0_f0.jpg
IMG_0165,/content/BSM-Project/data/raw/BSM/Monazite/49.jpg,Monazite,GRP_0165,train,IMG_0165_r0_f1,0,True,/content/BSM-Project/data/augmented/train/Monazite/49__r0_f1.jpg
IMG_0165,/content/BSM-Project/data/raw/BSM/Monazite/49.jpg,Monazite,GRP_0165,train,IMG_0165_r30_f0,30,False,/content/BSM-Project/data/augmented/train/Monazite/49__r30_f0.jpg
IMG_0165,/content/BSM-Project/data/raw/BSM/Monazite/49.jpg,Monazite,GRP_0165,train,IMG_0165_r30_f1,30,True,/content/BSM-Project/data/augmented/train/Monazite/49__r30_f1.jpg
IMG_0165,/content/BSM-Project/data/raw/BSM/Monazite/49.jpg,Monazite,GRP_0165,train,IMG_0165_r45_f0,45,False,/content/BSM-Project/data/augmented/train/Monazite/49__r45_f0.jpg
IMG_0165,/content/BSM-Project/data/raw/BSM/Monazite/49.jpg,Monazite,GRP_0165,train,IMG_0165_r45_f1,45,True,/content/BSM-Project/data/augmented/train/Monazite/49__r45_f1.jpg
IMG_0165,/content/BSM-Project/data/raw/BSM/Monazite/49.jpg,Monazite,GRP_0165,train,IMG_0165_r90_f0,90,False,/content/BSM-Project/data/augmented/train/Monazite/49__r90_f0.jpg
IMG_0165,/content/BSM-Project/data/raw/BSM/Monazite/49.jpg,Monazite,GRP_0165,train,IMG_0165_r90_f1,90,True,/content/BSM-Project/data/augmented/train/Monazite/49__r90_f1.jpg
IMG_0165,/content/BSM-Project/data/raw/BSM/Monazite/49.jpg,Monazite,GRP_0165,train,IMG_0165_r180_f0,180,False,/content/BSM-Project/data/augmented/train/Monazite/49__r180_f0.jpg
IMG_0165,/content/BSM-Project/data/raw/BSM/Monazite/49.jpg,Monazite,GRP_0165,train,IMG_0165_r180_f1,180,True,/content/BSM-Project/data/augmented/train/Monazite/49__r180_f1.jpg
IMG_0165,/content/BSM-Project/data/raw/BSM/Monazite/49.jpg,Monazite,GRP_0165,train,IMG_0165_r270_f0,270,False,/content/BSM-Project/data/augmented/train/Monazite/49__r270_f0.jpg
IMG_0165,/content/BSM-Project/data/raw/BSM/Monazite/49.jpg,Monazite,GRP_0165,train,IMG_0165_r270_f1,270,True,/content/BSM-Project/data/augmented/train/Monazite/49__r270_f1.jpg
IMG_0166,/content/BSM-Project/data/raw/BSM/Monazite/5.jpg,Monazite,GRP_0166,train,IMG_0166_r0_f0,0,False,/content/BSM-Project/data/augmented/train/Monazite/5__r0_f0.jpg
IMG_0166,/content/BSM-Project/data/raw/BSM/Monazite/5.jpg,Monazite,GRP_0166,train,IMG_0166_r0_f1,0,True,/content/BSM-Project/data/augmented/train/Monazite/5__r0_f1.jpg
IMG_0166,/content/BSM-Project/data/raw/BSM/Monazite/5.jpg,Monazite,GRP_0166,train,IMG_0166_r30_f0,30,False,/content/BSM-Project/data/augmented/train/Monazite/5__r30_f0.jpg
IMG_0166,/content/BSM-Project/data/raw/BSM/Monazite/5.jpg,Monazite,GRP_0166,train,IMG_0166_r30_f1,30,True,/content/BSM-Project/data/augmented/train/Monazite/5__r30_f1.jpg
IMG_0166,/content/BSM-Project/data/raw/BSM/Monazite/5.jpg,Monazite,GRP_0166,train,IMG_0166_r45_f0,45,False,/content/BSM-Project/data/augmented/train/Monazite/5__r45_f0.jpg
IMG_0166,/content/BSM-Project/data/raw/BSM/Monazite/5.jpg,Monazite,GRP_0166,train,IMG_0166_r45_f1,45,True,/content/BSM-Project/data/augmented/train/Monazite/5__r45_f1.jpg
IMG_0166,/content/BSM-Project/data/raw/BSM/Monazite/5.jpg,Monazite,GRP_0166,train,IMG_0166_r90_f0,90,False,/content/BSM-Project/data/augmented/train/Monazite/5__r90_f0.jpg
IMG_0166,/content/BSM-Project/data/raw/BSM/Monazite/5.jpg,Monazite,GRP_0166,train,IMG_0166_r90_f1,90,True,/content/BSM-Project/data/augmented/train/Monazite/5__r90_f1.jpg
IMG_0166,/content/BSM-Project/data/raw/BSM/Monazite/5.jpg,Monazite,GRP_0166,train,IMG_0166_r180_f0,180,False,/content/BSM-Project/data/augmented/train/Monazite/5__r180_f0.jpg
IMG_0166,/content/BSM-Project/data/raw/BSM/Monazite/5.jpg,Monazite,GRP_0166,train,IMG_0166_r180_f1,180,True,/content/BSM-Project/data/augmented/train/Monazite/5__r180_f1.jpg
IMG_0166,/content/BSM-Project/data/raw/BSM/Monazite/5.jpg,Monazite,GRP_0166,train,IMG_0166_r270_f0,270,False,/content/BSM-Project/data/augmented/train/Monazite/5__r270_f0.jpg
IMG_0166,/content/BSM-Project/data/raw/BSM/Monazite/5.jpg,Monazite,GRP_0166,train,IMG_0166_r270_f1,270,True,/content/BSM-Project/data/augmented/train/Monazite/5__r270_f1.jpg
IMG_0167,/content/BSM-Project/data/raw/BSM/Monazite/50.jpg,Monazite,GRP_0167,train,IMG_0167_r0_f0,0,False,/content/BSM-Project/data/augmented/train/Monazite/50__r0_f0.jpg
IMG_0167,/content/BSM-Project/data/raw/BSM/Monazite/50.jpg,Monazite,GRP_0167,train,IMG_0167_r0_f1,0,True,/content/BSM-Project/data/augmented/train/Monazite/50__r0_f1.jpg
IMG_0167,/content/BSM-Project/data/raw/BSM/Monazite/50.jpg,Monazite,GRP_0167,train,IMG_0167_r30_f0,30,False,/content/BSM-Project/data/augmented/train/Monazite/50__r30_f0.jpg
IMG_0167,/content/BSM-Project/data/raw/BSM/Monazite/50.jpg,Monazite,GRP_0167,train,IMG_0167_r30_f1,30,True,/content/BSM-Project/data/augmented/train/Monazite/50__r30_f1.jpg
IMG_0167,/content/BSM-Project/data/raw/BSM/Monazite/50.jpg,Monazite,GRP_0167,train,IMG_0167_r45_f0,45,False,/content/BSM-Project/data/augmented/train/Monazite/50__r45_f0.jpg
IMG_0167,/content/BSM-Project/data/raw/BSM/Monazite/50.jpg,Monazite,GRP_0167,train,IMG_0167_r45_f1,45,True,/content/BSM-Project/data/augmented/train/Monazite/50__r45_f1.jpg
IMG_0167,/content/BSM-Project/data/raw/BSM/Monazite/50.jpg,Monazite,GRP_0167,train,IMG_0167_r90_f0,90,False,/content/BSM-Project/data/augmented/train/Monazite/50__r90_f0.jpg
IMG_0167,/content/BSM-Project/data/raw/BSM/Monazite/50.jpg,Monazite,GRP_0167,train,IMG_0167_r90_f1,90,True,/content/BSM-Project/data/augmented/train/Monazite/50__r90_f1.jpg
IMG_0167,/content/BSM-Project/data/raw/BSM/Monazite/50.jpg,Monazite,GRP_0167,train,IMG_0167_r180_f0,180,False,/content/BSM-Project/data/augmented/train/Monazite/50__r180_f0.jpg
IMG_0167,/content/BSM-Project/data/raw/BSM/Monazite/50.jpg,Monazite,GRP_0167,train,IMG_0167_r180_f1,180,True,/content/BSM-Project/data/augmented/train/Monazite/50__r180_f1.jpg
IMG_0167,/content/BSM-Project/data/raw/BSM/Monazite/50.jpg,Monazite,GRP_0167,train,IMG_0167_r270_f0,270,False,/content/BSM-Project/data/augmented/train/Monazite/50__r270_f0.jpg
IMG_0167,/content/BSM-Project/data/raw/BSM/Monazite/50.jpg,Monazite,GRP_0167,train,IMG_0167_r270_f1,270,True,/content/BSM-Project/data/augmented/train/Monazite/50__r270_f1.jpg
IMG_0168,/content/BSM-Project/data/raw/BSM/Monazite/51.jpg,Monazite,GRP_0168,train,IMG_0168_r0_f0,0,False,/content/BSM-Project/data/augmented/train/Monazite/51__r0_f0.jpg
IMG_0168,/content/BSM-Project/data/raw/BSM/Monazite/51.jpg,Monazite,GRP_0168,train,IMG_0168_r0_f1,0,True,/content/BSM-Project/data/augmented/train/Monazite/51__r0_f1.jpg
IMG_0168,/content/BSM-Project/data/raw/BSM/Monazite/51.jpg,Monazite,GRP_0168,train,IMG_0168_r30_f0,30,False,/content/BSM-Project/data/augmented/train/Monazite/51__r30_f0.jpg
IMG_0168,/content/BSM-Project/data/raw/BSM/Monazite/51.jpg,Monazite,GRP_0168,train,IMG_0168_r30_f1,30,True,/content/BSM-Project/data/augmented/train/Monazite/51__r30_f1.jpg
IMG_0168,/content/BSM-Project/data/raw/BSM/Monazite/51.jpg,Monazite,GRP_0168,train,IMG_0168_r45_f0,45,False,/content/BSM-Project/data/augmented/train/Monazite/51__r45_f0.jpg
IMG_0168,/content/BSM-Project/data/raw/BSM/Monazite/51.jpg,Monazite,GRP_0168,train,IMG_0168_r45_f1,45,True,/content/BSM-Project/data/augmented/train/Monazite/51__r45_f1.jpg
IMG_0168,/content/BSM-Project/data/raw/BSM/Monazite/51.jpg,Monazite,GRP_0168,train,IMG_0168_r90_f0,90,False,/content/BSM-Project/data/augmented/train/Monazite/51__r90_f0.jpg
IMG_0168,/content/BSM-Project/data/raw/BSM/Monazite/51.jpg,Monazite,GRP_0168,train,IMG_0168_r90_f1,90,True,/content/BSM-Project/data/augmented/train/Monazite/51__r90_f1.jpg
IMG_0168,/content/BSM-Project/data/raw/BSM/Monazite/51.jpg,Monazite,GRP_0168,train,IMG_0168_r180_f0,180,False,/content/BSM-Project/data/augmented/train/Monazite/51__r180_f0.jpg
IMG_0168,/content/BSM-Project/data/raw/BSM/Monazite/51.jpg,Monazite,GRP_0168,train,IMG_0168_r180_f1,180,True,/content/BSM-Project/data/augmented/train/Monazite/51__r180_f1.jpg
IMG_0168,/content/BSM-Project/data/raw/BSM/Monazite/51.jpg,Monazite,GRP_0168,train,IMG_0168_r270_f0,270,False,/content/BSM-Project/data/augmented/train/Monazite/51__r270_f0.jpg
IMG_0168,/content/BSM-Project/data/raw/BSM/Monazite/51.jpg,Monazite,GRP_0168,train,IMG_0168_r270_f1,270,True,/content/BSM-Project/data/augmented/train/Monazite/51__r270_f1.jpg
IMG_0169,/content/BSM-Project/data/raw/BSM/Monazite/52.jpg,Monazite,GRP_0169,train,IMG_0169_r0_f0,0,False,/content/BSM-Project/data/augmented/train/Monazite/52__r0_f0.jpg
IMG_0169,/content/BSM-Project/data/raw/BSM/Monazite/52.jpg,Monazite,GRP_0169,train,IMG_0169_r0_f1,0,True,/content/BSM-Project/data/augmented/train/Monazite/52__r0_f1.jpg
IMG_0169,/content/BSM-Project/data/raw/BSM/Monazite/52.jpg,Monazite,GRP_0169,train,IMG_0169_r30_f0,30,False,/content/BSM-Project/data/augmented/train/Monazite/52__r30_f0.jpg
IMG_0169,/content/BSM-Project/data/raw/BSM/Monazite/52.jpg,Monazite,GRP_0169,train,IMG_0169_r30_f1,30,True,/content/BSM-Project/data/augmented/train/Monazite/52__r30_f1.jpg
IMG_0169,/content/BSM-Project/data/raw/BSM/Monazite/52.jpg,Monazite,GRP_0169,train,IMG_0169_r45_f0,45,False,/content/BSM-Project/data/augmented/train/Monazite/52__r45_f0.jpg
IMG_0169,/content/BSM-Project/data/raw/BSM/Monazite/52.jpg,Monazite,GRP_0169,train,IMG_0169_r45_f1,45,True,/content/BSM-Project/data/augmented/train/Monazite/52__r45_f1.jpg
IMG_0169,/content/BSM-Project/data/raw/BSM/Monazite/52.jpg,Monazite,GRP_0169,train,IMG_0169_r90_f0,90,False,/content/BSM-Project/data/augmented/train/Monazite/52__r90_f0.jpg
IMG_0169,/content/BSM-Project/data/raw/BSM/Monazite/52.jpg,Monazite,GRP_0169,train,IMG_0169_r90_f1,90,True,/content/BSM-Project/data/augmented/train/Monazite/52__r90_f1.jpg
IMG_0169,/content/BSM-Project/data/raw/BSM/Monazite/52.jpg,Monazite,GRP_0169,train,IMG_0169_r180_f0,180,False,/content/BSM-Project/data/augmented/train/Monazite/52__r180_f0.jpg
IMG_0169,/content/BSM-Project/data/raw/BSM/Monazite/52.jpg,Monazite,GRP_0169,train,IMG_0169_r180_f1,180,True,/content/BSM-Project/data/augmented/train/Monazite/52__r180_f1.jpg
IMG_0169,/content/BSM-Project/data/raw/BSM/Monazite/52.jpg,Monazite,GRP_0169,train,IMG_0169_r270_f0,270,False,/content/BSM-Project/data/augmented/train/Monazite/52__r270_f0.jpg
IMG_0169,/content/BSM-Project/data/raw/BSM/Monazite/52.jpg,Monazite,GRP_0169,train,IMG_0169_r270_f1,270,True,/content/BSM-Project/data/augmented/train/Monazite/52__r270_f1.jpg
IMG_0170,/content/BSM-Project/data/raw/BSM/Monazite/53.jpg,Monazite,GRP_0170,train,IMG_0170_r0_f0,0,False,/content/BSM-Project/data/augmented/train/Monazite/53__r0_f0.jpg
IMG_0170,/content/BSM-Project/data/raw/BSM/Monazite/53.jpg,Monazite,GRP_0170,train,IMG_0170_r0_f1,0,True,/content/BSM-Project/data/augmented/train/Monazite/53__r0_f1.jpg
IMG_0170,/content/BSM-Project/data/raw/BSM/Monazite/53.jpg,Monazite,GRP_0170,train,IMG_0170_r30_f0,30,False,/content/BSM-Project/data/augmented/train/Monazite/53__r30_f0.jpg
IMG_0170,/content/BSM-Project/data/raw/BSM/Monazite/53.jpg,Monazite,GRP_0170,train,IMG_0170_r30_f1,30,True,/content/BSM-Project/data/augmented/train/Monazite/53__r30_f1.jpg
IMG_0170,/content/BSM-Project/data/raw/BSM/Monazite/53.jpg,Monazite,GRP_0170,train,IMG_0170_r45_f0,45,False,/content/BSM-Project/data/augmented/train/Monazite/53__r45_f0.jpg
IMG_0170,/content/BSM-Project/data/raw/BSM/Monazite/53.jpg,Monazite,GRP_0170,train,IMG_0170_r45_f1,45,True,/content/BSM-Project/data/augmented/train/Monazite/53__r45_f1.jpg
IMG_0170,/content/BSM-Project/data/raw/BSM/Monazite/53.jpg,Monazite,GRP_0170,train,IMG_0170_r90_f0,90,False,/content/BSM-Project/data/augmented/train/Monazite/53__r90_f0.jpg
IMG_0170,/content/BSM-Project/data/raw/BSM/Monazite/53.jpg,Monazite,GRP_0170,train,IMG_0170_r90_f1,90,True,/content/BSM-Project/data/augmented/train/Monazite/53__r90_f1.jpg
IMG_0170,/content/BSM-Project/data/raw/BSM/Monazite/53.jpg,Monazite,GRP_0170,train,IMG_0170_r180_f0,180,False,/content/BSM-Project/data/augmented/train/Monazite/53__r180_f0.jpg
IMG_0170,/content/BSM-Project/data/raw/BSM/Monazite/53.jpg,Monazite,GRP_0170,train,IMG_0170_r180_f1,180,True,/content/BSM-Project/data/augmented/train/Monazite/53__r180_f1.jpg
IMG_0170,/content/BSM-Project/data/raw/BSM/Monazite/53.jpg,Monazite,GRP_0170,train,IMG_0170_r270_f0,270,False,/content/BSM-Project/data/augmented/train/Monazite/53__r270_f0.jpg
IMG_0170,/content/BSM-Project/data/raw/BSM/Monazite/53.jpg,Monazite,GRP_0170,train,IMG_0170_r270_f1,270,True,/content/BSM-Project/data/augmented/train/Monazite/53__r270_f1.jpg
IMG_0171,/content/BSM-Project/data/raw/BSM/Monazite/54.jpg,Monazite,GRP_0171,train,IMG_0171_r0_f0,0,False,/content/BSM-Project/data/augmented/train/Monazite/54__r0_f0.jpg
IMG_0171,/content/BSM-Project/data/raw/BSM/Monazite/54.jpg,Monazite,GRP_0171,train,IMG_0171_r0_f1,0,True,/content/BSM-Project/data/augmented/train/Monazite/54__r0_f1.jpg
IMG_0171,/content/BSM-Project/data/raw/BSM/Monazite/54.jpg,Monazite,GRP_0171,train,IMG_0171_r30_f0,30,False,/content/BSM-Project/data/augmented/train/Monazite/54__r30_f0.jpg
IMG_0171,/content/BSM-Project/data/raw/BSM/Monazite/54.jpg,Monazite,GRP_0171,train,IMG_0171_r30_f1,30,True,/content/BSM-Project/data/augmented/train/Monazite/54__r30_f1.jpg
IMG_0171,/content/BSM-Project/data/raw/BSM/Monazite/54.jpg,Monazite,GRP_0171,train,IMG_0171_r45_f0,45,False,/content/BSM-Project/data/augmented/train/Monazite/54__r45_f0.jpg
IMG_0171,/content/BSM-Project/data/raw/BSM/Monazite/54.jpg,Monazite,GRP_0171,train,IMG_0171_r45_f1,45,True,/content/BSM-Project/data/augmented/train/Monazite/54__r45_f1.jpg
IMG_0171,/content/BSM-Project/data/raw/BSM/Monazite/54.jpg,Monazite,GRP_0171,train,IMG_0171_r90_f0,90,False,/content/BSM-Project/data/augmented/train/Monazite/54__r90_f0.jpg
IMG_0171,/content/BSM-Project/data/raw/BSM/Monazite/54.jpg,Monazite,GRP_0171,train,IMG_0171_r90_f1,90,True,/content/BSM-Project/data/augmented/train/Monazite/54__r90_f1.jpg
IMG_0171,/content/BSM-Project/data/raw/BSM/Monazite/54.jpg,Monazite,GRP_0171,train,IMG_0171_r180_f0,180,False,/content/BSM-Project/data/augmented/train/Monazite/54__r180_f0.jpg
IMG_0171,/content/BSM-Project/data/raw/BSM/Monazite/54.jpg,Monazite,GRP_0171,train,IMG_0171_r180_f1,180,True,/content/BSM-Project/data/augmented/train/Monazite/54__r180_f1.jpg
IMG_0171,/content/BSM-Project/data/raw/BSM/Monazite/54.jpg,Monazite,GRP_0171,train,IMG_0171_r270_f0,270,False,/content/BSM-Project/data/augmented/train/Monazite/54__r270_f0.jpg
IMG_0171,/content/BSM-Project/data/raw/BSM/Monazite/54.jpg,Monazite,GRP_0171,train,IMG_0171_r270_f1,270,True,/content/BSM-Project/data/augmented/train/Monazite/54__r270_f1.jpg
IMG_0172,/content/BSM-Project/data/raw/BSM/Monazite/55.jpg,Monazite,GRP_0172,train,IMG_0172_r0_f0,0,False,/content/BSM-Project/data/augmented/train/Monazite/55__r0_f0.jpg
IMG_0172,/content/BSM-Project/data/raw/BSM/Monazite/55.jpg,Monazite,GRP_0172,train,IMG_0172_r0_f1,0,True,/content/BSM-Project/data/augmented/train/Monazite/55__r0_f1.jpg
IMG_0172,/content/BSM-Project/data/raw/BSM/Monazite/55.jpg,Monazite,GRP_0172,train,IMG_0172_r30_f0,30,False,/content/BSM-Project/data/augmented/train/Monazite/55__r30_f0.jpg
IMG_0172,/content/BSM-Project/data/raw/BSM/Monazite/55.jpg,Monazite,GRP_0172,train,IMG_0172_r30_f1,30,True,/content/BSM-Project/data/augmented/train/Monazite/55__r30_f1.jpg
IMG_0172,/content/BSM-Project/data/raw/BSM/Monazite/55.jpg,Monazite,GRP_0172,train,IMG_0172_r45_f0,45,False,/content/BSM-Project/data/augmented/train/Monazite/55__r45_f0.jpg
IMG_0172,/content/BSM-Project/data/raw/BSM/Monazite/55.jpg,Monazite,GRP_0172,train,IMG_0172_r45_f1,45,True,/content/BSM-Project/data/augmented/train/Monazite/55__r45_f1.jpg
IMG_0172,/content/BSM-Project/data/raw/BSM/Monazite/55.jpg,Monazite,GRP_0172,train,IMG_0172_r90_f0,90,False,/content/BSM-Project/data/augmented/train/Monazite/55__r90_f0.jpg
IMG_0172,/content/BSM-Project/data/raw/BSM/Monazite/55.jpg,Monazite,GRP_0172,train,IMG_0172_r90_f1,90,True,/content/BSM-Project/data/augmented/train/Monazite/55__r90_f1.jpg
IMG_0172,/content/BSM-Project/data/raw/BSM/Monazite/55.jpg,Monazite,GRP_0172,train,IMG_0172_r180_f0,180,False,/content/BSM-Project/data/augmented/train/Monazite/55__r180_f0.jpg
IMG_0172,/content/BSM-Project/data/raw/BSM/Monazite/55.jpg,Monazite,GRP_0172,train,IMG_0172_r180_f1,180,True,/content/BSM-Project/data/augmented/train/Monazite/55__r180_f1.jpg
IMG_0172,/content/BSM-Project/data/raw/BSM/Monazite/55.jpg,Monazite,GRP_0172,train,IMG_0172_r270_f0,270,False,/content/BSM-Project/data/augmented/train/Monazite/55__r270_f0.jpg
IMG_0172,/content/BSM-Project/data/raw/BSM/Monazite/55.jpg,Monazite,GRP_0172,train,IMG_0172_r270_f1,270,True,/content/BSM-Project/data/augmented/train/Monazite/55__r270_f1.jpg
IMG_0173,/content/BSM-Project/data/raw/BSM/Monazite/56.jpg,Monazite,GRP_0173,train,IMG_0173_r0_f0,0,False,/content/BSM-Project/data/augmented/train/Monazite/56__r0_f0.jpg
IMG_0173,/content/BSM-Project/data/raw/BSM/Monazite/56.jpg,Monazite,GRP_0173,train,IMG_0173_r0_f1,0,True,/content/BSM-Project/data/augmented/train/Monazite/56__r0_f1.jpg
IMG_0173,/content/BSM-Project/data/raw/BSM/Monazite/56.jpg,Monazite,GRP_0173,train,IMG_0173_r30_f0,30,False,/content/BSM-Project/data/augmented/train/Monazite/56__r30_f0.jpg
IMG_0173,/content/BSM-Project/data/raw/BSM/Monazite/56.jpg,Monazite,GRP_0173,train,IMG_0173_r30_f1,30,True,/content/BSM-Project/data/augmented/train/Monazite/56__r30_f1.jpg
IMG_0173,/content/BSM-Project/data/raw/BSM/Monazite/56.jpg,Monazite,GRP_0173,train,IMG_0173_r45_f0,45,False,/content/BSM-Project/data/augmented/train/Monazite/56__r45_f0.jpg
IMG_0173,/content/BSM-Project/data/raw/BSM/Monazite/56.jpg,Monazite,GRP_0173,train,IMG_0173_r45_f1,45,True,/content/BSM-Project/data/augmented/train/Monazite/56__r45_f1.jpg
IMG_0173,/content/BSM-Project/data/raw/BSM/Monazite/56.jpg,Monazite,GRP_0173,train,IMG_0173_r90_f0,90,False,/content/BSM-Project/data/augmented/train/Monazite/56__r90_f0.jpg
IMG_0173,/content/BSM-Project/data/raw/BSM/Monazite/56.jpg,Monazite,GRP_0173,train,IMG_0173_r90_f1,90,True,/content/BSM-Project/data/augmented/train/Monazite/56__r90_f1.jpg
IMG_0173,/content/BSM-Project/data/raw/BSM/Monazite/56.jpg,Monazite,GRP_0173,train,IMG_0173_r180_f0,180,False,/content/BSM-Project/data/augmented/train/Monazite/56__r180_f0.jpg
IMG_0173,/content/BSM-Project/data/raw/BSM/Monazite/56.jpg,Monazite,GRP_0173,train,IMG_0173_r180_f1,180,True,/content/BSM-Project/data/augmented/train/Monazite/56__r180_f1.jpg
IMG_0173,/content/BSM-Project/data/raw/BSM/Monazite/56.jpg,Monazite,GRP_0173,train,IMG_0173_r270_f0,270,False,/content/BSM-Project/data/augmented/train/Monazite/56__r270_f0.jpg
IMG_0173,/content/BSM-Project/data/raw/BSM/Monazite/56.jpg,Monazite,GRP_0173,train,IMG_0173_r270_f1,270,True,/content/BSM-Project/data/augmented/train/Monazite/56__r270_f1.jpg
IMG_0174,/content/BSM-Project/data/raw/BSM/Monazite/57.jpg,Monazite,GRP_0174,train,IMG_0174_r0_f0,0,False,/content/BSM-Project/data/augmented/train/Monazite/57__r0_f0.jpg
IMG_0174,/content/BSM-Project/data/raw/BSM/Monazite/57.jpg,Monazite,GRP_0174,train,IMG_0174_r0_f1,0,True,/content/BSM-Project/data/augmented/train/Monazite/57__r0_f1.jpg
IMG_0174,/content/BSM-Project/data/raw/BSM/Monazite/57.jpg,Monazite,GRP_0174,train,IMG_0174_r30_f0,30,False,/content/BSM-Project/data/augmented/train/Monazite/57__r30_f0.jpg
IMG_0174,/content/BSM-Project/data/raw/BSM/Monazite/57.jpg,Monazite,GRP_0174,train,IMG_0174_r30_f1,30,True,/content/BSM-Project/data/augmented/train/Monazite/57__r30_f1.jpg
IMG_0174,/content/BSM-Project/data/raw/BSM/Monazite/57.jpg,Monazite,GRP_0174,train,IMG_0174_r45_f0,45,False,/content/BSM-Project/data/augmented/train/Monazite/57__r45_f0.jpg
IMG_0174,/content/BSM-Project/data/raw/BSM/Monazite/57.jpg,Monazite,GRP_0174,train,IMG_0174_r45_f1,45,True,/content/BSM-Project/data/augmented/train/Monazite/57__r45_f1.jpg
IMG_0174,/content/BSM-Project/data/raw/BSM/Monazite/57.jpg,Monazite,GRP_0174,train,IMG_0174_r90_f0,90,False,/content/BSM-Project/data/augmented/train/Monazite/57__r90_f0.jpg
IMG_0174,/content/BSM-Project/data/raw/BSM/Monazite/57.jpg,Monazite,GRP_0174,train,IMG_0174_r90_f1,90,True,/content/BSM-Project/data/augmented/train/Monazite/57__r90_f1.jpg
IMG_0174,/content/BSM-Project/data/raw/BSM/Monazite/57.jpg,Monazite,GRP_0174,train,IMG_0174_r180_f0,180,False,/content/BSM-Project/data/augmented/train/Monazite/57__r180_f0.jpg
IMG_0174,/content/BSM-Project/data/raw/BSM/Monazite/57.jpg,Monazite,GRP_0174,train,IMG_0174_r180_f1,180,True,/content/BSM-Project/data/augmented/train/Monazite/57__r180_f1.jpg
IMG_0174,/content/BSM-Project/data/raw/BSM/Monazite/57.jpg,Monazite,GRP_0174,train,IMG_0174_r270_f0,270,False,/content/BSM-Project/data/augmented/train/Monazite/57__r270_f0.jpg
IMG_0174,/content/BSM-Project/data/raw/BSM/Monazite/57.jpg,Monazite,GRP_0174,train,IMG_0174_r270_f1,270,True,/content/BSM-Project/data/augmented/train/Monazite/57__r270_f1.jpg
IMG_0175,/content/BSM-Project/data/raw/BSM/Monazite/58.jpg,Monazite,GRP_0175,train,IMG_0175_r0_f0,0,False,/content/BSM-Project/data/augmented/train/Monazite/58__r0_f0.jpg
IMG_0175,/content/BSM-Project/data/raw/BSM/Monazite/58.jpg,Monazite,GRP_0175,train,IMG_0175_r0_f1,0,True,/content/BSM-Project/data/augmented/train/Monazite/58__r0_f1.jpg
IMG_0175,/content/BSM-Project/data/raw/BSM/Monazite/58.jpg,Monazite,GRP_0175,train,IMG_0175_r30_f0,30,False,/content/BSM-Project/data/augmented/train/Monazite/58__r30_f0.jpg
IMG_0175,/content/BSM-Project/data/raw/BSM/Monazite/58.jpg,Monazite,GRP_0175,train,IMG_0175_r30_f1,30,True,/content/BSM-Project/data/augmented/train/Monazite/58__r30_f1.jpg
IMG_0175,/content/BSM-Project/data/raw/BSM/Monazite/58.jpg,Monazite,GRP_0175,train,IMG_0175_r45_f0,45,False,/content/BSM-Project/data/augmented/train/Monazite/58__r45_f0.jpg
IMG_0175,/content/BSM-Project/data/raw/BSM/Monazite/58.jpg,Monazite,GRP_0175,train,IMG_0175_r45_f1,45,True,/content/BSM-Project/data/augmented/train/Monazite/58__r45_f1.jpg
IMG_0175,/content/BSM-Project/data/raw/BSM/Monazite/58.jpg,Monazite,GRP_0175,train,IMG_0175_r90_f0,90,False,/content/BSM-Project/data/augmented/train/Monazite/58__r90_f0.jpg
IMG_0175,/content/BSM-Project/data/raw/BSM/Monazite/58.jpg,Monazite,GRP_0175,train,IMG_0175_r90_f1,90,True,/content/BSM-Project/data/augmented/train/Monazite/58__r90_f1.jpg
IMG_0175,/content/BSM-Project/data/raw/BSM/Monazite/58.jpg,Monazite,GRP_0175,train,IMG_0175_r180_f0,180,False,/content/BSM-Project/data/augmented/train/Monazite/58__r180_f0.jpg
IMG_0175,/content/BSM-Project/data/raw/BSM/Monazite/58.jpg,Monazite,GRP_0175,train,IMG_0175_r180_f1,180,True,/content/BSM-Project/data/augmented/train/Monazite/58__r180_f1.jpg
IMG_0175,/content/BSM-Project/data/raw/BSM/Monazite/58.jpg,Monazite,GRP_0175,train,IMG_0175_r270_f0,270,False,/content/BSM-Project/data/augmented/train/Monazite/58__r270_f0.jpg
IMG_0175,/content/BSM-Project/data/raw/BSM/Monazite/58.jpg,Monazite,GRP_0175,train,IMG_0175_r270_f1,270,True,/content/BSM-Project/data/augmented/train/Monazite/58__r270_f1.jpg
IMG_0176,/content/BSM-Project/data/raw/BSM/Monazite/59.jpg,Monazite,GRP_0176,train,IMG_0176_r0_f0,0,False,/content/BSM-Project/data/augmented/train/Monazite/59__r0_f0.jpg
IMG_0176,/content/BSM-Project/data/raw/BSM/Monazite/59.jpg,Monazite,GRP_0176,train,IMG_0176_r0_f1,0,True,/content/BSM-Project/data/augmented/train/Monazite/59__r0_f1.jpg
IMG_0176,/content/BSM-Project/data/raw/BSM/Monazite/59.jpg,Monazite,GRP_0176,train,IMG_0176_r30_f0,30,False,/content/BSM-Project/data/augmented/train/Monazite/59__r30_f0.jpg
IMG_0176,/content/BSM-Project/data/raw/BSM/Monazite/59.jpg,Monazite,GRP_0176,train,IMG_0176_r30_f1,30,True,/content/BSM-Project/data/augmented/train/Monazite/59__r30_f1.jpg
IMG_0176,/content/BSM-Project/data/raw/BSM/Monazite/59.jpg,Monazite,GRP_0176,train,IMG_0176_r45_f0,45,False,/content/BSM-Project/data/augmented/train/Monazite/59__r45_f0.jpg
IMG_0176,/content/BSM-Project/data/raw/BSM/Monazite/59.jpg,Monazite,GRP_0176,train,IMG_0176_r45_f1,45,True,/content/BSM-Project/data/augmented/train/Monazite/59__r45_f1.jpg
IMG_0176,/content/BSM-Project/data/raw/BSM/Monazite/59.jpg,Monazite,GRP_0176,train,IMG_0176_r90_f0,90,False,/content/BSM-Project/data/augmented/train/Monazite/59__r90_f0.jpg
IMG_0176,/content/BSM-Project/data/raw/BSM/Monazite/59.jpg,Monazite,GRP_0176,train,IMG_0176_r90_f1,90,True,/content/BSM-Project/data/augmented/train/Monazite/59__r90_f1.jpg
IMG_0176,/content/BSM-Project/data/raw/BSM/Monazite/59.jpg,Monazite,GRP_0176,train,IMG_0176_r180_f0,180,False,/content/BSM-Project/data/augmented/train/Monazite/59__r180_f0.jpg
IMG_0176,/content/BSM-Project/data/raw/BSM/Monazite/59.jpg,Monazite,GRP_0176,train,IMG_0176_r180_f1,180,True,/content/BSM-Project/data/augmented/train/Monazite/59__r180_f1.jpg
IMG_0176,/content/BSM-Project/data/raw/BSM/Monazite/59.jpg,Monazite,GRP_0176,train,IMG_0176_r270_f0,270,False,/content/BSM-Project/data/augmented/train/Monazite/59__r270_f0.jpg
IMG_0176,/content/BSM-Project/data/raw/BSM/Monazite/59.jpg,Monazite,GRP_0176,train,IMG_0176_r270_f1,270,True,/content/BSM-Project/data/augmented/train/Monazite/59__r270_f1.jpg
IMG_0178,/content/BSM-Project/data/raw/BSM/Monazite/60.jpg,Monazite,GRP_0178,train,IMG_0178_r0_f0,0,False,/content/BSM-Project/data/augmented/train/Monazite/60__r0_f0.jpg
IMG_0178,/content/BSM-Project/data/raw/BSM/Monazite/60.jpg,Monazite,GRP_0178,train,IMG_0178_r0_f1,0,True,/content/BSM-Project/data/augmented/train/Monazite/60__r0_f1.jpg
IMG_0178,/content/BSM-Project/data/raw/BSM/Monazite/60.jpg,Monazite,GRP_0178,train,IMG_0178_r30_f0,30,False,/content/BSM-Project/data/augmented/train/Monazite/60__r30_f0.jpg
IMG_0178,/content/BSM-Project/data/raw/BSM/Monazite/60.jpg,Monazite,GRP_0178,train,IMG_0178_r30_f1,30,True,/content/BSM-Project/data/augmented/train/Monazite/60__r30_f1.jpg
IMG_0178,/content/BSM-Project/data/raw/BSM/Monazite/60.jpg,Monazite,GRP_0178,train,IMG_0178_r45_f0,45,False,/content/BSM-Project/data/augmented/train/Monazite/60__r45_f0.jpg
IMG_0178,/content/BSM-Project/data/raw/BSM/Monazite/60.jpg,Monazite,GRP_0178,train,IMG_0178_r45_f1,45,True,/content/BSM-Project/data/augmented/train/Monazite/60__r45_f1.jpg
IMG_0178,/content/BSM-Project/data/raw/BSM/Monazite/60.jpg,Monazite,GRP_0178,train,IMG_0178_r90_f0,90,False,/content/BSM-Project/data/augmented/train/Monazite/60__r90_f0.jpg
IMG_0178,/content/BSM-Project/data/raw/BSM/Monazite/60.jpg,Monazite,GRP_0178,train,IMG_0178_r90_f1,90,True,/content/BSM-Project/data/augmented/train/Monazite/60__r90_f1.jpg
IMG_0178,/content/BSM-Project/data/raw/BSM/Monazite/60.jpg,Monazite,GRP_0178,train,IMG_0178_r180_f0,180,False,/content/BSM-Project/data/augmented/train/Monazite/60__r180_f0.jpg
IMG_0178,/content/BSM-Project/data/raw/BSM/Monazite/60.jpg,Monazite,GRP_0178,train,IMG_0178_r180_f1,180,True,/content/BSM-Project/data/augmented/train/Monazite/60__r180_f1.jpg
IMG_0178,/content/BSM-Project/data/raw/BSM/Monazite/60.jpg,Monazite,GRP_0178,train,IMG_0178_r270_f0,270,False,/content/BSM-Project/data/augmented/train/Monazite/60__r270_f0.jpg
IMG_0178,/content/BSM-Project/data/raw/BSM/Monazite/60.jpg,Monazite,GRP_0178,train,IMG_0178_r270_f1,270,True,/content/BSM-Project/data/augmented/train/Monazite/60__r270_f1.jpg
IMG_0179,/content/BSM-Project/data/raw/BSM/Monazite/7.jpg,Monazite,GRP_0179,train,IMG_0179_r0_f0,0,False,/content/BSM-Project/data/augmented/train/Monazite/7__r0_f0.jpg
IMG_0179,/content/BSM-Project/data/raw/BSM/Monazite/7.jpg,Monazite,GRP_0179,train,IMG_0179_r0_f1,0,True,/content/BSM-Project/data/augmented/train/Monazite/7__r0_f1.jpg
IMG_0179,/content/BSM-Project/data/raw/BSM/Monazite/7.jpg,Monazite,GRP_0179,train,IMG_0179_r30_f0,30,False,/content/BSM-Project/data/augmented/train/Monazite/7__r30_f0.jpg
IMG_0179,/content/BSM-Project/data/raw/BSM/Monazite/7.jpg,Monazite,GRP_0179,train,IMG_0179_r30_f1,30,True,/content/BSM-Project/data/augmented/train/Monazite/7__r30_f1.jpg
IMG_0179,/content/BSM-Project/data/raw/BSM/Monazite/7.jpg,Monazite,GRP_0179,train,IMG_0179_r45_f0,45,False,/content/BSM-Project/data/augmented/train/Monazite/7__r45_f0.jpg
IMG_0179,/content/BSM-Project/data/raw/BSM/Monazite/7.jpg,Monazite,GRP_0179,train,IMG_0179_r45_f1,45,True,/content/BSM-Project/data/augmented/train/Monazite/7__r45_f1.jpg
IMG_0179,/content/BSM-Project/data/raw/BSM/Monazite/7.jpg,Monazite,GRP_0179,train,IMG_0179_r90_f0,90,False,/content/BSM-Project/data/augmented/train/Monazite/7__r90_f0.jpg
IMG_0179,/content/BSM-Project/data/raw/BSM/Monazite/7.jpg,Monazite,GRP_0179,train,IMG_0179_r90_f1,90,True,/content/BSM-Project/data/augmented/train/Monazite/7__r90_f1.jpg
IMG_0179,/content/BSM-Project/data/raw/BSM/Monazite/7.jpg,Monazite,GRP_0179,train,IMG_0179_r180_f0,180,False,/content/BSM-Project/data/augmented/train/Monazite/7__r180_f0.jpg
IMG_0179,/content/BSM-Project/data/raw/BSM/Monazite/7.jpg,Monazite,GRP_0179,train,IMG_0179_r180_f1,180,True,/content/BSM-Project/data/augmented/train/Monazite/7__r180_f1.jpg
IMG_0179,/content/BSM-Project/data/raw/BSM/Monazite/7.jpg,Monazite,GRP_0179,train,IMG_0179_r270_f0,270,False,/content/BSM-Project/data/augmented/train/Monazite/7__r270_f0.jpg
IMG_0179,/content/BSM-Project/data/raw/BSM/Monazite/7.jpg,Monazite,GRP_0179,train,IMG_0179_r270_f1,270,True,/content/BSM-Project/data/augmented/train/Monazite/7__r270_f1.jpg
IMG_0180,/content/BSM-Project/data/raw/BSM/Monazite/8.jpg,Monazite,GRP_0180,train,IMG_0180_r0_f0,0,False,/content/BSM-Project/data/augmented/train/Monazite/8__r0_f0.jpg
IMG_0180,/content/BSM-Project/data/raw/BSM/Monazite/8.jpg,Monazite,GRP_0180,train,IMG_0180_r0_f1,0,True,/content/BSM-Project/data/augmented/train/Monazite/8__r0_f1.jpg
IMG_0180,/content/BSM-Project/data/raw/BSM/Monazite/8.jpg,Monazite,GRP_0180,train,IMG_0180_r30_f0,30,False,/content/BSM-Project/data/augmented/train/Monazite/8__r30_f0.jpg
IMG_0180,/content/BSM-Project/data/raw/BSM/Monazite/8.jpg,Monazite,GRP_0180,train,IMG_0180_r30_f1,30,True,/content/BSM-Project/data/augmented/train/Monazite/8__r30_f1.jpg
IMG_0180,/content/BSM-Project/data/raw/BSM/Monazite/8.jpg,Monazite,GRP_0180,train,IMG_0180_r45_f0,45,False,/content/BSM-Project/data/augmented/train/Monazite/8__r45_f0.jpg
IMG_0180,/content/BSM-Project/data/raw/BSM/Monazite/8.jpg,Monazite,GRP_0180,train,IMG_0180_r45_f1,45,True,/content/BSM-Project/data/augmented/train/Monazite/8__r45_f1.jpg
IMG_0180,/content/BSM-Project/data/raw/BSM/Monazite/8.jpg,Monazite,GRP_0180,train,IMG_0180_r90_f0,90,False,/content/BSM-Project/data/augmented/train/Monazite/8__r90_f0.jpg
IMG_0180,/content/BSM-Project/data/raw/BSM/Monazite/8.jpg,Monazite,GRP_0180,train,IMG_0180_r90_f1,90,True,/content/BSM-Project/data/augmented/train/Monazite/8__r90_f1.jpg
IMG_0180,/content/BSM-Project/data/raw/BSM/Monazite/8.jpg,Monazite,GRP_0180,train,IMG_0180_r180_f0,180,False,/content/BSM-Project/data/augmented/train/Monazite/8__r180_f0.jpg
IMG_0180,/content/BSM-Project/data/raw/BSM/Monazite/8.jpg,Monazite,GRP_0180,train,IMG_0180_r180_f1,180,True,/content/BSM-Project/data/augmented/train/Monazite/8__r180_f1.jpg
IMG_0180,/content/BSM-Project/data/raw/BSM/Monazite/8.jpg,Monazite,GRP_0180,train,IMG_0180_r270_f0,270,False,/content/BSM-Project/data/augmented/train/Monazite/8__r270_f0.jpg
IMG_0180,/content/BSM-Project/data/raw/BSM/Monazite/8.jpg,Monazite,GRP_0180,train,IMG_0180_r270_f1,270,True,/content/BSM-Project/data/augmented/train/Monazite/8__r270_f1.jpg
IMG_0182,/content/BSM-Project/data/raw/BSM/Rutile/10.jpg,Rutile,GRP_0182,train,IMG_0182_r0_f0,0,False,/content/BSM-Project/data/augmented/train/Rutile/10__r0_f0.jpg
IMG_0182,/content/BSM-Project/data/raw/BSM/Rutile/10.jpg,Rutile,GRP_0182,train,IMG_0182_r0_f1,0,True,/content/BSM-Project/data/augmented/train/Rutile/10__r0_f1.jpg
IMG_0182,/content/BSM-Project/data/raw/BSM/Rutile/10.jpg,Rutile,GRP_0182,train,IMG_0182_r30_f0,30,False,/content/BSM-Project/data/augmented/train/Rutile/10__r30_f0.jpg
IMG_0182,/content/BSM-Project/data/raw/BSM/Rutile/10.jpg,Rutile,GRP_0182,train,IMG_0182_r30_f1,30,True,/content/BSM-Project/data/augmented/train/Rutile/10__r30_f1.jpg
IMG_0182,/content/BSM-Project/data/raw/BSM/Rutile/10.jpg,Rutile,GRP_0182,train,IMG_0182_r45_f0,45,False,/content/BSM-Project/data/augmented/train/Rutile/10__r45_f0.jpg
IMG_0182,/content/BSM-Project/data/raw/BSM/Rutile/10.jpg,Rutile,GRP_0182,train,IMG_0182_r45_f1,45,True,/content/BSM-Project/data/augmented/train/Rutile/10__r45_f1.jpg
IMG_0182,/content/BSM-Project/data/raw/BSM/Rutile/10.jpg,Rutile,GRP_0182,train,IMG_0182_r90_f0,90,False,/content/BSM-Project/data/augmented/train/Rutile/10__r90_f0.jpg
IMG_0182,/content/BSM-Project/data/raw/BSM/Rutile/10.jpg,Rutile,GRP_0182,train,IMG_0182_r90_f1,90,True,/content/BSM-Project/data/augmented/train/Rutile/10__r90_f1.jpg
IMG_0182,/content/BSM-Project/data/raw/BSM/Rutile/10.jpg,Rutile,GRP_0182,train,IMG_0182_r180_f0,180,False,/content/BSM-Project/data/augmented/train/Rutile/10__r180_f0.jpg
IMG_0182,/content/BSM-Project/data/raw/BSM/Rutile/10.jpg,Rutile,GRP_0182,train,IMG_0182_r180_f1,180,True,/content/BSM-Project/data/augmented/train/Rutile/10__r180_f1.jpg
IMG_0182,/content/BSM-Project/data/raw/BSM/Rutile/10.jpg,Rutile,GRP_0182,train,IMG_0182_r270_f0,270,False,/content/BSM-Project/data/augmented/train/Rutile/10__r270_f0.jpg
IMG_0182,/content/BSM-Project/data/raw/BSM/Rutile/10.jpg,Rutile,GRP_0182,train,IMG_0182_r270_f1,270,True,/content/BSM-Project/data/augmented/train/Rutile/10__r270_f1.jpg
IMG_0183,/content/BSM-Project/data/raw/BSM/Rutile/11.jpg,Rutile,GRP_0183,train,IMG_0183_r0_f0,0,False,/content/BSM-Project/data/augmented/train/Rutile/11__r0_f0.jpg
IMG_0183,/content/BSM-Project/data/raw/BSM/Rutile/11.jpg,Rutile,GRP_0183,train,IMG_0183_r0_f1,0,True,/content/BSM-Project/data/augmented/train/Rutile/11__r0_f1.jpg
IMG_0183,/content/BSM-Project/data/raw/BSM/Rutile/11.jpg,Rutile,GRP_0183,train,IMG_0183_r30_f0,30,False,/content/BSM-Project/data/augmented/train/Rutile/11__r30_f0.jpg
IMG_0183,/content/BSM-Project/data/raw/BSM/Rutile/11.jpg,Rutile,GRP_0183,train,IMG_0183_r30_f1,30,True,/content/BSM-Project/data/augmented/train/Rutile/11__r30_f1.jpg
IMG_0183,/content/BSM-Project/data/raw/BSM/Rutile/11.jpg,Rutile,GRP_0183,train,IMG_0183_r45_f0,45,False,/content/BSM-Project/data/augmented/train/Rutile/11__r45_f0.jpg
IMG_0183,/content/BSM-Project/data/raw/BSM/Rutile/11.jpg,Rutile,GRP_0183,train,IMG_0183_r45_f1,45,True,/content/BSM-Project/data/augmented/train/Rutile/11__r45_f1.jpg
IMG_0183,/content/BSM-Project/data/raw/BSM/Rutile/11.jpg,Rutile,GRP_0183,train,IMG_0183_r90_f0,90,False,/content/BSM-Project/data/augmented/train/Rutile/11__r90_f0.jpg
IMG_0183,/content/BSM-Project/data/raw/BSM/Rutile/11.jpg,Rutile,GRP_0183,train,IMG_0183_r90_f1,90,True,/content/BSM-Project/data/augmented/train/Rutile/11__r90_f1.jpg
IMG_0183,/content/BSM-Project/data/raw/BSM/Rutile/11.jpg,Rutile,GRP_0183,train,IMG_0183_r180_f0,180,False,/content/BSM-Project/data/augmented/train/Rutile/11__r180_f0.jpg
IMG_0183,/content/BSM-Project/data/raw/BSM/Rutile/11.jpg,Rutile,GRP_0183,train,IMG_0183_r180_f1,180,True,/content/BSM-Project/data/augmented/train/Rutile/11__r180_f1.jpg
IMG_0183,/content/BSM-Project/data/raw/BSM/Rutile/11.jpg,Rutile,GRP_0183,train,IMG_0183_r270_f0,270,False,/content/BSM-Project/data/augmented/train/Rutile/11__r270_f0.jpg
IMG_0183,/content/BSM-Project/data/raw/BSM/Rutile/11.jpg,Rutile,GRP_0183,train,IMG_0183_r270_f1,270,True,/content/BSM-Project/data/augmented/train/Rutile/11__r270_f1.jpg
IMG_0184,/content/BSM-Project/data/raw/BSM/Rutile/12.jpg,Rutile,GRP_0184,train,IMG_0184_r0_f0,0,False,/content/BSM-Project/data/augmented/train/Rutile/12__r0_f0.jpg
IMG_0184,/content/BSM-Project/data/raw/BSM/Rutile/12.jpg,Rutile,GRP_0184,train,IMG_0184_r0_f1,0,True,/content/BSM-Project/data/augmented/train/Rutile/12__r0_f1.jpg
IMG_0184,/content/BSM-Project/data/raw/BSM/Rutile/12.jpg,Rutile,GRP_0184,train,IMG_0184_r30_f0,30,False,/content/BSM-Project/data/augmented/train/Rutile/12__r30_f0.jpg
IMG_0184,/content/BSM-Project/data/raw/BSM/Rutile/12.jpg,Rutile,GRP_0184,train,IMG_0184_r30_f1,30,True,/content/BSM-Project/data/augmented/train/Rutile/12__r30_f1.jpg
IMG_0184,/content/BSM-Project/data/raw/BSM/Rutile/12.jpg,Rutile,GRP_0184,train,IMG_0184_r45_f0,45,False,/content/BSM-Project/data/augmented/train/Rutile/12__r45_f0.jpg
IMG_0184,/content/BSM-Project/data/raw/BSM/Rutile/12.jpg,Rutile,GRP_0184,train,IMG_0184_r45_f1,45,True,/content/BSM-Project/data/augmented/train/Rutile/12__r45_f1.jpg
IMG_0184,/content/BSM-Project/data/raw/BSM/Rutile/12.jpg,Rutile,GRP_0184,train,IMG_0184_r90_f0,90,False,/content/BSM-Project/data/augmented/train/Rutile/12__r90_f0.jpg
IMG_0184,/content/BSM-Project/data/raw/BSM/Rutile/12.jpg,Rutile,GRP_0184,train,IMG_0184_r90_f1,90,True,/content/BSM-Project/data/augmented/train/Rutile/12__r90_f1.jpg
IMG_0184,/content/BSM-Project/data/raw/BSM/Rutile/12.jpg,Rutile,GRP_0184,train,IMG_0184_r180_f0,180,False,/content/BSM-Project/data/augmented/train/Rutile/12__r180_f0.jpg
IMG_0184,/content/BSM-Project/data/raw/BSM/Rutile/12.jpg,Rutile,GRP_0184,train,IMG_0184_r180_f1,180,True,/content/BSM-Project/data/augmented/train/Rutile/12__r180_f1.jpg
IMG_0184,/content/BSM-Project/data/raw/BSM/Rutile/12.jpg,Rutile,GRP_0184,train,IMG_0184_r270_f0,270,False,/content/BSM-Project/data/augmented/train/Rutile/12__r270_f0.jpg
IMG_0184,/content/BSM-Project/data/raw/BSM/Rutile/12.jpg,Rutile,GRP_0184,train,IMG_0184_r270_f1,270,True,/content/BSM-Project/data/augmented/train/Rutile/12__r270_f1.jpg
IMG_0185,/content/BSM-Project/data/raw/BSM/Rutile/13.jpg,Rutile,GRP_0185,train,IMG_0185_r0_f0,0,False,/content/BSM-Project/data/augmented/train/Rutile/13__r0_f0.jpg
IMG_0185,/content/BSM-Project/data/raw/BSM/Rutile/13.jpg,Rutile,GRP_0185,train,IMG_0185_r0_f1,0,True,/content/BSM-Project/data/augmented/train/Rutile/13__r0_f1.jpg
IMG_0185,/content/BSM-Project/data/raw/BSM/Rutile/13.jpg,Rutile,GRP_0185,train,IMG_0185_r30_f0,30,False,/content/BSM-Project/data/augmented/train/Rutile/13__r30_f0.jpg
IMG_0185,/content/BSM-Project/data/raw/BSM/Rutile/13.jpg,Rutile,GRP_0185,train,IMG_0185_r30_f1,30,True,/content/BSM-Project/data/augmented/train/Rutile/13__r30_f1.jpg
IMG_0185,/content/BSM-Project/data/raw/BSM/Rutile/13.jpg,Rutile,GRP_0185,train,IMG_0185_r45_f0,45,False,/content/BSM-Project/data/augmented/train/Rutile/13__r45_f0.jpg
IMG_0185,/content/BSM-Project/data/raw/BSM/Rutile/13.jpg,Rutile,GRP_0185,train,IMG_0185_r45_f1,45,True,/content/BSM-Project/data/augmented/train/Rutile/13__r45_f1.jpg
IMG_0185,/content/BSM-Project/data/raw/BSM/Rutile/13.jpg,Rutile,GRP_0185,train,IMG_0185_r90_f0,90,False,/content/BSM-Project/data/augmented/train/Rutile/13__r90_f0.jpg
IMG_0185,/content/BSM-Project/data/raw/BSM/Rutile/13.jpg,Rutile,GRP_0185,train,IMG_0185_r90_f1,90,True,/content/BSM-Project/data/augmented/train/Rutile/13__r90_f1.jpg
IMG_0185,/content/BSM-Project/data/raw/BSM/Rutile/13.jpg,Rutile,GRP_0185,train,IMG_0185_r180_f0,180,False,/content/BSM-Project/data/augmented/train/Rutile/13__r180_f0.jpg
IMG_0185,/content/BSM-Project/data/raw/BSM/Rutile/13.jpg,Rutile,GRP_0185,train,IMG_0185_r180_f1,180,True,/content/BSM-Project/data/augmented/train/Rutile/13__r180_f1.jpg
IMG_0185,/content/BSM-Project/data/raw/BSM/Rutile/13.jpg,Rutile,GRP_0185,train,IMG_0185_r270_f0,270,False,/content/BSM-Project/data/augmented/train/Rutile/13__r270_f0.jpg
IMG_0185,/content/BSM-Project/data/raw/BSM/Rutile/13.jpg,Rutile,GRP_0185,train,IMG_0185_r270_f1,270,True,/content/BSM-Project/data/augmented/train/Rutile/13__r270_f1.jpg
IMG_0186,/content/BSM-Project/data/raw/BSM/Rutile/14.jpg,Rutile,GRP_0186,train,IMG_0186_r0_f0,0,False,/content/BSM-Project/data/augmented/train/Rutile/14__r0_f0.jpg
IMG_0186,/content/BSM-Project/data/raw/BSM/Rutile/14.jpg,Rutile,GRP_0186,train,IMG_0186_r0_f1,0,True,/content/BSM-Project/data/augmented/train/Rutile/14__r0_f1.jpg
IMG_0186,/content/BSM-Project/data/raw/BSM/Rutile/14.jpg,Rutile,GRP_0186,train,IMG_0186_r30_f0,30,False,/content/BSM-Project/data/augmented/train/Rutile/14__r30_f0.jpg
IMG_0186,/content/BSM-Project/data/raw/BSM/Rutile/14.jpg,Rutile,GRP_0186,train,IMG_0186_r30_f1,30,True,/content/BSM-Project/data/augmented/train/Rutile/14__r30_f1.jpg
IMG_0186,/content/BSM-Project/data/raw/BSM/Rutile/14.jpg,Rutile,GRP_0186,train,IMG_0186_r45_f0,45,False,/content/BSM-Project/data/augmented/train/Rutile/14__r45_f0.jpg
IMG_0186,/content/BSM-Project/data/raw/BSM/Rutile/14.jpg,Rutile,GRP_0186,train,IMG_0186_r45_f1,45,True,/content/BSM-Project/data/augmented/train/Rutile/14__r45_f1.jpg
IMG_0186,/content/BSM-Project/data/raw/BSM/Rutile/14.jpg,Rutile,GRP_0186,train,IMG_0186_r90_f0,90,False,/content/BSM-Project/data/augmented/train/Rutile/14__r90_f0.jpg
IMG_0186,/content/BSM-Project/data/raw/BSM/Rutile/14.jpg,Rutile,GRP_0186,train,IMG_0186_r90_f1,90,True,/content/BSM-Project/data/augmented/train/Rutile/14__r90_f1.jpg
IMG_0186,/content/BSM-Project/data/raw/BSM/Rutile/14.jpg,Rutile,GRP_0186,train,IMG_0186_r180_f0,180,False,/content/BSM-Project/data/augmented/train/Rutile/14__r180_f0.jpg
IMG_0186,/content/BSM-Project/data/raw/BSM/Rutile/14.jpg,Rutile,GRP_0186,train,IMG_0186_r180_f1,180,True,/content/BSM-Project/data/augmented/train/Rutile/14__r180_f1.jpg
IMG_0186,/content/BSM-Project/data/raw/BSM/Rutile/14.jpg,Rutile,GRP_0186,train,IMG_0186_r270_f0,270,False,/content/BSM-Project/data/augmented/train/Rutile/14__r270_f0.jpg
IMG_0186,/content/BSM-Project/data/raw/BSM/Rutile/14.jpg,Rutile,GRP_0186,train,IMG_0186_r270_f1,270,True,/content/BSM-Project/data/augmented/train/Rutile/14__r270_f1.jpg
IMG_0187,/content/BSM-Project/data/raw/BSM/Rutile/15.jpg,Rutile,GRP_0187,train,IMG_0187_r0_f0,0,False,/content/BSM-Project/data/augmented/train/Rutile/15__r0_f0.jpg
IMG_0187,/content/BSM-Project/data/raw/BSM/Rutile/15.jpg,Rutile,GRP_0187,train,IMG_0187_r0_f1,0,True,/content/BSM-Project/data/augmented/train/Rutile/15__r0_f1.jpg
IMG_0187,/content/BSM-Project/data/raw/BSM/Rutile/15.jpg,Rutile,GRP_0187,train,IMG_0187_r30_f0,30,False,/content/BSM-Project/data/augmented/train/Rutile/15__r30_f0.jpg
IMG_0187,/content/BSM-Project/data/raw/BSM/Rutile/15.jpg,Rutile,GRP_0187,train,IMG_0187_r30_f1,30,True,/content/BSM-Project/data/augmented/train/Rutile/15__r30_f1.jpg
IMG_0187,/content/BSM-Project/data/raw/BSM/Rutile/15.jpg,Rutile,GRP_0187,train,IMG_0187_r45_f0,45,False,/content/BSM-Project/data/augmented/train/Rutile/15__r45_f0.jpg
IMG_0187,/content/BSM-Project/data/raw/BSM/Rutile/15.jpg,Rutile,GRP_0187,train,IMG_0187_r45_f1,45,True,/content/BSM-Project/data/augmented/train/Rutile/15__r45_f1.jpg
IMG_0187,/content/BSM-Project/data/raw/BSM/Rutile/15.jpg,Rutile,GRP_0187,train,IMG_0187_r90_f0,90,False,/content/BSM-Project/data/augmented/train/Rutile/15__r90_f0.jpg
IMG_0187,/content/BSM-Project/data/raw/BSM/Rutile/15.jpg,Rutile,GRP_0187,train,IMG_0187_r90_f1,90,True,/content/BSM-Project/data/augmented/train/Rutile/15__r90_f1.jpg
IMG_0187,/content/BSM-Project/data/raw/BSM/Rutile/15.jpg,Rutile,GRP_0187,train,IMG_0187_r180_f0,180,False,/content/BSM-Project/data/augmented/train/Rutile/15__r180_f0.jpg
IMG_0187,/content/BSM-Project/data/raw/BSM/Rutile/15.jpg,Rutile,GRP_0187,train,IMG_0187_r180_f1,180,True,/content/BSM-Project/data/augmented/train/Rutile/15__r180_f1.jpg
IMG_0187,/content/BSM-Project/data/raw/BSM/Rutile/15.jpg,Rutile,GRP_0187,train,IMG_0187_r270_f0,270,False,/content/BSM-Project/data/augmented/train/Rutile/15__r270_f0.jpg
IMG_0187,/content/BSM-Project/data/raw/BSM/Rutile/15.jpg,Rutile,GRP_0187,train,IMG_0187_r270_f1,270,True,/content/BSM-Project/data/augmented/train/Rutile/15__r270_f1.jpg
IMG_0188,/content/BSM-Project/data/raw/BSM/Rutile/16.jpg,Rutile,GRP_0188,train,IMG_0188_r0_f0,0,False,/content/BSM-Project/data/augmented/train/Rutile/16__r0_f0.jpg
IMG_0188,/content/BSM-Project/data/raw/BSM/Rutile/16.jpg,Rutile,GRP_0188,train,IMG_0188_r0_f1,0,True,/content/BSM-Project/data/augmented/train/Rutile/16__r0_f1.jpg
IMG_0188,/content/BSM-Project/data/raw/BSM/Rutile/16.jpg,Rutile,GRP_0188,train,IMG_0188_r30_f0,30,False,/content/BSM-Project/data/augmented/train/Rutile/16__r30_f0.jpg
IMG_0188,/content/BSM-Project/data/raw/BSM/Rutile/16.jpg,Rutile,GRP_0188,train,IMG_0188_r30_f1,30,True,/content/BSM-Project/data/augmented/train/Rutile/16__r30_f1.jpg
IMG_0188,/content/BSM-Project/data/raw/BSM/Rutile/16.jpg,Rutile,GRP_0188,train,IMG_0188_r45_f0,45,False,/content/BSM-Project/data/augmented/train/Rutile/16__r45_f0.jpg
IMG_0188,/content/BSM-Project/data/raw/BSM/Rutile/16.jpg,Rutile,GRP_0188,train,IMG_0188_r45_f1,45,True,/content/BSM-Project/data/augmented/train/Rutile/16__r45_f1.jpg
IMG_0188,/content/BSM-Project/data/raw/BSM/Rutile/16.jpg,Rutile,GRP_0188,train,IMG_0188_r90_f0,90,False,/content/BSM-Project/data/augmented/train/Rutile/16__r90_f0.jpg
IMG_0188,/content/BSM-Project/data/raw/BSM/Rutile/16.jpg,Rutile,GRP_0188,train,IMG_0188_r90_f1,90,True,/content/BSM-Project/data/augmented/train/Rutile/16__r90_f1.jpg
IMG_0188,/content/BSM-Project/data/raw/BSM/Rutile/16.jpg,Rutile,GRP_0188,train,IMG_0188_r180_f0,180,False,/content/BSM-Project/data/augmented/train/Rutile/16__r180_f0.jpg
IMG_0188,/content/BSM-Project/data/raw/BSM/Rutile/16.jpg,Rutile,GRP_0188,train,IMG_0188_r180_f1,180,True,/content/BSM-Project/data/augmented/train/Rutile/16__r180_f1.jpg
IMG_0188,/content/BSM-Project/data/raw/BSM/Rutile/16.jpg,Rutile,GRP_0188,train,IMG_0188_r270_f0,270,False,/content/BSM-Project/data/augmented/train/Rutile/16__r270_f0.jpg
IMG_0188,/content/BSM-Project/data/raw/BSM/Rutile/16.jpg,Rutile,GRP_0188,train,IMG_0188_r270_f1,270,True,/content/BSM-Project/data/augmented/train/Rutile/16__r270_f1.jpg
IMG_0189,/content/BSM-Project/data/raw/BSM/Rutile/17.jpg,Rutile,GRP_0189,train,IMG_0189_r0_f0,0,False,/content/BSM-Project/data/augmented/train/Rutile/17__r0_f0.jpg
IMG_0189,/content/BSM-Project/data/raw/BSM/Rutile/17.jpg,Rutile,GRP_0189,train,IMG_0189_r0_f1,0,True,/content/BSM-Project/data/augmented/train/Rutile/17__r0_f1.jpg
IMG_0189,/content/BSM-Project/data/raw/BSM/Rutile/17.jpg,Rutile,GRP_0189,train,IMG_0189_r30_f0,30,False,/content/BSM-Project/data/augmented/train/Rutile/17__r30_f0.jpg
IMG_0189,/content/BSM-Project/data/raw/BSM/Rutile/17.jpg,Rutile,GRP_0189,train,IMG_0189_r30_f1,30,True,/content/BSM-Project/data/augmented/train/Rutile/17__r30_f1.jpg
IMG_0189,/content/BSM-Project/data/raw/BSM/Rutile/17.jpg,Rutile,GRP_0189,train,IMG_0189_r45_f0,45,False,/content/BSM-Project/data/augmented/train/Rutile/17__r45_f0.jpg
IMG_0189,/content/BSM-Project/data/raw/BSM/Rutile/17.jpg,Rutile,GRP_0189,train,IMG_0189_r45_f1,45,True,/content/BSM-Project/data/augmented/train/Rutile/17__r45_f1.jpg
IMG_0189,/content/BSM-Project/data/raw/BSM/Rutile/17.jpg,Rutile,GRP_0189,train,IMG_0189_r90_f0,90,False,/content/BSM-Project/data/augmented/train/Rutile/17__r90_f0.jpg
IMG_0189,/content/BSM-Project/data/raw/BSM/Rutile/17.jpg,Rutile,GRP_0189,train,IMG_0189_r90_f1,90,True,/content/BSM-Project/data/augmented/train/Rutile/17__r90_f1.jpg
IMG_0189,/content/BSM-Project/data/raw/BSM/Rutile/17.jpg,Rutile,GRP_0189,train,IMG_0189_r180_f0,180,False,/content/BSM-Project/data/augmented/train/Rutile/17__r180_f0.jpg
IMG_0189,/content/BSM-Project/data/raw/BSM/Rutile/17.jpg,Rutile,GRP_0189,train,IMG_0189_r180_f1,180,True,/content/BSM-Project/data/augmented/train/Rutile/17__r180_f1.jpg
IMG_0189,/content/BSM-Project/data/raw/BSM/Rutile/17.jpg,Rutile,GRP_0189,train,IMG_0189_r270_f0,270,False,/content/BSM-Project/data/augmented/train/Rutile/17__r270_f0.jpg
IMG_0189,/content/BSM-Project/data/raw/BSM/Rutile/17.jpg,Rutile,GRP_0189,train,IMG_0189_r270_f1,270,True,/content/BSM-Project/data/augmented/train/Rutile/17__r270_f1.jpg
IMG_0190,/content/BSM-Project/data/raw/BSM/Rutile/18.jpg,Rutile,GRP_0190,train,IMG_0190_r0_f0,0,False,/content/BSM-Project/data/augmented/train/Rutile/18__r0_f0.jpg
IMG_0190,/content/BSM-Project/data/raw/BSM/Rutile/18.jpg,Rutile,GRP_0190,train,IMG_0190_r0_f1,0,True,/content/BSM-Project/data/augmented/train/Rutile/18__r0_f1.jpg
IMG_0190,/content/BSM-Project/data/raw/BSM/Rutile/18.jpg,Rutile,GRP_0190,train,IMG_0190_r30_f0,30,False,/content/BSM-Project/data/augmented/train/Rutile/18__r30_f0.jpg
IMG_0190,/content/BSM-Project/data/raw/BSM/Rutile/18.jpg,Rutile,GRP_0190,train,IMG_0190_r30_f1,30,True,/content/BSM-Project/data/augmented/train/Rutile/18__r30_f1.jpg
IMG_0190,/content/BSM-Project/data/raw/BSM/Rutile/18.jpg,Rutile,GRP_0190,train,IMG_0190_r45_f0,45,False,/content/BSM-Project/data/augmented/train/Rutile/18__r45_f0.jpg
IMG_0190,/content/BSM-Project/data/raw/BSM/Rutile/18.jpg,Rutile,GRP_0190,train,IMG_0190_r45_f1,45,True,/content/BSM-Project/data/augmented/train/Rutile/18__r45_f1.jpg
IMG_0190,/content/BSM-Project/data/raw/BSM/Rutile/18.jpg,Rutile,GRP_0190,train,IMG_0190_r90_f0,90,False,/content/BSM-Project/data/augmented/train/Rutile/18__r90_f0.jpg
IMG_0190,/content/BSM-Project/data/raw/BSM/Rutile/18.jpg,Rutile,GRP_0190,train,IMG_0190_r90_f1,90,True,/content/BSM-Project/data/augmented/train/Rutile/18__r90_f1.jpg
IMG_0190,/content/BSM-Project/data/raw/BSM/Rutile/18.jpg,Rutile,GRP_0190,train,IMG_0190_r180_f0,180,False,/content/BSM-Project/data/augmented/train/Rutile/18__r180_f0.jpg
IMG_0190,/content/BSM-Project/data/raw/BSM/Rutile/18.jpg,Rutile,GRP_0190,train,IMG_0190_r180_f1,180,True,/content/BSM-Project/data/augmented/train/Rutile/18__r180_f1.jpg
IMG_0190,/content/BSM-Project/data/raw/BSM/Rutile/18.jpg,Rutile,GRP_0190,train,IMG_0190_r270_f0,270,False,/content/BSM-Project/data/augmented/train/Rutile/18__r270_f0.jpg
IMG_0190,/content/BSM-Project/data/raw/BSM/Rutile/18.jpg,Rutile,GRP_0190,train,IMG_0190_r270_f1,270,True,/content/BSM-Project/data/augmented/train/Rutile/18__r270_f1.jpg
IMG_0191,/content/BSM-Project/data/raw/BSM/Rutile/19.jpg,Rutile,GRP_0191,train,IMG_0191_r0_f0,0,False,/content/BSM-Project/data/augmented/train/Rutile/19__r0_f0.jpg
IMG_0191,/content/BSM-Project/data/raw/BSM/Rutile/19.jpg,Rutile,GRP_0191,train,IMG_0191_r0_f1,0,True,/content/BSM-Project/data/augmented/train/Rutile/19__r0_f1.jpg
IMG_0191,/content/BSM-Project/data/raw/BSM/Rutile/19.jpg,Rutile,GRP_0191,train,IMG_0191_r30_f0,30,False,/content/BSM-Project/data/augmented/train/Rutile/19__r30_f0.jpg
IMG_0191,/content/BSM-Project/data/raw/BSM/Rutile/19.jpg,Rutile,GRP_0191,train,IMG_0191_r30_f1,30,True,/content/BSM-Project/data/augmented/train/Rutile/19__r30_f1.jpg
IMG_0191,/content/BSM-Project/data/raw/BSM/Rutile/19.jpg,Rutile,GRP_0191,train,IMG_0191_r45_f0,45,False,/content/BSM-Project/data/augmented/train/Rutile/19__r45_f0.jpg
IMG_0191,/content/BSM-Project/data/raw/BSM/Rutile/19.jpg,Rutile,GRP_0191,train,IMG_0191_r45_f1,45,True,/content/BSM-Project/data/augmented/train/Rutile/19__r45_f1.jpg
IMG_0191,/content/BSM-Project/data/raw/BSM/Rutile/19.jpg,Rutile,GRP_0191,train,IMG_0191_r90_f0,90,False,/content/BSM-Project/data/augmented/train/Rutile/19__r90_f0.jpg
IMG_0191,/content/BSM-Project/data/raw/BSM/Rutile/19.jpg,Rutile,GRP_0191,train,IMG_0191_r90_f1,90,True,/content/BSM-Project/data/augmented/train/Rutile/19__r90_f1.jpg
IMG_0191,/content/BSM-Project/data/raw/BSM/Rutile/19.jpg,Rutile,GRP_0191,train,IMG_0191_r180_f0,180,False,/content/BSM-Project/data/augmented/train/Rutile/19__r180_f0.jpg
IMG_0191,/content/BSM-Project/data/raw/BSM/Rutile/19.jpg,Rutile,GRP_0191,train,IMG_0191_r180_f1,180,True,/content/BSM-Project/data/augmented/train/Rutile/19__r180_f1.jpg
IMG_0191,/content/BSM-Project/data/raw/BSM/Rutile/19.jpg,Rutile,GRP_0191,train,IMG_0191_r270_f0,270,False,/content/BSM-Project/data/augmented/train/Rutile/19__r270_f0.jpg
IMG_0191,/content/BSM-Project/data/raw/BSM/Rutile/19.jpg,Rutile,GRP_0191,train,IMG_0191_r270_f1,270,True,/content/BSM-Project/data/augmented/train/Rutile/19__r270_f1.jpg
IMG_0192,/content/BSM-Project/data/raw/BSM/Rutile/2.jpg,Rutile,GRP_0192,train,IMG_0192_r0_f0,0,False,/content/BSM-Project/data/augmented/train/Rutile/2__r0_f0.jpg
IMG_0192,/content/BSM-Project/data/raw/BSM/Rutile/2.jpg,Rutile,GRP_0192,train,IMG_0192_r0_f1,0,True,/content/BSM-Project/data/augmented/train/Rutile/2__r0_f1.jpg
IMG_0192,/content/BSM-Project/data/raw/BSM/Rutile/2.jpg,Rutile,GRP_0192,train,IMG_0192_r30_f0,30,False,/content/BSM-Project/data/augmented/train/Rutile/2__r30_f0.jpg
IMG_0192,/content/BSM-Project/data/raw/BSM/Rutile/2.jpg,Rutile,GRP_0192,train,IMG_0192_r30_f1,30,True,/content/BSM-Project/data/augmented/train/Rutile/2__r30_f1.jpg
IMG_0192,/content/BSM-Project/data/raw/BSM/Rutile/2.jpg,Rutile,GRP_0192,train,IMG_0192_r45_f0,45,False,/content/BSM-Project/data/augmented/train/Rutile/2__r45_f0.jpg
IMG_0192,/content/BSM-Project/data/raw/BSM/Rutile/2.jpg,Rutile,GRP_0192,train,IMG_0192_r45_f1,45,True,/content/BSM-Project/data/augmented/train/Rutile/2__r45_f1.jpg
IMG_0192,/content/BSM-Project/data/raw/BSM/Rutile/2.jpg,Rutile,GRP_0192,train,IMG_0192_r90_f0,90,False,/content/BSM-Project/data/augmented/train/Rutile/2__r90_f0.jpg
IMG_0192,/content/BSM-Project/data/raw/BSM/Rutile/2.jpg,Rutile,GRP_0192,train,IMG_0192_r90_f1,90,True,/content/BSM-Project/data/augmented/train/Rutile/2__r90_f1.jpg
IMG_0192,/content/BSM-Project/data/raw/BSM/Rutile/2.jpg,Rutile,GRP_0192,train,IMG_0192_r180_f0,180,False,/content/BSM-Project/data/augmented/train/Rutile/2__r180_f0.jpg
IMG_0192,/content/BSM-Project/data/raw/BSM/Rutile/2.jpg,Rutile,GRP_0192,train,IMG_0192_r180_f1,180,True,/content/BSM-Project/data/augmented/train/Rutile/2__r180_f1.jpg
IMG_0192,/content/BSM-Project/data/raw/BSM/Rutile/2.jpg,Rutile,GRP_0192,train,IMG_0192_r270_f0,270,False,/content/BSM-Project/data/augmented/train/Rutile/2__r270_f0.jpg
IMG_0192,/content/BSM-Project/data/raw/BSM/Rutile/2.jpg,Rutile,GRP_0192,train,IMG_0192_r270_f1,270,True,/content/BSM-Project/data/augmented/train/Rutile/2__r270_f1.jpg
IMG_0193,/content/BSM-Project/data/raw/BSM/Rutile/20.jpg,Rutile,GRP_0193,train,IMG_0193_r0_f0,0,False,/content/BSM-Project/data/augmented/train/Rutile/20__r0_f0.jpg
IMG_0193,/content/BSM-Project/data/raw/BSM/Rutile/20.jpg,Rutile,GRP_0193,train,IMG_0193_r0_f1,0,True,/content/BSM-Project/data/augmented/train/Rutile/20__r0_f1.jpg
IMG_0193,/content/BSM-Project/data/raw/BSM/Rutile/20.jpg,Rutile,GRP_0193,train,IMG_0193_r30_f0,30,False,/content/BSM-Project/data/augmented/train/Rutile/20__r30_f0.jpg
IMG_0193,/content/BSM-Project/data/raw/BSM/Rutile/20.jpg,Rutile,GRP_0193,train,IMG_0193_r30_f1,30,True,/content/BSM-Project/data/augmented/train/Rutile/20__r30_f1.jpg
IMG_0193,/content/BSM-Project/data/raw/BSM/Rutile/20.jpg,Rutile,GRP_0193,train,IMG_0193_r45_f0,45,False,/content/BSM-Project/data/augmented/train/Rutile/20__r45_f0.jpg
IMG_0193,/content/BSM-Project/data/raw/BSM/Rutile/20.jpg,Rutile,GRP_0193,train,IMG_0193_r45_f1,45,True,/content/BSM-Project/data/augmented/train/Rutile/20__r45_f1.jpg
IMG_0193,/content/BSM-Project/data/raw/BSM/Rutile/20.jpg,Rutile,GRP_0193,train,IMG_0193_r90_f0,90,False,/content/BSM-Project/data/augmented/train/Rutile/20__r90_f0.jpg
IMG_0193,/content/BSM-Project/data/raw/BSM/Rutile/20.jpg,Rutile,GRP_0193,train,IMG_0193_r90_f1,90,True,/content/BSM-Project/data/augmented/train/Rutile/20__r90_f1.jpg
IMG_0193,/content/BSM-Project/data/raw/BSM/Rutile/20.jpg,Rutile,GRP_0193,train,IMG_0193_r180_f0,180,False,/content/BSM-Project/data/augmented/train/Rutile/20__r180_f0.jpg
IMG_0193,/content/BSM-Project/data/raw/BSM/Rutile/20.jpg,Rutile,GRP_0193,train,IMG_0193_r180_f1,180,True,/content/BSM-Project/data/augmented/train/Rutile/20__r180_f1.jpg
IMG_0193,/content/BSM-Project/data/raw/BSM/Rutile/20.jpg,Rutile,GRP_0193,train,IMG_0193_r270_f0,270,False,/content/BSM-Project/data/augmented/train/Rutile/20__r270_f0.jpg
IMG_0193,/content/BSM-Project/data/raw/BSM/Rutile/20.jpg,Rutile,GRP_0193,train,IMG_0193_r270_f1,270,True,/content/BSM-Project/data/augmented/train/Rutile/20__r270_f1.jpg
IMG_0197,/content/BSM-Project/data/raw/BSM/Rutile/24.jpg,Rutile,GRP_0197,train,IMG_0197_r0_f0,0,False,/content/BSM-Project/data/augmented/train/Rutile/24__r0_f0.jpg
IMG_0197,/content/BSM-Project/data/raw/BSM/Rutile/24.jpg,Rutile,GRP_0197,train,IMG_0197_r0_f1,0,True,/content/BSM-Project/data/augmented/train/Rutile/24__r0_f1.jpg
IMG_0197,/content/BSM-Project/data/raw/BSM/Rutile/24.jpg,Rutile,GRP_0197,train,IMG_0197_r30_f0,30,False,/content/BSM-Project/data/augmented/train/Rutile/24__r30_f0.jpg
IMG_0197,/content/BSM-Project/data/raw/BSM/Rutile/24.jpg,Rutile,GRP_0197,train,IMG_0197_r30_f1,30,True,/content/BSM-Project/data/augmented/train/Rutile/24__r30_f1.jpg
IMG_0197,/content/BSM-Project/data/raw/BSM/Rutile/24.jpg,Rutile,GRP_0197,train,IMG_0197_r45_f0,45,False,/content/BSM-Project/data/augmented/train/Rutile/24__r45_f0.jpg
IMG_0197,/content/BSM-Project/data/raw/BSM/Rutile/24.jpg,Rutile,GRP_0197,train,IMG_0197_r45_f1,45,True,/content/BSM-Project/data/augmented/train/Rutile/24__r45_f1.jpg
IMG_0197,/content/BSM-Project/data/raw/BSM/Rutile/24.jpg,Rutile,GRP_0197,train,IMG_0197_r90_f0,90,False,/content/BSM-Project/data/augmented/train/Rutile/24__r90_f0.jpg
IMG_0197,/content/BSM-Project/data/raw/BSM/Rutile/24.jpg,Rutile,GRP_0197,train,IMG_0197_r90_f1,90,True,/content/BSM-Project/data/augmented/train/Rutile/24__r90_f1.jpg
IMG_0197,/content/BSM-Project/data/raw/BSM/Rutile/24.jpg,Rutile,GRP_0197,train,IMG_0197_r180_f0,180,False,/content/BSM-Project/data/augmented/train/Rutile/24__r180_f0.jpg
IMG_0197,/content/BSM-Project/data/raw/BSM/Rutile/24.jpg,Rutile,GRP_0197,train,IMG_0197_r180_f1,180,True,/content/BSM-Project/data/augmented/train/Rutile/24__r180_f1.jpg
IMG_0197,/content/BSM-Project/data/raw/BSM/Rutile/24.jpg,Rutile,GRP_0197,train,IMG_0197_r270_f0,270,False,/content/BSM-Project/data/augmented/train/Rutile/24__r270_f0.jpg
IMG_0197,/content/BSM-Project/data/raw/BSM/Rutile/24.jpg,Rutile,GRP_0197,train,IMG_0197_r270_f1,270,True,/content/BSM-Project/data/augmented/train/Rutile/24__r270_f1.jpg
IMG_0198,/content/BSM-Project/data/raw/BSM/Rutile/25.jpg,Rutile,GRP_0198,train,IMG_0198_r0_f0,0,False,/content/BSM-Project/data/augmented/train/Rutile/25__r0_f0.jpg
IMG_0198,/content/BSM-Project/data/raw/BSM/Rutile/25.jpg,Rutile,GRP_0198,train,IMG_0198_r0_f1,0,True,/content/BSM-Project/data/augmented/train/Rutile/25__r0_f1.jpg
IMG_0198,/content/BSM-Project/data/raw/BSM/Rutile/25.jpg,Rutile,GRP_0198,train,IMG_0198_r30_f0,30,False,/content/BSM-Project/data/augmented/train/Rutile/25__r30_f0.jpg
IMG_0198,/content/BSM-Project/data/raw/BSM/Rutile/25.jpg,Rutile,GRP_0198,train,IMG_0198_r30_f1,30,True,/content/BSM-Project/data/augmented/train/Rutile/25__r30_f1.jpg
IMG_0198,/content/BSM-Project/data/raw/BSM/Rutile/25.jpg,Rutile,GRP_0198,train,IMG_0198_r45_f0,45,False,/content/BSM-Project/data/augmented/train/Rutile/25__r45_f0.jpg
IMG_0198,/content/BSM-Project/data/raw/BSM/Rutile/25.jpg,Rutile,GRP_0198,train,IMG_0198_r45_f1,45,True,/content/BSM-Project/data/augmented/train/Rutile/25__r45_f1.jpg
IMG_0198,/content/BSM-Project/data/raw/BSM/Rutile/25.jpg,Rutile,GRP_0198,train,IMG_0198_r90_f0,90,False,/content/BSM-Project/data/augmented/train/Rutile/25__r90_f0.jpg
IMG_0198,/content/BSM-Project/data/raw/BSM/Rutile/25.jpg,Rutile,GRP_0198,train,IMG_0198_r90_f1,90,True,/content/BSM-Project/data/augmented/train/Rutile/25__r90_f1.jpg
IMG_0198,/content/BSM-Project/data/raw/BSM/Rutile/25.jpg,Rutile,GRP_0198,train,IMG_0198_r180_f0,180,False,/content/BSM-Project/data/augmented/train/Rutile/25__r180_f0.jpg
IMG_0198,/content/BSM-Project/data/raw/BSM/Rutile/25.jpg,Rutile,GRP_0198,train,IMG_0198_r180_f1,180,True,/content/BSM-Project/data/augmented/train/Rutile/25__r180_f1.jpg
IMG_0198,/content/BSM-Project/data/raw/BSM/Rutile/25.jpg,Rutile,GRP_0198,train,IMG_0198_r270_f0,270,False,/content/BSM-Project/data/augmented/train/Rutile/25__r270_f0.jpg
IMG_0198,/content/BSM-Project/data/raw/BSM/Rutile/25.jpg,Rutile,GRP_0198,train,IMG_0198_r270_f1,270,True,/content/BSM-Project/data/augmented/train/Rutile/25__r270_f1.jpg
IMG_0200,/content/BSM-Project/data/raw/BSM/Rutile/27.jpg,Rutile,GRP_0200,train,IMG_0200_r0_f0,0,False,/content/BSM-Project/data/augmented/train/Rutile/27__r0_f0.jpg
IMG_0200,/content/BSM-Project/data/raw/BSM/Rutile/27.jpg,Rutile,GRP_0200,train,IMG_0200_r0_f1,0,True,/content/BSM-Project/data/augmented/train/Rutile/27__r0_f1.jpg
IMG_0200,/content/BSM-Project/data/raw/BSM/Rutile/27.jpg,Rutile,GRP_0200,train,IMG_0200_r30_f0,30,False,/content/BSM-Project/data/augmented/train/Rutile/27__r30_f0.jpg
IMG_0200,/content/BSM-Project/data/raw/BSM/Rutile/27.jpg,Rutile,GRP_0200,train,IMG_0200_r30_f1,30,True,/content/BSM-Project/data/augmented/train/Rutile/27__r30_f1.jpg
IMG_0200,/content/BSM-Project/data/raw/BSM/Rutile/27.jpg,Rutile,GRP_0200,train,IMG_0200_r45_f0,45,False,/content/BSM-Project/data/augmented/train/Rutile/27__r45_f0.jpg
IMG_0200,/content/BSM-Project/data/raw/BSM/Rutile/27.jpg,Rutile,GRP_0200,train,IMG_0200_r45_f1,45,True,/content/BSM-Project/data/augmented/train/Rutile/27__r45_f1.jpg
IMG_0200,/content/BSM-Project/data/raw/BSM/Rutile/27.jpg,Rutile,GRP_0200,train,IMG_0200_r90_f0,90,False,/content/BSM-Project/data/augmented/train/Rutile/27__r90_f0.jpg
IMG_0200,/content/BSM-Project/data/raw/BSM/Rutile/27.jpg,Rutile,GRP_0200,train,IMG_0200_r90_f1,90,True,/content/BSM-Project/data/augmented/train/Rutile/27__r90_f1.jpg
IMG_0200,/content/BSM-Project/data/raw/BSM/Rutile/27.jpg,Rutile,GRP_0200,train,IMG_0200_r180_f0,180,False,/content/BSM-Project/data/augmented/train/Rutile/27__r180_f0.jpg
IMG_0200,/content/BSM-Project/data/raw/BSM/Rutile/27.jpg,Rutile,GRP_0200,train,IMG_0200_r180_f1,180,True,/content/BSM-Project/data/augmented/train/Rutile/27__r180_f1.jpg
IMG_0200,/content/BSM-Project/data/raw/BSM/Rutile/27.jpg,Rutile,GRP_0200,train,IMG_0200_r270_f0,270,False,/content/BSM-Project/data/augmented/train/Rutile/27__r270_f0.jpg
IMG_0200,/content/BSM-Project/data/raw/BSM/Rutile/27.jpg,Rutile,GRP_0200,train,IMG_0200_r270_f1,270,True,/content/BSM-Project/data/augmented/train/Rutile/27__r270_f1.jpg
IMG_0201,/content/BSM-Project/data/raw/BSM/Rutile/29.jpg,Rutile,GRP_0201,train,IMG_0201_r0_f0,0,False,/content/BSM-Project/data/augmented/train/Rutile/29__r0_f0.jpg
IMG_0201,/content/BSM-Project/data/raw/BSM/Rutile/29.jpg,Rutile,GRP_0201,train,IMG_0201_r0_f1,0,True,/content/BSM-Project/data/augmented/train/Rutile/29__r0_f1.jpg
IMG_0201,/content/BSM-Project/data/raw/BSM/Rutile/29.jpg,Rutile,GRP_0201,train,IMG_0201_r30_f0,30,False,/content/BSM-Project/data/augmented/train/Rutile/29__r30_f0.jpg
IMG_0201,/content/BSM-Project/data/raw/BSM/Rutile/29.jpg,Rutile,GRP_0201,train,IMG_0201_r30_f1,30,True,/content/BSM-Project/data/augmented/train/Rutile/29__r30_f1.jpg
IMG_0201,/content/BSM-Project/data/raw/BSM/Rutile/29.jpg,Rutile,GRP_0201,train,IMG_0201_r45_f0,45,False,/content/BSM-Project/data/augmented/train/Rutile/29__r45_f0.jpg
IMG_0201,/content/BSM-Project/data/raw/BSM/Rutile/29.jpg,Rutile,GRP_0201,train,IMG_0201_r45_f1,45,True,/content/BSM-Project/data/augmented/train/Rutile/29__r45_f1.jpg
IMG_0201,/content/BSM-Project/data/raw/BSM/Rutile/29.jpg,Rutile,GRP_0201,train,IMG_0201_r90_f0,90,False,/content/BSM-Project/data/augmented/train/Rutile/29__r90_f0.jpg
IMG_0201,/content/BSM-Project/data/raw/BSM/Rutile/29.jpg,Rutile,GRP_0201,train,IMG_0201_r90_f1,90,True,/content/BSM-Project/data/augmented/train/Rutile/29__r90_f1.jpg
IMG_0201,/content/BSM-Project/data/raw/BSM/Rutile/29.jpg,Rutile,GRP_0201,train,IMG_0201_r180_f0,180,False,/content/BSM-Project/data/augmented/train/Rutile/29__r180_f0.jpg
IMG_0201,/content/BSM-Project/data/raw/BSM/Rutile/29.jpg,Rutile,GRP_0201,train,IMG_0201_r180_f1,180,True,/content/BSM-Project/data/augmented/train/Rutile/29__r180_f1.jpg
IMG_0201,/content/BSM-Project/data/raw/BSM/Rutile/29.jpg,Rutile,GRP_0201,train,IMG_0201_r270_f0,270,False,/content/BSM-Project/data/augmented/train/Rutile/29__r270_f0.jpg
IMG_0201,/content/BSM-Project/data/raw/BSM/Rutile/29.jpg,Rutile,GRP_0201,train,IMG_0201_r270_f1,270,True,/content/BSM-Project/data/augmented/train/Rutile/29__r270_f1.jpg
IMG_0203,/content/BSM-Project/data/raw/BSM/Rutile/30.jpg,Rutile,GRP_0203,train,IMG_0203_r0_f0,0,False,/content/BSM-Project/data/augmented/train/Rutile/30__r0_f0.jpg
IMG_0203,/content/BSM-Project/data/raw/BSM/Rutile/30.jpg,Rutile,GRP_0203,train,IMG_0203_r0_f1,0,True,/content/BSM-Project/data/augmented/train/Rutile/30__r0_f1.jpg
IMG_0203,/content/BSM-Project/data/raw/BSM/Rutile/30.jpg,Rutile,GRP_0203,train,IMG_0203_r30_f0,30,False,/content/BSM-Project/data/augmented/train/Rutile/30__r30_f0.jpg
IMG_0203,/content/BSM-Project/data/raw/BSM/Rutile/30.jpg,Rutile,GRP_0203,train,IMG_0203_r30_f1,30,True,/content/BSM-Project/data/augmented/train/Rutile/30__r30_f1.jpg
IMG_0203,/content/BSM-Project/data/raw/BSM/Rutile/30.jpg,Rutile,GRP_0203,train,IMG_0203_r45_f0,45,False,/content/BSM-Project/data/augmented/train/Rutile/30__r45_f0.jpg
IMG_0203,/content/BSM-Project/data/raw/BSM/Rutile/30.jpg,Rutile,GRP_0203,train,IMG_0203_r45_f1,45,True,/content/BSM-Project/data/augmented/train/Rutile/30__r45_f1.jpg
IMG_0203,/content/BSM-Project/data/raw/BSM/Rutile/30.jpg,Rutile,GRP_0203,train,IMG_0203_r90_f0,90,False,/content/BSM-Project/data/augmented/train/Rutile/30__r90_f0.jpg
IMG_0203,/content/BSM-Project/data/raw/BSM/Rutile/30.jpg,Rutile,GRP_0203,train,IMG_0203_r90_f1,90,True,/content/BSM-Project/data/augmented/train/Rutile/30__r90_f1.jpg
IMG_0203,/content/BSM-Project/data/raw/BSM/Rutile/30.jpg,Rutile,GRP_0203,train,IMG_0203_r180_f0,180,False,/content/BSM-Project/data/augmented/train/Rutile/30__r180_f0.jpg
IMG_0203,/content/BSM-Project/data/raw/BSM/Rutile/30.jpg,Rutile,GRP_0203,train,IMG_0203_r180_f1,180,True,/content/BSM-Project/data/augmented/train/Rutile/30__r180_f1.jpg
IMG_0203,/content/BSM-Project/data/raw/BSM/Rutile/30.jpg,Rutile,GRP_0203,train,IMG_0203_r270_f0,270,False,/content/BSM-Project/data/augmented/train/Rutile/30__r270_f0.jpg
IMG_0203,/content/BSM-Project/data/raw/BSM/Rutile/30.jpg,Rutile,GRP_0203,train,IMG_0203_r270_f1,270,True,/content/BSM-Project/data/augmented/train/Rutile/30__r270_f1.jpg
IMG_0207,/content/BSM-Project/data/raw/BSM/Rutile/35.jpg,Rutile,GRP_0207,train,IMG_0207_r0_f0,0,False,/content/BSM-Project/data/augmented/train/Rutile/35__r0_f0.jpg
IMG_0207,/content/BSM-Project/data/raw/BSM/Rutile/35.jpg,Rutile,GRP_0207,train,IMG_0207_r0_f1,0,True,/content/BSM-Project/data/augmented/train/Rutile/35__r0_f1.jpg
IMG_0207,/content/BSM-Project/data/raw/BSM/Rutile/35.jpg,Rutile,GRP_0207,train,IMG_0207_r30_f0,30,False,/content/BSM-Project/data/augmented/train/Rutile/35__r30_f0.jpg
IMG_0207,/content/BSM-Project/data/raw/BSM/Rutile/35.jpg,Rutile,GRP_0207,train,IMG_0207_r30_f1,30,True,/content/BSM-Project/data/augmented/train/Rutile/35__r30_f1.jpg
IMG_0207,/content/BSM-Project/data/raw/BSM/Rutile/35.jpg,Rutile,GRP_0207,train,IMG_0207_r45_f0,45,False,/content/BSM-Project/data/augmented/train/Rutile/35__r45_f0.jpg
IMG_0207,/content/BSM-Project/data/raw/BSM/Rutile/35.jpg,Rutile,GRP_0207,train,IMG_0207_r45_f1,45,True,/content/BSM-Project/data/augmented/train/Rutile/35__r45_f1.jpg
IMG_0207,/content/BSM-Project/data/raw/BSM/Rutile/35.jpg,Rutile,GRP_0207,train,IMG_0207_r90_f0,90,False,/content/BSM-Project/data/augmented/train/Rutile/35__r90_f0.jpg
IMG_0207,/content/BSM-Project/data/raw/BSM/Rutile/35.jpg,Rutile,GRP_0207,train,IMG_0207_r90_f1,90,True,/content/BSM-Project/data/augmented/train/Rutile/35__r90_f1.jpg
IMG_0207,/content/BSM-Project/data/raw/BSM/Rutile/35.jpg,Rutile,GRP_0207,train,IMG_0207_r180_f0,180,False,/content/BSM-Project/data/augmented/train/Rutile/35__r180_f0.jpg
IMG_0207,/content/BSM-Project/data/raw/BSM/Rutile/35.jpg,Rutile,GRP_0207,train,IMG_0207_r180_f1,180,True,/content/BSM-Project/data/augmented/train/Rutile/35__r180_f1.jpg
IMG_0207,/content/BSM-Project/data/raw/BSM/Rutile/35.jpg,Rutile,GRP_0207,train,IMG_0207_r270_f0,270,False,/content/BSM-Project/data/augmented/train/Rutile/35__r270_f0.jpg
IMG_0207,/content/BSM-Project/data/raw/BSM/Rutile/35.jpg,Rutile,GRP_0207,train,IMG_0207_r270_f1,270,True,/content/BSM-Project/data/augmented/train/Rutile/35__r270_f1.jpg
IMG_0209,/content/BSM-Project/data/raw/BSM/Rutile/37.jpg,Rutile,GRP_0209,train,IMG_0209_r0_f0,0,False,/content/BSM-Project/data/augmented/train/Rutile/37__r0_f0.jpg
IMG_0209,/content/BSM-Project/data/raw/BSM/Rutile/37.jpg,Rutile,GRP_0209,train,IMG_0209_r0_f1,0,True,/content/BSM-Project/data/augmented/train/Rutile/37__r0_f1.jpg
IMG_0209,/content/BSM-Project/data/raw/BSM/Rutile/37.jpg,Rutile,GRP_0209,train,IMG_0209_r30_f0,30,False,/content/BSM-Project/data/augmented/train/Rutile/37__r30_f0.jpg
IMG_0209,/content/BSM-Project/data/raw/BSM/Rutile/37.jpg,Rutile,GRP_0209,train,IMG_0209_r30_f1,30,True,/content/BSM-Project/data/augmented/train/Rutile/37__r30_f1.jpg
IMG_0209,/content/BSM-Project/data/raw/BSM/Rutile/37.jpg,Rutile,GRP_0209,train,IMG_0209_r45_f0,45,False,/content/BSM-Project/data/augmented/train/Rutile/37__r45_f0.jpg
IMG_0209,/content/BSM-Project/data/raw/BSM/Rutile/37.jpg,Rutile,GRP_0209,train,IMG_0209_r45_f1,45,True,/content/BSM-Project/data/augmented/train/Rutile/37__r45_f1.jpg
IMG_0209,/content/BSM-Project/data/raw/BSM/Rutile/37.jpg,Rutile,GRP_0209,train,IMG_0209_r90_f0,90,False,/content/BSM-Project/data/augmented/train/Rutile/37__r90_f0.jpg
IMG_0209,/content/BSM-Project/data/raw/BSM/Rutile/37.jpg,Rutile,GRP_0209,train,IMG_0209_r90_f1,90,True,/content/BSM-Project/data/augmented/train/Rutile/37__r90_f1.jpg
IMG_0209,/content/BSM-Project/data/raw/BSM/Rutile/37.jpg,Rutile,GRP_0209,train,IMG_0209_r180_f0,180,False,/content/BSM-Project/data/augmented/train/Rutile/37__r180_f0.jpg
IMG_0209,/content/BSM-Project/data/raw/BSM/Rutile/37.jpg,Rutile,GRP_0209,train,IMG_0209_r180_f1,180,True,/content/BSM-Project/data/augmented/train/Rutile/37__r180_f1.jpg
IMG_0209,/content/BSM-Project/data/raw/BSM/Rutile/37.jpg,Rutile,GRP_0209,train,IMG_0209_r270_f0,270,False,/content/BSM-Project/data/augmented/train/Rutile/37__r270_f0.jpg
IMG_0209,/content/BSM-Project/data/raw/BSM/Rutile/37.jpg,Rutile,GRP_0209,train,IMG_0209_r270_f1,270,True,/content/BSM-Project/data/augmented/train/Rutile/37__r270_f1.jpg
IMG_0210,/content/BSM-Project/data/raw/BSM/Rutile/38.jpg,Rutile,GRP_0210,train,IMG_0210_r0_f0,0,False,/content/BSM-Project/data/augmented/train/Rutile/38__r0_f0.jpg
IMG_0210,/content/BSM-Project/data/raw/BSM/Rutile/38.jpg,Rutile,GRP_0210,train,IMG_0210_r0_f1,0,True,/content/BSM-Project/data/augmented/train/Rutile/38__r0_f1.jpg
IMG_0210,/content/BSM-Project/data/raw/BSM/Rutile/38.jpg,Rutile,GRP_0210,train,IMG_0210_r30_f0,30,False,/content/BSM-Project/data/augmented/train/Rutile/38__r30_f0.jpg
IMG_0210,/content/BSM-Project/data/raw/BSM/Rutile/38.jpg,Rutile,GRP_0210,train,IMG_0210_r30_f1,30,True,/content/BSM-Project/data/augmented/train/Rutile/38__r30_f1.jpg
IMG_0210,/content/BSM-Project/data/raw/BSM/Rutile/38.jpg,Rutile,GRP_0210,train,IMG_0210_r45_f0,45,False,/content/BSM-Project/data/augmented/train/Rutile/38__r45_f0.jpg
IMG_0210,/content/BSM-Project/data/raw/BSM/Rutile/38.jpg,Rutile,GRP_0210,train,IMG_0210_r45_f1,45,True,/content/BSM-Project/data/augmented/train/Rutile/38__r45_f1.jpg
IMG_0210,/content/BSM-Project/data/raw/BSM/Rutile/38.jpg,Rutile,GRP_0210,train,IMG_0210_r90_f0,90,False,/content/BSM-Project/data/augmented/train/Rutile/38__r90_f0.jpg
IMG_0210,/content/BSM-Project/data/raw/BSM/Rutile/38.jpg,Rutile,GRP_0210,train,IMG_0210_r90_f1,90,True,/content/BSM-Project/data/augmented/train/Rutile/38__r90_f1.jpg
IMG_0210,/content/BSM-Project/data/raw/BSM/Rutile/38.jpg,Rutile,GRP_0210,train,IMG_0210_r180_f0,180,False,/content/BSM-Project/data/augmented/train/Rutile/38__r180_f0.jpg
IMG_0210,/content/BSM-Project/data/raw/BSM/Rutile/38.jpg,Rutile,GRP_0210,train,IMG_0210_r180_f1,180,True,/content/BSM-Project/data/augmented/train/Rutile/38__r180_f1.jpg
IMG_0210,/content/BSM-Project/data/raw/BSM/Rutile/38.jpg,Rutile,GRP_0210,train,IMG_0210_r270_f0,270,False,/content/BSM-Project/data/augmented/train/Rutile/38__r270_f0.jpg
IMG_0210,/content/BSM-Project/data/raw/BSM/Rutile/38.jpg,Rutile,GRP_0210,train,IMG_0210_r270_f1,270,True,/content/BSM-Project/data/augmented/train/Rutile/38__r270_f1.jpg
IMG_0211,/content/BSM-Project/data/raw/BSM/Rutile/39.jpg,Rutile,GRP_0211,train,IMG_0211_r0_f0,0,False,/content/BSM-Project/data/augmented/train/Rutile/39__r0_f0.jpg
IMG_0211,/content/BSM-Project/data/raw/BSM/Rutile/39.jpg,Rutile,GRP_0211,train,IMG_0211_r0_f1,0,True,/content/BSM-Project/data/augmented/train/Rutile/39__r0_f1.jpg
IMG_0211,/content/BSM-Project/data/raw/BSM/Rutile/39.jpg,Rutile,GRP_0211,train,IMG_0211_r30_f0,30,False,/content/BSM-Project/data/augmented/train/Rutile/39__r30_f0.jpg
IMG_0211,/content/BSM-Project/data/raw/BSM/Rutile/39.jpg,Rutile,GRP_0211,train,IMG_0211_r30_f1,30,True,/content/BSM-Project/data/augmented/train/Rutile/39__r30_f1.jpg
IMG_0211,/content/BSM-Project/data/raw/BSM/Rutile/39.jpg,Rutile,GRP_0211,train,IMG_0211_r45_f0,45,False,/content/BSM-Project/data/augmented/train/Rutile/39__r45_f0.jpg
IMG_0211,/content/BSM-Project/data/raw/BSM/Rutile/39.jpg,Rutile,GRP_0211,train,IMG_0211_r45_f1,45,True,/content/BSM-Project/data/augmented/train/Rutile/39__r45_f1.jpg
IMG_0211,/content/BSM-Project/data/raw/BSM/Rutile/39.jpg,Rutile,GRP_0211,train,IMG_0211_r90_f0,90,False,/content/BSM-Project/data/augmented/train/Rutile/39__r90_f0.jpg
IMG_0211,/content/BSM-Project/data/raw/BSM/Rutile/39.jpg,Rutile,GRP_0211,train,IMG_0211_r90_f1,90,True,/content/BSM-Project/data/augmented/train/Rutile/39__r90_f1.jpg
IMG_0211,/content/BSM-Project/data/raw/BSM/Rutile/39.jpg,Rutile,GRP_0211,train,IMG_0211_r180_f0,180,False,/content/BSM-Project/data/augmented/train/Rutile/39__r180_f0.jpg
IMG_0211,/content/BSM-Project/data/raw/BSM/Rutile/39.jpg,Rutile,GRP_0211,train,IMG_0211_r180_f1,180,True,/content/BSM-Project/data/augmented/train/Rutile/39__r180_f1.jpg
IMG_0211,/content/BSM-Project/data/raw/BSM/Rutile/39.jpg,Rutile,GRP_0211,train,IMG_0211_r270_f0,270,False,/content/BSM-Project/data/augmented/train/Rutile/39__r270_f0.jpg
IMG_0211,/content/BSM-Project/data/raw/BSM/Rutile/39.jpg,Rutile,GRP_0211,train,IMG_0211_r270_f1,270,True,/content/BSM-Project/data/augmented/train/Rutile/39__r270_f1.jpg
IMG_0212,/content/BSM-Project/data/raw/BSM/Rutile/4.jpg,Rutile,GRP_0212,train,IMG_0212_r0_f0,0,False,/content/BSM-Project/data/augmented/train/Rutile/4__r0_f0.jpg
IMG_0212,/content/BSM-Project/data/raw/BSM/Rutile/4.jpg,Rutile,GRP_0212,train,IMG_0212_r0_f1,0,True,/content/BSM-Project/data/augmented/train/Rutile/4__r0_f1.jpg
IMG_0212,/content/BSM-Project/data/raw/BSM/Rutile/4.jpg,Rutile,GRP_0212,train,IMG_0212_r30_f0,30,False,/content/BSM-Project/data/augmented/train/Rutile/4__r30_f0.jpg
IMG_0212,/content/BSM-Project/data/raw/BSM/Rutile/4.jpg,Rutile,GRP_0212,train,IMG_0212_r30_f1,30,True,/content/BSM-Project/data/augmented/train/Rutile/4__r30_f1.jpg
IMG_0212,/content/BSM-Project/data/raw/BSM/Rutile/4.jpg,Rutile,GRP_0212,train,IMG_0212_r45_f0,45,False,/content/BSM-Project/data/augmented/train/Rutile/4__r45_f0.jpg
IMG_0212,/content/BSM-Project/data/raw/BSM/Rutile/4.jpg,Rutile,GRP_0212,train,IMG_0212_r45_f1,45,True,/content/BSM-Project/data/augmented/train/Rutile/4__r45_f1.jpg
IMG_0212,/content/BSM-Project/data/raw/BSM/Rutile/4.jpg,Rutile,GRP_0212,train,IMG_0212_r90_f0,90,False,/content/BSM-Project/data/augmented/train/Rutile/4__r90_f0.jpg
IMG_0212,/content/BSM-Project/data/raw/BSM/Rutile/4.jpg,Rutile,GRP_0212,train,IMG_0212_r90_f1,90,True,/content/BSM-Project/data/augmented/train/Rutile/4__r90_f1.jpg
IMG_0212,/content/BSM-Project/data/raw/BSM/Rutile/4.jpg,Rutile,GRP_0212,train,IMG_0212_r180_f0,180,False,/content/BSM-Project/data/augmented/train/Rutile/4__r180_f0.jpg
IMG_0212,/content/BSM-Project/data/raw/BSM/Rutile/4.jpg,Rutile,GRP_0212,train,IMG_0212_r180_f1,180,True,/content/BSM-Project/data/augmented/train/Rutile/4__r180_f1.jpg
IMG_0212,/content/BSM-Project/data/raw/BSM/Rutile/4.jpg,Rutile,GRP_0212,train,IMG_0212_r270_f0,270,False,/content/BSM-Project/data/augmented/train/Rutile/4__r270_f0.jpg
IMG_0212,/content/BSM-Project/data/raw/BSM/Rutile/4.jpg,Rutile,GRP_0212,train,IMG_0212_r270_f1,270,True,/content/BSM-Project/data/augmented/train/Rutile/4__r270_f1.jpg
IMG_0215,/content/BSM-Project/data/raw/BSM/Rutile/42.jpg,Rutile,GRP_0215,train,IMG_0215_r0_f0,0,False,/content/BSM-Project/data/augmented/train/Rutile/42__r0_f0.jpg
IMG_0215,/content/BSM-Project/data/raw/BSM/Rutile/42.jpg,Rutile,GRP_0215,train,IMG_0215_r0_f1,0,True,/content/BSM-Project/data/augmented/train/Rutile/42__r0_f1.jpg
IMG_0215,/content/BSM-Project/data/raw/BSM/Rutile/42.jpg,Rutile,GRP_0215,train,IMG_0215_r30_f0,30,False,/content/BSM-Project/data/augmented/train/Rutile/42__r30_f0.jpg
IMG_0215,/content/BSM-Project/data/raw/BSM/Rutile/42.jpg,Rutile,GRP_0215,train,IMG_0215_r30_f1,30,True,/content/BSM-Project/data/augmented/train/Rutile/42__r30_f1.jpg
IMG_0215,/content/BSM-Project/data/raw/BSM/Rutile/42.jpg,Rutile,GRP_0215,train,IMG_0215_r45_f0,45,False,/content/BSM-Project/data/augmented/train/Rutile/42__r45_f0.jpg
IMG_0215,/content/BSM-Project/data/raw/BSM/Rutile/42.jpg,Rutile,GRP_0215,train,IMG_0215_r45_f1,45,True,/content/BSM-Project/data/augmented/train/Rutile/42__r45_f1.jpg
IMG_0215,/content/BSM-Project/data/raw/BSM/Rutile/42.jpg,Rutile,GRP_0215,train,IMG_0215_r90_f0,90,False,/content/BSM-Project/data/augmented/train/Rutile/42__r90_f0.jpg
IMG_0215,/content/BSM-Project/data/raw/BSM/Rutile/42.jpg,Rutile,GRP_0215,train,IMG_0215_r90_f1,90,True,/content/BSM-Project/data/augmented/train/Rutile/42__r90_f1.jpg
IMG_0215,/content/BSM-Project/data/raw/BSM/Rutile/42.jpg,Rutile,GRP_0215,train,IMG_0215_r180_f0,180,False,/content/BSM-Project/data/augmented/train/Rutile/42__r180_f0.jpg
IMG_0215,/content/BSM-Project/data/raw/BSM/Rutile/42.jpg,Rutile,GRP_0215,train,IMG_0215_r180_f1,180,True,/content/BSM-Project/data/augmented/train/Rutile/42__r180_f1.jpg
IMG_0215,/content/BSM-Project/data/raw/BSM/Rutile/42.jpg,Rutile,GRP_0215,train,IMG_0215_r270_f0,270,False,/content/BSM-Project/data/augmented/train/Rutile/42__r270_f0.jpg
IMG_0215,/content/BSM-Project/data/raw/BSM/Rutile/42.jpg,Rutile,GRP_0215,train,IMG_0215_r270_f1,270,True,/content/BSM-Project/data/augmented/train/Rutile/42__r270_f1.jpg
IMG_0217,/content/BSM-Project/data/raw/BSM/Rutile/44.jpg,Rutile,GRP_0217,train,IMG_0217_r0_f0,0,False,/content/BSM-Project/data/augmented/train/Rutile/44__r0_f0.jpg
IMG_0217,/content/BSM-Project/data/raw/BSM/Rutile/44.jpg,Rutile,GRP_0217,train,IMG_0217_r0_f1,0,True,/content/BSM-Project/data/augmented/train/Rutile/44__r0_f1.jpg
IMG_0217,/content/BSM-Project/data/raw/BSM/Rutile/44.jpg,Rutile,GRP_0217,train,IMG_0217_r30_f0,30,False,/content/BSM-Project/data/augmented/train/Rutile/44__r30_f0.jpg
IMG_0217,/content/BSM-Project/data/raw/BSM/Rutile/44.jpg,Rutile,GRP_0217,train,IMG_0217_r30_f1,30,True,/content/BSM-Project/data/augmented/train/Rutile/44__r30_f1.jpg
IMG_0217,/content/BSM-Project/data/raw/BSM/Rutile/44.jpg,Rutile,GRP_0217,train,IMG_0217_r45_f0,45,False,/content/BSM-Project/data/augmented/train/Rutile/44__r45_f0.jpg
IMG_0217,/content/BSM-Project/data/raw/BSM/Rutile/44.jpg,Rutile,GRP_0217,train,IMG_0217_r45_f1,45,True,/content/BSM-Project/data/augmented/train/Rutile/44__r45_f1.jpg
IMG_0217,/content/BSM-Project/data/raw/BSM/Rutile/44.jpg,Rutile,GRP_0217,train,IMG_0217_r90_f0,90,False,/content/BSM-Project/data/augmented/train/Rutile/44__r90_f0.jpg
IMG_0217,/content/BSM-Project/data/raw/BSM/Rutile/44.jpg,Rutile,GRP_0217,train,IMG_0217_r90_f1,90,True,/content/BSM-Project/data/augmented/train/Rutile/44__r90_f1.jpg
IMG_0217,/content/BSM-Project/data/raw/BSM/Rutile/44.jpg,Rutile,GRP_0217,train,IMG_0217_r180_f0,180,False,/content/BSM-Project/data/augmented/train/Rutile/44__r180_f0.jpg
IMG_0217,/content/BSM-Project/data/raw/BSM/Rutile/44.jpg,Rutile,GRP_0217,train,IMG_0217_r180_f1,180,True,/content/BSM-Project/data/augmented/train/Rutile/44__r180_f1.jpg
IMG_0217,/content/BSM-Project/data/raw/BSM/Rutile/44.jpg,Rutile,GRP_0217,train,IMG_0217_r270_f0,270,False,/content/BSM-Project/data/augmented/train/Rutile/44__r270_f0.jpg
IMG_0217,/content/BSM-Project/data/raw/BSM/Rutile/44.jpg,Rutile,GRP_0217,train,IMG_0217_r270_f1,270,True,/content/BSM-Project/data/augmented/train/Rutile/44__r270_f1.jpg
IMG_0218,/content/BSM-Project/data/raw/BSM/Rutile/45.jpg,Rutile,GRP_0218,train,IMG_0218_r0_f0,0,False,/content/BSM-Project/data/augmented/train/Rutile/45__r0_f0.jpg
IMG_0218,/content/BSM-Project/data/raw/BSM/Rutile/45.jpg,Rutile,GRP_0218,train,IMG_0218_r0_f1,0,True,/content/BSM-Project/data/augmented/train/Rutile/45__r0_f1.jpg
IMG_0218,/content/BSM-Project/data/raw/BSM/Rutile/45.jpg,Rutile,GRP_0218,train,IMG_0218_r30_f0,30,False,/content/BSM-Project/data/augmented/train/Rutile/45__r30_f0.jpg
IMG_0218,/content/BSM-Project/data/raw/BSM/Rutile/45.jpg,Rutile,GRP_0218,train,IMG_0218_r30_f1,30,True,/content/BSM-Project/data/augmented/train/Rutile/45__r30_f1.jpg
IMG_0218,/content/BSM-Project/data/raw/BSM/Rutile/45.jpg,Rutile,GRP_0218,train,IMG_0218_r45_f0,45,False,/content/BSM-Project/data/augmented/train/Rutile/45__r45_f0.jpg
IMG_0218,/content/BSM-Project/data/raw/BSM/Rutile/45.jpg,Rutile,GRP_0218,train,IMG_0218_r45_f1,45,True,/content/BSM-Project/data/augmented/train/Rutile/45__r45_f1.jpg
IMG_0218,/content/BSM-Project/data/raw/BSM/Rutile/45.jpg,Rutile,GRP_0218,train,IMG_0218_r90_f0,90,False,/content/BSM-Project/data/augmented/train/Rutile/45__r90_f0.jpg
IMG_0218,/content/BSM-Project/data/raw/BSM/Rutile/45.jpg,Rutile,GRP_0218,train,IMG_0218_r90_f1,90,True,/content/BSM-Project/data/augmented/train/Rutile/45__r90_f1.jpg
IMG_0218,/content/BSM-Project/data/raw/BSM/Rutile/45.jpg,Rutile,GRP_0218,train,IMG_0218_r180_f0,180,False,/content/BSM-Project/data/augmented/train/Rutile/45__r180_f0.jpg
IMG_0218,/content/BSM-Project/data/raw/BSM/Rutile/45.jpg,Rutile,GRP_0218,train,IMG_0218_r180_f1,180,True,/content/BSM-Project/data/augmented/train/Rutile/45__r180_f1.jpg
IMG_0218,/content/BSM-Project/data/raw/BSM/Rutile/45.jpg,Rutile,GRP_0218,train,IMG_0218_r270_f0,270,False,/content/BSM-Project/data/augmented/train/Rutile/45__r270_f0.jpg
IMG_0218,/content/BSM-Project/data/raw/BSM/Rutile/45.jpg,Rutile,GRP_0218,train,IMG_0218_r270_f1,270,True,/content/BSM-Project/data/augmented/train/Rutile/45__r270_f1.jpg
IMG_0220,/content/BSM-Project/data/raw/BSM/Rutile/48.jpg,Rutile,GRP_0220,train,IMG_0220_r0_f0,0,False,/content/BSM-Project/data/augmented/train/Rutile/48__r0_f0.jpg
IMG_0220,/content/BSM-Project/data/raw/BSM/Rutile/48.jpg,Rutile,GRP_0220,train,IMG_0220_r0_f1,0,True,/content/BSM-Project/data/augmented/train/Rutile/48__r0_f1.jpg
IMG_0220,/content/BSM-Project/data/raw/BSM/Rutile/48.jpg,Rutile,GRP_0220,train,IMG_0220_r30_f0,30,False,/content/BSM-Project/data/augmented/train/Rutile/48__r30_f0.jpg
IMG_0220,/content/BSM-Project/data/raw/BSM/Rutile/48.jpg,Rutile,GRP_0220,train,IMG_0220_r30_f1,30,True,/content/BSM-Project/data/augmented/train/Rutile/48__r30_f1.jpg
IMG_0220,/content/BSM-Project/data/raw/BSM/Rutile/48.jpg,Rutile,GRP_0220,train,IMG_0220_r45_f0,45,False,/content/BSM-Project/data/augmented/train/Rutile/48__r45_f0.jpg
IMG_0220,/content/BSM-Project/data/raw/BSM/Rutile/48.jpg,Rutile,GRP_0220,train,IMG_0220_r45_f1,45,True,/content/BSM-Project/data/augmented/train/Rutile/48__r45_f1.jpg
IMG_0220,/content/BSM-Project/data/raw/BSM/Rutile/48.jpg,Rutile,GRP_0220,train,IMG_0220_r90_f0,90,False,/content/BSM-Project/data/augmented/train/Rutile/48__r90_f0.jpg
IMG_0220,/content/BSM-Project/data/raw/BSM/Rutile/48.jpg,Rutile,GRP_0220,train,IMG_0220_r90_f1,90,True,/content/BSM-Project/data/augmented/train/Rutile/48__r90_f1.jpg
IMG_0220,/content/BSM-Project/data/raw/BSM/Rutile/48.jpg,Rutile,GRP_0220,train,IMG_0220_r180_f0,180,False,/content/BSM-Project/data/augmented/train/Rutile/48__r180_f0.jpg
IMG_0220,/content/BSM-Project/data/raw/BSM/Rutile/48.jpg,Rutile,GRP_0220,train,IMG_0220_r180_f1,180,True,/content/BSM-Project/data/augmented/train/Rutile/48__r180_f1.jpg
IMG_0220,/content/BSM-Project/data/raw/BSM/Rutile/48.jpg,Rutile,GRP_0220,train,IMG_0220_r270_f0,270,False,/content/BSM-Project/data/augmented/train/Rutile/48__r270_f0.jpg
IMG_0220,/content/BSM-Project/data/raw/BSM/Rutile/48.jpg,Rutile,GRP_0220,train,IMG_0220_r270_f1,270,True,/content/BSM-Project/data/augmented/train/Rutile/48__r270_f1.jpg
IMG_0221,/content/BSM-Project/data/raw/BSM/Rutile/49.jpg,Rutile,GRP_0221,train,IMG_0221_r0_f0,0,False,/content/BSM-Project/data/augmented/train/Rutile/49__r0_f0.jpg
IMG_0221,/content/BSM-Project/data/raw/BSM/Rutile/49.jpg,Rutile,GRP_0221,train,IMG_0221_r0_f1,0,True,/content/BSM-Project/data/augmented/train/Rutile/49__r0_f1.jpg
IMG_0221,/content/BSM-Project/data/raw/BSM/Rutile/49.jpg,Rutile,GRP_0221,train,IMG_0221_r30_f0,30,False,/content/BSM-Project/data/augmented/train/Rutile/49__r30_f0.jpg
IMG_0221,/content/BSM-Project/data/raw/BSM/Rutile/49.jpg,Rutile,GRP_0221,train,IMG_0221_r30_f1,30,True,/content/BSM-Project/data/augmented/train/Rutile/49__r30_f1.jpg
IMG_0221,/content/BSM-Project/data/raw/BSM/Rutile/49.jpg,Rutile,GRP_0221,train,IMG_0221_r45_f0,45,False,/content/BSM-Project/data/augmented/train/Rutile/49__r45_f0.jpg
IMG_0221,/content/BSM-Project/data/raw/BSM/Rutile/49.jpg,Rutile,GRP_0221,train,IMG_0221_r45_f1,45,True,/content/BSM-Project/data/augmented/train/Rutile/49__r45_f1.jpg
IMG_0221,/content/BSM-Project/data/raw/BSM/Rutile/49.jpg,Rutile,GRP_0221,train,IMG_0221_r90_f0,90,False,/content/BSM-Project/data/augmented/train/Rutile/49__r90_f0.jpg
IMG_0221,/content/BSM-Project/data/raw/BSM/Rutile/49.jpg,Rutile,GRP_0221,train,IMG_0221_r90_f1,90,True,/content/BSM-Project/data/augmented/train/Rutile/49__r90_f1.jpg
IMG_0221,/content/BSM-Project/data/raw/BSM/Rutile/49.jpg,Rutile,GRP_0221,train,IMG_0221_r180_f0,180,False,/content/BSM-Project/data/augmented/train/Rutile/49__r180_f0.jpg
IMG_0221,/content/BSM-Project/data/raw/BSM/Rutile/49.jpg,Rutile,GRP_0221,train,IMG_0221_r180_f1,180,True,/content/BSM-Project/data/augmented/train/Rutile/49__r180_f1.jpg
IMG_0221,/content/BSM-Project/data/raw/BSM/Rutile/49.jpg,Rutile,GRP_0221,train,IMG_0221_r270_f0,270,False,/content/BSM-Project/data/augmented/train/Rutile/49__r270_f0.jpg
IMG_0221,/content/BSM-Project/data/raw/BSM/Rutile/49.jpg,Rutile,GRP_0221,train,IMG_0221_r270_f1,270,True,/content/BSM-Project/data/augmented/train/Rutile/49__r270_f1.jpg
IMG_0222,/content/BSM-Project/data/raw/BSM/Rutile/50.jpg,Rutile,GRP_0222,train,IMG_0222_r0_f0,0,False,/content/BSM-Project/data/augmented/train/Rutile/50__r0_f0.jpg
IMG_0222,/content/BSM-Project/data/raw/BSM/Rutile/50.jpg,Rutile,GRP_0222,train,IMG_0222_r0_f1,0,True,/content/BSM-Project/data/augmented/train/Rutile/50__r0_f1.jpg
IMG_0222,/content/BSM-Project/data/raw/BSM/Rutile/50.jpg,Rutile,GRP_0222,train,IMG_0222_r30_f0,30,False,/content/BSM-Project/data/augmented/train/Rutile/50__r30_f0.jpg
IMG_0222,/content/BSM-Project/data/raw/BSM/Rutile/50.jpg,Rutile,GRP_0222,train,IMG_0222_r30_f1,30,True,/content/BSM-Project/data/augmented/train/Rutile/50__r30_f1.jpg
IMG_0222,/content/BSM-Project/data/raw/BSM/Rutile/50.jpg,Rutile,GRP_0222,train,IMG_0222_r45_f0,45,False,/content/BSM-Project/data/augmented/train/Rutile/50__r45_f0.jpg
IMG_0222,/content/BSM-Project/data/raw/BSM/Rutile/50.jpg,Rutile,GRP_0222,train,IMG_0222_r45_f1,45,True,/content/BSM-Project/data/augmented/train/Rutile/50__r45_f1.jpg
IMG_0222,/content/BSM-Project/data/raw/BSM/Rutile/50.jpg,Rutile,GRP_0222,train,IMG_0222_r90_f0,90,False,/content/BSM-Project/data/augmented/train/Rutile/50__r90_f0.jpg
IMG_0222,/content/BSM-Project/data/raw/BSM/Rutile/50.jpg,Rutile,GRP_0222,train,IMG_0222_r90_f1,90,True,/content/BSM-Project/data/augmented/train/Rutile/50__r90_f1.jpg
IMG_0222,/content/BSM-Project/data/raw/BSM/Rutile/50.jpg,Rutile,GRP_0222,train,IMG_0222_r180_f0,180,False,/content/BSM-Project/data/augmented/train/Rutile/50__r180_f0.jpg
IMG_0222,/content/BSM-Project/data/raw/BSM/Rutile/50.jpg,Rutile,GRP_0222,train,IMG_0222_r180_f1,180,True,/content/BSM-Project/data/augmented/train/Rutile/50__r180_f1.jpg
IMG_0222,/content/BSM-Project/data/raw/BSM/Rutile/50.jpg,Rutile,GRP_0222,train,IMG_0222_r270_f0,270,False,/content/BSM-Project/data/augmented/train/Rutile/50__r270_f0.jpg
IMG_0222,/content/BSM-Project/data/raw/BSM/Rutile/50.jpg,Rutile,GRP_0222,train,IMG_0222_r270_f1,270,True,/content/BSM-Project/data/augmented/train/Rutile/50__r270_f1.jpg
IMG_0223,/content/BSM-Project/data/raw/BSM/Rutile/51.jpg,Rutile,GRP_0223,train,IMG_0223_r0_f0,0,False,/content/BSM-Project/data/augmented/train/Rutile/51__r0_f0.jpg
IMG_0223,/content/BSM-Project/data/raw/BSM/Rutile/51.jpg,Rutile,GRP_0223,train,IMG_0223_r0_f1,0,True,/content/BSM-Project/data/augmented/train/Rutile/51__r0_f1.jpg
IMG_0223,/content/BSM-Project/data/raw/BSM/Rutile/51.jpg,Rutile,GRP_0223,train,IMG_0223_r30_f0,30,False,/content/BSM-Project/data/augmented/train/Rutile/51__r30_f0.jpg
IMG_0223,/content/BSM-Project/data/raw/BSM/Rutile/51.jpg,Rutile,GRP_0223,train,IMG_0223_r30_f1,30,True,/content/BSM-Project/data/augmented/train/Rutile/51__r30_f1.jpg
IMG_0223,/content/BSM-Project/data/raw/BSM/Rutile/51.jpg,Rutile,GRP_0223,train,IMG_0223_r45_f0,45,False,/content/BSM-Project/data/augmented/train/Rutile/51__r45_f0.jpg
IMG_0223,/content/BSM-Project/data/raw/BSM/Rutile/51.jpg,Rutile,GRP_0223,train,IMG_0223_r45_f1,45,True,/content/BSM-Project/data/augmented/train/Rutile/51__r45_f1.jpg
IMG_0223,/content/BSM-Project/data/raw/BSM/Rutile/51.jpg,Rutile,GRP_0223,train,IMG_0223_r90_f0,90,False,/content/BSM-Project/data/augmented/train/Rutile/51__r90_f0.jpg
IMG_0223,/content/BSM-Project/data/raw/BSM/Rutile/51.jpg,Rutile,GRP_0223,train,IMG_0223_r90_f1,90,True,/content/BSM-Project/data/augmented/train/Rutile/51__r90_f1.jpg
IMG_0223,/content/BSM-Project/data/raw/BSM/Rutile/51.jpg,Rutile,GRP_0223,train,IMG_0223_r180_f0,180,False,/content/BSM-Project/data/augmented/train/Rutile/51__r180_f0.jpg
IMG_0223,/content/BSM-Project/data/raw/BSM/Rutile/51.jpg,Rutile,GRP_0223,train,IMG_0223_r180_f1,180,True,/content/BSM-Project/data/augmented/train/Rutile/51__r180_f1.jpg
IMG_0223,/content/BSM-Project/data/raw/BSM/Rutile/51.jpg,Rutile,GRP_0223,train,IMG_0223_r270_f0,270,False,/content/BSM-Project/data/augmented/train/Rutile/51__r270_f0.jpg
IMG_0223,/content/BSM-Project/data/raw/BSM/Rutile/51.jpg,Rutile,GRP_0223,train,IMG_0223_r270_f1,270,True,/content/BSM-Project/data/augmented/train/Rutile/51__r270_f1.jpg
IMG_0224,/content/BSM-Project/data/raw/BSM/Rutile/52.jpg,Rutile,GRP_0224,train,IMG_0224_r0_f0,0,False,/content/BSM-Project/data/augmented/train/Rutile/52__r0_f0.jpg
IMG_0224,/content/BSM-Project/data/raw/BSM/Rutile/52.jpg,Rutile,GRP_0224,train,IMG_0224_r0_f1,0,True,/content/BSM-Project/data/augmented/train/Rutile/52__r0_f1.jpg
IMG_0224,/content/BSM-Project/data/raw/BSM/Rutile/52.jpg,Rutile,GRP_0224,train,IMG_0224_r30_f0,30,False,/content/BSM-Project/data/augmented/train/Rutile/52__r30_f0.jpg
IMG_0224,/content/BSM-Project/data/raw/BSM/Rutile/52.jpg,Rutile,GRP_0224,train,IMG_0224_r30_f1,30,True,/content/BSM-Project/data/augmented/train/Rutile/52__r30_f1.jpg
IMG_0224,/content/BSM-Project/data/raw/BSM/Rutile/52.jpg,Rutile,GRP_0224,train,IMG_0224_r45_f0,45,False,/content/BSM-Project/data/augmented/train/Rutile/52__r45_f0.jpg
IMG_0224,/content/BSM-Project/data/raw/BSM/Rutile/52.jpg,Rutile,GRP_0224,train,IMG_0224_r45_f1,45,True,/content/BSM-Project/data/augmented/train/Rutile/52__r45_f1.jpg
IMG_0224,/content/BSM-Project/data/raw/BSM/Rutile/52.jpg,Rutile,GRP_0224,train,IMG_0224_r90_f0,90,False,/content/BSM-Project/data/augmented/train/Rutile/52__r90_f0.jpg
IMG_0224,/content/BSM-Project/data/raw/BSM/Rutile/52.jpg,Rutile,GRP_0224,train,IMG_0224_r90_f1,90,True,/content/BSM-Project/data/augmented/train/Rutile/52__r90_f1.jpg
IMG_0224,/content/BSM-Project/data/raw/BSM/Rutile/52.jpg,Rutile,GRP_0224,train,IMG_0224_r180_f0,180,False,/content/BSM-Project/data/augmented/train/Rutile/52__r180_f0.jpg
IMG_0224,/content/BSM-Project/data/raw/BSM/Rutile/52.jpg,Rutile,GRP_0224,train,IMG_0224_r180_f1,180,True,/content/BSM-Project/data/augmented/train/Rutile/52__r180_f1.jpg
IMG_0224,/content/BSM-Project/data/raw/BSM/Rutile/52.jpg,Rutile,GRP_0224,train,IMG_0224_r270_f0,270,False,/content/BSM-Project/data/augmented/train/Rutile/52__r270_f0.jpg
IMG_0224,/content/BSM-Project/data/raw/BSM/Rutile/52.jpg,Rutile,GRP_0224,train,IMG_0224_r270_f1,270,True,/content/BSM-Project/data/augmented/train/Rutile/52__r270_f1.jpg
IMG_0225,/content/BSM-Project/data/raw/BSM/Rutile/53.jpg,Rutile,GRP_0225,train,IMG_0225_r0_f0,0,False,/content/BSM-Project/data/augmented/train/Rutile/53__r0_f0.jpg
IMG_0225,/content/BSM-Project/data/raw/BSM/Rutile/53.jpg,Rutile,GRP_0225,train,IMG_0225_r0_f1,0,True,/content/BSM-Project/data/augmented/train/Rutile/53__r0_f1.jpg
IMG_0225,/content/BSM-Project/data/raw/BSM/Rutile/53.jpg,Rutile,GRP_0225,train,IMG_0225_r30_f0,30,False,/content/BSM-Project/data/augmented/train/Rutile/53__r30_f0.jpg
IMG_0225,/content/BSM-Project/data/raw/BSM/Rutile/53.jpg,Rutile,GRP_0225,train,IMG_0225_r30_f1,30,True,/content/BSM-Project/data/augmented/train/Rutile/53__r30_f1.jpg
IMG_0225,/content/BSM-Project/data/raw/BSM/Rutile/53.jpg,Rutile,GRP_0225,train,IMG_0225_r45_f0,45,False,/content/BSM-Project/data/augmented/train/Rutile/53__r45_f0.jpg
IMG_0225,/content/BSM-Project/data/raw/BSM/Rutile/53.jpg,Rutile,GRP_0225,train,IMG_0225_r45_f1,45,True,/content/BSM-Project/data/augmented/train/Rutile/53__r45_f1.jpg
IMG_0225,/content/BSM-Project/data/raw/BSM/Rutile/53.jpg,Rutile,GRP_0225,train,IMG_0225_r90_f0,90,False,/content/BSM-Project/data/augmented/train/Rutile/53__r90_f0.jpg
IMG_0225,/content/BSM-Project/data/raw/BSM/Rutile/53.jpg,Rutile,GRP_0225,train,IMG_0225_r90_f1,90,True,/content/BSM-Project/data/augmented/train/Rutile/53__r90_f1.jpg
IMG_0225,/content/BSM-Project/data/raw/BSM/Rutile/53.jpg,Rutile,GRP_0225,train,IMG_0225_r180_f0,180,False,/content/BSM-Project/data/augmented/train/Rutile/53__r180_f0.jpg
IMG_0225,/content/BSM-Project/data/raw/BSM/Rutile/53.jpg,Rutile,GRP_0225,train,IMG_0225_r180_f1,180,True,/content/BSM-Project/data/augmented/train/Rutile/53__r180_f1.jpg
IMG_0225,/content/BSM-Project/data/raw/BSM/Rutile/53.jpg,Rutile,GRP_0225,train,IMG_0225_r270_f0,270,False,/content/BSM-Project/data/augmented/train/Rutile/53__r270_f0.jpg
IMG_0225,/content/BSM-Project/data/raw/BSM/Rutile/53.jpg,Rutile,GRP_0225,train,IMG_0225_r270_f1,270,True,/content/BSM-Project/data/augmented/train/Rutile/53__r270_f1.jpg
IMG_0226,/content/BSM-Project/data/raw/BSM/Rutile/54.jpg,Rutile,GRP_0226,train,IMG_0226_r0_f0,0,False,/content/BSM-Project/data/augmented/train/Rutile/54__r0_f0.jpg
IMG_0226,/content/BSM-Project/data/raw/BSM/Rutile/54.jpg,Rutile,GRP_0226,train,IMG_0226_r0_f1,0,True,/content/BSM-Project/data/augmented/train/Rutile/54__r0_f1.jpg
IMG_0226,/content/BSM-Project/data/raw/BSM/Rutile/54.jpg,Rutile,GRP_0226,train,IMG_0226_r30_f0,30,False,/content/BSM-Project/data/augmented/train/Rutile/54__r30_f0.jpg
IMG_0226,/content/BSM-Project/data/raw/BSM/Rutile/54.jpg,Rutile,GRP_0226,train,IMG_0226_r30_f1,30,True,/content/BSM-Project/data/augmented/train/Rutile/54__r30_f1.jpg
IMG_0226,/content/BSM-Project/data/raw/BSM/Rutile/54.jpg,Rutile,GRP_0226,train,IMG_0226_r45_f0,45,False,/content/BSM-Project/data/augmented/train/Rutile/54__r45_f0.jpg
IMG_0226,/content/BSM-Project/data/raw/BSM/Rutile/54.jpg,Rutile,GRP_0226,train,IMG_0226_r45_f1,45,True,/content/BSM-Project/data/augmented/train/Rutile/54__r45_f1.jpg
IMG_0226,/content/BSM-Project/data/raw/BSM/Rutile/54.jpg,Rutile,GRP_0226,train,IMG_0226_r90_f0,90,False,/content/BSM-Project/data/augmented/train/Rutile/54__r90_f0.jpg
IMG_0226,/content/BSM-Project/data/raw/BSM/Rutile/54.jpg,Rutile,GRP_0226,train,IMG_0226_r90_f1,90,True,/content/BSM-Project/data/augmented/train/Rutile/54__r90_f1.jpg
IMG_0226,/content/BSM-Project/data/raw/BSM/Rutile/54.jpg,Rutile,GRP_0226,train,IMG_0226_r180_f0,180,False,/content/BSM-Project/data/augmented/train/Rutile/54__r180_f0.jpg
IMG_0226,/content/BSM-Project/data/raw/BSM/Rutile/54.jpg,Rutile,GRP_0226,train,IMG_0226_r180_f1,180,True,/content/BSM-Project/data/augmented/train/Rutile/54__r180_f1.jpg
IMG_0226,/content/BSM-Project/data/raw/BSM/Rutile/54.jpg,Rutile,GRP_0226,train,IMG_0226_r270_f0,270,False,/content/BSM-Project/data/augmented/train/Rutile/54__r270_f0.jpg
IMG_0226,/content/BSM-Project/data/raw/BSM/Rutile/54.jpg,Rutile,GRP_0226,train,IMG_0226_r270_f1,270,True,/content/BSM-Project/data/augmented/train/Rutile/54__r270_f1.jpg
IMG_0227,/content/BSM-Project/data/raw/BSM/Rutile/55.jpg,Rutile,GRP_0227,train,IMG_0227_r0_f0,0,False,/content/BSM-Project/data/augmented/train/Rutile/55__r0_f0.jpg
IMG_0227,/content/BSM-Project/data/raw/BSM/Rutile/55.jpg,Rutile,GRP_0227,train,IMG_0227_r0_f1,0,True,/content/BSM-Project/data/augmented/train/Rutile/55__r0_f1.jpg
IMG_0227,/content/BSM-Project/data/raw/BSM/Rutile/55.jpg,Rutile,GRP_0227,train,IMG_0227_r30_f0,30,False,/content/BSM-Project/data/augmented/train/Rutile/55__r30_f0.jpg
IMG_0227,/content/BSM-Project/data/raw/BSM/Rutile/55.jpg,Rutile,GRP_0227,train,IMG_0227_r30_f1,30,True,/content/BSM-Project/data/augmented/train/Rutile/55__r30_f1.jpg
IMG_0227,/content/BSM-Project/data/raw/BSM/Rutile/55.jpg,Rutile,GRP_0227,train,IMG_0227_r45_f0,45,False,/content/BSM-Project/data/augmented/train/Rutile/55__r45_f0.jpg
IMG_0227,/content/BSM-Project/data/raw/BSM/Rutile/55.jpg,Rutile,GRP_0227,train,IMG_0227_r45_f1,45,True,/content/BSM-Project/data/augmented/train/Rutile/55__r45_f1.jpg
IMG_0227,/content/BSM-Project/data/raw/BSM/Rutile/55.jpg,Rutile,GRP_0227,train,IMG_0227_r90_f0,90,False,/content/BSM-Project/data/augmented/train/Rutile/55__r90_f0.jpg
IMG_0227,/content/BSM-Project/data/raw/BSM/Rutile/55.jpg,Rutile,GRP_0227,train,IMG_0227_r90_f1,90,True,/content/BSM-Project/data/augmented/train/Rutile/55__r90_f1.jpg
IMG_0227,/content/BSM-Project/data/raw/BSM/Rutile/55.jpg,Rutile,GRP_0227,train,IMG_0227_r180_f0,180,False,/content/BSM-Project/data/augmented/train/Rutile/55__r180_f0.jpg
IMG_0227,/content/BSM-Project/data/raw/BSM/Rutile/55.jpg,Rutile,GRP_0227,train,IMG_0227_r180_f1,180,True,/content/BSM-Project/data/augmented/train/Rutile/55__r180_f1.jpg
IMG_0227,/content/BSM-Project/data/raw/BSM/Rutile/55.jpg,Rutile,GRP_0227,train,IMG_0227_r270_f0,270,False,/content/BSM-Project/data/augmented/train/Rutile/55__r270_f0.jpg
IMG_0227,/content/BSM-Project/data/raw/BSM/Rutile/55.jpg,Rutile,GRP_0227,train,IMG_0227_r270_f1,270,True,/content/BSM-Project/data/augmented/train/Rutile/55__r270_f1.jpg
IMG_0228,/content/BSM-Project/data/raw/BSM/Rutile/56.jpg,Rutile,GRP_0228,train,IMG_0228_r0_f0,0,False,/content/BSM-Project/data/augmented/train/Rutile/56__r0_f0.jpg
IMG_0228,/content/BSM-Project/data/raw/BSM/Rutile/56.jpg,Rutile,GRP_0228,train,IMG_0228_r0_f1,0,True,/content/BSM-Project/data/augmented/train/Rutile/56__r0_f1.jpg
IMG_0228,/content/BSM-Project/data/raw/BSM/Rutile/56.jpg,Rutile,GRP_0228,train,IMG_0228_r30_f0,30,False,/content/BSM-Project/data/augmented/train/Rutile/56__r30_f0.jpg
IMG_0228,/content/BSM-Project/data/raw/BSM/Rutile/56.jpg,Rutile,GRP_0228,train,IMG_0228_r30_f1,30,True,/content/BSM-Project/data/augmented/train/Rutile/56__r30_f1.jpg
IMG_0228,/content/BSM-Project/data/raw/BSM/Rutile/56.jpg,Rutile,GRP_0228,train,IMG_0228_r45_f0,45,False,/content/BSM-Project/data/augmented/train/Rutile/56__r45_f0.jpg
IMG_0228,/content/BSM-Project/data/raw/BSM/Rutile/56.jpg,Rutile,GRP_0228,train,IMG_0228_r45_f1,45,True,/content/BSM-Project/data/augmented/train/Rutile/56__r45_f1.jpg
IMG_0228,/content/BSM-Project/data/raw/BSM/Rutile/56.jpg,Rutile,GRP_0228,train,IMG_0228_r90_f0,90,False,/content/BSM-Project/data/augmented/train/Rutile/56__r90_f0.jpg
IMG_0228,/content/BSM-Project/data/raw/BSM/Rutile/56.jpg,Rutile,GRP_0228,train,IMG_0228_r90_f1,90,True,/content/BSM-Project/data/augmented/train/Rutile/56__r90_f1.jpg
IMG_0228,/content/BSM-Project/data/raw/BSM/Rutile/56.jpg,Rutile,GRP_0228,train,IMG_0228_r180_f0,180,False,/content/BSM-Project/data/augmented/train/Rutile/56__r180_f0.jpg
IMG_0228,/content/BSM-Project/data/raw/BSM/Rutile/56.jpg,Rutile,GRP_0228,train,IMG_0228_r180_f1,180,True,/content/BSM-Project/data/augmented/train/Rutile/56__r180_f1.jpg
IMG_0228,/content/BSM-Project/data/raw/BSM/Rutile/56.jpg,Rutile,GRP_0228,train,IMG_0228_r270_f0,270,False,/content/BSM-Project/data/augmented/train/Rutile/56__r270_f0.jpg
IMG_0228,/content/BSM-Project/data/raw/BSM/Rutile/56.jpg,Rutile,GRP_0228,train,IMG_0228_r270_f1,270,True,/content/BSM-Project/data/augmented/train/Rutile/56__r270_f1.jpg
IMG_0232,/content/BSM-Project/data/raw/BSM/Rutile/6.jpg,Rutile,GRP_0232,train,IMG_0232_r0_f0,0,False,/content/BSM-Project/data/augmented/train/Rutile/6__r0_f0.jpg
IMG_0232,/content/BSM-Project/data/raw/BSM/Rutile/6.jpg,Rutile,GRP_0232,train,IMG_0232_r0_f1,0,True,/content/BSM-Project/data/augmented/train/Rutile/6__r0_f1.jpg
IMG_0232,/content/BSM-Project/data/raw/BSM/Rutile/6.jpg,Rutile,GRP_0232,train,IMG_0232_r30_f0,30,False,/content/BSM-Project/data/augmented/train/Rutile/6__r30_f0.jpg
IMG_0232,/content/BSM-Project/data/raw/BSM/Rutile/6.jpg,Rutile,GRP_0232,train,IMG_0232_r30_f1,30,True,/content/BSM-Project/data/augmented/train/Rutile/6__r30_f1.jpg
IMG_0232,/content/BSM-Project/data/raw/BSM/Rutile/6.jpg,Rutile,GRP_0232,train,IMG_0232_r45_f0,45,False,/content/BSM-Project/data/augmented/train/Rutile/6__r45_f0.jpg
IMG_0232,/content/BSM-Project/data/raw/BSM/Rutile/6.jpg,Rutile,GRP_0232,train,IMG_0232_r45_f1,45,True,/content/BSM-Project/data/augmented/train/Rutile/6__r45_f1.jpg
IMG_0232,/content/BSM-Project/data/raw/BSM/Rutile/6.jpg,Rutile,GRP_0232,train,IMG_0232_r90_f0,90,False,/content/BSM-Project/data/augmented/train/Rutile/6__r90_f0.jpg
IMG_0232,/content/BSM-Project/data/raw/BSM/Rutile/6.jpg,Rutile,GRP_0232,train,IMG_0232_r90_f1,90,True,/content/BSM-Project/data/augmented/train/Rutile/6__r90_f1.jpg
IMG_0232,/content/BSM-Project/data/raw/BSM/Rutile/6.jpg,Rutile,GRP_0232,train,IMG_0232_r180_f0,180,False,/content/BSM-Project/data/augmented/train/Rutile/6__r180_f0.jpg
IMG_0232,/content/BSM-Project/data/raw/BSM/Rutile/6.jpg,Rutile,GRP_0232,train,IMG_0232_r180_f1,180,True,/content/BSM-Project/data/augmented/train/Rutile/6__r180_f1.jpg
IMG_0232,/content/BSM-Project/data/raw/BSM/Rutile/6.jpg,Rutile,GRP_0232,train,IMG_0232_r270_f0,270,False,/content/BSM-Project/data/augmented/train/Rutile/6__r270_f0.jpg
IMG_0232,/content/BSM-Project/data/raw/BSM/Rutile/6.jpg,Rutile,GRP_0232,train,IMG_0232_r270_f1,270,True,/content/BSM-Project/data/augmented/train/Rutile/6__r270_f1.jpg
IMG_0233,/content/BSM-Project/data/raw/BSM/Rutile/60.jpg,Rutile,GRP_0233,train,IMG_0233_r0_f0,0,False,/content/BSM-Project/data/augmented/train/Rutile/60__r0_f0.jpg
IMG_0233,/content/BSM-Project/data/raw/BSM/Rutile/60.jpg,Rutile,GRP_0233,train,IMG_0233_r0_f1,0,True,/content/BSM-Project/data/augmented/train/Rutile/60__r0_f1.jpg
IMG_0233,/content/BSM-Project/data/raw/BSM/Rutile/60.jpg,Rutile,GRP_0233,train,IMG_0233_r30_f0,30,False,/content/BSM-Project/data/augmented/train/Rutile/60__r30_f0.jpg
IMG_0233,/content/BSM-Project/data/raw/BSM/Rutile/60.jpg,Rutile,GRP_0233,train,IMG_0233_r30_f1,30,True,/content/BSM-Project/data/augmented/train/Rutile/60__r30_f1.jpg
IMG_0233,/content/BSM-Project/data/raw/BSM/Rutile/60.jpg,Rutile,GRP_0233,train,IMG_0233_r45_f0,45,False,/content/BSM-Project/data/augmented/train/Rutile/60__r45_f0.jpg
IMG_0233,/content/BSM-Project/data/raw/BSM/Rutile/60.jpg,Rutile,GRP_0233,train,IMG_0233_r45_f1,45,True,/content/BSM-Project/data/augmented/train/Rutile/60__r45_f1.jpg
IMG_0233,/content/BSM-Project/data/raw/BSM/Rutile/60.jpg,Rutile,GRP_0233,train,IMG_0233_r90_f0,90,False,/content/BSM-Project/data/augmented/train/Rutile/60__r90_f0.jpg
IMG_0233,/content/BSM-Project/data/raw/BSM/Rutile/60.jpg,Rutile,GRP_0233,train,IMG_0233_r90_f1,90,True,/content/BSM-Project/data/augmented/train/Rutile/60__r90_f1.jpg
IMG_0233,/content/BSM-Project/data/raw/BSM/Rutile/60.jpg,Rutile,GRP_0233,train,IMG_0233_r180_f0,180,False,/content/BSM-Project/data/augmented/train/Rutile/60__r180_f0.jpg
IMG_0233,/content/BSM-Project/data/raw/BSM/Rutile/60.jpg,Rutile,GRP_0233,train,IMG_0233_r180_f1,180,True,/content/BSM-Project/data/augmented/train/Rutile/60__r180_f1.jpg
IMG_0233,/content/BSM-Project/data/raw/BSM/Rutile/60.jpg,Rutile,GRP_0233,train,IMG_0233_r270_f0,270,False,/content/BSM-Project/data/augmented/train/Rutile/60__r270_f0.jpg
IMG_0233,/content/BSM-Project/data/raw/BSM/Rutile/60.jpg,Rutile,GRP_0233,train,IMG_0233_r270_f1,270,True,/content/BSM-Project/data/augmented/train/Rutile/60__r270_f1.jpg
IMG_0234,/content/BSM-Project/data/raw/BSM/Rutile/61.jpg,Rutile,GRP_0234,train,IMG_0234_r0_f0,0,False,/content/BSM-Project/data/augmented/train/Rutile/61__r0_f0.jpg
IMG_0234,/content/BSM-Project/data/raw/BSM/Rutile/61.jpg,Rutile,GRP_0234,train,IMG_0234_r0_f1,0,True,/content/BSM-Project/data/augmented/train/Rutile/61__r0_f1.jpg
IMG_0234,/content/BSM-Project/data/raw/BSM/Rutile/61.jpg,Rutile,GRP_0234,train,IMG_0234_r30_f0,30,False,/content/BSM-Project/data/augmented/train/Rutile/61__r30_f0.jpg
IMG_0234,/content/BSM-Project/data/raw/BSM/Rutile/61.jpg,Rutile,GRP_0234,train,IMG_0234_r30_f1,30,True,/content/BSM-Project/data/augmented/train/Rutile/61__r30_f1.jpg
IMG_0234,/content/BSM-Project/data/raw/BSM/Rutile/61.jpg,Rutile,GRP_0234,train,IMG_0234_r45_f0,45,False,/content/BSM-Project/data/augmented/train/Rutile/61__r45_f0.jpg
IMG_0234,/content/BSM-Project/data/raw/BSM/Rutile/61.jpg,Rutile,GRP_0234,train,IMG_0234_r45_f1,45,True,/content/BSM-Project/data/augmented/train/Rutile/61__r45_f1.jpg
IMG_0234,/content/BSM-Project/data/raw/BSM/Rutile/61.jpg,Rutile,GRP_0234,train,IMG_0234_r90_f0,90,False,/content/BSM-Project/data/augmented/train/Rutile/61__r90_f0.jpg
IMG_0234,/content/BSM-Project/data/raw/BSM/Rutile/61.jpg,Rutile,GRP_0234,train,IMG_0234_r90_f1,90,True,/content/BSM-Project/data/augmented/train/Rutile/61__r90_f1.jpg
IMG_0234,/content/BSM-Project/data/raw/BSM/Rutile/61.jpg,Rutile,GRP_0234,train,IMG_0234_r180_f0,180,False,/content/BSM-Project/data/augmented/train/Rutile/61__r180_f0.jpg
IMG_0234,/content/BSM-Project/data/raw/BSM/Rutile/61.jpg,Rutile,GRP_0234,train,IMG_0234_r180_f1,180,True,/content/BSM-Project/data/augmented/train/Rutile/61__r180_f1.jpg
IMG_0234,/content/BSM-Project/data/raw/BSM/Rutile/61.jpg,Rutile,GRP_0234,train,IMG_0234_r270_f0,270,False,/content/BSM-Project/data/augmented/train/Rutile/61__r270_f0.jpg
IMG_0234,/content/BSM-Project/data/raw/BSM/Rutile/61.jpg,Rutile,GRP_0234,train,IMG_0234_r270_f1,270,True,/content/BSM-Project/data/augmented/train/Rutile/61__r270_f1.jpg
IMG_0235,/content/BSM-Project/data/raw/BSM/Rutile/62.jpg,Rutile,GRP_0235,train,IMG_0235_r0_f0,0,False,/content/BSM-Project/data/augmented/train/Rutile/62__r0_f0.jpg
IMG_0235,/content/BSM-Project/data/raw/BSM/Rutile/62.jpg,Rutile,GRP_0235,train,IMG_0235_r0_f1,0,True,/content/BSM-Project/data/augmented/train/Rutile/62__r0_f1.jpg
IMG_0235,/content/BSM-Project/data/raw/BSM/Rutile/62.jpg,Rutile,GRP_0235,train,IMG_0235_r30_f0,30,False,/content/BSM-Project/data/augmented/train/Rutile/62__r30_f0.jpg
IMG_0235,/content/BSM-Project/data/raw/BSM/Rutile/62.jpg,Rutile,GRP_0235,train,IMG_0235_r30_f1,30,True,/content/BSM-Project/data/augmented/train/Rutile/62__r30_f1.jpg
IMG_0235,/content/BSM-Project/data/raw/BSM/Rutile/62.jpg,Rutile,GRP_0235,train,IMG_0235_r45_f0,45,False,/content/BSM-Project/data/augmented/train/Rutile/62__r45_f0.jpg
IMG_0235,/content/BSM-Project/data/raw/BSM/Rutile/62.jpg,Rutile,GRP_0235,train,IMG_0235_r45_f1,45,True,/content/BSM-Project/data/augmented/train/Rutile/62__r45_f1.jpg
IMG_0235,/content/BSM-Project/data/raw/BSM/Rutile/62.jpg,Rutile,GRP_0235,train,IMG_0235_r90_f0,90,False,/content/BSM-Project/data/augmented/train/Rutile/62__r90_f0.jpg
IMG_0235,/content/BSM-Project/data/raw/BSM/Rutile/62.jpg,Rutile,GRP_0235,train,IMG_0235_r90_f1,90,True,/content/BSM-Project/data/augmented/train/Rutile/62__r90_f1.jpg
IMG_0235,/content/BSM-Project/data/raw/BSM/Rutile/62.jpg,Rutile,GRP_0235,train,IMG_0235_r180_f0,180,False,/content/BSM-Project/data/augmented/train/Rutile/62__r180_f0.jpg
IMG_0235,/content/BSM-Project/data/raw/BSM/Rutile/62.jpg,Rutile,GRP_0235,train,IMG_0235_r180_f1,180,True,/content/BSM-Project/data/augmented/train/Rutile/62__r180_f1.jpg
IMG_0235,/content/BSM-Project/data/raw/BSM/Rutile/62.jpg,Rutile,GRP_0235,train,IMG_0235_r270_f0,270,False,/content/BSM-Project/data/augmented/train/Rutile/62__r270_f0.jpg
IMG_0235,/content/BSM-Project/data/raw/BSM/Rutile/62.jpg,Rutile,GRP_0235,train,IMG_0235_r270_f1,270,True,/content/BSM-Project/data/augmented/train/Rutile/62__r270_f1.jpg
IMG_0236,/content/BSM-Project/data/raw/BSM/Rutile/63.jpg,Rutile,GRP_0236,train,IMG_0236_r0_f0,0,False,/content/BSM-Project/data/augmented/train/Rutile/63__r0_f0.jpg
IMG_0236,/content/BSM-Project/data/raw/BSM/Rutile/63.jpg,Rutile,GRP_0236,train,IMG_0236_r0_f1,0,True,/content/BSM-Project/data/augmented/train/Rutile/63__r0_f1.jpg
IMG_0236,/content/BSM-Project/data/raw/BSM/Rutile/63.jpg,Rutile,GRP_0236,train,IMG_0236_r30_f0,30,False,/content/BSM-Project/data/augmented/train/Rutile/63__r30_f0.jpg
IMG_0236,/content/BSM-Project/data/raw/BSM/Rutile/63.jpg,Rutile,GRP_0236,train,IMG_0236_r30_f1,30,True,/content/BSM-Project/data/augmented/train/Rutile/63__r30_f1.jpg
IMG_0236,/content/BSM-Project/data/raw/BSM/Rutile/63.jpg,Rutile,GRP_0236,train,IMG_0236_r45_f0,45,False,/content/BSM-Project/data/augmented/train/Rutile/63__r45_f0.jpg
IMG_0236,/content/BSM-Project/data/raw/BSM/Rutile/63.jpg,Rutile,GRP_0236,train,IMG_0236_r45_f1,45,True,/content/BSM-Project/data/augmented/train/Rutile/63__r45_f1.jpg
IMG_0236,/content/BSM-Project/data/raw/BSM/Rutile/63.jpg,Rutile,GRP_0236,train,IMG_0236_r90_f0,90,False,/content/BSM-Project/data/augmented/train/Rutile/63__r90_f0.jpg
IMG_0236,/content/BSM-Project/data/raw/BSM/Rutile/63.jpg,Rutile,GRP_0236,train,IMG_0236_r90_f1,90,True,/content/BSM-Project/data/augmented/train/Rutile/63__r90_f1.jpg
IMG_0236,/content/BSM-Project/data/raw/BSM/Rutile/63.jpg,Rutile,GRP_0236,train,IMG_0236_r180_f0,180,False,/content/BSM-Project/data/augmented/train/Rutile/63__r180_f0.jpg
IMG_0236,/content/BSM-Project/data/raw/BSM/Rutile/63.jpg,Rutile,GRP_0236,train,IMG_0236_r180_f1,180,True,/content/BSM-Project/data/augmented/train/Rutile/63__r180_f1.jpg
IMG_0236,/content/BSM-Project/data/raw/BSM/Rutile/63.jpg,Rutile,GRP_0236,train,IMG_0236_r270_f0,270,False,/content/BSM-Project/data/augmented/train/Rutile/63__r270_f0.jpg
IMG_0236,/content/BSM-Project/data/raw/BSM/Rutile/63.jpg,Rutile,GRP_0236,train,IMG_0236_r270_f1,270,True,/content/BSM-Project/data/augmented/train/Rutile/63__r270_f1.jpg
IMG_0238,/content/BSM-Project/data/raw/BSM/Rutile/65.jpg,Rutile,GRP_0238,train,IMG_0238_r0_f0,0,False,/content/BSM-Project/data/augmented/train/Rutile/65__r0_f0.jpg
IMG_0238,/content/BSM-Project/data/raw/BSM/Rutile/65.jpg,Rutile,GRP_0238,train,IMG_0238_r0_f1,0,True,/content/BSM-Project/data/augmented/train/Rutile/65__r0_f1.jpg
IMG_0238,/content/BSM-Project/data/raw/BSM/Rutile/65.jpg,Rutile,GRP_0238,train,IMG_0238_r30_f0,30,False,/content/BSM-Project/data/augmented/train/Rutile/65__r30_f0.jpg
IMG_0238,/content/BSM-Project/data/raw/BSM/Rutile/65.jpg,Rutile,GRP_0238,train,IMG_0238_r30_f1,30,True,/content/BSM-Project/data/augmented/train/Rutile/65__r30_f1.jpg
IMG_0238,/content/BSM-Project/data/raw/BSM/Rutile/65.jpg,Rutile,GRP_0238,train,IMG_0238_r45_f0,45,False,/content/BSM-Project/data/augmented/train/Rutile/65__r45_f0.jpg
IMG_0238,/content/BSM-Project/data/raw/BSM/Rutile/65.jpg,Rutile,GRP_0238,train,IMG_0238_r45_f1,45,True,/content/BSM-Project/data/augmented/train/Rutile/65__r45_f1.jpg
IMG_0238,/content/BSM-Project/data/raw/BSM/Rutile/65.jpg,Rutile,GRP_0238,train,IMG_0238_r90_f0,90,False,/content/BSM-Project/data/augmented/train/Rutile/65__r90_f0.jpg
IMG_0238,/content/BSM-Project/data/raw/BSM/Rutile/65.jpg,Rutile,GRP_0238,train,IMG_0238_r90_f1,90,True,/content/BSM-Project/data/augmented/train/Rutile/65__r90_f1.jpg
IMG_0238,/content/BSM-Project/data/raw/BSM/Rutile/65.jpg,Rutile,GRP_0238,train,IMG_0238_r180_f0,180,False,/content/BSM-Project/data/augmented/train/Rutile/65__r180_f0.jpg
IMG_0238,/content/BSM-Project/data/raw/BSM/Rutile/65.jpg,Rutile,GRP_0238,train,IMG_0238_r180_f1,180,True,/content/BSM-Project/data/augmented/train/Rutile/65__r180_f1.jpg
IMG_0238,/content/BSM-Project/data/raw/BSM/Rutile/65.jpg,Rutile,GRP_0238,train,IMG_0238_r270_f0,270,False,/content/BSM-Project/data/augmented/train/Rutile/65__r270_f0.jpg
IMG_0238,/content/BSM-Project/data/raw/BSM/Rutile/65.jpg,Rutile,GRP_0238,train,IMG_0238_r270_f1,270,True,/content/BSM-Project/data/augmented/train/Rutile/65__r270_f1.jpg
IMG_0239,/content/BSM-Project/data/raw/BSM/Rutile/66.jpg,Rutile,GRP_0239,train,IMG_0239_r0_f0,0,False,/content/BSM-Project/data/augmented/train/Rutile/66__r0_f0.jpg
IMG_0239,/content/BSM-Project/data/raw/BSM/Rutile/66.jpg,Rutile,GRP_0239,train,IMG_0239_r0_f1,0,True,/content/BSM-Project/data/augmented/train/Rutile/66__r0_f1.jpg
IMG_0239,/content/BSM-Project/data/raw/BSM/Rutile/66.jpg,Rutile,GRP_0239,train,IMG_0239_r30_f0,30,False,/content/BSM-Project/data/augmented/train/Rutile/66__r30_f0.jpg
IMG_0239,/content/BSM-Project/data/raw/BSM/Rutile/66.jpg,Rutile,GRP_0239,train,IMG_0239_r30_f1,30,True,/content/BSM-Project/data/augmented/train/Rutile/66__r30_f1.jpg
IMG_0239,/content/BSM-Project/data/raw/BSM/Rutile/66.jpg,Rutile,GRP_0239,train,IMG_0239_r45_f0,45,False,/content/BSM-Project/data/augmented/train/Rutile/66__r45_f0.jpg
IMG_0239,/content/BSM-Project/data/raw/BSM/Rutile/66.jpg,Rutile,GRP_0239,train,IMG_0239_r45_f1,45,True,/content/BSM-Project/data/augmented/train/Rutile/66__r45_f1.jpg
IMG_0239,/content/BSM-Project/data/raw/BSM/Rutile/66.jpg,Rutile,GRP_0239,train,IMG_0239_r90_f0,90,False,/content/BSM-Project/data/augmented/train/Rutile/66__r90_f0.jpg
IMG_0239,/content/BSM-Project/data/raw/BSM/Rutile/66.jpg,Rutile,GRP_0239,train,IMG_0239_r90_f1,90,True,/content/BSM-Project/data/augmented/train/Rutile/66__r90_f1.jpg
IMG_0239,/content/BSM-Project/data/raw/BSM/Rutile/66.jpg,Rutile,GRP_0239,train,IMG_0239_r180_f0,180,False,/content/BSM-Project/data/augmented/train/Rutile/66__r180_f0.jpg
IMG_0239,/content/BSM-Project/data/raw/BSM/Rutile/66.jpg,Rutile,GRP_0239,train,IMG_0239_r180_f1,180,True,/content/BSM-Project/data/augmented/train/Rutile/66__r180_f1.jpg
IMG_0239,/content/BSM-Project/data/raw/BSM/Rutile/66.jpg,Rutile,GRP_0239,train,IMG_0239_r270_f0,270,False,/content/BSM-Project/data/augmented/train/Rutile/66__r270_f0.jpg
IMG_0239,/content/BSM-Project/data/raw/BSM/Rutile/66.jpg,Rutile,GRP_0239,train,IMG_0239_r270_f1,270,True,/content/BSM-Project/data/augmented/train/Rutile/66__r270_f1.jpg
IMG_0240,/content/BSM-Project/data/raw/BSM/Rutile/67.jpg,Rutile,GRP_0240,train,IMG_0240_r0_f0,0,False,/content/BSM-Project/data/augmented/train/Rutile/67__r0_f0.jpg
IMG_0240,/content/BSM-Project/data/raw/BSM/Rutile/67.jpg,Rutile,GRP_0240,train,IMG_0240_r0_f1,0,True,/content/BSM-Project/data/augmented/train/Rutile/67__r0_f1.jpg
IMG_0240,/content/BSM-Project/data/raw/BSM/Rutile/67.jpg,Rutile,GRP_0240,train,IMG_0240_r30_f0,30,False,/content/BSM-Project/data/augmented/train/Rutile/67__r30_f0.jpg
IMG_0240,/content/BSM-Project/data/raw/BSM/Rutile/67.jpg,Rutile,GRP_0240,train,IMG_0240_r30_f1,30,True,/content/BSM-Project/data/augmented/train/Rutile/67__r30_f1.jpg
IMG_0240,/content/BSM-Project/data/raw/BSM/Rutile/67.jpg,Rutile,GRP_0240,train,IMG_0240_r45_f0,45,False,/content/BSM-Project/data/augmented/train/Rutile/67__r45_f0.jpg
IMG_0240,/content/BSM-Project/data/raw/BSM/Rutile/67.jpg,Rutile,GRP_0240,train,IMG_0240_r45_f1,45,True,/content/BSM-Project/data/augmented/train/Rutile/67__r45_f1.jpg
IMG_0240,/content/BSM-Project/data/raw/BSM/Rutile/67.jpg,Rutile,GRP_0240,train,IMG_0240_r90_f0,90,False,/content/BSM-Project/data/augmented/train/Rutile/67__r90_f0.jpg
IMG_0240,/content/BSM-Project/data/raw/BSM/Rutile/67.jpg,Rutile,GRP_0240,train,IMG_0240_r90_f1,90,True,/content/BSM-Project/data/augmented/train/Rutile/67__r90_f1.jpg
IMG_0240,/content/BSM-Project/data/raw/BSM/Rutile/67.jpg,Rutile,GRP_0240,train,IMG_0240_r180_f0,180,False,/content/BSM-Project/data/augmented/train/Rutile/67__r180_f0.jpg
IMG_0240,/content/BSM-Project/data/raw/BSM/Rutile/67.jpg,Rutile,GRP_0240,train,IMG_0240_r180_f1,180,True,/content/BSM-Project/data/augmented/train/Rutile/67__r180_f1.jpg
IMG_0240,/content/BSM-Project/data/raw/BSM/Rutile/67.jpg,Rutile,GRP_0240,train,IMG_0240_r270_f0,270,False,/content/BSM-Project/data/augmented/train/Rutile/67__r270_f0.jpg
IMG_0240,/content/BSM-Project/data/raw/BSM/Rutile/67.jpg,Rutile,GRP_0240,train,IMG_0240_r270_f1,270,True,/content/BSM-Project/data/augmented/train/Rutile/67__r270_f1.jpg
IMG_0243,/content/BSM-Project/data/raw/BSM/Rutile/7.jpg,Rutile,GRP_0243,train,IMG_0243_r0_f0,0,False,/content/BSM-Project/data/augmented/train/Rutile/7__r0_f0.jpg
IMG_0243,/content/BSM-Project/data/raw/BSM/Rutile/7.jpg,Rutile,GRP_0243,train,IMG_0243_r0_f1,0,True,/content/BSM-Project/data/augmented/train/Rutile/7__r0_f1.jpg
IMG_0243,/content/BSM-Project/data/raw/BSM/Rutile/7.jpg,Rutile,GRP_0243,train,IMG_0243_r30_f0,30,False,/content/BSM-Project/data/augmented/train/Rutile/7__r30_f0.jpg
IMG_0243,/content/BSM-Project/data/raw/BSM/Rutile/7.jpg,Rutile,GRP_0243,train,IMG_0243_r30_f1,30,True,/content/BSM-Project/data/augmented/train/Rutile/7__r30_f1.jpg
IMG_0243,/content/BSM-Project/data/raw/BSM/Rutile/7.jpg,Rutile,GRP_0243,train,IMG_0243_r45_f0,45,False,/content/BSM-Project/data/augmented/train/Rutile/7__r45_f0.jpg
IMG_0243,/content/BSM-Project/data/raw/BSM/Rutile/7.jpg,Rutile,GRP_0243,train,IMG_0243_r45_f1,45,True,/content/BSM-Project/data/augmented/train/Rutile/7__r45_f1.jpg
IMG_0243,/content/BSM-Project/data/raw/BSM/Rutile/7.jpg,Rutile,GRP_0243,train,IMG_0243_r90_f0,90,False,/content/BSM-Project/data/augmented/train/Rutile/7__r90_f0.jpg
IMG_0243,/content/BSM-Project/data/raw/BSM/Rutile/7.jpg,Rutile,GRP_0243,train,IMG_0243_r90_f1,90,True,/content/BSM-Project/data/augmented/train/Rutile/7__r90_f1.jpg
IMG_0243,/content/BSM-Project/data/raw/BSM/Rutile/7.jpg,Rutile,GRP_0243,train,IMG_0243_r180_f0,180,False,/content/BSM-Project/data/augmented/train/Rutile/7__r180_f0.jpg
IMG_0243,/content/BSM-Project/data/raw/BSM/Rutile/7.jpg,Rutile,GRP_0243,train,IMG_0243_r180_f1,180,True,/content/BSM-Project/data/augmented/train/Rutile/7__r180_f1.jpg
IMG_0243,/content/BSM-Project/data/raw/BSM/Rutile/7.jpg,Rutile,GRP_0243,train,IMG_0243_r270_f0,270,False,/content/BSM-Project/data/augmented/train/Rutile/7__r270_f0.jpg
IMG_0243,/content/BSM-Project/data/raw/BSM/Rutile/7.jpg,Rutile,GRP_0243,train,IMG_0243_r270_f1,270,True,/content/BSM-Project/data/augmented/train/Rutile/7__r270_f1.jpg
IMG_0244,/content/BSM-Project/data/raw/BSM/Rutile/70.jpg,Rutile,GRP_0244,train,IMG_0244_r0_f0,0,False,/content/BSM-Project/data/augmented/train/Rutile/70__r0_f0.jpg
IMG_0244,/content/BSM-Project/data/raw/BSM/Rutile/70.jpg,Rutile,GRP_0244,train,IMG_0244_r0_f1,0,True,/content/BSM-Project/data/augmented/train/Rutile/70__r0_f1.jpg
IMG_0244,/content/BSM-Project/data/raw/BSM/Rutile/70.jpg,Rutile,GRP_0244,train,IMG_0244_r30_f0,30,False,/content/BSM-Project/data/augmented/train/Rutile/70__r30_f0.jpg
IMG_0244,/content/BSM-Project/data/raw/BSM/Rutile/70.jpg,Rutile,GRP_0244,train,IMG_0244_r30_f1,30,True,/content/BSM-Project/data/augmented/train/Rutile/70__r30_f1.jpg
IMG_0244,/content/BSM-Project/data/raw/BSM/Rutile/70.jpg,Rutile,GRP_0244,train,IMG_0244_r45_f0,45,False,/content/BSM-Project/data/augmented/train/Rutile/70__r45_f0.jpg
IMG_0244,/content/BSM-Project/data/raw/BSM/Rutile/70.jpg,Rutile,GRP_0244,train,IMG_0244_r45_f1,45,True,/content/BSM-Project/data/augmented/train/Rutile/70__r45_f1.jpg
IMG_0244,/content/BSM-Project/data/raw/BSM/Rutile/70.jpg,Rutile,GRP_0244,train,IMG_0244_r90_f0,90,False,/content/BSM-Project/data/augmented/train/Rutile/70__r90_f0.jpg
IMG_0244,/content/BSM-Project/data/raw/BSM/Rutile/70.jpg,Rutile,GRP_0244,train,IMG_0244_r90_f1,90,True,/content/BSM-Project/data/augmented/train/Rutile/70__r90_f1.jpg
IMG_0244,/content/BSM-Project/data/raw/BSM/Rutile/70.jpg,Rutile,GRP_0244,train,IMG_0244_r180_f0,180,False,/content/BSM-Project/data/augmented/train/Rutile/70__r180_f0.jpg
IMG_0244,/content/BSM-Project/data/raw/BSM/Rutile/70.jpg,Rutile,GRP_0244,train,IMG_0244_r180_f1,180,True,/content/BSM-Project/data/augmented/train/Rutile/70__r180_f1.jpg
IMG_0244,/content/BSM-Project/data/raw/BSM/Rutile/70.jpg,Rutile,GRP_0244,train,IMG_0244_r270_f0,270,False,/content/BSM-Project/data/augmented/train/Rutile/70__r270_f0.jpg
IMG_0244,/content/BSM-Project/data/raw/BSM/Rutile/70.jpg,Rutile,GRP_0244,train,IMG_0244_r270_f1,270,True,/content/BSM-Project/data/augmented/train/Rutile/70__r270_f1.jpg
IMG_0246,/content/BSM-Project/data/raw/BSM/Rutile/8.jpg,Rutile,GRP_0246,train,IMG_0246_r0_f0,0,False,/content/BSM-Project/data/augmented/train/Rutile/8__r0_f0.jpg
IMG_0246,/content/BSM-Project/data/raw/BSM/Rutile/8.jpg,Rutile,GRP_0246,train,IMG_0246_r0_f1,0,True,/content/BSM-Project/data/augmented/train/Rutile/8__r0_f1.jpg
IMG_0246,/content/BSM-Project/data/raw/BSM/Rutile/8.jpg,Rutile,GRP_0246,train,IMG_0246_r30_f0,30,False,/content/BSM-Project/data/augmented/train/Rutile/8__r30_f0.jpg
IMG_0246,/content/BSM-Project/data/raw/BSM/Rutile/8.jpg,Rutile,GRP_0246,train,IMG_0246_r30_f1,30,True,/content/BSM-Project/data/augmented/train/Rutile/8__r30_f1.jpg
IMG_0246,/content/BSM-Project/data/raw/BSM/Rutile/8.jpg,Rutile,GRP_0246,train,IMG_0246_r45_f0,45,False,/content/BSM-Project/data/augmented/train/Rutile/8__r45_f0.jpg
IMG_0246,/content/BSM-Project/data/raw/BSM/Rutile/8.jpg,Rutile,GRP_0246,train,IMG_0246_r45_f1,45,True,/content/BSM-Project/data/augmented/train/Rutile/8__r45_f1.jpg
IMG_0246,/content/BSM-Project/data/raw/BSM/Rutile/8.jpg,Rutile,GRP_0246,train,IMG_0246_r90_f0,90,False,/content/BSM-Project/data/augmented/train/Rutile/8__r90_f0.jpg
IMG_0246,/content/BSM-Project/data/raw/BSM/Rutile/8.jpg,Rutile,GRP_0246,train,IMG_0246_r90_f1,90,True,/content/BSM-Project/data/augmented/train/Rutile/8__r90_f1.jpg
IMG_0246,/content/BSM-Project/data/raw/BSM/Rutile/8.jpg,Rutile,GRP_0246,train,IMG_0246_r180_f0,180,False,/content/BSM-Project/data/augmented/train/Rutile/8__r180_f0.jpg
IMG_0246,/content/BSM-Project/data/raw/BSM/Rutile/8.jpg,Rutile,GRP_0246,train,IMG_0246_r180_f1,180,True,/content/BSM-Project/data/augmented/train/Rutile/8__r180_f1.jpg
IMG_0246,/content/BSM-Project/data/raw/BSM/Rutile/8.jpg,Rutile,GRP_0246,train,IMG_0246_r270_f0,270,False,/content/BSM-Project/data/augmented/train/Rutile/8__r270_f0.jpg
IMG_0246,/content/BSM-Project/data/raw/BSM/Rutile/8.jpg,Rutile,GRP_0246,train,IMG_0246_r270_f1,270,True,/content/BSM-Project/data/augmented/train/Rutile/8__r270_f1.jpg
IMG_0247,/content/BSM-Project/data/raw/BSM/Rutile/9.jpg,Rutile,GRP_0247,train,IMG_0247_r0_f0,0,False,/content/BSM-Project/data/augmented/train/Rutile/9__r0_f0.jpg
IMG_0247,/content/BSM-Project/data/raw/BSM/Rutile/9.jpg,Rutile,GRP_0247,train,IMG_0247_r0_f1,0,True,/content/BSM-Project/data/augmented/train/Rutile/9__r0_f1.jpg
IMG_0247,/content/BSM-Project/data/raw/BSM/Rutile/9.jpg,Rutile,GRP_0247,train,IMG_0247_r30_f0,30,False,/content/BSM-Project/data/augmented/train/Rutile/9__r30_f0.jpg
IMG_0247,/content/BSM-Project/data/raw/BSM/Rutile/9.jpg,Rutile,GRP_0247,train,IMG_0247_r30_f1,30,True,/content/BSM-Project/data/augmented/train/Rutile/9__r30_f1.jpg
IMG_0247,/content/BSM-Project/data/raw/BSM/Rutile/9.jpg,Rutile,GRP_0247,train,IMG_0247_r45_f0,45,False,/content/BSM-Project/data/augmented/train/Rutile/9__r45_f0.jpg
IMG_0247,/content/BSM-Project/data/raw/BSM/Rutile/9.jpg,Rutile,GRP_0247,train,IMG_0247_r45_f1,45,True,/content/BSM-Project/data/augmented/train/Rutile/9__r45_f1.jpg
IMG_0247,/content/BSM-Project/data/raw/BSM/Rutile/9.jpg,Rutile,GRP_0247,train,IMG_0247_r90_f0,90,False,/content/BSM-Project/data/augmented/train/Rutile/9__r90_f0.jpg
IMG_0247,/content/BSM-Project/data/raw/BSM/Rutile/9.jpg,Rutile,GRP_0247,train,IMG_0247_r90_f1,90,True,/content/BSM-Project/data/augmented/train/Rutile/9__r90_f1.jpg
IMG_0247,/content/BSM-Project/data/raw/BSM/Rutile/9.jpg,Rutile,GRP_0247,train,IMG_0247_r180_f0,180,False,/content/BSM-Project/data/augmented/train/Rutile/9__r180_f0.jpg
IMG_0247,/content/BSM-Project/data/raw/BSM/Rutile/9.jpg,Rutile,GRP_0247,train,IMG_0247_r180_f1,180,True,/content/BSM-Project/data/augmented/train/Rutile/9__r180_f1.jpg
IMG_0247,/content/BSM-Project/data/raw/BSM/Rutile/9.jpg,Rutile,GRP_0247,train,IMG_0247_r270_f0,270,False,/content/BSM-Project/data/augmented/train/Rutile/9__r270_f0.jpg
IMG_0247,/content/BSM-Project/data/raw/BSM/Rutile/9.jpg,Rutile,GRP_0247,train,IMG_0247_r270_f1,270,True,/content/BSM-Project/data/augmented/train/Rutile/9__r270_f1.jpg
IMG_0248,/content/BSM-Project/data/raw/BSM/Sillimanite/1.jpg,Sillimanite,GRP_0248,train,IMG_0248_r0_f0,0,False,/content/BSM-Project/data/augmented/train/Sillimanite/1__r0_f0.jpg
IMG_0248,/content/BSM-Project/data/raw/BSM/Sillimanite/1.jpg,Sillimanite,GRP_0248,train,IMG_0248_r0_f1,0,True,/content/BSM-Project/data/augmented/train/Sillimanite/1__r0_f1.jpg
IMG_0248,/content/BSM-Project/data/raw/BSM/Sillimanite/1.jpg,Sillimanite,GRP_0248,train,IMG_0248_r30_f0,30,False,/content/BSM-Project/data/augmented/train/Sillimanite/1__r30_f0.jpg
IMG_0248,/content/BSM-Project/data/raw/BSM/Sillimanite/1.jpg,Sillimanite,GRP_0248,train,IMG_0248_r30_f1,30,True,/content/BSM-Project/data/augmented/train/Sillimanite/1__r30_f1.jpg
IMG_0248,/content/BSM-Project/data/raw/BSM/Sillimanite/1.jpg,Sillimanite,GRP_0248,train,IMG_0248_r45_f0,45,False,/content/BSM-Project/data/augmented/train/Sillimanite/1__r45_f0.jpg
IMG_0248,/content/BSM-Project/data/raw/BSM/Sillimanite/1.jpg,Sillimanite,GRP_0248,train,IMG_0248_r45_f1,45,True,/content/BSM-Project/data/augmented/train/Sillimanite/1__r45_f1.jpg
IMG_0248,/content/BSM-Project/data/raw/BSM/Sillimanite/1.jpg,Sillimanite,GRP_0248,train,IMG_0248_r90_f0,90,False,/content/BSM-Project/data/augmented/train/Sillimanite/1__r90_f0.jpg
IMG_0248,/content/BSM-Project/data/raw/BSM/Sillimanite/1.jpg,Sillimanite,GRP_0248,train,IMG_0248_r90_f1,90,True,/content/BSM-Project/data/augmented/train/Sillimanite/1__r90_f1.jpg
IMG_0248,/content/BSM-Project/data/raw/BSM/Sillimanite/1.jpg,Sillimanite,GRP_0248,train,IMG_0248_r180_f0,180,False,/content/BSM-Project/data/augmented/train/Sillimanite/1__r180_f0.jpg
IMG_0248,/content/BSM-Project/data/raw/BSM/Sillimanite/1.jpg,Sillimanite,GRP_0248,train,IMG_0248_r180_f1,180,True,/content/BSM-Project/data/augmented/train/Sillimanite/1__r180_f1.jpg
IMG_0248,/content/BSM-Project/data/raw/BSM/Sillimanite/1.jpg,Sillimanite,GRP_0248,train,IMG_0248_r270_f0,270,False,/content/BSM-Project/data/augmented/train/Sillimanite/1__r270_f0.jpg
IMG_0248,/content/BSM-Project/data/raw/BSM/Sillimanite/1.jpg,Sillimanite,GRP_0248,train,IMG_0248_r270_f1,270,True,/content/BSM-Project/data/augmented/train/Sillimanite/1__r270_f1.jpg
IMG_0249,/content/BSM-Project/data/raw/BSM/Sillimanite/10.jpg,Sillimanite,GRP_0249,train,IMG_0249_r0_f0,0,False,/content/BSM-Project/data/augmented/train/Sillimanite/10__r0_f0.jpg
IMG_0249,/content/BSM-Project/data/raw/BSM/Sillimanite/10.jpg,Sillimanite,GRP_0249,train,IMG_0249_r0_f1,0,True,/content/BSM-Project/data/augmented/train/Sillimanite/10__r0_f1.jpg
IMG_0249,/content/BSM-Project/data/raw/BSM/Sillimanite/10.jpg,Sillimanite,GRP_0249,train,IMG_0249_r30_f0,30,False,/content/BSM-Project/data/augmented/train/Sillimanite/10__r30_f0.jpg
IMG_0249,/content/BSM-Project/data/raw/BSM/Sillimanite/10.jpg,Sillimanite,GRP_0249,train,IMG_0249_r30_f1,30,True,/content/BSM-Project/data/augmented/train/Sillimanite/10__r30_f1.jpg
IMG_0249,/content/BSM-Project/data/raw/BSM/Sillimanite/10.jpg,Sillimanite,GRP_0249,train,IMG_0249_r45_f0,45,False,/content/BSM-Project/data/augmented/train/Sillimanite/10__r45_f0.jpg
IMG_0249,/content/BSM-Project/data/raw/BSM/Sillimanite/10.jpg,Sillimanite,GRP_0249,train,IMG_0249_r45_f1,45,True,/content/BSM-Project/data/augmented/train/Sillimanite/10__r45_f1.jpg
IMG_0249,/content/BSM-Project/data/raw/BSM/Sillimanite/10.jpg,Sillimanite,GRP_0249,train,IMG_0249_r90_f0,90,False,/content/BSM-Project/data/augmented/train/Sillimanite/10__r90_f0.jpg
IMG_0249,/content/BSM-Project/data/raw/BSM/Sillimanite/10.jpg,Sillimanite,GRP_0249,train,IMG_0249_r90_f1,90,True,/content/BSM-Project/data/augmented/train/Sillimanite/10__r90_f1.jpg
IMG_0249,/content/BSM-Project/data/raw/BSM/Sillimanite/10.jpg,Sillimanite,GRP_0249,train,IMG_0249_r180_f0,180,False,/content/BSM-Project/data/augmented/train/Sillimanite/10__r180_f0.jpg
IMG_0249,/content/BSM-Project/data/raw/BSM/Sillimanite/10.jpg,Sillimanite,GRP_0249,train,IMG_0249_r180_f1,180,True,/content/BSM-Project/data/augmented/train/Sillimanite/10__r180_f1.jpg
IMG_0249,/content/BSM-Project/data/raw/BSM/Sillimanite/10.jpg,Sillimanite,GRP_0249,train,IMG_0249_r270_f0,270,False,/content/BSM-Project/data/augmented/train/Sillimanite/10__r270_f0.jpg
IMG_0249,/content/BSM-Project/data/raw/BSM/Sillimanite/10.jpg,Sillimanite,GRP_0249,train,IMG_0249_r270_f1,270,True,/content/BSM-Project/data/augmented/train/Sillimanite/10__r270_f1.jpg
IMG_0252,/content/BSM-Project/data/raw/BSM/Sillimanite/13.jpg,Sillimanite,GRP_0252,train,IMG_0252_r0_f0,0,False,/content/BSM-Project/data/augmented/train/Sillimanite/13__r0_f0.jpg
IMG_0252,/content/BSM-Project/data/raw/BSM/Sillimanite/13.jpg,Sillimanite,GRP_0252,train,IMG_0252_r0_f1,0,True,/content/BSM-Project/data/augmented/train/Sillimanite/13__r0_f1.jpg
IMG_0252,/content/BSM-Project/data/raw/BSM/Sillimanite/13.jpg,Sillimanite,GRP_0252,train,IMG_0252_r30_f0,30,False,/content/BSM-Project/data/augmented/train/Sillimanite/13__r30_f0.jpg
IMG_0252,/content/BSM-Project/data/raw/BSM/Sillimanite/13.jpg,Sillimanite,GRP_0252,train,IMG_0252_r30_f1,30,True,/content/BSM-Project/data/augmented/train/Sillimanite/13__r30_f1.jpg
IMG_0252,/content/BSM-Project/data/raw/BSM/Sillimanite/13.jpg,Sillimanite,GRP_0252,train,IMG_0252_r45_f0,45,False,/content/BSM-Project/data/augmented/train/Sillimanite/13__r45_f0.jpg
IMG_0252,/content/BSM-Project/data/raw/BSM/Sillimanite/13.jpg,Sillimanite,GRP_0252,train,IMG_0252_r45_f1,45,True,/content/BSM-Project/data/augmented/train/Sillimanite/13__r45_f1.jpg
IMG_0252,/content/BSM-Project/data/raw/BSM/Sillimanite/13.jpg,Sillimanite,GRP_0252,train,IMG_0252_r90_f0,90,False,/content/BSM-Project/data/augmented/train/Sillimanite/13__r90_f0.jpg
IMG_0252,/content/BSM-Project/data/raw/BSM/Sillimanite/13.jpg,Sillimanite,GRP_0252,train,IMG_0252_r90_f1,90,True,/content/BSM-Project/data/augmented/train/Sillimanite/13__r90_f1.jpg
IMG_0252,/content/BSM-Project/data/raw/BSM/Sillimanite/13.jpg,Sillimanite,GRP_0252,train,IMG_0252_r180_f0,180,False,/content/BSM-Project/data/augmented/train/Sillimanite/13__r180_f0.jpg
IMG_0252,/content/BSM-Project/data/raw/BSM/Sillimanite/13.jpg,Sillimanite,GRP_0252,train,IMG_0252_r180_f1,180,True,/content/BSM-Project/data/augmented/train/Sillimanite/13__r180_f1.jpg
IMG_0252,/content/BSM-Project/data/raw/BSM/Sillimanite/13.jpg,Sillimanite,GRP_0252,train,IMG_0252_r270_f0,270,False,/content/BSM-Project/data/augmented/train/Sillimanite/13__r270_f0.jpg
IMG_0252,/content/BSM-Project/data/raw/BSM/Sillimanite/13.jpg,Sillimanite,GRP_0252,train,IMG_0252_r270_f1,270,True,/content/BSM-Project/data/augmented/train/Sillimanite/13__r270_f1.jpg
IMG_0253,/content/BSM-Project/data/raw/BSM/Sillimanite/14.jpg,Sillimanite,GRP_0253,train,IMG_0253_r0_f0,0,False,/content/BSM-Project/data/augmented/train/Sillimanite/14__r0_f0.jpg
IMG_0253,/content/BSM-Project/data/raw/BSM/Sillimanite/14.jpg,Sillimanite,GRP_0253,train,IMG_0253_r0_f1,0,True,/content/BSM-Project/data/augmented/train/Sillimanite/14__r0_f1.jpg
IMG_0253,/content/BSM-Project/data/raw/BSM/Sillimanite/14.jpg,Sillimanite,GRP_0253,train,IMG_0253_r30_f0,30,False,/content/BSM-Project/data/augmented/train/Sillimanite/14__r30_f0.jpg
IMG_0253,/content/BSM-Project/data/raw/BSM/Sillimanite/14.jpg,Sillimanite,GRP_0253,train,IMG_0253_r30_f1,30,True,/content/BSM-Project/data/augmented/train/Sillimanite/14__r30_f1.jpg
IMG_0253,/content/BSM-Project/data/raw/BSM/Sillimanite/14.jpg,Sillimanite,GRP_0253,train,IMG_0253_r45_f0,45,False,/content/BSM-Project/data/augmented/train/Sillimanite/14__r45_f0.jpg
IMG_0253,/content/BSM-Project/data/raw/BSM/Sillimanite/14.jpg,Sillimanite,GRP_0253,train,IMG_0253_r45_f1,45,True,/content/BSM-Project/data/augmented/train/Sillimanite/14__r45_f1.jpg
IMG_0253,/content/BSM-Project/data/raw/BSM/Sillimanite/14.jpg,Sillimanite,GRP_0253,train,IMG_0253_r90_f0,90,False,/content/BSM-Project/data/augmented/train/Sillimanite/14__r90_f0.jpg
IMG_0253,/content/BSM-Project/data/raw/BSM/Sillimanite/14.jpg,Sillimanite,GRP_0253,train,IMG_0253_r90_f1,90,True,/content/BSM-Project/data/augmented/train/Sillimanite/14__r90_f1.jpg
IMG_0253,/content/BSM-Project/data/raw/BSM/Sillimanite/14.jpg,Sillimanite,GRP_0253,train,IMG_0253_r180_f0,180,False,/content/BSM-Project/data/augmented/train/Sillimanite/14__r180_f0.jpg
IMG_0253,/content/BSM-Project/data/raw/BSM/Sillimanite/14.jpg,Sillimanite,GRP_0253,train,IMG_0253_r180_f1,180,True,/content/BSM-Project/data/augmented/train/Sillimanite/14__r180_f1.jpg
IMG_0253,/content/BSM-Project/data/raw/BSM/Sillimanite/14.jpg,Sillimanite,GRP_0253,train,IMG_0253_r270_f0,270,False,/content/BSM-Project/data/augmented/train/Sillimanite/14__r270_f0.jpg
IMG_0253,/content/BSM-Project/data/raw/BSM/Sillimanite/14.jpg,Sillimanite,GRP_0253,train,IMG_0253_r270_f1,270,True,/content/BSM-Project/data/augmented/train/Sillimanite/14__r270_f1.jpg
IMG_0254,/content/BSM-Project/data/raw/BSM/Sillimanite/15.jpg,Sillimanite,GRP_0254,train,IMG_0254_r0_f0,0,False,/content/BSM-Project/data/augmented/train/Sillimanite/15__r0_f0.jpg
IMG_0254,/content/BSM-Project/data/raw/BSM/Sillimanite/15.jpg,Sillimanite,GRP_0254,train,IMG_0254_r0_f1,0,True,/content/BSM-Project/data/augmented/train/Sillimanite/15__r0_f1.jpg
IMG_0254,/content/BSM-Project/data/raw/BSM/Sillimanite/15.jpg,Sillimanite,GRP_0254,train,IMG_0254_r30_f0,30,False,/content/BSM-Project/data/augmented/train/Sillimanite/15__r30_f0.jpg
IMG_0254,/content/BSM-Project/data/raw/BSM/Sillimanite/15.jpg,Sillimanite,GRP_0254,train,IMG_0254_r30_f1,30,True,/content/BSM-Project/data/augmented/train/Sillimanite/15__r30_f1.jpg
IMG_0254,/content/BSM-Project/data/raw/BSM/Sillimanite/15.jpg,Sillimanite,GRP_0254,train,IMG_0254_r45_f0,45,False,/content/BSM-Project/data/augmented/train/Sillimanite/15__r45_f0.jpg
IMG_0254,/content/BSM-Project/data/raw/BSM/Sillimanite/15.jpg,Sillimanite,GRP_0254,train,IMG_0254_r45_f1,45,True,/content/BSM-Project/data/augmented/train/Sillimanite/15__r45_f1.jpg
IMG_0254,/content/BSM-Project/data/raw/BSM/Sillimanite/15.jpg,Sillimanite,GRP_0254,train,IMG_0254_r90_f0,90,False,/content/BSM-Project/data/augmented/train/Sillimanite/15__r90_f0.jpg
IMG_0254,/content/BSM-Project/data/raw/BSM/Sillimanite/15.jpg,Sillimanite,GRP_0254,train,IMG_0254_r90_f1,90,True,/content/BSM-Project/data/augmented/train/Sillimanite/15__r90_f1.jpg
IMG_0254,/content/BSM-Project/data/raw/BSM/Sillimanite/15.jpg,Sillimanite,GRP_0254,train,IMG_0254_r180_f0,180,False,/content/BSM-Project/data/augmented/train/Sillimanite/15__r180_f0.jpg
IMG_0254,/content/BSM-Project/data/raw/BSM/Sillimanite/15.jpg,Sillimanite,GRP_0254,train,IMG_0254_r180_f1,180,True,/content/BSM-Project/data/augmented/train/Sillimanite/15__r180_f1.jpg
IMG_0254,/content/BSM-Project/data/raw/BSM/Sillimanite/15.jpg,Sillimanite,GRP_0254,train,IMG_0254_r270_f0,270,False,/content/BSM-Project/data/augmented/train/Sillimanite/15__r270_f0.jpg
IMG_0254,/content/BSM-Project/data/raw/BSM/Sillimanite/15.jpg,Sillimanite,GRP_0254,train,IMG_0254_r270_f1,270,True,/content/BSM-Project/data/augmented/train/Sillimanite/15__r270_f1.jpg
IMG_0256,/content/BSM-Project/data/raw/BSM/Sillimanite/17.jpg,Sillimanite,GRP_0256,train,IMG_0256_r0_f0,0,False,/content/BSM-Project/data/augmented/train/Sillimanite/17__r0_f0.jpg
IMG_0256,/content/BSM-Project/data/raw/BSM/Sillimanite/17.jpg,Sillimanite,GRP_0256,train,IMG_0256_r0_f1,0,True,/content/BSM-Project/data/augmented/train/Sillimanite/17__r0_f1.jpg
IMG_0256,/content/BSM-Project/data/raw/BSM/Sillimanite/17.jpg,Sillimanite,GRP_0256,train,IMG_0256_r30_f0,30,False,/content/BSM-Project/data/augmented/train/Sillimanite/17__r30_f0.jpg
IMG_0256,/content/BSM-Project/data/raw/BSM/Sillimanite/17.jpg,Sillimanite,GRP_0256,train,IMG_0256_r30_f1,30,True,/content/BSM-Project/data/augmented/train/Sillimanite/17__r30_f1.jpg
IMG_0256,/content/BSM-Project/data/raw/BSM/Sillimanite/17.jpg,Sillimanite,GRP_0256,train,IMG_0256_r45_f0,45,False,/content/BSM-Project/data/augmented/train/Sillimanite/17__r45_f0.jpg
IMG_0256,/content/BSM-Project/data/raw/BSM/Sillimanite/17.jpg,Sillimanite,GRP_0256,train,IMG_0256_r45_f1,45,True,/content/BSM-Project/data/augmented/train/Sillimanite/17__r45_f1.jpg
IMG_0256,/content/BSM-Project/data/raw/BSM/Sillimanite/17.jpg,Sillimanite,GRP_0256,train,IMG_0256_r90_f0,90,False,/content/BSM-Project/data/augmented/train/Sillimanite/17__r90_f0.jpg
IMG_0256,/content/BSM-Project/data/raw/BSM/Sillimanite/17.jpg,Sillimanite,GRP_0256,train,IMG_0256_r90_f1,90,True,/content/BSM-Project/data/augmented/train/Sillimanite/17__r90_f1.jpg
IMG_0256,/content/BSM-Project/data/raw/BSM/Sillimanite/17.jpg,Sillimanite,GRP_0256,train,IMG_0256_r180_f0,180,False,/content/BSM-Project/data/augmented/train/Sillimanite/17__r180_f0.jpg
IMG_0256,/content/BSM-Project/data/raw/BSM/Sillimanite/17.jpg,Sillimanite,GRP_0256,train,IMG_0256_r180_f1,180,True,/content/BSM-Project/data/augmented/train/Sillimanite/17__r180_f1.jpg
IMG_0256,/content/BSM-Project/data/raw/BSM/Sillimanite/17.jpg,Sillimanite,GRP_0256,train,IMG_0256_r270_f0,270,False,/content/BSM-Project/data/augmented/train/Sillimanite/17__r270_f0.jpg
IMG_0256,/content/BSM-Project/data/raw/BSM/Sillimanite/17.jpg,Sillimanite,GRP_0256,train,IMG_0256_r270_f1,270,True,/content/BSM-Project/data/augmented/train/Sillimanite/17__r270_f1.jpg
IMG_0258,/content/BSM-Project/data/raw/BSM/Sillimanite/19.jpg,Sillimanite,GRP_0258,train,IMG_0258_r0_f0,0,False,/content/BSM-Project/data/augmented/train/Sillimanite/19__r0_f0.jpg
IMG_0258,/content/BSM-Project/data/raw/BSM/Sillimanite/19.jpg,Sillimanite,GRP_0258,train,IMG_0258_r0_f1,0,True,/content/BSM-Project/data/augmented/train/Sillimanite/19__r0_f1.jpg
IMG_0258,/content/BSM-Project/data/raw/BSM/Sillimanite/19.jpg,Sillimanite,GRP_0258,train,IMG_0258_r30_f0,30,False,/content/BSM-Project/data/augmented/train/Sillimanite/19__r30_f0.jpg
IMG_0258,/content/BSM-Project/data/raw/BSM/Sillimanite/19.jpg,Sillimanite,GRP_0258,train,IMG_0258_r30_f1,30,True,/content/BSM-Project/data/augmented/train/Sillimanite/19__r30_f1.jpg
IMG_0258,/content/BSM-Project/data/raw/BSM/Sillimanite/19.jpg,Sillimanite,GRP_0258,train,IMG_0258_r45_f0,45,False,/content/BSM-Project/data/augmented/train/Sillimanite/19__r45_f0.jpg
IMG_0258,/content/BSM-Project/data/raw/BSM/Sillimanite/19.jpg,Sillimanite,GRP_0258,train,IMG_0258_r45_f1,45,True,/content/BSM-Project/data/augmented/train/Sillimanite/19__r45_f1.jpg
IMG_0258,/content/BSM-Project/data/raw/BSM/Sillimanite/19.jpg,Sillimanite,GRP_0258,train,IMG_0258_r90_f0,90,False,/content/BSM-Project/data/augmented/train/Sillimanite/19__r90_f0.jpg
IMG_0258,/content/BSM-Project/data/raw/BSM/Sillimanite/19.jpg,Sillimanite,GRP_0258,train,IMG_0258_r90_f1,90,True,/content/BSM-Project/data/augmented/train/Sillimanite/19__r90_f1.jpg
IMG_0258,/content/BSM-Project/data/raw/BSM/Sillimanite/19.jpg,Sillimanite,GRP_0258,train,IMG_0258_r180_f0,180,False,/content/BSM-Project/data/augmented/train/Sillimanite/19__r180_f0.jpg
IMG_0258,/content/BSM-Project/data/raw/BSM/Sillimanite/19.jpg,Sillimanite,GRP_0258,train,IMG_0258_r180_f1,180,True,/content/BSM-Project/data/augmented/train/Sillimanite/19__r180_f1.jpg
IMG_0258,/content/BSM-Project/data/raw/BSM/Sillimanite/19.jpg,Sillimanite,GRP_0258,train,IMG_0258_r270_f0,270,False,/content/BSM-Project/data/augmented/train/Sillimanite/19__r270_f0.jpg
IMG_0258,/content/BSM-Project/data/raw/BSM/Sillimanite/19.jpg,Sillimanite,GRP_0258,train,IMG_0258_r270_f1,270,True,/content/BSM-Project/data/augmented/train/Sillimanite/19__r270_f1.jpg
IMG_0259,/content/BSM-Project/data/raw/BSM/Sillimanite/2.jpg,Sillimanite,GRP_0259,train,IMG_0259_r0_f0,0,False,/content/BSM-Project/data/augmented/train/Sillimanite/2__r0_f0.jpg
IMG_0259,/content/BSM-Project/data/raw/BSM/Sillimanite/2.jpg,Sillimanite,GRP_0259,train,IMG_0259_r0_f1,0,True,/content/BSM-Project/data/augmented/train/Sillimanite/2__r0_f1.jpg
IMG_0259,/content/BSM-Project/data/raw/BSM/Sillimanite/2.jpg,Sillimanite,GRP_0259,train,IMG_0259_r30_f0,30,False,/content/BSM-Project/data/augmented/train/Sillimanite/2__r30_f0.jpg
IMG_0259,/content/BSM-Project/data/raw/BSM/Sillimanite/2.jpg,Sillimanite,GRP_0259,train,IMG_0259_r30_f1,30,True,/content/BSM-Project/data/augmented/train/Sillimanite/2__r30_f1.jpg
IMG_0259,/content/BSM-Project/data/raw/BSM/Sillimanite/2.jpg,Sillimanite,GRP_0259,train,IMG_0259_r45_f0,45,False,/content/BSM-Project/data/augmented/train/Sillimanite/2__r45_f0.jpg
IMG_0259,/content/BSM-Project/data/raw/BSM/Sillimanite/2.jpg,Sillimanite,GRP_0259,train,IMG_0259_r45_f1,45,True,/content/BSM-Project/data/augmented/train/Sillimanite/2__r45_f1.jpg
IMG_0259,/content/BSM-Project/data/raw/BSM/Sillimanite/2.jpg,Sillimanite,GRP_0259,train,IMG_0259_r90_f0,90,False,/content/BSM-Project/data/augmented/train/Sillimanite/2__r90_f0.jpg
IMG_0259,/content/BSM-Project/data/raw/BSM/Sillimanite/2.jpg,Sillimanite,GRP_0259,train,IMG_0259_r90_f1,90,True,/content/BSM-Project/data/augmented/train/Sillimanite/2__r90_f1.jpg
IMG_0259,/content/BSM-Project/data/raw/BSM/Sillimanite/2.jpg,Sillimanite,GRP_0259,train,IMG_0259_r180_f0,180,False,/content/BSM-Project/data/augmented/train/Sillimanite/2__r180_f0.jpg
IMG_0259,/content/BSM-Project/data/raw/BSM/Sillimanite/2.jpg,Sillimanite,GRP_0259,train,IMG_0259_r180_f1,180,True,/content/BSM-Project/data/augmented/train/Sillimanite/2__r180_f1.jpg
IMG_0259,/content/BSM-Project/data/raw/BSM/Sillimanite/2.jpg,Sillimanite,GRP_0259,train,IMG_0259_r270_f0,270,False,/content/BSM-Project/data/augmented/train/Sillimanite/2__r270_f0.jpg
IMG_0259,/content/BSM-Project/data/raw/BSM/Sillimanite/2.jpg,Sillimanite,GRP_0259,train,IMG_0259_r270_f1,270,True,/content/BSM-Project/data/augmented/train/Sillimanite/2__r270_f1.jpg
IMG_0260,/content/BSM-Project/data/raw/BSM/Sillimanite/20.jpg,Sillimanite,GRP_0260,train,IMG_0260_r0_f0,0,False,/content/BSM-Project/data/augmented/train/Sillimanite/20__r0_f0.jpg
IMG_0260,/content/BSM-Project/data/raw/BSM/Sillimanite/20.jpg,Sillimanite,GRP_0260,train,IMG_0260_r0_f1,0,True,/content/BSM-Project/data/augmented/train/Sillimanite/20__r0_f1.jpg
IMG_0260,/content/BSM-Project/data/raw/BSM/Sillimanite/20.jpg,Sillimanite,GRP_0260,train,IMG_0260_r30_f0,30,False,/content/BSM-Project/data/augmented/train/Sillimanite/20__r30_f0.jpg
IMG_0260,/content/BSM-Project/data/raw/BSM/Sillimanite/20.jpg,Sillimanite,GRP_0260,train,IMG_0260_r30_f1,30,True,/content/BSM-Project/data/augmented/train/Sillimanite/20__r30_f1.jpg
IMG_0260,/content/BSM-Project/data/raw/BSM/Sillimanite/20.jpg,Sillimanite,GRP_0260,train,IMG_0260_r45_f0,45,False,/content/BSM-Project/data/augmented/train/Sillimanite/20__r45_f0.jpg
IMG_0260,/content/BSM-Project/data/raw/BSM/Sillimanite/20.jpg,Sillimanite,GRP_0260,train,IMG_0260_r45_f1,45,True,/content/BSM-Project/data/augmented/train/Sillimanite/20__r45_f1.jpg
IMG_0260,/content/BSM-Project/data/raw/BSM/Sillimanite/20.jpg,Sillimanite,GRP_0260,train,IMG_0260_r90_f0,90,False,/content/BSM-Project/data/augmented/train/Sillimanite/20__r90_f0.jpg
IMG_0260,/content/BSM-Project/data/raw/BSM/Sillimanite/20.jpg,Sillimanite,GRP_0260,train,IMG_0260_r90_f1,90,True,/content/BSM-Project/data/augmented/train/Sillimanite/20__r90_f1.jpg
IMG_0260,/content/BSM-Project/data/raw/BSM/Sillimanite/20.jpg,Sillimanite,GRP_0260,train,IMG_0260_r180_f0,180,False,/content/BSM-Project/data/augmented/train/Sillimanite/20__r180_f0.jpg
IMG_0260,/content/BSM-Project/data/raw/BSM/Sillimanite/20.jpg,Sillimanite,GRP_0260,train,IMG_0260_r180_f1,180,True,/content/BSM-Project/data/augmented/train/Sillimanite/20__r180_f1.jpg
IMG_0260,/content/BSM-Project/data/raw/BSM/Sillimanite/20.jpg,Sillimanite,GRP_0260,train,IMG_0260_r270_f0,270,False,/content/BSM-Project/data/augmented/train/Sillimanite/20__r270_f0.jpg
IMG_0260,/content/BSM-Project/data/raw/BSM/Sillimanite/20.jpg,Sillimanite,GRP_0260,train,IMG_0260_r270_f1,270,True,/content/BSM-Project/data/augmented/train/Sillimanite/20__r270_f1.jpg
IMG_0261,/content/BSM-Project/data/raw/BSM/Sillimanite/21.jpg,Sillimanite,GRP_0261,train,IMG_0261_r0_f0,0,False,/content/BSM-Project/data/augmented/train/Sillimanite/21__r0_f0.jpg
IMG_0261,/content/BSM-Project/data/raw/BSM/Sillimanite/21.jpg,Sillimanite,GRP_0261,train,IMG_0261_r0_f1,0,True,/content/BSM-Project/data/augmented/train/Sillimanite/21__r0_f1.jpg
IMG_0261,/content/BSM-Project/data/raw/BSM/Sillimanite/21.jpg,Sillimanite,GRP_0261,train,IMG_0261_r30_f0,30,False,/content/BSM-Project/data/augmented/train/Sillimanite/21__r30_f0.jpg
IMG_0261,/content/BSM-Project/data/raw/BSM/Sillimanite/21.jpg,Sillimanite,GRP_0261,train,IMG_0261_r30_f1,30,True,/content/BSM-Project/data/augmented/train/Sillimanite/21__r30_f1.jpg
IMG_0261,/content/BSM-Project/data/raw/BSM/Sillimanite/21.jpg,Sillimanite,GRP_0261,train,IMG_0261_r45_f0,45,False,/content/BSM-Project/data/augmented/train/Sillimanite/21__r45_f0.jpg
IMG_0261,/content/BSM-Project/data/raw/BSM/Sillimanite/21.jpg,Sillimanite,GRP_0261,train,IMG_0261_r45_f1,45,True,/content/BSM-Project/data/augmented/train/Sillimanite/21__r45_f1.jpg
IMG_0261,/content/BSM-Project/data/raw/BSM/Sillimanite/21.jpg,Sillimanite,GRP_0261,train,IMG_0261_r90_f0,90,False,/content/BSM-Project/data/augmented/train/Sillimanite/21__r90_f0.jpg
IMG_0261,/content/BSM-Project/data/raw/BSM/Sillimanite/21.jpg,Sillimanite,GRP_0261,train,IMG_0261_r90_f1,90,True,/content/BSM-Project/data/augmented/train/Sillimanite/21__r90_f1.jpg
IMG_0261,/content/BSM-Project/data/raw/BSM/Sillimanite/21.jpg,Sillimanite,GRP_0261,train,IMG_0261_r180_f0,180,False,/content/BSM-Project/data/augmented/train/Sillimanite/21__r180_f0.jpg
IMG_0261,/content/BSM-Project/data/raw/BSM/Sillimanite/21.jpg,Sillimanite,GRP_0261,train,IMG_0261_r180_f1,180,True,/content/BSM-Project/data/augmented/train/Sillimanite/21__r180_f1.jpg
IMG_0261,/content/BSM-Project/data/raw/BSM/Sillimanite/21.jpg,Sillimanite,GRP_0261,train,IMG_0261_r270_f0,270,False,/content/BSM-Project/data/augmented/train/Sillimanite/21__r270_f0.jpg
IMG_0261,/content/BSM-Project/data/raw/BSM/Sillimanite/21.jpg,Sillimanite,GRP_0261,train,IMG_0261_r270_f1,270,True,/content/BSM-Project/data/augmented/train/Sillimanite/21__r270_f1.jpg
IMG_0262,/content/BSM-Project/data/raw/BSM/Sillimanite/22.jpg,Sillimanite,GRP_0262,train,IMG_0262_r0_f0,0,False,/content/BSM-Project/data/augmented/train/Sillimanite/22__r0_f0.jpg
IMG_0262,/content/BSM-Project/data/raw/BSM/Sillimanite/22.jpg,Sillimanite,GRP_0262,train,IMG_0262_r0_f1,0,True,/content/BSM-Project/data/augmented/train/Sillimanite/22__r0_f1.jpg
IMG_0262,/content/BSM-Project/data/raw/BSM/Sillimanite/22.jpg,Sillimanite,GRP_0262,train,IMG_0262_r30_f0,30,False,/content/BSM-Project/data/augmented/train/Sillimanite/22__r30_f0.jpg
IMG_0262,/content/BSM-Project/data/raw/BSM/Sillimanite/22.jpg,Sillimanite,GRP_0262,train,IMG_0262_r30_f1,30,True,/content/BSM-Project/data/augmented/train/Sillimanite/22__r30_f1.jpg
IMG_0262,/content/BSM-Project/data/raw/BSM/Sillimanite/22.jpg,Sillimanite,GRP_0262,train,IMG_0262_r45_f0,45,False,/content/BSM-Project/data/augmented/train/Sillimanite/22__r45_f0.jpg
IMG_0262,/content/BSM-Project/data/raw/BSM/Sillimanite/22.jpg,Sillimanite,GRP_0262,train,IMG_0262_r45_f1,45,True,/content/BSM-Project/data/augmented/train/Sillimanite/22__r45_f1.jpg
IMG_0262,/content/BSM-Project/data/raw/BSM/Sillimanite/22.jpg,Sillimanite,GRP_0262,train,IMG_0262_r90_f0,90,False,/content/BSM-Project/data/augmented/train/Sillimanite/22__r90_f0.jpg
IMG_0262,/content/BSM-Project/data/raw/BSM/Sillimanite/22.jpg,Sillimanite,GRP_0262,train,IMG_0262_r90_f1,90,True,/content/BSM-Project/data/augmented/train/Sillimanite/22__r90_f1.jpg
IMG_0262,/content/BSM-Project/data/raw/BSM/Sillimanite/22.jpg,Sillimanite,GRP_0262,train,IMG_0262_r180_f0,180,False,/content/BSM-Project/data/augmented/train/Sillimanite/22__r180_f0.jpg
IMG_0262,/content/BSM-Project/data/raw/BSM/Sillimanite/22.jpg,Sillimanite,GRP_0262,train,IMG_0262_r180_f1,180,True,/content/BSM-Project/data/augmented/train/Sillimanite/22__r180_f1.jpg
IMG_0262,/content/BSM-Project/data/raw/BSM/Sillimanite/22.jpg,Sillimanite,GRP_0262,train,IMG_0262_r270_f0,270,False,/content/BSM-Project/data/augmented/train/Sillimanite/22__r270_f0.jpg
IMG_0262,/content/BSM-Project/data/raw/BSM/Sillimanite/22.jpg,Sillimanite,GRP_0262,train,IMG_0262_r270_f1,270,True,/content/BSM-Project/data/augmented/train/Sillimanite/22__r270_f1.jpg
IMG_0263,/content/BSM-Project/data/raw/BSM/Sillimanite/23.jpg,Sillimanite,GRP_0263,train,IMG_0263_r0_f0,0,False,/content/BSM-Project/data/augmented/train/Sillimanite/23__r0_f0.jpg
IMG_0263,/content/BSM-Project/data/raw/BSM/Sillimanite/23.jpg,Sillimanite,GRP_0263,train,IMG_0263_r0_f1,0,True,/content/BSM-Project/data/augmented/train/Sillimanite/23__r0_f1.jpg
IMG_0263,/content/BSM-Project/data/raw/BSM/Sillimanite/23.jpg,Sillimanite,GRP_0263,train,IMG_0263_r30_f0,30,False,/content/BSM-Project/data/augmented/train/Sillimanite/23__r30_f0.jpg
IMG_0263,/content/BSM-Project/data/raw/BSM/Sillimanite/23.jpg,Sillimanite,GRP_0263,train,IMG_0263_r30_f1,30,True,/content/BSM-Project/data/augmented/train/Sillimanite/23__r30_f1.jpg
IMG_0263,/content/BSM-Project/data/raw/BSM/Sillimanite/23.jpg,Sillimanite,GRP_0263,train,IMG_0263_r45_f0,45,False,/content/BSM-Project/data/augmented/train/Sillimanite/23__r45_f0.jpg
IMG_0263,/content/BSM-Project/data/raw/BSM/Sillimanite/23.jpg,Sillimanite,GRP_0263,train,IMG_0263_r45_f1,45,True,/content/BSM-Project/data/augmented/train/Sillimanite/23__r45_f1.jpg
IMG_0263,/content/BSM-Project/data/raw/BSM/Sillimanite/23.jpg,Sillimanite,GRP_0263,train,IMG_0263_r90_f0,90,False,/content/BSM-Project/data/augmented/train/Sillimanite/23__r90_f0.jpg
IMG_0263,/content/BSM-Project/data/raw/BSM/Sillimanite/23.jpg,Sillimanite,GRP_0263,train,IMG_0263_r90_f1,90,True,/content/BSM-Project/data/augmented/train/Sillimanite/23__r90_f1.jpg
IMG_0263,/content/BSM-Project/data/raw/BSM/Sillimanite/23.jpg,Sillimanite,GRP_0263,train,IMG_0263_r180_f0,180,False,/content/BSM-Project/data/augmented/train/Sillimanite/23__r180_f0.jpg
IMG_0263,/content/BSM-Project/data/raw/BSM/Sillimanite/23.jpg,Sillimanite,GRP_0263,train,IMG_0263_r180_f1,180,True,/content/BSM-Project/data/augmented/train/Sillimanite/23__r180_f1.jpg
IMG_0263,/content/BSM-Project/data/raw/BSM/Sillimanite/23.jpg,Sillimanite,GRP_0263,train,IMG_0263_r270_f0,270,False,/content/BSM-Project/data/augmented/train/Sillimanite/23__r270_f0.jpg
IMG_0263,/content/BSM-Project/data/raw/BSM/Sillimanite/23.jpg,Sillimanite,GRP_0263,train,IMG_0263_r270_f1,270,True,/content/BSM-Project/data/augmented/train/Sillimanite/23__r270_f1.jpg
IMG_0264,/content/BSM-Project/data/raw/BSM/Sillimanite/24.jpg,Sillimanite,GRP_0264,train,IMG_0264_r0_f0,0,False,/content/BSM-Project/data/augmented/train/Sillimanite/24__r0_f0.jpg
IMG_0264,/content/BSM-Project/data/raw/BSM/Sillimanite/24.jpg,Sillimanite,GRP_0264,train,IMG_0264_r0_f1,0,True,/content/BSM-Project/data/augmented/train/Sillimanite/24__r0_f1.jpg
IMG_0264,/content/BSM-Project/data/raw/BSM/Sillimanite/24.jpg,Sillimanite,GRP_0264,train,IMG_0264_r30_f0,30,False,/content/BSM-Project/data/augmented/train/Sillimanite/24__r30_f0.jpg
IMG_0264,/content/BSM-Project/data/raw/BSM/Sillimanite/24.jpg,Sillimanite,GRP_0264,train,IMG_0264_r30_f1,30,True,/content/BSM-Project/data/augmented/train/Sillimanite/24__r30_f1.jpg
IMG_0264,/content/BSM-Project/data/raw/BSM/Sillimanite/24.jpg,Sillimanite,GRP_0264,train,IMG_0264_r45_f0,45,False,/content/BSM-Project/data/augmented/train/Sillimanite/24__r45_f0.jpg
IMG_0264,/content/BSM-Project/data/raw/BSM/Sillimanite/24.jpg,Sillimanite,GRP_0264,train,IMG_0264_r45_f1,45,True,/content/BSM-Project/data/augmented/train/Sillimanite/24__r45_f1.jpg
IMG_0264,/content/BSM-Project/data/raw/BSM/Sillimanite/24.jpg,Sillimanite,GRP_0264,train,IMG_0264_r90_f0,90,False,/content/BSM-Project/data/augmented/train/Sillimanite/24__r90_f0.jpg
IMG_0264,/content/BSM-Project/data/raw/BSM/Sillimanite/24.jpg,Sillimanite,GRP_0264,train,IMG_0264_r90_f1,90,True,/content/BSM-Project/data/augmented/train/Sillimanite/24__r90_f1.jpg
IMG_0264,/content/BSM-Project/data/raw/BSM/Sillimanite/24.jpg,Sillimanite,GRP_0264,train,IMG_0264_r180_f0,180,False,/content/BSM-Project/data/augmented/train/Sillimanite/24__r180_f0.jpg
IMG_0264,/content/BSM-Project/data/raw/BSM/Sillimanite/24.jpg,Sillimanite,GRP_0264,train,IMG_0264_r180_f1,180,True,/content/BSM-Project/data/augmented/train/Sillimanite/24__r180_f1.jpg
IMG_0264,/content/BSM-Project/data/raw/BSM/Sillimanite/24.jpg,Sillimanite,GRP_0264,train,IMG_0264_r270_f0,270,False,/content/BSM-Project/data/augmented/train/Sillimanite/24__r270_f0.jpg
IMG_0264,/content/BSM-Project/data/raw/BSM/Sillimanite/24.jpg,Sillimanite,GRP_0264,train,IMG_0264_r270_f1,270,True,/content/BSM-Project/data/augmented/train/Sillimanite/24__r270_f1.jpg
IMG_0265,/content/BSM-Project/data/raw/BSM/Sillimanite/25.jpg,Sillimanite,GRP_0265,train,IMG_0265_r0_f0,0,False,/content/BSM-Project/data/augmented/train/Sillimanite/25__r0_f0.jpg
IMG_0265,/content/BSM-Project/data/raw/BSM/Sillimanite/25.jpg,Sillimanite,GRP_0265,train,IMG_0265_r0_f1,0,True,/content/BSM-Project/data/augmented/train/Sillimanite/25__r0_f1.jpg
IMG_0265,/content/BSM-Project/data/raw/BSM/Sillimanite/25.jpg,Sillimanite,GRP_0265,train,IMG_0265_r30_f0,30,False,/content/BSM-Project/data/augmented/train/Sillimanite/25__r30_f0.jpg
IMG_0265,/content/BSM-Project/data/raw/BSM/Sillimanite/25.jpg,Sillimanite,GRP_0265,train,IMG_0265_r30_f1,30,True,/content/BSM-Project/data/augmented/train/Sillimanite/25__r30_f1.jpg
IMG_0265,/content/BSM-Project/data/raw/BSM/Sillimanite/25.jpg,Sillimanite,GRP_0265,train,IMG_0265_r45_f0,45,False,/content/BSM-Project/data/augmented/train/Sillimanite/25__r45_f0.jpg
IMG_0265,/content/BSM-Project/data/raw/BSM/Sillimanite/25.jpg,Sillimanite,GRP_0265,train,IMG_0265_r45_f1,45,True,/content/BSM-Project/data/augmented/train/Sillimanite/25__r45_f1.jpg
IMG_0265,/content/BSM-Project/data/raw/BSM/Sillimanite/25.jpg,Sillimanite,GRP_0265,train,IMG_0265_r90_f0,90,False,/content/BSM-Project/data/augmented/train/Sillimanite/25__r90_f0.jpg
IMG_0265,/content/BSM-Project/data/raw/BSM/Sillimanite/25.jpg,Sillimanite,GRP_0265,train,IMG_0265_r90_f1,90,True,/content/BSM-Project/data/augmented/train/Sillimanite/25__r90_f1.jpg
IMG_0265,/content/BSM-Project/data/raw/BSM/Sillimanite/25.jpg,Sillimanite,GRP_0265,train,IMG_0265_r180_f0,180,False,/content/BSM-Project/data/augmented/train/Sillimanite/25__r180_f0.jpg
IMG_0265,/content/BSM-Project/data/raw/BSM/Sillimanite/25.jpg,Sillimanite,GRP_0265,train,IMG_0265_r180_f1,180,True,/content/BSM-Project/data/augmented/train/Sillimanite/25__r180_f1.jpg
IMG_0265,/content/BSM-Project/data/raw/BSM/Sillimanite/25.jpg,Sillimanite,GRP_0265,train,IMG_0265_r270_f0,270,False,/content/BSM-Project/data/augmented/train/Sillimanite/25__r270_f0.jpg
IMG_0265,/content/BSM-Project/data/raw/BSM/Sillimanite/25.jpg,Sillimanite,GRP_0265,train,IMG_0265_r270_f1,270,True,/content/BSM-Project/data/augmented/train/Sillimanite/25__r270_f1.jpg
IMG_0266,/content/BSM-Project/data/raw/BSM/Sillimanite/26.jpg,Sillimanite,GRP_0266,train,IMG_0266_r0_f0,0,False,/content/BSM-Project/data/augmented/train/Sillimanite/26__r0_f0.jpg
IMG_0266,/content/BSM-Project/data/raw/BSM/Sillimanite/26.jpg,Sillimanite,GRP_0266,train,IMG_0266_r0_f1,0,True,/content/BSM-Project/data/augmented/train/Sillimanite/26__r0_f1.jpg
IMG_0266,/content/BSM-Project/data/raw/BSM/Sillimanite/26.jpg,Sillimanite,GRP_0266,train,IMG_0266_r30_f0,30,False,/content/BSM-Project/data/augmented/train/Sillimanite/26__r30_f0.jpg
IMG_0266,/content/BSM-Project/data/raw/BSM/Sillimanite/26.jpg,Sillimanite,GRP_0266,train,IMG_0266_r30_f1,30,True,/content/BSM-Project/data/augmented/train/Sillimanite/26__r30_f1.jpg
IMG_0266,/content/BSM-Project/data/raw/BSM/Sillimanite/26.jpg,Sillimanite,GRP_0266,train,IMG_0266_r45_f0,45,False,/content/BSM-Project/data/augmented/train/Sillimanite/26__r45_f0.jpg
IMG_0266,/content/BSM-Project/data/raw/BSM/Sillimanite/26.jpg,Sillimanite,GRP_0266,train,IMG_0266_r45_f1,45,True,/content/BSM-Project/data/augmented/train/Sillimanite/26__r45_f1.jpg
IMG_0266,/content/BSM-Project/data/raw/BSM/Sillimanite/26.jpg,Sillimanite,GRP_0266,train,IMG_0266_r90_f0,90,False,/content/BSM-Project/data/augmented/train/Sillimanite/26__r90_f0.jpg
IMG_0266,/content/BSM-Project/data/raw/BSM/Sillimanite/26.jpg,Sillimanite,GRP_0266,train,IMG_0266_r90_f1,90,True,/content/BSM-Project/data/augmented/train/Sillimanite/26__r90_f1.jpg
IMG_0266,/content/BSM-Project/data/raw/BSM/Sillimanite/26.jpg,Sillimanite,GRP_0266,train,IMG_0266_r180_f0,180,False,/content/BSM-Project/data/augmented/train/Sillimanite/26__r180_f0.jpg
IMG_0266,/content/BSM-Project/data/raw/BSM/Sillimanite/26.jpg,Sillimanite,GRP_0266,train,IMG_0266_r180_f1,180,True,/content/BSM-Project/data/augmented/train/Sillimanite/26__r180_f1.jpg
IMG_0266,/content/BSM-Project/data/raw/BSM/Sillimanite/26.jpg,Sillimanite,GRP_0266,train,IMG_0266_r270_f0,270,False,/content/BSM-Project/data/augmented/train/Sillimanite/26__r270_f0.jpg
IMG_0266,/content/BSM-Project/data/raw/BSM/Sillimanite/26.jpg,Sillimanite,GRP_0266,train,IMG_0266_r270_f1,270,True,/content/BSM-Project/data/augmented/train/Sillimanite/26__r270_f1.jpg
IMG_0267,/content/BSM-Project/data/raw/BSM/Sillimanite/27.jpg,Sillimanite,GRP_0267,train,IMG_0267_r0_f0,0,False,/content/BSM-Project/data/augmented/train/Sillimanite/27__r0_f0.jpg
IMG_0267,/content/BSM-Project/data/raw/BSM/Sillimanite/27.jpg,Sillimanite,GRP_0267,train,IMG_0267_r0_f1,0,True,/content/BSM-Project/data/augmented/train/Sillimanite/27__r0_f1.jpg
IMG_0267,/content/BSM-Project/data/raw/BSM/Sillimanite/27.jpg,Sillimanite,GRP_0267,train,IMG_0267_r30_f0,30,False,/content/BSM-Project/data/augmented/train/Sillimanite/27__r30_f0.jpg
IMG_0267,/content/BSM-Project/data/raw/BSM/Sillimanite/27.jpg,Sillimanite,GRP_0267,train,IMG_0267_r30_f1,30,True,/content/BSM-Project/data/augmented/train/Sillimanite/27__r30_f1.jpg
IMG_0267,/content/BSM-Project/data/raw/BSM/Sillimanite/27.jpg,Sillimanite,GRP_0267,train,IMG_0267_r45_f0,45,False,/content/BSM-Project/data/augmented/train/Sillimanite/27__r45_f0.jpg
IMG_0267,/content/BSM-Project/data/raw/BSM/Sillimanite/27.jpg,Sillimanite,GRP_0267,train,IMG_0267_r45_f1,45,True,/content/BSM-Project/data/augmented/train/Sillimanite/27__r45_f1.jpg
IMG_0267,/content/BSM-Project/data/raw/BSM/Sillimanite/27.jpg,Sillimanite,GRP_0267,train,IMG_0267_r90_f0,90,False,/content/BSM-Project/data/augmented/train/Sillimanite/27__r90_f0.jpg
IMG_0267,/content/BSM-Project/data/raw/BSM/Sillimanite/27.jpg,Sillimanite,GRP_0267,train,IMG_0267_r90_f1,90,True,/content/BSM-Project/data/augmented/train/Sillimanite/27__r90_f1.jpg
IMG_0267,/content/BSM-Project/data/raw/BSM/Sillimanite/27.jpg,Sillimanite,GRP_0267,train,IMG_0267_r180_f0,180,False,/content/BSM-Project/data/augmented/train/Sillimanite/27__r180_f0.jpg
IMG_0267,/content/BSM-Project/data/raw/BSM/Sillimanite/27.jpg,Sillimanite,GRP_0267,train,IMG_0267_r180_f1,180,True,/content/BSM-Project/data/augmented/train/Sillimanite/27__r180_f1.jpg
IMG_0267,/content/BSM-Project/data/raw/BSM/Sillimanite/27.jpg,Sillimanite,GRP_0267,train,IMG_0267_r270_f0,270,False,/content/BSM-Project/data/augmented/train/Sillimanite/27__r270_f0.jpg
IMG_0267,/content/BSM-Project/data/raw/BSM/Sillimanite/27.jpg,Sillimanite,GRP_0267,train,IMG_0267_r270_f1,270,True,/content/BSM-Project/data/augmented/train/Sillimanite/27__r270_f1.jpg
IMG_0270,/content/BSM-Project/data/raw/BSM/Sillimanite/3.jpg,Sillimanite,GRP_0270,train,IMG_0270_r0_f0,0,False,/content/BSM-Project/data/augmented/train/Sillimanite/3__r0_f0.jpg
IMG_0270,/content/BSM-Project/data/raw/BSM/Sillimanite/3.jpg,Sillimanite,GRP_0270,train,IMG_0270_r0_f1,0,True,/content/BSM-Project/data/augmented/train/Sillimanite/3__r0_f1.jpg
IMG_0270,/content/BSM-Project/data/raw/BSM/Sillimanite/3.jpg,Sillimanite,GRP_0270,train,IMG_0270_r30_f0,30,False,/content/BSM-Project/data/augmented/train/Sillimanite/3__r30_f0.jpg
IMG_0270,/content/BSM-Project/data/raw/BSM/Sillimanite/3.jpg,Sillimanite,GRP_0270,train,IMG_0270_r30_f1,30,True,/content/BSM-Project/data/augmented/train/Sillimanite/3__r30_f1.jpg
IMG_0270,/content/BSM-Project/data/raw/BSM/Sillimanite/3.jpg,Sillimanite,GRP_0270,train,IMG_0270_r45_f0,45,False,/content/BSM-Project/data/augmented/train/Sillimanite/3__r45_f0.jpg
IMG_0270,/content/BSM-Project/data/raw/BSM/Sillimanite/3.jpg,Sillimanite,GRP_0270,train,IMG_0270_r45_f1,45,True,/content/BSM-Project/data/augmented/train/Sillimanite/3__r45_f1.jpg
IMG_0270,/content/BSM-Project/data/raw/BSM/Sillimanite/3.jpg,Sillimanite,GRP_0270,train,IMG_0270_r90_f0,90,False,/content/BSM-Project/data/augmented/train/Sillimanite/3__r90_f0.jpg
IMG_0270,/content/BSM-Project/data/raw/BSM/Sillimanite/3.jpg,Sillimanite,GRP_0270,train,IMG_0270_r90_f1,90,True,/content/BSM-Project/data/augmented/train/Sillimanite/3__r90_f1.jpg
IMG_0270,/content/BSM-Project/data/raw/BSM/Sillimanite/3.jpg,Sillimanite,GRP_0270,train,IMG_0270_r180_f0,180,False,/content/BSM-Project/data/augmented/train/Sillimanite/3__r180_f0.jpg
IMG_0270,/content/BSM-Project/data/raw/BSM/Sillimanite/3.jpg,Sillimanite,GRP_0270,train,IMG_0270_r180_f1,180,True,/content/BSM-Project/data/augmented/train/Sillimanite/3__r180_f1.jpg
IMG_0270,/content/BSM-Project/data/raw/BSM/Sillimanite/3.jpg,Sillimanite,GRP_0270,train,IMG_0270_r270_f0,270,False,/content/BSM-Project/data/augmented/train/Sillimanite/3__r270_f0.jpg
IMG_0270,/content/BSM-Project/data/raw/BSM/Sillimanite/3.jpg,Sillimanite,GRP_0270,train,IMG_0270_r270_f1,270,True,/content/BSM-Project/data/augmented/train/Sillimanite/3__r270_f1.jpg
IMG_0271,/content/BSM-Project/data/raw/BSM/Sillimanite/30.jpg,Sillimanite,GRP_0271,train,IMG_0271_r0_f0,0,False,/content/BSM-Project/data/augmented/train/Sillimanite/30__r0_f0.jpg
IMG_0271,/content/BSM-Project/data/raw/BSM/Sillimanite/30.jpg,Sillimanite,GRP_0271,train,IMG_0271_r0_f1,0,True,/content/BSM-Project/data/augmented/train/Sillimanite/30__r0_f1.jpg
IMG_0271,/content/BSM-Project/data/raw/BSM/Sillimanite/30.jpg,Sillimanite,GRP_0271,train,IMG_0271_r30_f0,30,False,/content/BSM-Project/data/augmented/train/Sillimanite/30__r30_f0.jpg
IMG_0271,/content/BSM-Project/data/raw/BSM/Sillimanite/30.jpg,Sillimanite,GRP_0271,train,IMG_0271_r30_f1,30,True,/content/BSM-Project/data/augmented/train/Sillimanite/30__r30_f1.jpg
IMG_0271,/content/BSM-Project/data/raw/BSM/Sillimanite/30.jpg,Sillimanite,GRP_0271,train,IMG_0271_r45_f0,45,False,/content/BSM-Project/data/augmented/train/Sillimanite/30__r45_f0.jpg
IMG_0271,/content/BSM-Project/data/raw/BSM/Sillimanite/30.jpg,Sillimanite,GRP_0271,train,IMG_0271_r45_f1,45,True,/content/BSM-Project/data/augmented/train/Sillimanite/30__r45_f1.jpg
IMG_0271,/content/BSM-Project/data/raw/BSM/Sillimanite/30.jpg,Sillimanite,GRP_0271,train,IMG_0271_r90_f0,90,False,/content/BSM-Project/data/augmented/train/Sillimanite/30__r90_f0.jpg
IMG_0271,/content/BSM-Project/data/raw/BSM/Sillimanite/30.jpg,Sillimanite,GRP_0271,train,IMG_0271_r90_f1,90,True,/content/BSM-Project/data/augmented/train/Sillimanite/30__r90_f1.jpg
IMG_0271,/content/BSM-Project/data/raw/BSM/Sillimanite/30.jpg,Sillimanite,GRP_0271,train,IMG_0271_r180_f0,180,False,/content/BSM-Project/data/augmented/train/Sillimanite/30__r180_f0.jpg
IMG_0271,/content/BSM-Project/data/raw/BSM/Sillimanite/30.jpg,Sillimanite,GRP_0271,train,IMG_0271_r180_f1,180,True,/content/BSM-Project/data/augmented/train/Sillimanite/30__r180_f1.jpg
IMG_0271,/content/BSM-Project/data/raw/BSM/Sillimanite/30.jpg,Sillimanite,GRP_0271,train,IMG_0271_r270_f0,270,False,/content/BSM-Project/data/augmented/train/Sillimanite/30__r270_f0.jpg
IMG_0271,/content/BSM-Project/data/raw/BSM/Sillimanite/30.jpg,Sillimanite,GRP_0271,train,IMG_0271_r270_f1,270,True,/content/BSM-Project/data/augmented/train/Sillimanite/30__r270_f1.jpg
IMG_0274,/content/BSM-Project/data/raw/BSM/Sillimanite/33.jpg,Sillimanite,GRP_0274,train,IMG_0274_r0_f0,0,False,/content/BSM-Project/data/augmented/train/Sillimanite/33__r0_f0.jpg
IMG_0274,/content/BSM-Project/data/raw/BSM/Sillimanite/33.jpg,Sillimanite,GRP_0274,train,IMG_0274_r0_f1,0,True,/content/BSM-Project/data/augmented/train/Sillimanite/33__r0_f1.jpg
IMG_0274,/content/BSM-Project/data/raw/BSM/Sillimanite/33.jpg,Sillimanite,GRP_0274,train,IMG_0274_r30_f0,30,False,/content/BSM-Project/data/augmented/train/Sillimanite/33__r30_f0.jpg
IMG_0274,/content/BSM-Project/data/raw/BSM/Sillimanite/33.jpg,Sillimanite,GRP_0274,train,IMG_0274_r30_f1,30,True,/content/BSM-Project/data/augmented/train/Sillimanite/33__r30_f1.jpg
IMG_0274,/content/BSM-Project/data/raw/BSM/Sillimanite/33.jpg,Sillimanite,GRP_0274,train,IMG_0274_r45_f0,45,False,/content/BSM-Project/data/augmented/train/Sillimanite/33__r45_f0.jpg
IMG_0274,/content/BSM-Project/data/raw/BSM/Sillimanite/33.jpg,Sillimanite,GRP_0274,train,IMG_0274_r45_f1,45,True,/content/BSM-Project/data/augmented/train/Sillimanite/33__r45_f1.jpg
IMG_0274,/content/BSM-Project/data/raw/BSM/Sillimanite/33.jpg,Sillimanite,GRP_0274,train,IMG_0274_r90_f0,90,False,/content/BSM-Project/data/augmented/train/Sillimanite/33__r90_f0.jpg
IMG_0274,/content/BSM-Project/data/raw/BSM/Sillimanite/33.jpg,Sillimanite,GRP_0274,train,IMG_0274_r90_f1,90,True,/content/BSM-Project/data/augmented/train/Sillimanite/33__r90_f1.jpg
IMG_0274,/content/BSM-Project/data/raw/BSM/Sillimanite/33.jpg,Sillimanite,GRP_0274,train,IMG_0274_r180_f0,180,False,/content/BSM-Project/data/augmented/train/Sillimanite/33__r180_f0.jpg
IMG_0274,/content/BSM-Project/data/raw/BSM/Sillimanite/33.jpg,Sillimanite,GRP_0274,train,IMG_0274_r180_f1,180,True,/content/BSM-Project/data/augmented/train/Sillimanite/33__r180_f1.jpg
IMG_0274,/content/BSM-Project/data/raw/BSM/Sillimanite/33.jpg,Sillimanite,GRP_0274,train,IMG_0274_r270_f0,270,False,/content/BSM-Project/data/augmented/train/Sillimanite/33__r270_f0.jpg
IMG_0274,/content/BSM-Project/data/raw/BSM/Sillimanite/33.jpg,Sillimanite,GRP_0274,train,IMG_0274_r270_f1,270,True,/content/BSM-Project/data/augmented/train/Sillimanite/33__r270_f1.jpg
IMG_0277,/content/BSM-Project/data/raw/BSM/Sillimanite/36.jpg,Sillimanite,GRP_0277,train,IMG_0277_r0_f0,0,False,/content/BSM-Project/data/augmented/train/Sillimanite/36__r0_f0.jpg
IMG_0277,/content/BSM-Project/data/raw/BSM/Sillimanite/36.jpg,Sillimanite,GRP_0277,train,IMG_0277_r0_f1,0,True,/content/BSM-Project/data/augmented/train/Sillimanite/36__r0_f1.jpg
IMG_0277,/content/BSM-Project/data/raw/BSM/Sillimanite/36.jpg,Sillimanite,GRP_0277,train,IMG_0277_r30_f0,30,False,/content/BSM-Project/data/augmented/train/Sillimanite/36__r30_f0.jpg
IMG_0277,/content/BSM-Project/data/raw/BSM/Sillimanite/36.jpg,Sillimanite,GRP_0277,train,IMG_0277_r30_f1,30,True,/content/BSM-Project/data/augmented/train/Sillimanite/36__r30_f1.jpg
IMG_0277,/content/BSM-Project/data/raw/BSM/Sillimanite/36.jpg,Sillimanite,GRP_0277,train,IMG_0277_r45_f0,45,False,/content/BSM-Project/data/augmented/train/Sillimanite/36__r45_f0.jpg
IMG_0277,/content/BSM-Project/data/raw/BSM/Sillimanite/36.jpg,Sillimanite,GRP_0277,train,IMG_0277_r45_f1,45,True,/content/BSM-Project/data/augmented/train/Sillimanite/36__r45_f1.jpg
IMG_0277,/content/BSM-Project/data/raw/BSM/Sillimanite/36.jpg,Sillimanite,GRP_0277,train,IMG_0277_r90_f0,90,False,/content/BSM-Project/data/augmented/train/Sillimanite/36__r90_f0.jpg
IMG_0277,/content/BSM-Project/data/raw/BSM/Sillimanite/36.jpg,Sillimanite,GRP_0277,train,IMG_0277_r90_f1,90,True,/content/BSM-Project/data/augmented/train/Sillimanite/36__r90_f1.jpg
IMG_0277,/content/BSM-Project/data/raw/BSM/Sillimanite/36.jpg,Sillimanite,GRP_0277,train,IMG_0277_r180_f0,180,False,/content/BSM-Project/data/augmented/train/Sillimanite/36__r180_f0.jpg
IMG_0277,/content/BSM-Project/data/raw/BSM/Sillimanite/36.jpg,Sillimanite,GRP_0277,train,IMG_0277_r180_f1,180,True,/content/BSM-Project/data/augmented/train/Sillimanite/36__r180_f1.jpg
IMG_0277,/content/BSM-Project/data/raw/BSM/Sillimanite/36.jpg,Sillimanite,GRP_0277,train,IMG_0277_r270_f0,270,False,/content/BSM-Project/data/augmented/train/Sillimanite/36__r270_f0.jpg
IMG_0277,/content/BSM-Project/data/raw/BSM/Sillimanite/36.jpg,Sillimanite,GRP_0277,train,IMG_0277_r270_f1,270,True,/content/BSM-Project/data/augmented/train/Sillimanite/36__r270_f1.jpg
IMG_0279,/content/BSM-Project/data/raw/BSM/Sillimanite/38.jpg,Sillimanite,GRP_0279,train,IMG_0279_r0_f0,0,False,/content/BSM-Project/data/augmented/train/Sillimanite/38__r0_f0.jpg
IMG_0279,/content/BSM-Project/data/raw/BSM/Sillimanite/38.jpg,Sillimanite,GRP_0279,train,IMG_0279_r0_f1,0,True,/content/BSM-Project/data/augmented/train/Sillimanite/38__r0_f1.jpg
IMG_0279,/content/BSM-Project/data/raw/BSM/Sillimanite/38.jpg,Sillimanite,GRP_0279,train,IMG_0279_r30_f0,30,False,/content/BSM-Project/data/augmented/train/Sillimanite/38__r30_f0.jpg
IMG_0279,/content/BSM-Project/data/raw/BSM/Sillimanite/38.jpg,Sillimanite,GRP_0279,train,IMG_0279_r30_f1,30,True,/content/BSM-Project/data/augmented/train/Sillimanite/38__r30_f1.jpg
IMG_0279,/content/BSM-Project/data/raw/BSM/Sillimanite/38.jpg,Sillimanite,GRP_0279,train,IMG_0279_r45_f0,45,False,/content/BSM-Project/data/augmented/train/Sillimanite/38__r45_f0.jpg
IMG_0279,/content/BSM-Project/data/raw/BSM/Sillimanite/38.jpg,Sillimanite,GRP_0279,train,IMG_0279_r45_f1,45,True,/content/BSM-Project/data/augmented/train/Sillimanite/38__r45_f1.jpg
IMG_0279,/content/BSM-Project/data/raw/BSM/Sillimanite/38.jpg,Sillimanite,GRP_0279,train,IMG_0279_r90_f0,90,False,/content/BSM-Project/data/augmented/train/Sillimanite/38__r90_f0.jpg
IMG_0279,/content/BSM-Project/data/raw/BSM/Sillimanite/38.jpg,Sillimanite,GRP_0279,train,IMG_0279_r90_f1,90,True,/content/BSM-Project/data/augmented/train/Sillimanite/38__r90_f1.jpg
IMG_0279,/content/BSM-Project/data/raw/BSM/Sillimanite/38.jpg,Sillimanite,GRP_0279,train,IMG_0279_r180_f0,180,False,/content/BSM-Project/data/augmented/train/Sillimanite/38__r180_f0.jpg
IMG_0279,/content/BSM-Project/data/raw/BSM/Sillimanite/38.jpg,Sillimanite,GRP_0279,train,IMG_0279_r180_f1,180,True,/content/BSM-Project/data/augmented/train/Sillimanite/38__r180_f1.jpg
IMG_0279,/content/BSM-Project/data/raw/BSM/Sillimanite/38.jpg,Sillimanite,GRP_0279,train,IMG_0279_r270_f0,270,False,/content/BSM-Project/data/augmented/train/Sillimanite/38__r270_f0.jpg
IMG_0279,/content/BSM-Project/data/raw/BSM/Sillimanite/38.jpg,Sillimanite,GRP_0279,train,IMG_0279_r270_f1,270,True,/content/BSM-Project/data/augmented/train/Sillimanite/38__r270_f1.jpg
IMG_0280,/content/BSM-Project/data/raw/BSM/Sillimanite/39.jpg,Sillimanite,GRP_0280,train,IMG_0280_r0_f0,0,False,/content/BSM-Project/data/augmented/train/Sillimanite/39__r0_f0.jpg
IMG_0280,/content/BSM-Project/data/raw/BSM/Sillimanite/39.jpg,Sillimanite,GRP_0280,train,IMG_0280_r0_f1,0,True,/content/BSM-Project/data/augmented/train/Sillimanite/39__r0_f1.jpg
IMG_0280,/content/BSM-Project/data/raw/BSM/Sillimanite/39.jpg,Sillimanite,GRP_0280,train,IMG_0280_r30_f0,30,False,/content/BSM-Project/data/augmented/train/Sillimanite/39__r30_f0.jpg
IMG_0280,/content/BSM-Project/data/raw/BSM/Sillimanite/39.jpg,Sillimanite,GRP_0280,train,IMG_0280_r30_f1,30,True,/content/BSM-Project/data/augmented/train/Sillimanite/39__r30_f1.jpg
IMG_0280,/content/BSM-Project/data/raw/BSM/Sillimanite/39.jpg,Sillimanite,GRP_0280,train,IMG_0280_r45_f0,45,False,/content/BSM-Project/data/augmented/train/Sillimanite/39__r45_f0.jpg
IMG_0280,/content/BSM-Project/data/raw/BSM/Sillimanite/39.jpg,Sillimanite,GRP_0280,train,IMG_0280_r45_f1,45,True,/content/BSM-Project/data/augmented/train/Sillimanite/39__r45_f1.jpg
IMG_0280,/content/BSM-Project/data/raw/BSM/Sillimanite/39.jpg,Sillimanite,GRP_0280,train,IMG_0280_r90_f0,90,False,/content/BSM-Project/data/augmented/train/Sillimanite/39__r90_f0.jpg
IMG_0280,/content/BSM-Project/data/raw/BSM/Sillimanite/39.jpg,Sillimanite,GRP_0280,train,IMG_0280_r90_f1,90,True,/content/BSM-Project/data/augmented/train/Sillimanite/39__r90_f1.jpg
IMG_0280,/content/BSM-Project/data/raw/BSM/Sillimanite/39.jpg,Sillimanite,GRP_0280,train,IMG_0280_r180_f0,180,False,/content/BSM-Project/data/augmented/train/Sillimanite/39__r180_f0.jpg
IMG_0280,/content/BSM-Project/data/raw/BSM/Sillimanite/39.jpg,Sillimanite,GRP_0280,train,IMG_0280_r180_f1,180,True,/content/BSM-Project/data/augmented/train/Sillimanite/39__r180_f1.jpg
IMG_0280,/content/BSM-Project/data/raw/BSM/Sillimanite/39.jpg,Sillimanite,GRP_0280,train,IMG_0280_r270_f0,270,False,/content/BSM-Project/data/augmented/train/Sillimanite/39__r270_f0.jpg
IMG_0280,/content/BSM-Project/data/raw/BSM/Sillimanite/39.jpg,Sillimanite,GRP_0280,train,IMG_0280_r270_f1,270,True,/content/BSM-Project/data/augmented/train/Sillimanite/39__r270_f1.jpg
IMG_0281,/content/BSM-Project/data/raw/BSM/Sillimanite/4.jpg,Sillimanite,GRP_0281,train,IMG_0281_r0_f0,0,False,/content/BSM-Project/data/augmented/train/Sillimanite/4__r0_f0.jpg
IMG_0281,/content/BSM-Project/data/raw/BSM/Sillimanite/4.jpg,Sillimanite,GRP_0281,train,IMG_0281_r0_f1,0,True,/content/BSM-Project/data/augmented/train/Sillimanite/4__r0_f1.jpg
IMG_0281,/content/BSM-Project/data/raw/BSM/Sillimanite/4.jpg,Sillimanite,GRP_0281,train,IMG_0281_r30_f0,30,False,/content/BSM-Project/data/augmented/train/Sillimanite/4__r30_f0.jpg
IMG_0281,/content/BSM-Project/data/raw/BSM/Sillimanite/4.jpg,Sillimanite,GRP_0281,train,IMG_0281_r30_f1,30,True,/content/BSM-Project/data/augmented/train/Sillimanite/4__r30_f1.jpg
IMG_0281,/content/BSM-Project/data/raw/BSM/Sillimanite/4.jpg,Sillimanite,GRP_0281,train,IMG_0281_r45_f0,45,False,/content/BSM-Project/data/augmented/train/Sillimanite/4__r45_f0.jpg
IMG_0281,/content/BSM-Project/data/raw/BSM/Sillimanite/4.jpg,Sillimanite,GRP_0281,train,IMG_0281_r45_f1,45,True,/content/BSM-Project/data/augmented/train/Sillimanite/4__r45_f1.jpg
IMG_0281,/content/BSM-Project/data/raw/BSM/Sillimanite/4.jpg,Sillimanite,GRP_0281,train,IMG_0281_r90_f0,90,False,/content/BSM-Project/data/augmented/train/Sillimanite/4__r90_f0.jpg
IMG_0281,/content/BSM-Project/data/raw/BSM/Sillimanite/4.jpg,Sillimanite,GRP_0281,train,IMG_0281_r90_f1,90,True,/content/BSM-Project/data/augmented/train/Sillimanite/4__r90_f1.jpg
IMG_0281,/content/BSM-Project/data/raw/BSM/Sillimanite/4.jpg,Sillimanite,GRP_0281,train,IMG_0281_r180_f0,180,False,/content/BSM-Project/data/augmented/train/Sillimanite/4__r180_f0.jpg
IMG_0281,/content/BSM-Project/data/raw/BSM/Sillimanite/4.jpg,Sillimanite,GRP_0281,train,IMG_0281_r180_f1,180,True,/content/BSM-Project/data/augmented/train/Sillimanite/4__r180_f1.jpg
IMG_0281,/content/BSM-Project/data/raw/BSM/Sillimanite/4.jpg,Sillimanite,GRP_0281,train,IMG_0281_r270_f0,270,False,/content/BSM-Project/data/augmented/train/Sillimanite/4__r270_f0.jpg
IMG_0281,/content/BSM-Project/data/raw/BSM/Sillimanite/4.jpg,Sillimanite,GRP_0281,train,IMG_0281_r270_f1,270,True,/content/BSM-Project/data/augmented/train/Sillimanite/4__r270_f1.jpg
IMG_0282,/content/BSM-Project/data/raw/BSM/Sillimanite/40.jpg,Sillimanite,GRP_0282,train,IMG_0282_r0_f0,0,False,/content/BSM-Project/data/augmented/train/Sillimanite/40__r0_f0.jpg
IMG_0282,/content/BSM-Project/data/raw/BSM/Sillimanite/40.jpg,Sillimanite,GRP_0282,train,IMG_0282_r0_f1,0,True,/content/BSM-Project/data/augmented/train/Sillimanite/40__r0_f1.jpg
IMG_0282,/content/BSM-Project/data/raw/BSM/Sillimanite/40.jpg,Sillimanite,GRP_0282,train,IMG_0282_r30_f0,30,False,/content/BSM-Project/data/augmented/train/Sillimanite/40__r30_f0.jpg
IMG_0282,/content/BSM-Project/data/raw/BSM/Sillimanite/40.jpg,Sillimanite,GRP_0282,train,IMG_0282_r30_f1,30,True,/content/BSM-Project/data/augmented/train/Sillimanite/40__r30_f1.jpg
IMG_0282,/content/BSM-Project/data/raw/BSM/Sillimanite/40.jpg,Sillimanite,GRP_0282,train,IMG_0282_r45_f0,45,False,/content/BSM-Project/data/augmented/train/Sillimanite/40__r45_f0.jpg
IMG_0282,/content/BSM-Project/data/raw/BSM/Sillimanite/40.jpg,Sillimanite,GRP_0282,train,IMG_0282_r45_f1,45,True,/content/BSM-Project/data/augmented/train/Sillimanite/40__r45_f1.jpg
IMG_0282,/content/BSM-Project/data/raw/BSM/Sillimanite/40.jpg,Sillimanite,GRP_0282,train,IMG_0282_r90_f0,90,False,/content/BSM-Project/data/augmented/train/Sillimanite/40__r90_f0.jpg
IMG_0282,/content/BSM-Project/data/raw/BSM/Sillimanite/40.jpg,Sillimanite,GRP_0282,train,IMG_0282_r90_f1,90,True,/content/BSM-Project/data/augmented/train/Sillimanite/40__r90_f1.jpg
IMG_0282,/content/BSM-Project/data/raw/BSM/Sillimanite/40.jpg,Sillimanite,GRP_0282,train,IMG_0282_r180_f0,180,False,/content/BSM-Project/data/augmented/train/Sillimanite/40__r180_f0.jpg
IMG_0282,/content/BSM-Project/data/raw/BSM/Sillimanite/40.jpg,Sillimanite,GRP_0282,train,IMG_0282_r180_f1,180,True,/content/BSM-Project/data/augmented/train/Sillimanite/40__r180_f1.jpg
IMG_0282,/content/BSM-Project/data/raw/BSM/Sillimanite/40.jpg,Sillimanite,GRP_0282,train,IMG_0282_r270_f0,270,False,/content/BSM-Project/data/augmented/train/Sillimanite/40__r270_f0.jpg
IMG_0282,/content/BSM-Project/data/raw/BSM/Sillimanite/40.jpg,Sillimanite,GRP_0282,train,IMG_0282_r270_f1,270,True,/content/BSM-Project/data/augmented/train/Sillimanite/40__r270_f1.jpg
IMG_0283,/content/BSM-Project/data/raw/BSM/Sillimanite/41.jpg,Sillimanite,GRP_0283,train,IMG_0283_r0_f0,0,False,/content/BSM-Project/data/augmented/train/Sillimanite/41__r0_f0.jpg
IMG_0283,/content/BSM-Project/data/raw/BSM/Sillimanite/41.jpg,Sillimanite,GRP_0283,train,IMG_0283_r0_f1,0,True,/content/BSM-Project/data/augmented/train/Sillimanite/41__r0_f1.jpg
IMG_0283,/content/BSM-Project/data/raw/BSM/Sillimanite/41.jpg,Sillimanite,GRP_0283,train,IMG_0283_r30_f0,30,False,/content/BSM-Project/data/augmented/train/Sillimanite/41__r30_f0.jpg
IMG_0283,/content/BSM-Project/data/raw/BSM/Sillimanite/41.jpg,Sillimanite,GRP_0283,train,IMG_0283_r30_f1,30,True,/content/BSM-Project/data/augmented/train/Sillimanite/41__r30_f1.jpg
IMG_0283,/content/BSM-Project/data/raw/BSM/Sillimanite/41.jpg,Sillimanite,GRP_0283,train,IMG_0283_r45_f0,45,False,/content/BSM-Project/data/augmented/train/Sillimanite/41__r45_f0.jpg
IMG_0283,/content/BSM-Project/data/raw/BSM/Sillimanite/41.jpg,Sillimanite,GRP_0283,train,IMG_0283_r45_f1,45,True,/content/BSM-Project/data/augmented/train/Sillimanite/41__r45_f1.jpg
IMG_0283,/content/BSM-Project/data/raw/BSM/Sillimanite/41.jpg,Sillimanite,GRP_0283,train,IMG_0283_r90_f0,90,False,/content/BSM-Project/data/augmented/train/Sillimanite/41__r90_f0.jpg
IMG_0283,/content/BSM-Project/data/raw/BSM/Sillimanite/41.jpg,Sillimanite,GRP_0283,train,IMG_0283_r90_f1,90,True,/content/BSM-Project/data/augmented/train/Sillimanite/41__r90_f1.jpg
IMG_0283,/content/BSM-Project/data/raw/BSM/Sillimanite/41.jpg,Sillimanite,GRP_0283,train,IMG_0283_r180_f0,180,False,/content/BSM-Project/data/augmented/train/Sillimanite/41__r180_f0.jpg
IMG_0283,/content/BSM-Project/data/raw/BSM/Sillimanite/41.jpg,Sillimanite,GRP_0283,train,IMG_0283_r180_f1,180,True,/content/BSM-Project/data/augmented/train/Sillimanite/41__r180_f1.jpg
IMG_0283,/content/BSM-Project/data/raw/BSM/Sillimanite/41.jpg,Sillimanite,GRP_0283,train,IMG_0283_r270_f0,270,False,/content/BSM-Project/data/augmented/train/Sillimanite/41__r270_f0.jpg
IMG_0283,/content/BSM-Project/data/raw/BSM/Sillimanite/41.jpg,Sillimanite,GRP_0283,train,IMG_0283_r270_f1,270,True,/content/BSM-Project/data/augmented/train/Sillimanite/41__r270_f1.jpg
IMG_0284,/content/BSM-Project/data/raw/BSM/Sillimanite/42.jpg,Sillimanite,GRP_0284,train,IMG_0284_r0_f0,0,False,/content/BSM-Project/data/augmented/train/Sillimanite/42__r0_f0.jpg
IMG_0284,/content/BSM-Project/data/raw/BSM/Sillimanite/42.jpg,Sillimanite,GRP_0284,train,IMG_0284_r0_f1,0,True,/content/BSM-Project/data/augmented/train/Sillimanite/42__r0_f1.jpg
IMG_0284,/content/BSM-Project/data/raw/BSM/Sillimanite/42.jpg,Sillimanite,GRP_0284,train,IMG_0284_r30_f0,30,False,/content/BSM-Project/data/augmented/train/Sillimanite/42__r30_f0.jpg
IMG_0284,/content/BSM-Project/data/raw/BSM/Sillimanite/42.jpg,Sillimanite,GRP_0284,train,IMG_0284_r30_f1,30,True,/content/BSM-Project/data/augmented/train/Sillimanite/42__r30_f1.jpg
IMG_0284,/content/BSM-Project/data/raw/BSM/Sillimanite/42.jpg,Sillimanite,GRP_0284,train,IMG_0284_r45_f0,45,False,/content/BSM-Project/data/augmented/train/Sillimanite/42__r45_f0.jpg
IMG_0284,/content/BSM-Project/data/raw/BSM/Sillimanite/42.jpg,Sillimanite,GRP_0284,train,IMG_0284_r45_f1,45,True,/content/BSM-Project/data/augmented/train/Sillimanite/42__r45_f1.jpg
IMG_0284,/content/BSM-Project/data/raw/BSM/Sillimanite/42.jpg,Sillimanite,GRP_0284,train,IMG_0284_r90_f0,90,False,/content/BSM-Project/data/augmented/train/Sillimanite/42__r90_f0.jpg
IMG_0284,/content/BSM-Project/data/raw/BSM/Sillimanite/42.jpg,Sillimanite,GRP_0284,train,IMG_0284_r90_f1,90,True,/content/BSM-Project/data/augmented/train/Sillimanite/42__r90_f1.jpg
IMG_0284,/content/BSM-Project/data/raw/BSM/Sillimanite/42.jpg,Sillimanite,GRP_0284,train,IMG_0284_r180_f0,180,False,/content/BSM-Project/data/augmented/train/Sillimanite/42__r180_f0.jpg
IMG_0284,/content/BSM-Project/data/raw/BSM/Sillimanite/42.jpg,Sillimanite,GRP_0284,train,IMG_0284_r180_f1,180,True,/content/BSM-Project/data/augmented/train/Sillimanite/42__r180_f1.jpg
IMG_0284,/content/BSM-Project/data/raw/BSM/Sillimanite/42.jpg,Sillimanite,GRP_0284,train,IMG_0284_r270_f0,270,False,/content/BSM-Project/data/augmented/train/Sillimanite/42__r270_f0.jpg
IMG_0284,/content/BSM-Project/data/raw/BSM/Sillimanite/42.jpg,Sillimanite,GRP_0284,train,IMG_0284_r270_f1,270,True,/content/BSM-Project/data/augmented/train/Sillimanite/42__r270_f1.jpg
IMG_0287,/content/BSM-Project/data/raw/BSM/Sillimanite/45.jpg,Sillimanite,GRP_0287,train,IMG_0287_r0_f0,0,False,/content/BSM-Project/data/augmented/train/Sillimanite/45__r0_f0.jpg
IMG_0287,/content/BSM-Project/data/raw/BSM/Sillimanite/45.jpg,Sillimanite,GRP_0287,train,IMG_0287_r0_f1,0,True,/content/BSM-Project/data/augmented/train/Sillimanite/45__r0_f1.jpg
IMG_0287,/content/BSM-Project/data/raw/BSM/Sillimanite/45.jpg,Sillimanite,GRP_0287,train,IMG_0287_r30_f0,30,False,/content/BSM-Project/data/augmented/train/Sillimanite/45__r30_f0.jpg
IMG_0287,/content/BSM-Project/data/raw/BSM/Sillimanite/45.jpg,Sillimanite,GRP_0287,train,IMG_0287_r30_f1,30,True,/content/BSM-Project/data/augmented/train/Sillimanite/45__r30_f1.jpg
IMG_0287,/content/BSM-Project/data/raw/BSM/Sillimanite/45.jpg,Sillimanite,GRP_0287,train,IMG_0287_r45_f0,45,False,/content/BSM-Project/data/augmented/train/Sillimanite/45__r45_f0.jpg
IMG_0287,/content/BSM-Project/data/raw/BSM/Sillimanite/45.jpg,Sillimanite,GRP_0287,train,IMG_0287_r45_f1,45,True,/content/BSM-Project/data/augmented/train/Sillimanite/45__r45_f1.jpg
IMG_0287,/content/BSM-Project/data/raw/BSM/Sillimanite/45.jpg,Sillimanite,GRP_0287,train,IMG_0287_r90_f0,90,False,/content/BSM-Project/data/augmented/train/Sillimanite/45__r90_f0.jpg
IMG_0287,/content/BSM-Project/data/raw/BSM/Sillimanite/45.jpg,Sillimanite,GRP_0287,train,IMG_0287_r90_f1,90,True,/content/BSM-Project/data/augmented/train/Sillimanite/45__r90_f1.jpg
IMG_0287,/content/BSM-Project/data/raw/BSM/Sillimanite/45.jpg,Sillimanite,GRP_0287,train,IMG_0287_r180_f0,180,False,/content/BSM-Project/data/augmented/train/Sillimanite/45__r180_f0.jpg
IMG_0287,/content/BSM-Project/data/raw/BSM/Sillimanite/45.jpg,Sillimanite,GRP_0287,train,IMG_0287_r180_f1,180,True,/content/BSM-Project/data/augmented/train/Sillimanite/45__r180_f1.jpg
IMG_0287,/content/BSM-Project/data/raw/BSM/Sillimanite/45.jpg,Sillimanite,GRP_0287,train,IMG_0287_r270_f0,270,False,/content/BSM-Project/data/augmented/train/Sillimanite/45__r270_f0.jpg
IMG_0287,/content/BSM-Project/data/raw/BSM/Sillimanite/45.jpg,Sillimanite,GRP_0287,train,IMG_0287_r270_f1,270,True,/content/BSM-Project/data/augmented/train/Sillimanite/45__r270_f1.jpg
IMG_0288,/content/BSM-Project/data/raw/BSM/Sillimanite/46.jpg,Sillimanite,GRP_0288,train,IMG_0288_r0_f0,0,False,/content/BSM-Project/data/augmented/train/Sillimanite/46__r0_f0.jpg
IMG_0288,/content/BSM-Project/data/raw/BSM/Sillimanite/46.jpg,Sillimanite,GRP_0288,train,IMG_0288_r0_f1,0,True,/content/BSM-Project/data/augmented/train/Sillimanite/46__r0_f1.jpg
IMG_0288,/content/BSM-Project/data/raw/BSM/Sillimanite/46.jpg,Sillimanite,GRP_0288,train,IMG_0288_r30_f0,30,False,/content/BSM-Project/data/augmented/train/Sillimanite/46__r30_f0.jpg
IMG_0288,/content/BSM-Project/data/raw/BSM/Sillimanite/46.jpg,Sillimanite,GRP_0288,train,IMG_0288_r30_f1,30,True,/content/BSM-Project/data/augmented/train/Sillimanite/46__r30_f1.jpg
IMG_0288,/content/BSM-Project/data/raw/BSM/Sillimanite/46.jpg,Sillimanite,GRP_0288,train,IMG_0288_r45_f0,45,False,/content/BSM-Project/data/augmented/train/Sillimanite/46__r45_f0.jpg
IMG_0288,/content/BSM-Project/data/raw/BSM/Sillimanite/46.jpg,Sillimanite,GRP_0288,train,IMG_0288_r45_f1,45,True,/content/BSM-Project/data/augmented/train/Sillimanite/46__r45_f1.jpg
IMG_0288,/content/BSM-Project/data/raw/BSM/Sillimanite/46.jpg,Sillimanite,GRP_0288,train,IMG_0288_r90_f0,90,False,/content/BSM-Project/data/augmented/train/Sillimanite/46__r90_f0.jpg
IMG_0288,/content/BSM-Project/data/raw/BSM/Sillimanite/46.jpg,Sillimanite,GRP_0288,train,IMG_0288_r90_f1,90,True,/content/BSM-Project/data/augmented/train/Sillimanite/46__r90_f1.jpg
IMG_0288,/content/BSM-Project/data/raw/BSM/Sillimanite/46.jpg,Sillimanite,GRP_0288,train,IMG_0288_r180_f0,180,False,/content/BSM-Project/data/augmented/train/Sillimanite/46__r180_f0.jpg
IMG_0288,/content/BSM-Project/data/raw/BSM/Sillimanite/46.jpg,Sillimanite,GRP_0288,train,IMG_0288_r180_f1,180,True,/content/BSM-Project/data/augmented/train/Sillimanite/46__r180_f1.jpg
IMG_0288,/content/BSM-Project/data/raw/BSM/Sillimanite/46.jpg,Sillimanite,GRP_0288,train,IMG_0288_r270_f0,270,False,/content/BSM-Project/data/augmented/train/Sillimanite/46__r270_f0.jpg
IMG_0288,/content/BSM-Project/data/raw/BSM/Sillimanite/46.jpg,Sillimanite,GRP_0288,train,IMG_0288_r270_f1,270,True,/content/BSM-Project/data/augmented/train/Sillimanite/46__r270_f1.jpg
IMG_0290,/content/BSM-Project/data/raw/BSM/Sillimanite/48.jpg,Sillimanite,GRP_0290,train,IMG_0290_r0_f0,0,False,/content/BSM-Project/data/augmented/train/Sillimanite/48__r0_f0.jpg
IMG_0290,/content/BSM-Project/data/raw/BSM/Sillimanite/48.jpg,Sillimanite,GRP_0290,train,IMG_0290_r0_f1,0,True,/content/BSM-Project/data/augmented/train/Sillimanite/48__r0_f1.jpg
IMG_0290,/content/BSM-Project/data/raw/BSM/Sillimanite/48.jpg,Sillimanite,GRP_0290,train,IMG_0290_r30_f0,30,False,/content/BSM-Project/data/augmented/train/Sillimanite/48__r30_f0.jpg
IMG_0290,/content/BSM-Project/data/raw/BSM/Sillimanite/48.jpg,Sillimanite,GRP_0290,train,IMG_0290_r30_f1,30,True,/content/BSM-Project/data/augmented/train/Sillimanite/48__r30_f1.jpg
IMG_0290,/content/BSM-Project/data/raw/BSM/Sillimanite/48.jpg,Sillimanite,GRP_0290,train,IMG_0290_r45_f0,45,False,/content/BSM-Project/data/augmented/train/Sillimanite/48__r45_f0.jpg
IMG_0290,/content/BSM-Project/data/raw/BSM/Sillimanite/48.jpg,Sillimanite,GRP_0290,train,IMG_0290_r45_f1,45,True,/content/BSM-Project/data/augmented/train/Sillimanite/48__r45_f1.jpg
IMG_0290,/content/BSM-Project/data/raw/BSM/Sillimanite/48.jpg,Sillimanite,GRP_0290,train,IMG_0290_r90_f0,90,False,/content/BSM-Project/data/augmented/train/Sillimanite/48__r90_f0.jpg
IMG_0290,/content/BSM-Project/data/raw/BSM/Sillimanite/48.jpg,Sillimanite,GRP_0290,train,IMG_0290_r90_f1,90,True,/content/BSM-Project/data/augmented/train/Sillimanite/48__r90_f1.jpg
IMG_0290,/content/BSM-Project/data/raw/BSM/Sillimanite/48.jpg,Sillimanite,GRP_0290,train,IMG_0290_r180_f0,180,False,/content/BSM-Project/data/augmented/train/Sillimanite/48__r180_f0.jpg
IMG_0290,/content/BSM-Project/data/raw/BSM/Sillimanite/48.jpg,Sillimanite,GRP_0290,train,IMG_0290_r180_f1,180,True,/content/BSM-Project/data/augmented/train/Sillimanite/48__r180_f1.jpg
IMG_0290,/content/BSM-Project/data/raw/BSM/Sillimanite/48.jpg,Sillimanite,GRP_0290,train,IMG_0290_r270_f0,270,False,/content/BSM-Project/data/augmented/train/Sillimanite/48__r270_f0.jpg
IMG_0290,/content/BSM-Project/data/raw/BSM/Sillimanite/48.jpg,Sillimanite,GRP_0290,train,IMG_0290_r270_f1,270,True,/content/BSM-Project/data/augmented/train/Sillimanite/48__r270_f1.jpg
IMG_0291,/content/BSM-Project/data/raw/BSM/Sillimanite/49.jpg,Sillimanite,GRP_0291,train,IMG_0291_r0_f0,0,False,/content/BSM-Project/data/augmented/train/Sillimanite/49__r0_f0.jpg
IMG_0291,/content/BSM-Project/data/raw/BSM/Sillimanite/49.jpg,Sillimanite,GRP_0291,train,IMG_0291_r0_f1,0,True,/content/BSM-Project/data/augmented/train/Sillimanite/49__r0_f1.jpg
IMG_0291,/content/BSM-Project/data/raw/BSM/Sillimanite/49.jpg,Sillimanite,GRP_0291,train,IMG_0291_r30_f0,30,False,/content/BSM-Project/data/augmented/train/Sillimanite/49__r30_f0.jpg
IMG_0291,/content/BSM-Project/data/raw/BSM/Sillimanite/49.jpg,Sillimanite,GRP_0291,train,IMG_0291_r30_f1,30,True,/content/BSM-Project/data/augmented/train/Sillimanite/49__r30_f1.jpg
IMG_0291,/content/BSM-Project/data/raw/BSM/Sillimanite/49.jpg,Sillimanite,GRP_0291,train,IMG_0291_r45_f0,45,False,/content/BSM-Project/data/augmented/train/Sillimanite/49__r45_f0.jpg
IMG_0291,/content/BSM-Project/data/raw/BSM/Sillimanite/49.jpg,Sillimanite,GRP_0291,train,IMG_0291_r45_f1,45,True,/content/BSM-Project/data/augmented/train/Sillimanite/49__r45_f1.jpg
IMG_0291,/content/BSM-Project/data/raw/BSM/Sillimanite/49.jpg,Sillimanite,GRP_0291,train,IMG_0291_r90_f0,90,False,/content/BSM-Project/data/augmented/train/Sillimanite/49__r90_f0.jpg
IMG_0291,/content/BSM-Project/data/raw/BSM/Sillimanite/49.jpg,Sillimanite,GRP_0291,train,IMG_0291_r90_f1,90,True,/content/BSM-Project/data/augmented/train/Sillimanite/49__r90_f1.jpg
IMG_0291,/content/BSM-Project/data/raw/BSM/Sillimanite/49.jpg,Sillimanite,GRP_0291,train,IMG_0291_r180_f0,180,False,/content/BSM-Project/data/augmented/train/Sillimanite/49__r180_f0.jpg
IMG_0291,/content/BSM-Project/data/raw/BSM/Sillimanite/49.jpg,Sillimanite,GRP_0291,train,IMG_0291_r180_f1,180,True,/content/BSM-Project/data/augmented/train/Sillimanite/49__r180_f1.jpg
IMG_0291,/content/BSM-Project/data/raw/BSM/Sillimanite/49.jpg,Sillimanite,GRP_0291,train,IMG_0291_r270_f0,270,False,/content/BSM-Project/data/augmented/train/Sillimanite/49__r270_f0.jpg
IMG_0291,/content/BSM-Project/data/raw/BSM/Sillimanite/49.jpg,Sillimanite,GRP_0291,train,IMG_0291_r270_f1,270,True,/content/BSM-Project/data/augmented/train/Sillimanite/49__r270_f1.jpg
IMG_0292,/content/BSM-Project/data/raw/BSM/Sillimanite/5.jpg,Sillimanite,GRP_0292,train,IMG_0292_r0_f0,0,False,/content/BSM-Project/data/augmented/train/Sillimanite/5__r0_f0.jpg
IMG_0292,/content/BSM-Project/data/raw/BSM/Sillimanite/5.jpg,Sillimanite,GRP_0292,train,IMG_0292_r0_f1,0,True,/content/BSM-Project/data/augmented/train/Sillimanite/5__r0_f1.jpg
IMG_0292,/content/BSM-Project/data/raw/BSM/Sillimanite/5.jpg,Sillimanite,GRP_0292,train,IMG_0292_r30_f0,30,False,/content/BSM-Project/data/augmented/train/Sillimanite/5__r30_f0.jpg
IMG_0292,/content/BSM-Project/data/raw/BSM/Sillimanite/5.jpg,Sillimanite,GRP_0292,train,IMG_0292_r30_f1,30,True,/content/BSM-Project/data/augmented/train/Sillimanite/5__r30_f1.jpg
IMG_0292,/content/BSM-Project/data/raw/BSM/Sillimanite/5.jpg,Sillimanite,GRP_0292,train,IMG_0292_r45_f0,45,False,/content/BSM-Project/data/augmented/train/Sillimanite/5__r45_f0.jpg
IMG_0292,/content/BSM-Project/data/raw/BSM/Sillimanite/5.jpg,Sillimanite,GRP_0292,train,IMG_0292_r45_f1,45,True,/content/BSM-Project/data/augmented/train/Sillimanite/5__r45_f1.jpg
IMG_0292,/content/BSM-Project/data/raw/BSM/Sillimanite/5.jpg,Sillimanite,GRP_0292,train,IMG_0292_r90_f0,90,False,/content/BSM-Project/data/augmented/train/Sillimanite/5__r90_f0.jpg
IMG_0292,/content/BSM-Project/data/raw/BSM/Sillimanite/5.jpg,Sillimanite,GRP_0292,train,IMG_0292_r90_f1,90,True,/content/BSM-Project/data/augmented/train/Sillimanite/5__r90_f1.jpg
IMG_0292,/content/BSM-Project/data/raw/BSM/Sillimanite/5.jpg,Sillimanite,GRP_0292,train,IMG_0292_r180_f0,180,False,/content/BSM-Project/data/augmented/train/Sillimanite/5__r180_f0.jpg
IMG_0292,/content/BSM-Project/data/raw/BSM/Sillimanite/5.jpg,Sillimanite,GRP_0292,train,IMG_0292_r180_f1,180,True,/content/BSM-Project/data/augmented/train/Sillimanite/5__r180_f1.jpg
IMG_0292,/content/BSM-Project/data/raw/BSM/Sillimanite/5.jpg,Sillimanite,GRP_0292,train,IMG_0292_r270_f0,270,False,/content/BSM-Project/data/augmented/train/Sillimanite/5__r270_f0.jpg
IMG_0292,/content/BSM-Project/data/raw/BSM/Sillimanite/5.jpg,Sillimanite,GRP_0292,train,IMG_0292_r270_f1,270,True,/content/BSM-Project/data/augmented/train/Sillimanite/5__r270_f1.jpg
IMG_0293,/content/BSM-Project/data/raw/BSM/Sillimanite/50.jpg,Sillimanite,GRP_0293,train,IMG_0293_r0_f0,0,False,/content/BSM-Project/data/augmented/train/Sillimanite/50__r0_f0.jpg
IMG_0293,/content/BSM-Project/data/raw/BSM/Sillimanite/50.jpg,Sillimanite,GRP_0293,train,IMG_0293_r0_f1,0,True,/content/BSM-Project/data/augmented/train/Sillimanite/50__r0_f1.jpg
IMG_0293,/content/BSM-Project/data/raw/BSM/Sillimanite/50.jpg,Sillimanite,GRP_0293,train,IMG_0293_r30_f0,30,False,/content/BSM-Project/data/augmented/train/Sillimanite/50__r30_f0.jpg
IMG_0293,/content/BSM-Project/data/raw/BSM/Sillimanite/50.jpg,Sillimanite,GRP_0293,train,IMG_0293_r30_f1,30,True,/content/BSM-Project/data/augmented/train/Sillimanite/50__r30_f1.jpg
IMG_0293,/content/BSM-Project/data/raw/BSM/Sillimanite/50.jpg,Sillimanite,GRP_0293,train,IMG_0293_r45_f0,45,False,/content/BSM-Project/data/augmented/train/Sillimanite/50__r45_f0.jpg
IMG_0293,/content/BSM-Project/data/raw/BSM/Sillimanite/50.jpg,Sillimanite,GRP_0293,train,IMG_0293_r45_f1,45,True,/content/BSM-Project/data/augmented/train/Sillimanite/50__r45_f1.jpg
IMG_0293,/content/BSM-Project/data/raw/BSM/Sillimanite/50.jpg,Sillimanite,GRP_0293,train,IMG_0293_r90_f0,90,False,/content/BSM-Project/data/augmented/train/Sillimanite/50__r90_f0.jpg
IMG_0293,/content/BSM-Project/data/raw/BSM/Sillimanite/50.jpg,Sillimanite,GRP_0293,train,IMG_0293_r90_f1,90,True,/content/BSM-Project/data/augmented/train/Sillimanite/50__r90_f1.jpg
IMG_0293,/content/BSM-Project/data/raw/BSM/Sillimanite/50.jpg,Sillimanite,GRP_0293,train,IMG_0293_r180_f0,180,False,/content/BSM-Project/data/augmented/train/Sillimanite/50__r180_f0.jpg
IMG_0293,/content/BSM-Project/data/raw/BSM/Sillimanite/50.jpg,Sillimanite,GRP_0293,train,IMG_0293_r180_f1,180,True,/content/BSM-Project/data/augmented/train/Sillimanite/50__r180_f1.jpg
IMG_0293,/content/BSM-Project/data/raw/BSM/Sillimanite/50.jpg,Sillimanite,GRP_0293,train,IMG_0293_r270_f0,270,False,/content/BSM-Project/data/augmented/train/Sillimanite/50__r270_f0.jpg
IMG_0293,/content/BSM-Project/data/raw/BSM/Sillimanite/50.jpg,Sillimanite,GRP_0293,train,IMG_0293_r270_f1,270,True,/content/BSM-Project/data/augmented/train/Sillimanite/50__r270_f1.jpg
IMG_0294,/content/BSM-Project/data/raw/BSM/Sillimanite/51.jpg,Sillimanite,GRP_0294,train,IMG_0294_r0_f0,0,False,/content/BSM-Project/data/augmented/train/Sillimanite/51__r0_f0.jpg
IMG_0294,/content/BSM-Project/data/raw/BSM/Sillimanite/51.jpg,Sillimanite,GRP_0294,train,IMG_0294_r0_f1,0,True,/content/BSM-Project/data/augmented/train/Sillimanite/51__r0_f1.jpg
IMG_0294,/content/BSM-Project/data/raw/BSM/Sillimanite/51.jpg,Sillimanite,GRP_0294,train,IMG_0294_r30_f0,30,False,/content/BSM-Project/data/augmented/train/Sillimanite/51__r30_f0.jpg
IMG_0294,/content/BSM-Project/data/raw/BSM/Sillimanite/51.jpg,Sillimanite,GRP_0294,train,IMG_0294_r30_f1,30,True,/content/BSM-Project/data/augmented/train/Sillimanite/51__r30_f1.jpg
IMG_0294,/content/BSM-Project/data/raw/BSM/Sillimanite/51.jpg,Sillimanite,GRP_0294,train,IMG_0294_r45_f0,45,False,/content/BSM-Project/data/augmented/train/Sillimanite/51__r45_f0.jpg
IMG_0294,/content/BSM-Project/data/raw/BSM/Sillimanite/51.jpg,Sillimanite,GRP_0294,train,IMG_0294_r45_f1,45,True,/content/BSM-Project/data/augmented/train/Sillimanite/51__r45_f1.jpg
IMG_0294,/content/BSM-Project/data/raw/BSM/Sillimanite/51.jpg,Sillimanite,GRP_0294,train,IMG_0294_r90_f0,90,False,/content/BSM-Project/data/augmented/train/Sillimanite/51__r90_f0.jpg
IMG_0294,/content/BSM-Project/data/raw/BSM/Sillimanite/51.jpg,Sillimanite,GRP_0294,train,IMG_0294_r90_f1,90,True,/content/BSM-Project/data/augmented/train/Sillimanite/51__r90_f1.jpg
IMG_0294,/content/BSM-Project/data/raw/BSM/Sillimanite/51.jpg,Sillimanite,GRP_0294,train,IMG_0294_r180_f0,180,False,/content/BSM-Project/data/augmented/train/Sillimanite/51__r180_f0.jpg
IMG_0294,/content/BSM-Project/data/raw/BSM/Sillimanite/51.jpg,Sillimanite,GRP_0294,train,IMG_0294_r180_f1,180,True,/content/BSM-Project/data/augmented/train/Sillimanite/51__r180_f1.jpg
IMG_0294,/content/BSM-Project/data/raw/BSM/Sillimanite/51.jpg,Sillimanite,GRP_0294,train,IMG_0294_r270_f0,270,False,/content/BSM-Project/data/augmented/train/Sillimanite/51__r270_f0.jpg
IMG_0294,/content/BSM-Project/data/raw/BSM/Sillimanite/51.jpg,Sillimanite,GRP_0294,train,IMG_0294_r270_f1,270,True,/content/BSM-Project/data/augmented/train/Sillimanite/51__r270_f1.jpg
IMG_0295,/content/BSM-Project/data/raw/BSM/Sillimanite/52.jpg,Sillimanite,GRP_0295,train,IMG_0295_r0_f0,0,False,/content/BSM-Project/data/augmented/train/Sillimanite/52__r0_f0.jpg
IMG_0295,/content/BSM-Project/data/raw/BSM/Sillimanite/52.jpg,Sillimanite,GRP_0295,train,IMG_0295_r0_f1,0,True,/content/BSM-Project/data/augmented/train/Sillimanite/52__r0_f1.jpg
IMG_0295,/content/BSM-Project/data/raw/BSM/Sillimanite/52.jpg,Sillimanite,GRP_0295,train,IMG_0295_r30_f0,30,False,/content/BSM-Project/data/augmented/train/Sillimanite/52__r30_f0.jpg
IMG_0295,/content/BSM-Project/data/raw/BSM/Sillimanite/52.jpg,Sillimanite,GRP_0295,train,IMG_0295_r30_f1,30,True,/content/BSM-Project/data/augmented/train/Sillimanite/52__r30_f1.jpg
IMG_0295,/content/BSM-Project/data/raw/BSM/Sillimanite/52.jpg,Sillimanite,GRP_0295,train,IMG_0295_r45_f0,45,False,/content/BSM-Project/data/augmented/train/Sillimanite/52__r45_f0.jpg
IMG_0295,/content/BSM-Project/data/raw/BSM/Sillimanite/52.jpg,Sillimanite,GRP_0295,train,IMG_0295_r45_f1,45,True,/content/BSM-Project/data/augmented/train/Sillimanite/52__r45_f1.jpg
IMG_0295,/content/BSM-Project/data/raw/BSM/Sillimanite/52.jpg,Sillimanite,GRP_0295,train,IMG_0295_r90_f0,90,False,/content/BSM-Project/data/augmented/train/Sillimanite/52__r90_f0.jpg
IMG_0295,/content/BSM-Project/data/raw/BSM/Sillimanite/52.jpg,Sillimanite,GRP_0295,train,IMG_0295_r90_f1,90,True,/content/BSM-Project/data/augmented/train/Sillimanite/52__r90_f1.jpg
IMG_0295,/content/BSM-Project/data/raw/BSM/Sillimanite/52.jpg,Sillimanite,GRP_0295,train,IMG_0295_r180_f0,180,False,/content/BSM-Project/data/augmented/train/Sillimanite/52__r180_f0.jpg
IMG_0295,/content/BSM-Project/data/raw/BSM/Sillimanite/52.jpg,Sillimanite,GRP_0295,train,IMG_0295_r180_f1,180,True,/content/BSM-Project/data/augmented/train/Sillimanite/52__r180_f1.jpg
IMG_0295,/content/BSM-Project/data/raw/BSM/Sillimanite/52.jpg,Sillimanite,GRP_0295,train,IMG_0295_r270_f0,270,False,/content/BSM-Project/data/augmented/train/Sillimanite/52__r270_f0.jpg
IMG_0295,/content/BSM-Project/data/raw/BSM/Sillimanite/52.jpg,Sillimanite,GRP_0295,train,IMG_0295_r270_f1,270,True,/content/BSM-Project/data/augmented/train/Sillimanite/52__r270_f1.jpg
IMG_0298,/content/BSM-Project/data/raw/BSM/Sillimanite/55.jpg,Sillimanite,GRP_0298,train,IMG_0298_r0_f0,0,False,/content/BSM-Project/data/augmented/train/Sillimanite/55__r0_f0.jpg
IMG_0298,/content/BSM-Project/data/raw/BSM/Sillimanite/55.jpg,Sillimanite,GRP_0298,train,IMG_0298_r0_f1,0,True,/content/BSM-Project/data/augmented/train/Sillimanite/55__r0_f1.jpg
IMG_0298,/content/BSM-Project/data/raw/BSM/Sillimanite/55.jpg,Sillimanite,GRP_0298,train,IMG_0298_r30_f0,30,False,/content/BSM-Project/data/augmented/train/Sillimanite/55__r30_f0.jpg
IMG_0298,/content/BSM-Project/data/raw/BSM/Sillimanite/55.jpg,Sillimanite,GRP_0298,train,IMG_0298_r30_f1,30,True,/content/BSM-Project/data/augmented/train/Sillimanite/55__r30_f1.jpg
IMG_0298,/content/BSM-Project/data/raw/BSM/Sillimanite/55.jpg,Sillimanite,GRP_0298,train,IMG_0298_r45_f0,45,False,/content/BSM-Project/data/augmented/train/Sillimanite/55__r45_f0.jpg
IMG_0298,/content/BSM-Project/data/raw/BSM/Sillimanite/55.jpg,Sillimanite,GRP_0298,train,IMG_0298_r45_f1,45,True,/content/BSM-Project/data/augmented/train/Sillimanite/55__r45_f1.jpg
IMG_0298,/content/BSM-Project/data/raw/BSM/Sillimanite/55.jpg,Sillimanite,GRP_0298,train,IMG_0298_r90_f0,90,False,/content/BSM-Project/data/augmented/train/Sillimanite/55__r90_f0.jpg
IMG_0298,/content/BSM-Project/data/raw/BSM/Sillimanite/55.jpg,Sillimanite,GRP_0298,train,IMG_0298_r90_f1,90,True,/content/BSM-Project/data/augmented/train/Sillimanite/55__r90_f1.jpg
IMG_0298,/content/BSM-Project/data/raw/BSM/Sillimanite/55.jpg,Sillimanite,GRP_0298,train,IMG_0298_r180_f0,180,False,/content/BSM-Project/data/augmented/train/Sillimanite/55__r180_f0.jpg
IMG_0298,/content/BSM-Project/data/raw/BSM/Sillimanite/55.jpg,Sillimanite,GRP_0298,train,IMG_0298_r180_f1,180,True,/content/BSM-Project/data/augmented/train/Sillimanite/55__r180_f1.jpg
IMG_0298,/content/BSM-Project/data/raw/BSM/Sillimanite/55.jpg,Sillimanite,GRP_0298,train,IMG_0298_r270_f0,270,False,/content/BSM-Project/data/augmented/train/Sillimanite/55__r270_f0.jpg
IMG_0298,/content/BSM-Project/data/raw/BSM/Sillimanite/55.jpg,Sillimanite,GRP_0298,train,IMG_0298_r270_f1,270,True,/content/BSM-Project/data/augmented/train/Sillimanite/55__r270_f1.jpg
IMG_0299,/content/BSM-Project/data/raw/BSM/Sillimanite/56.jpg,Sillimanite,GRP_0299,train,IMG_0299_r0_f0,0,False,/content/BSM-Project/data/augmented/train/Sillimanite/56__r0_f0.jpg
IMG_0299,/content/BSM-Project/data/raw/BSM/Sillimanite/56.jpg,Sillimanite,GRP_0299,train,IMG_0299_r0_f1,0,True,/content/BSM-Project/data/augmented/train/Sillimanite/56__r0_f1.jpg
IMG_0299,/content/BSM-Project/data/raw/BSM/Sillimanite/56.jpg,Sillimanite,GRP_0299,train,IMG_0299_r30_f0,30,False,/content/BSM-Project/data/augmented/train/Sillimanite/56__r30_f0.jpg
IMG_0299,/content/BSM-Project/data/raw/BSM/Sillimanite/56.jpg,Sillimanite,GRP_0299,train,IMG_0299_r30_f1,30,True,/content/BSM-Project/data/augmented/train/Sillimanite/56__r30_f1.jpg
IMG_0299,/content/BSM-Project/data/raw/BSM/Sillimanite/56.jpg,Sillimanite,GRP_0299,train,IMG_0299_r45_f0,45,False,/content/BSM-Project/data/augmented/train/Sillimanite/56__r45_f0.jpg
IMG_0299,/content/BSM-Project/data/raw/BSM/Sillimanite/56.jpg,Sillimanite,GRP_0299,train,IMG_0299_r45_f1,45,True,/content/BSM-Project/data/augmented/train/Sillimanite/56__r45_f1.jpg
IMG_0299,/content/BSM-Project/data/raw/BSM/Sillimanite/56.jpg,Sillimanite,GRP_0299,train,IMG_0299_r90_f0,90,False,/content/BSM-Project/data/augmented/train/Sillimanite/56__r90_f0.jpg
IMG_0299,/content/BSM-Project/data/raw/BSM/Sillimanite/56.jpg,Sillimanite,GRP_0299,train,IMG_0299_r90_f1,90,True,/content/BSM-Project/data/augmented/train/Sillimanite/56__r90_f1.jpg
IMG_0299,/content/BSM-Project/data/raw/BSM/Sillimanite/56.jpg,Sillimanite,GRP_0299,train,IMG_0299_r180_f0,180,False,/content/BSM-Project/data/augmented/train/Sillimanite/56__r180_f0.jpg
IMG_0299,/content/BSM-Project/data/raw/BSM/Sillimanite/56.jpg,Sillimanite,GRP_0299,train,IMG_0299_r180_f1,180,True,/content/BSM-Project/data/augmented/train/Sillimanite/56__r180_f1.jpg
IMG_0299,/content/BSM-Project/data/raw/BSM/Sillimanite/56.jpg,Sillimanite,GRP_0299,train,IMG_0299_r270_f0,270,False,/content/BSM-Project/data/augmented/train/Sillimanite/56__r270_f0.jpg
IMG_0299,/content/BSM-Project/data/raw/BSM/Sillimanite/56.jpg,Sillimanite,GRP_0299,train,IMG_0299_r270_f1,270,True,/content/BSM-Project/data/augmented/train/Sillimanite/56__r270_f1.jpg
IMG_0301,/content/BSM-Project/data/raw/BSM/Sillimanite/58.jpg,Sillimanite,GRP_0301,train,IMG_0301_r0_f0,0,False,/content/BSM-Project/data/augmented/train/Sillimanite/58__r0_f0.jpg
IMG_0301,/content/BSM-Project/data/raw/BSM/Sillimanite/58.jpg,Sillimanite,GRP_0301,train,IMG_0301_r0_f1,0,True,/content/BSM-Project/data/augmented/train/Sillimanite/58__r0_f1.jpg
IMG_0301,/content/BSM-Project/data/raw/BSM/Sillimanite/58.jpg,Sillimanite,GRP_0301,train,IMG_0301_r30_f0,30,False,/content/BSM-Project/data/augmented/train/Sillimanite/58__r30_f0.jpg
IMG_0301,/content/BSM-Project/data/raw/BSM/Sillimanite/58.jpg,Sillimanite,GRP_0301,train,IMG_0301_r30_f1,30,True,/content/BSM-Project/data/augmented/train/Sillimanite/58__r30_f1.jpg
IMG_0301,/content/BSM-Project/data/raw/BSM/Sillimanite/58.jpg,Sillimanite,GRP_0301,train,IMG_0301_r45_f0,45,False,/content/BSM-Project/data/augmented/train/Sillimanite/58__r45_f0.jpg
IMG_0301,/content/BSM-Project/data/raw/BSM/Sillimanite/58.jpg,Sillimanite,GRP_0301,train,IMG_0301_r45_f1,45,True,/content/BSM-Project/data/augmented/train/Sillimanite/58__r45_f1.jpg
IMG_0301,/content/BSM-Project/data/raw/BSM/Sillimanite/58.jpg,Sillimanite,GRP_0301,train,IMG_0301_r90_f0,90,False,/content/BSM-Project/data/augmented/train/Sillimanite/58__r90_f0.jpg
IMG_0301,/content/BSM-Project/data/raw/BSM/Sillimanite/58.jpg,Sillimanite,GRP_0301,train,IMG_0301_r90_f1,90,True,/content/BSM-Project/data/augmented/train/Sillimanite/58__r90_f1.jpg
IMG_0301,/content/BSM-Project/data/raw/BSM/Sillimanite/58.jpg,Sillimanite,GRP_0301,train,IMG_0301_r180_f0,180,False,/content/BSM-Project/data/augmented/train/Sillimanite/58__r180_f0.jpg
IMG_0301,/content/BSM-Project/data/raw/BSM/Sillimanite/58.jpg,Sillimanite,GRP_0301,train,IMG_0301_r180_f1,180,True,/content/BSM-Project/data/augmented/train/Sillimanite/58__r180_f1.jpg
IMG_0301,/content/BSM-Project/data/raw/BSM/Sillimanite/58.jpg,Sillimanite,GRP_0301,train,IMG_0301_r270_f0,270,False,/content/BSM-Project/data/augmented/train/Sillimanite/58__r270_f0.jpg
IMG_0301,/content/BSM-Project/data/raw/BSM/Sillimanite/58.jpg,Sillimanite,GRP_0301,train,IMG_0301_r270_f1,270,True,/content/BSM-Project/data/augmented/train/Sillimanite/58__r270_f1.jpg
IMG_0302,/content/BSM-Project/data/raw/BSM/Sillimanite/59.jpg,Sillimanite,GRP_0302,train,IMG_0302_r0_f0,0,False,/content/BSM-Project/data/augmented/train/Sillimanite/59__r0_f0.jpg
IMG_0302,/content/BSM-Project/data/raw/BSM/Sillimanite/59.jpg,Sillimanite,GRP_0302,train,IMG_0302_r0_f1,0,True,/content/BSM-Project/data/augmented/train/Sillimanite/59__r0_f1.jpg
IMG_0302,/content/BSM-Project/data/raw/BSM/Sillimanite/59.jpg,Sillimanite,GRP_0302,train,IMG_0302_r30_f0,30,False,/content/BSM-Project/data/augmented/train/Sillimanite/59__r30_f0.jpg
IMG_0302,/content/BSM-Project/data/raw/BSM/Sillimanite/59.jpg,Sillimanite,GRP_0302,train,IMG_0302_r30_f1,30,True,/content/BSM-Project/data/augmented/train/Sillimanite/59__r30_f1.jpg
IMG_0302,/content/BSM-Project/data/raw/BSM/Sillimanite/59.jpg,Sillimanite,GRP_0302,train,IMG_0302_r45_f0,45,False,/content/BSM-Project/data/augmented/train/Sillimanite/59__r45_f0.jpg
IMG_0302,/content/BSM-Project/data/raw/BSM/Sillimanite/59.jpg,Sillimanite,GRP_0302,train,IMG_0302_r45_f1,45,True,/content/BSM-Project/data/augmented/train/Sillimanite/59__r45_f1.jpg
IMG_0302,/content/BSM-Project/data/raw/BSM/Sillimanite/59.jpg,Sillimanite,GRP_0302,train,IMG_0302_r90_f0,90,False,/content/BSM-Project/data/augmented/train/Sillimanite/59__r90_f0.jpg
IMG_0302,/content/BSM-Project/data/raw/BSM/Sillimanite/59.jpg,Sillimanite,GRP_0302,train,IMG_0302_r90_f1,90,True,/content/BSM-Project/data/augmented/train/Sillimanite/59__r90_f1.jpg
IMG_0302,/content/BSM-Project/data/raw/BSM/Sillimanite/59.jpg,Sillimanite,GRP_0302,train,IMG_0302_r180_f0,180,False,/content/BSM-Project/data/augmented/train/Sillimanite/59__r180_f0.jpg
IMG_0302,/content/BSM-Project/data/raw/BSM/Sillimanite/59.jpg,Sillimanite,GRP_0302,train,IMG_0302_r180_f1,180,True,/content/BSM-Project/data/augmented/train/Sillimanite/59__r180_f1.jpg
IMG_0302,/content/BSM-Project/data/raw/BSM/Sillimanite/59.jpg,Sillimanite,GRP_0302,train,IMG_0302_r270_f0,270,False,/content/BSM-Project/data/augmented/train/Sillimanite/59__r270_f0.jpg
IMG_0302,/content/BSM-Project/data/raw/BSM/Sillimanite/59.jpg,Sillimanite,GRP_0302,train,IMG_0302_r270_f1,270,True,/content/BSM-Project/data/augmented/train/Sillimanite/59__r270_f1.jpg
IMG_0303,/content/BSM-Project/data/raw/BSM/Sillimanite/6.jpg,Sillimanite,GRP_0303,train,IMG_0303_r0_f0,0,False,/content/BSM-Project/data/augmented/train/Sillimanite/6__r0_f0.jpg
IMG_0303,/content/BSM-Project/data/raw/BSM/Sillimanite/6.jpg,Sillimanite,GRP_0303,train,IMG_0303_r0_f1,0,True,/content/BSM-Project/data/augmented/train/Sillimanite/6__r0_f1.jpg
IMG_0303,/content/BSM-Project/data/raw/BSM/Sillimanite/6.jpg,Sillimanite,GRP_0303,train,IMG_0303_r30_f0,30,False,/content/BSM-Project/data/augmented/train/Sillimanite/6__r30_f0.jpg
IMG_0303,/content/BSM-Project/data/raw/BSM/Sillimanite/6.jpg,Sillimanite,GRP_0303,train,IMG_0303_r30_f1,30,True,/content/BSM-Project/data/augmented/train/Sillimanite/6__r30_f1.jpg
IMG_0303,/content/BSM-Project/data/raw/BSM/Sillimanite/6.jpg,Sillimanite,GRP_0303,train,IMG_0303_r45_f0,45,False,/content/BSM-Project/data/augmented/train/Sillimanite/6__r45_f0.jpg
IMG_0303,/content/BSM-Project/data/raw/BSM/Sillimanite/6.jpg,Sillimanite,GRP_0303,train,IMG_0303_r45_f1,45,True,/content/BSM-Project/data/augmented/train/Sillimanite/6__r45_f1.jpg
IMG_0303,/content/BSM-Project/data/raw/BSM/Sillimanite/6.jpg,Sillimanite,GRP_0303,train,IMG_0303_r90_f0,90,False,/content/BSM-Project/data/augmented/train/Sillimanite/6__r90_f0.jpg
IMG_0303,/content/BSM-Project/data/raw/BSM/Sillimanite/6.jpg,Sillimanite,GRP_0303,train,IMG_0303_r90_f1,90,True,/content/BSM-Project/data/augmented/train/Sillimanite/6__r90_f1.jpg
IMG_0303,/content/BSM-Project/data/raw/BSM/Sillimanite/6.jpg,Sillimanite,GRP_0303,train,IMG_0303_r180_f0,180,False,/content/BSM-Project/data/augmented/train/Sillimanite/6__r180_f0.jpg
IMG_0303,/content/BSM-Project/data/raw/BSM/Sillimanite/6.jpg,Sillimanite,GRP_0303,train,IMG_0303_r180_f1,180,True,/content/BSM-Project/data/augmented/train/Sillimanite/6__r180_f1.jpg
IMG_0303,/content/BSM-Project/data/raw/BSM/Sillimanite/6.jpg,Sillimanite,GRP_0303,train,IMG_0303_r270_f0,270,False,/content/BSM-Project/data/augmented/train/Sillimanite/6__r270_f0.jpg
IMG_0303,/content/BSM-Project/data/raw/BSM/Sillimanite/6.jpg,Sillimanite,GRP_0303,train,IMG_0303_r270_f1,270,True,/content/BSM-Project/data/augmented/train/Sillimanite/6__r270_f1.jpg
IMG_0304,/content/BSM-Project/data/raw/BSM/Sillimanite/60.jpg,Sillimanite,GRP_0304,train,IMG_0304_r0_f0,0,False,/content/BSM-Project/data/augmented/train/Sillimanite/60__r0_f0.jpg
IMG_0304,/content/BSM-Project/data/raw/BSM/Sillimanite/60.jpg,Sillimanite,GRP_0304,train,IMG_0304_r0_f1,0,True,/content/BSM-Project/data/augmented/train/Sillimanite/60__r0_f1.jpg
IMG_0304,/content/BSM-Project/data/raw/BSM/Sillimanite/60.jpg,Sillimanite,GRP_0304,train,IMG_0304_r30_f0,30,False,/content/BSM-Project/data/augmented/train/Sillimanite/60__r30_f0.jpg
IMG_0304,/content/BSM-Project/data/raw/BSM/Sillimanite/60.jpg,Sillimanite,GRP_0304,train,IMG_0304_r30_f1,30,True,/content/BSM-Project/data/augmented/train/Sillimanite/60__r30_f1.jpg
IMG_0304,/content/BSM-Project/data/raw/BSM/Sillimanite/60.jpg,Sillimanite,GRP_0304,train,IMG_0304_r45_f0,45,False,/content/BSM-Project/data/augmented/train/Sillimanite/60__r45_f0.jpg
IMG_0304,/content/BSM-Project/data/raw/BSM/Sillimanite/60.jpg,Sillimanite,GRP_0304,train,IMG_0304_r45_f1,45,True,/content/BSM-Project/data/augmented/train/Sillimanite/60__r45_f1.jpg
IMG_0304,/content/BSM-Project/data/raw/BSM/Sillimanite/60.jpg,Sillimanite,GRP_0304,train,IMG_0304_r90_f0,90,False,/content/BSM-Project/data/augmented/train/Sillimanite/60__r90_f0.jpg
IMG_0304,/content/BSM-Project/data/raw/BSM/Sillimanite/60.jpg,Sillimanite,GRP_0304,train,IMG_0304_r90_f1,90,True,/content/BSM-Project/data/augmented/train/Sillimanite/60__r90_f1.jpg
IMG_0304,/content/BSM-Project/data/raw/BSM/Sillimanite/60.jpg,Sillimanite,GRP_0304,train,IMG_0304_r180_f0,180,False,/content/BSM-Project/data/augmented/train/Sillimanite/60__r180_f0.jpg
IMG_0304,/content/BSM-Project/data/raw/BSM/Sillimanite/60.jpg,Sillimanite,GRP_0304,train,IMG_0304_r180_f1,180,True,/content/BSM-Project/data/augmented/train/Sillimanite/60__r180_f1.jpg
IMG_0304,/content/BSM-Project/data/raw/BSM/Sillimanite/60.jpg,Sillimanite,GRP_0304,train,IMG_0304_r270_f0,270,False,/content/BSM-Project/data/augmented/train/Sillimanite/60__r270_f0.jpg
IMG_0304,/content/BSM-Project/data/raw/BSM/Sillimanite/60.jpg,Sillimanite,GRP_0304,train,IMG_0304_r270_f1,270,True,/content/BSM-Project/data/augmented/train/Sillimanite/60__r270_f1.jpg
IMG_0305,/content/BSM-Project/data/raw/BSM/Sillimanite/7.jpg,Sillimanite,GRP_0305,train,IMG_0305_r0_f0,0,False,/content/BSM-Project/data/augmented/train/Sillimanite/7__r0_f0.jpg
IMG_0305,/content/BSM-Project/data/raw/BSM/Sillimanite/7.jpg,Sillimanite,GRP_0305,train,IMG_0305_r0_f1,0,True,/content/BSM-Project/data/augmented/train/Sillimanite/7__r0_f1.jpg
IMG_0305,/content/BSM-Project/data/raw/BSM/Sillimanite/7.jpg,Sillimanite,GRP_0305,train,IMG_0305_r30_f0,30,False,/content/BSM-Project/data/augmented/train/Sillimanite/7__r30_f0.jpg
IMG_0305,/content/BSM-Project/data/raw/BSM/Sillimanite/7.jpg,Sillimanite,GRP_0305,train,IMG_0305_r30_f1,30,True,/content/BSM-Project/data/augmented/train/Sillimanite/7__r30_f1.jpg
IMG_0305,/content/BSM-Project/data/raw/BSM/Sillimanite/7.jpg,Sillimanite,GRP_0305,train,IMG_0305_r45_f0,45,False,/content/BSM-Project/data/augmented/train/Sillimanite/7__r45_f0.jpg
IMG_0305,/content/BSM-Project/data/raw/BSM/Sillimanite/7.jpg,Sillimanite,GRP_0305,train,IMG_0305_r45_f1,45,True,/content/BSM-Project/data/augmented/train/Sillimanite/7__r45_f1.jpg
IMG_0305,/content/BSM-Project/data/raw/BSM/Sillimanite/7.jpg,Sillimanite,GRP_0305,train,IMG_0305_r90_f0,90,False,/content/BSM-Project/data/augmented/train/Sillimanite/7__r90_f0.jpg
IMG_0305,/content/BSM-Project/data/raw/BSM/Sillimanite/7.jpg,Sillimanite,GRP_0305,train,IMG_0305_r90_f1,90,True,/content/BSM-Project/data/augmented/train/Sillimanite/7__r90_f1.jpg
IMG_0305,/content/BSM-Project/data/raw/BSM/Sillimanite/7.jpg,Sillimanite,GRP_0305,train,IMG_0305_r180_f0,180,False,/content/BSM-Project/data/augmented/train/Sillimanite/7__r180_f0.jpg
IMG_0305,/content/BSM-Project/data/raw/BSM/Sillimanite/7.jpg,Sillimanite,GRP_0305,train,IMG_0305_r180_f1,180,True,/content/BSM-Project/data/augmented/train/Sillimanite/7__r180_f1.jpg
IMG_0305,/content/BSM-Project/data/raw/BSM/Sillimanite/7.jpg,Sillimanite,GRP_0305,train,IMG_0305_r270_f0,270,False,/content/BSM-Project/data/augmented/train/Sillimanite/7__r270_f0.jpg
IMG_0305,/content/BSM-Project/data/raw/BSM/Sillimanite/7.jpg,Sillimanite,GRP_0305,train,IMG_0305_r270_f1,270,True,/content/BSM-Project/data/augmented/train/Sillimanite/7__r270_f1.jpg
IMG_0306,/content/BSM-Project/data/raw/BSM/Sillimanite/8.jpg,Sillimanite,GRP_0306,train,IMG_0306_r0_f0,0,False,/content/BSM-Project/data/augmented/train/Sillimanite/8__r0_f0.jpg
IMG_0306,/content/BSM-Project/data/raw/BSM/Sillimanite/8.jpg,Sillimanite,GRP_0306,train,IMG_0306_r0_f1,0,True,/content/BSM-Project/data/augmented/train/Sillimanite/8__r0_f1.jpg
IMG_0306,/content/BSM-Project/data/raw/BSM/Sillimanite/8.jpg,Sillimanite,GRP_0306,train,IMG_0306_r30_f0,30,False,/content/BSM-Project/data/augmented/train/Sillimanite/8__r30_f0.jpg
IMG_0306,/content/BSM-Project/data/raw/BSM/Sillimanite/8.jpg,Sillimanite,GRP_0306,train,IMG_0306_r30_f1,30,True,/content/BSM-Project/data/augmented/train/Sillimanite/8__r30_f1.jpg
IMG_0306,/content/BSM-Project/data/raw/BSM/Sillimanite/8.jpg,Sillimanite,GRP_0306,train,IMG_0306_r45_f0,45,False,/content/BSM-Project/data/augmented/train/Sillimanite/8__r45_f0.jpg
IMG_0306,/content/BSM-Project/data/raw/BSM/Sillimanite/8.jpg,Sillimanite,GRP_0306,train,IMG_0306_r45_f1,45,True,/content/BSM-Project/data/augmented/train/Sillimanite/8__r45_f1.jpg
IMG_0306,/content/BSM-Project/data/raw/BSM/Sillimanite/8.jpg,Sillimanite,GRP_0306,train,IMG_0306_r90_f0,90,False,/content/BSM-Project/data/augmented/train/Sillimanite/8__r90_f0.jpg
IMG_0306,/content/BSM-Project/data/raw/BSM/Sillimanite/8.jpg,Sillimanite,GRP_0306,train,IMG_0306_r90_f1,90,True,/content/BSM-Project/data/augmented/train/Sillimanite/8__r90_f1.jpg
IMG_0306,/content/BSM-Project/data/raw/BSM/Sillimanite/8.jpg,Sillimanite,GRP_0306,train,IMG_0306_r180_f0,180,False,/content/BSM-Project/data/augmented/train/Sillimanite/8__r180_f0.jpg
IMG_0306,/content/BSM-Project/data/raw/BSM/Sillimanite/8.jpg,Sillimanite,GRP_0306,train,IMG_0306_r180_f1,180,True,/content/BSM-Project/data/augmented/train/Sillimanite/8__r180_f1.jpg
IMG_0306,/content/BSM-Project/data/raw/BSM/Sillimanite/8.jpg,Sillimanite,GRP_0306,train,IMG_0306_r270_f0,270,False,/content/BSM-Project/data/augmented/train/Sillimanite/8__r270_f0.jpg
IMG_0306,/content/BSM-Project/data/raw/BSM/Sillimanite/8.jpg,Sillimanite,GRP_0306,train,IMG_0306_r270_f1,270,True,/content/BSM-Project/data/augmented/train/Sillimanite/8__r270_f1.jpg
IMG_0308,/content/BSM-Project/data/raw/BSM/Zircon/1.jpg,Zircon,GRP_0308,train,IMG_0308_r0_f0,0,False,/content/BSM-Project/data/augmented/train/Zircon/1__r0_f0.jpg
IMG_0308,/content/BSM-Project/data/raw/BSM/Zircon/1.jpg,Zircon,GRP_0308,train,IMG_0308_r0_f1,0,True,/content/BSM-Project/data/augmented/train/Zircon/1__r0_f1.jpg
IMG_0308,/content/BSM-Project/data/raw/BSM/Zircon/1.jpg,Zircon,GRP_0308,train,IMG_0308_r30_f0,30,False,/content/BSM-Project/data/augmented/train/Zircon/1__r30_f0.jpg
IMG_0308,/content/BSM-Project/data/raw/BSM/Zircon/1.jpg,Zircon,GRP_0308,train,IMG_0308_r30_f1,30,True,/content/BSM-Project/data/augmented/train/Zircon/1__r30_f1.jpg
IMG_0308,/content/BSM-Project/data/raw/BSM/Zircon/1.jpg,Zircon,GRP_0308,train,IMG_0308_r45_f0,45,False,/content/BSM-Project/data/augmented/train/Zircon/1__r45_f0.jpg
IMG_0308,/content/BSM-Project/data/raw/BSM/Zircon/1.jpg,Zircon,GRP_0308,train,IMG_0308_r45_f1,45,True,/content/BSM-Project/data/augmented/train/Zircon/1__r45_f1.jpg
IMG_0308,/content/BSM-Project/data/raw/BSM/Zircon/1.jpg,Zircon,GRP_0308,train,IMG_0308_r90_f0,90,False,/content/BSM-Project/data/augmented/train/Zircon/1__r90_f0.jpg
IMG_0308,/content/BSM-Project/data/raw/BSM/Zircon/1.jpg,Zircon,GRP_0308,train,IMG_0308_r90_f1,90,True,/content/BSM-Project/data/augmented/train/Zircon/1__r90_f1.jpg
IMG_0308,/content/BSM-Project/data/raw/BSM/Zircon/1.jpg,Zircon,GRP_0308,train,IMG_0308_r180_f0,180,False,/content/BSM-Project/data/augmented/train/Zircon/1__r180_f0.jpg
IMG_0308,/content/BSM-Project/data/raw/BSM/Zircon/1.jpg,Zircon,GRP_0308,train,IMG_0308_r180_f1,180,True,/content/BSM-Project/data/augmented/train/Zircon/1__r180_f1.jpg
IMG_0308,/content/BSM-Project/data/raw/BSM/Zircon/1.jpg,Zircon,GRP_0308,train,IMG_0308_r270_f0,270,False,/content/BSM-Project/data/augmented/train/Zircon/1__r270_f0.jpg
IMG_0308,/content/BSM-Project/data/raw/BSM/Zircon/1.jpg,Zircon,GRP_0308,train,IMG_0308_r270_f1,270,True,/content/BSM-Project/data/augmented/train/Zircon/1__r270_f1.jpg
IMG_0310,/content/BSM-Project/data/raw/BSM/Zircon/11.jpg,Zircon,GRP_0310,train,IMG_0310_r0_f0,0,False,/content/BSM-Project/data/augmented/train/Zircon/11__r0_f0.jpg
IMG_0310,/content/BSM-Project/data/raw/BSM/Zircon/11.jpg,Zircon,GRP_0310,train,IMG_0310_r0_f1,0,True,/content/BSM-Project/data/augmented/train/Zircon/11__r0_f1.jpg
IMG_0310,/content/BSM-Project/data/raw/BSM/Zircon/11.jpg,Zircon,GRP_0310,train,IMG_0310_r30_f0,30,False,/content/BSM-Project/data/augmented/train/Zircon/11__r30_f0.jpg
IMG_0310,/content/BSM-Project/data/raw/BSM/Zircon/11.jpg,Zircon,GRP_0310,train,IMG_0310_r30_f1,30,True,/content/BSM-Project/data/augmented/train/Zircon/11__r30_f1.jpg
IMG_0310,/content/BSM-Project/data/raw/BSM/Zircon/11.jpg,Zircon,GRP_0310,train,IMG_0310_r45_f0,45,False,/content/BSM-Project/data/augmented/train/Zircon/11__r45_f0.jpg
IMG_0310,/content/BSM-Project/data/raw/BSM/Zircon/11.jpg,Zircon,GRP_0310,train,IMG_0310_r45_f1,45,True,/content/BSM-Project/data/augmented/train/Zircon/11__r45_f1.jpg
IMG_0310,/content/BSM-Project/data/raw/BSM/Zircon/11.jpg,Zircon,GRP_0310,train,IMG_0310_r90_f0,90,False,/content/BSM-Project/data/augmented/train/Zircon/11__r90_f0.jpg
IMG_0310,/content/BSM-Project/data/raw/BSM/Zircon/11.jpg,Zircon,GRP_0310,train,IMG_0310_r90_f1,90,True,/content/BSM-Project/data/augmented/train/Zircon/11__r90_f1.jpg
IMG_0310,/content/BSM-Project/data/raw/BSM/Zircon/11.jpg,Zircon,GRP_0310,train,IMG_0310_r180_f0,180,False,/content/BSM-Project/data/augmented/train/Zircon/11__r180_f0.jpg
IMG_0310,/content/BSM-Project/data/raw/BSM/Zircon/11.jpg,Zircon,GRP_0310,train,IMG_0310_r180_f1,180,True,/content/BSM-Project/data/augmented/train/Zircon/11__r180_f1.jpg
IMG_0310,/content/BSM-Project/data/raw/BSM/Zircon/11.jpg,Zircon,GRP_0310,train,IMG_0310_r270_f0,270,False,/content/BSM-Project/data/augmented/train/Zircon/11__r270_f0.jpg
IMG_0310,/content/BSM-Project/data/raw/BSM/Zircon/11.jpg,Zircon,GRP_0310,train,IMG_0310_r270_f1,270,True,/content/BSM-Project/data/augmented/train/Zircon/11__r270_f1.jpg
IMG_0312,/content/BSM-Project/data/raw/BSM/Zircon/13.jpg,Zircon,GRP_0312,train,IMG_0312_r0_f0,0,False,/content/BSM-Project/data/augmented/train/Zircon/13__r0_f0.jpg
IMG_0312,/content/BSM-Project/data/raw/BSM/Zircon/13.jpg,Zircon,GRP_0312,train,IMG_0312_r0_f1,0,True,/content/BSM-Project/data/augmented/train/Zircon/13__r0_f1.jpg
IMG_0312,/content/BSM-Project/data/raw/BSM/Zircon/13.jpg,Zircon,GRP_0312,train,IMG_0312_r30_f0,30,False,/content/BSM-Project/data/augmented/train/Zircon/13__r30_f0.jpg
IMG_0312,/content/BSM-Project/data/raw/BSM/Zircon/13.jpg,Zircon,GRP_0312,train,IMG_0312_r30_f1,30,True,/content/BSM-Project/data/augmented/train/Zircon/13__r30_f1.jpg
IMG_0312,/content/BSM-Project/data/raw/BSM/Zircon/13.jpg,Zircon,GRP_0312,train,IMG_0312_r45_f0,45,False,/content/BSM-Project/data/augmented/train/Zircon/13__r45_f0.jpg
IMG_0312,/content/BSM-Project/data/raw/BSM/Zircon/13.jpg,Zircon,GRP_0312,train,IMG_0312_r45_f1,45,True,/content/BSM-Project/data/augmented/train/Zircon/13__r45_f1.jpg
IMG_0312,/content/BSM-Project/data/raw/BSM/Zircon/13.jpg,Zircon,GRP_0312,train,IMG_0312_r90_f0,90,False,/content/BSM-Project/data/augmented/train/Zircon/13__r90_f0.jpg
IMG_0312,/content/BSM-Project/data/raw/BSM/Zircon/13.jpg,Zircon,GRP_0312,train,IMG_0312_r90_f1,90,True,/content/BSM-Project/data/augmented/train/Zircon/13__r90_f1.jpg
IMG_0312,/content/BSM-Project/data/raw/BSM/Zircon/13.jpg,Zircon,GRP_0312,train,IMG_0312_r180_f0,180,False,/content/BSM-Project/data/augmented/train/Zircon/13__r180_f0.jpg
IMG_0312,/content/BSM-Project/data/raw/BSM/Zircon/13.jpg,Zircon,GRP_0312,train,IMG_0312_r180_f1,180,True,/content/BSM-Project/data/augmented/train/Zircon/13__r180_f1.jpg
IMG_0312,/content/BSM-Project/data/raw/BSM/Zircon/13.jpg,Zircon,GRP_0312,train,IMG_0312_r270_f0,270,False,/content/BSM-Project/data/augmented/train/Zircon/13__r270_f0.jpg
IMG_0312,/content/BSM-Project/data/raw/BSM/Zircon/13.jpg,Zircon,GRP_0312,train,IMG_0312_r270_f1,270,True,/content/BSM-Project/data/augmented/train/Zircon/13__r270_f1.jpg
IMG_0314,/content/BSM-Project/data/raw/BSM/Zircon/15.jpg,Zircon,GRP_0314,train,IMG_0314_r0_f0,0,False,/content/BSM-Project/data/augmented/train/Zircon/15__r0_f0.jpg
IMG_0314,/content/BSM-Project/data/raw/BSM/Zircon/15.jpg,Zircon,GRP_0314,train,IMG_0314_r0_f1,0,True,/content/BSM-Project/data/augmented/train/Zircon/15__r0_f1.jpg
IMG_0314,/content/BSM-Project/data/raw/BSM/Zircon/15.jpg,Zircon,GRP_0314,train,IMG_0314_r30_f0,30,False,/content/BSM-Project/data/augmented/train/Zircon/15__r30_f0.jpg
IMG_0314,/content/BSM-Project/data/raw/BSM/Zircon/15.jpg,Zircon,GRP_0314,train,IMG_0314_r30_f1,30,True,/content/BSM-Project/data/augmented/train/Zircon/15__r30_f1.jpg
IMG_0314,/content/BSM-Project/data/raw/BSM/Zircon/15.jpg,Zircon,GRP_0314,train,IMG_0314_r45_f0,45,False,/content/BSM-Project/data/augmented/train/Zircon/15__r45_f0.jpg
IMG_0314,/content/BSM-Project/data/raw/BSM/Zircon/15.jpg,Zircon,GRP_0314,train,IMG_0314_r45_f1,45,True,/content/BSM-Project/data/augmented/train/Zircon/15__r45_f1.jpg
IMG_0314,/content/BSM-Project/data/raw/BSM/Zircon/15.jpg,Zircon,GRP_0314,train,IMG_0314_r90_f0,90,False,/content/BSM-Project/data/augmented/train/Zircon/15__r90_f0.jpg
IMG_0314,/content/BSM-Project/data/raw/BSM/Zircon/15.jpg,Zircon,GRP_0314,train,IMG_0314_r90_f1,90,True,/content/BSM-Project/data/augmented/train/Zircon/15__r90_f1.jpg
IMG_0314,/content/BSM-Project/data/raw/BSM/Zircon/15.jpg,Zircon,GRP_0314,train,IMG_0314_r180_f0,180,False,/content/BSM-Project/data/augmented/train/Zircon/15__r180_f0.jpg
IMG_0314,/content/BSM-Project/data/raw/BSM/Zircon/15.jpg,Zircon,GRP_0314,train,IMG_0314_r180_f1,180,True,/content/BSM-Project/data/augmented/train/Zircon/15__r180_f1.jpg
IMG_0314,/content/BSM-Project/data/raw/BSM/Zircon/15.jpg,Zircon,GRP_0314,train,IMG_0314_r270_f0,270,False,/content/BSM-Project/data/augmented/train/Zircon/15__r270_f0.jpg
IMG_0314,/content/BSM-Project/data/raw/BSM/Zircon/15.jpg,Zircon,GRP_0314,train,IMG_0314_r270_f1,270,True,/content/BSM-Project/data/augmented/train/Zircon/15__r270_f1.jpg
IMG_0315,/content/BSM-Project/data/raw/BSM/Zircon/16.jpg,Zircon,GRP_0315,train,IMG_0315_r0_f0,0,False,/content/BSM-Project/data/augmented/train/Zircon/16__r0_f0.jpg
IMG_0315,/content/BSM-Project/data/raw/BSM/Zircon/16.jpg,Zircon,GRP_0315,train,IMG_0315_r0_f1,0,True,/content/BSM-Project/data/augmented/train/Zircon/16__r0_f1.jpg
IMG_0315,/content/BSM-Project/data/raw/BSM/Zircon/16.jpg,Zircon,GRP_0315,train,IMG_0315_r30_f0,30,False,/content/BSM-Project/data/augmented/train/Zircon/16__r30_f0.jpg
IMG_0315,/content/BSM-Project/data/raw/BSM/Zircon/16.jpg,Zircon,GRP_0315,train,IMG_0315_r30_f1,30,True,/content/BSM-Project/data/augmented/train/Zircon/16__r30_f1.jpg
IMG_0315,/content/BSM-Project/data/raw/BSM/Zircon/16.jpg,Zircon,GRP_0315,train,IMG_0315_r45_f0,45,False,/content/BSM-Project/data/augmented/train/Zircon/16__r45_f0.jpg
IMG_0315,/content/BSM-Project/data/raw/BSM/Zircon/16.jpg,Zircon,GRP_0315,train,IMG_0315_r45_f1,45,True,/content/BSM-Project/data/augmented/train/Zircon/16__r45_f1.jpg
IMG_0315,/content/BSM-Project/data/raw/BSM/Zircon/16.jpg,Zircon,GRP_0315,train,IMG_0315_r90_f0,90,False,/content/BSM-Project/data/augmented/train/Zircon/16__r90_f0.jpg
IMG_0315,/content/BSM-Project/data/raw/BSM/Zircon/16.jpg,Zircon,GRP_0315,train,IMG_0315_r90_f1,90,True,/content/BSM-Project/data/augmented/train/Zircon/16__r90_f1.jpg
IMG_0315,/content/BSM-Project/data/raw/BSM/Zircon/16.jpg,Zircon,GRP_0315,train,IMG_0315_r180_f0,180,False,/content/BSM-Project/data/augmented/train/Zircon/16__r180_f0.jpg
IMG_0315,/content/BSM-Project/data/raw/BSM/Zircon/16.jpg,Zircon,GRP_0315,train,IMG_0315_r180_f1,180,True,/content/BSM-Project/data/augmented/train/Zircon/16__r180_f1.jpg
IMG_0315,/content/BSM-Project/data/raw/BSM/Zircon/16.jpg,Zircon,GRP_0315,train,IMG_0315_r270_f0,270,False,/content/BSM-Project/data/augmented/train/Zircon/16__r270_f0.jpg
IMG_0315,/content/BSM-Project/data/raw/BSM/Zircon/16.jpg,Zircon,GRP_0315,train,IMG_0315_r270_f1,270,True,/content/BSM-Project/data/augmented/train/Zircon/16__r270_f1.jpg
IMG_0316,/content/BSM-Project/data/raw/BSM/Zircon/17.jpg,Zircon,GRP_0316,train,IMG_0316_r0_f0,0,False,/content/BSM-Project/data/augmented/train/Zircon/17__r0_f0.jpg
IMG_0316,/content/BSM-Project/data/raw/BSM/Zircon/17.jpg,Zircon,GRP_0316,train,IMG_0316_r0_f1,0,True,/content/BSM-Project/data/augmented/train/Zircon/17__r0_f1.jpg
IMG_0316,/content/BSM-Project/data/raw/BSM/Zircon/17.jpg,Zircon,GRP_0316,train,IMG_0316_r30_f0,30,False,/content/BSM-Project/data/augmented/train/Zircon/17__r30_f0.jpg
IMG_0316,/content/BSM-Project/data/raw/BSM/Zircon/17.jpg,Zircon,GRP_0316,train,IMG_0316_r30_f1,30,True,/content/BSM-Project/data/augmented/train/Zircon/17__r30_f1.jpg
IMG_0316,/content/BSM-Project/data/raw/BSM/Zircon/17.jpg,Zircon,GRP_0316,train,IMG_0316_r45_f0,45,False,/content/BSM-Project/data/augmented/train/Zircon/17__r45_f0.jpg
IMG_0316,/content/BSM-Project/data/raw/BSM/Zircon/17.jpg,Zircon,GRP_0316,train,IMG_0316_r45_f1,45,True,/content/BSM-Project/data/augmented/train/Zircon/17__r45_f1.jpg
IMG_0316,/content/BSM-Project/data/raw/BSM/Zircon/17.jpg,Zircon,GRP_0316,train,IMG_0316_r90_f0,90,False,/content/BSM-Project/data/augmented/train/Zircon/17__r90_f0.jpg
IMG_0316,/content/BSM-Project/data/raw/BSM/Zircon/17.jpg,Zircon,GRP_0316,train,IMG_0316_r90_f1,90,True,/content/BSM-Project/data/augmented/train/Zircon/17__r90_f1.jpg
IMG_0316,/content/BSM-Project/data/raw/BSM/Zircon/17.jpg,Zircon,GRP_0316,train,IMG_0316_r180_f0,180,False,/content/BSM-Project/data/augmented/train/Zircon/17__r180_f0.jpg
IMG_0316,/content/BSM-Project/data/raw/BSM/Zircon/17.jpg,Zircon,GRP_0316,train,IMG_0316_r180_f1,180,True,/content/BSM-Project/data/augmented/train/Zircon/17__r180_f1.jpg
IMG_0316,/content/BSM-Project/data/raw/BSM/Zircon/17.jpg,Zircon,GRP_0316,train,IMG_0316_r270_f0,270,False,/content/BSM-Project/data/augmented/train/Zircon/17__r270_f0.jpg
IMG_0316,/content/BSM-Project/data/raw/BSM/Zircon/17.jpg,Zircon,GRP_0316,train,IMG_0316_r270_f1,270,True,/content/BSM-Project/data/augmented/train/Zircon/17__r270_f1.jpg
IMG_0318,/content/BSM-Project/data/raw/BSM/Zircon/19.jpg,Zircon,GRP_0318,train,IMG_0318_r0_f0,0,False,/content/BSM-Project/data/augmented/train/Zircon/19__r0_f0.jpg
IMG_0318,/content/BSM-Project/data/raw/BSM/Zircon/19.jpg,Zircon,GRP_0318,train,IMG_0318_r0_f1,0,True,/content/BSM-Project/data/augmented/train/Zircon/19__r0_f1.jpg
IMG_0318,/content/BSM-Project/data/raw/BSM/Zircon/19.jpg,Zircon,GRP_0318,train,IMG_0318_r30_f0,30,False,/content/BSM-Project/data/augmented/train/Zircon/19__r30_f0.jpg
IMG_0318,/content/BSM-Project/data/raw/BSM/Zircon/19.jpg,Zircon,GRP_0318,train,IMG_0318_r30_f1,30,True,/content/BSM-Project/data/augmented/train/Zircon/19__r30_f1.jpg
IMG_0318,/content/BSM-Project/data/raw/BSM/Zircon/19.jpg,Zircon,GRP_0318,train,IMG_0318_r45_f0,45,False,/content/BSM-Project/data/augmented/train/Zircon/19__r45_f0.jpg
IMG_0318,/content/BSM-Project/data/raw/BSM/Zircon/19.jpg,Zircon,GRP_0318,train,IMG_0318_r45_f1,45,True,/content/BSM-Project/data/augmented/train/Zircon/19__r45_f1.jpg
IMG_0318,/content/BSM-Project/data/raw/BSM/Zircon/19.jpg,Zircon,GRP_0318,train,IMG_0318_r90_f0,90,False,/content/BSM-Project/data/augmented/train/Zircon/19__r90_f0.jpg
IMG_0318,/content/BSM-Project/data/raw/BSM/Zircon/19.jpg,Zircon,GRP_0318,train,IMG_0318_r90_f1,90,True,/content/BSM-Project/data/augmented/train/Zircon/19__r90_f1.jpg
IMG_0318,/content/BSM-Project/data/raw/BSM/Zircon/19.jpg,Zircon,GRP_0318,train,IMG_0318_r180_f0,180,False,/content/BSM-Project/data/augmented/train/Zircon/19__r180_f0.jpg
IMG_0318,/content/BSM-Project/data/raw/BSM/Zircon/19.jpg,Zircon,GRP_0318,train,IMG_0318_r180_f1,180,True,/content/BSM-Project/data/augmented/train/Zircon/19__r180_f1.jpg
IMG_0318,/content/BSM-Project/data/raw/BSM/Zircon/19.jpg,Zircon,GRP_0318,train,IMG_0318_r270_f0,270,False,/content/BSM-Project/data/augmented/train/Zircon/19__r270_f0.jpg
IMG_0318,/content/BSM-Project/data/raw/BSM/Zircon/19.jpg,Zircon,GRP_0318,train,IMG_0318_r270_f1,270,True,/content/BSM-Project/data/augmented/train/Zircon/19__r270_f1.jpg
IMG_0320,/content/BSM-Project/data/raw/BSM/Zircon/20.jpg,Zircon,GRP_0320,train,IMG_0320_r0_f0,0,False,/content/BSM-Project/data/augmented/train/Zircon/20__r0_f0.jpg
IMG_0320,/content/BSM-Project/data/raw/BSM/Zircon/20.jpg,Zircon,GRP_0320,train,IMG_0320_r0_f1,0,True,/content/BSM-Project/data/augmented/train/Zircon/20__r0_f1.jpg
IMG_0320,/content/BSM-Project/data/raw/BSM/Zircon/20.jpg,Zircon,GRP_0320,train,IMG_0320_r30_f0,30,False,/content/BSM-Project/data/augmented/train/Zircon/20__r30_f0.jpg
IMG_0320,/content/BSM-Project/data/raw/BSM/Zircon/20.jpg,Zircon,GRP_0320,train,IMG_0320_r30_f1,30,True,/content/BSM-Project/data/augmented/train/Zircon/20__r30_f1.jpg
IMG_0320,/content/BSM-Project/data/raw/BSM/Zircon/20.jpg,Zircon,GRP_0320,train,IMG_0320_r45_f0,45,False,/content/BSM-Project/data/augmented/train/Zircon/20__r45_f0.jpg
IMG_0320,/content/BSM-Project/data/raw/BSM/Zircon/20.jpg,Zircon,GRP_0320,train,IMG_0320_r45_f1,45,True,/content/BSM-Project/data/augmented/train/Zircon/20__r45_f1.jpg
IMG_0320,/content/BSM-Project/data/raw/BSM/Zircon/20.jpg,Zircon,GRP_0320,train,IMG_0320_r90_f0,90,False,/content/BSM-Project/data/augmented/train/Zircon/20__r90_f0.jpg
IMG_0320,/content/BSM-Project/data/raw/BSM/Zircon/20.jpg,Zircon,GRP_0320,train,IMG_0320_r90_f1,90,True,/content/BSM-Project/data/augmented/train/Zircon/20__r90_f1.jpg
IMG_0320,/content/BSM-Project/data/raw/BSM/Zircon/20.jpg,Zircon,GRP_0320,train,IMG_0320_r180_f0,180,False,/content/BSM-Project/data/augmented/train/Zircon/20__r180_f0.jpg
IMG_0320,/content/BSM-Project/data/raw/BSM/Zircon/20.jpg,Zircon,GRP_0320,train,IMG_0320_r180_f1,180,True,/content/BSM-Project/data/augmented/train/Zircon/20__r180_f1.jpg
IMG_0320,/content/BSM-Project/data/raw/BSM/Zircon/20.jpg,Zircon,GRP_0320,train,IMG_0320_r270_f0,270,False,/content/BSM-Project/data/augmented/train/Zircon/20__r270_f0.jpg
IMG_0320,/content/BSM-Project/data/raw/BSM/Zircon/20.jpg,Zircon,GRP_0320,train,IMG_0320_r270_f1,270,True,/content/BSM-Project/data/augmented/train/Zircon/20__r270_f1.jpg
IMG_0321,/content/BSM-Project/data/raw/BSM/Zircon/21.jpg,Zircon,GRP_0321,train,IMG_0321_r0_f0,0,False,/content/BSM-Project/data/augmented/train/Zircon/21__r0_f0.jpg
IMG_0321,/content/BSM-Project/data/raw/BSM/Zircon/21.jpg,Zircon,GRP_0321,train,IMG_0321_r0_f1,0,True,/content/BSM-Project/data/augmented/train/Zircon/21__r0_f1.jpg
IMG_0321,/content/BSM-Project/data/raw/BSM/Zircon/21.jpg,Zircon,GRP_0321,train,IMG_0321_r30_f0,30,False,/content/BSM-Project/data/augmented/train/Zircon/21__r30_f0.jpg
IMG_0321,/content/BSM-Project/data/raw/BSM/Zircon/21.jpg,Zircon,GRP_0321,train,IMG_0321_r30_f1,30,True,/content/BSM-Project/data/augmented/train/Zircon/21__r30_f1.jpg
IMG_0321,/content/BSM-Project/data/raw/BSM/Zircon/21.jpg,Zircon,GRP_0321,train,IMG_0321_r45_f0,45,False,/content/BSM-Project/data/augmented/train/Zircon/21__r45_f0.jpg
IMG_0321,/content/BSM-Project/data/raw/BSM/Zircon/21.jpg,Zircon,GRP_0321,train,IMG_0321_r45_f1,45,True,/content/BSM-Project/data/augmented/train/Zircon/21__r45_f1.jpg
IMG_0321,/content/BSM-Project/data/raw/BSM/Zircon/21.jpg,Zircon,GRP_0321,train,IMG_0321_r90_f0,90,False,/content/BSM-Project/data/augmented/train/Zircon/21__r90_f0.jpg
IMG_0321,/content/BSM-Project/data/raw/BSM/Zircon/21.jpg,Zircon,GRP_0321,train,IMG_0321_r90_f1,90,True,/content/BSM-Project/data/augmented/train/Zircon/21__r90_f1.jpg
IMG_0321,/content/BSM-Project/data/raw/BSM/Zircon/21.jpg,Zircon,GRP_0321,train,IMG_0321_r180_f0,180,False,/content/BSM-Project/data/augmented/train/Zircon/21__r180_f0.jpg
IMG_0321,/content/BSM-Project/data/raw/BSM/Zircon/21.jpg,Zircon,GRP_0321,train,IMG_0321_r180_f1,180,True,/content/BSM-Project/data/augmented/train/Zircon/21__r180_f1.jpg
IMG_0321,/content/BSM-Project/data/raw/BSM/Zircon/21.jpg,Zircon,GRP_0321,train,IMG_0321_r270_f0,270,False,/content/BSM-Project/data/augmented/train/Zircon/21__r270_f0.jpg
IMG_0321,/content/BSM-Project/data/raw/BSM/Zircon/21.jpg,Zircon,GRP_0321,train,IMG_0321_r270_f1,270,True,/content/BSM-Project/data/augmented/train/Zircon/21__r270_f1.jpg
IMG_0322,/content/BSM-Project/data/raw/BSM/Zircon/22.jpg,Zircon,GRP_0322,train,IMG_0322_r0_f0,0,False,/content/BSM-Project/data/augmented/train/Zircon/22__r0_f0.jpg
IMG_0322,/content/BSM-Project/data/raw/BSM/Zircon/22.jpg,Zircon,GRP_0322,train,IMG_0322_r0_f1,0,True,/content/BSM-Project/data/augmented/train/Zircon/22__r0_f1.jpg
IMG_0322,/content/BSM-Project/data/raw/BSM/Zircon/22.jpg,Zircon,GRP_0322,train,IMG_0322_r30_f0,30,False,/content/BSM-Project/data/augmented/train/Zircon/22__r30_f0.jpg
IMG_0322,/content/BSM-Project/data/raw/BSM/Zircon/22.jpg,Zircon,GRP_0322,train,IMG_0322_r30_f1,30,True,/content/BSM-Project/data/augmented/train/Zircon/22__r30_f1.jpg
IMG_0322,/content/BSM-Project/data/raw/BSM/Zircon/22.jpg,Zircon,GRP_0322,train,IMG_0322_r45_f0,45,False,/content/BSM-Project/data/augmented/train/Zircon/22__r45_f0.jpg
IMG_0322,/content/BSM-Project/data/raw/BSM/Zircon/22.jpg,Zircon,GRP_0322,train,IMG_0322_r45_f1,45,True,/content/BSM-Project/data/augmented/train/Zircon/22__r45_f1.jpg
IMG_0322,/content/BSM-Project/data/raw/BSM/Zircon/22.jpg,Zircon,GRP_0322,train,IMG_0322_r90_f0,90,False,/content/BSM-Project/data/augmented/train/Zircon/22__r90_f0.jpg
IMG_0322,/content/BSM-Project/data/raw/BSM/Zircon/22.jpg,Zircon,GRP_0322,train,IMG_0322_r90_f1,90,True,/content/BSM-Project/data/augmented/train/Zircon/22__r90_f1.jpg
IMG_0322,/content/BSM-Project/data/raw/BSM/Zircon/22.jpg,Zircon,GRP_0322,train,IMG_0322_r180_f0,180,False,/content/BSM-Project/data/augmented/train/Zircon/22__r180_f0.jpg
IMG_0322,/content/BSM-Project/data/raw/BSM/Zircon/22.jpg,Zircon,GRP_0322,train,IMG_0322_r180_f1,180,True,/content/BSM-Project/data/augmented/train/Zircon/22__r180_f1.jpg
IMG_0322,/content/BSM-Project/data/raw/BSM/Zircon/22.jpg,Zircon,GRP_0322,train,IMG_0322_r270_f0,270,False,/content/BSM-Project/data/augmented/train/Zircon/22__r270_f0.jpg
IMG_0322,/content/BSM-Project/data/raw/BSM/Zircon/22.jpg,Zircon,GRP_0322,train,IMG_0322_r270_f1,270,True,/content/BSM-Project/data/augmented/train/Zircon/22__r270_f1.jpg
IMG_0323,/content/BSM-Project/data/raw/BSM/Zircon/23.jpg,Zircon,GRP_0323,train,IMG_0323_r0_f0,0,False,/content/BSM-Project/data/augmented/train/Zircon/23__r0_f0.jpg
IMG_0323,/content/BSM-Project/data/raw/BSM/Zircon/23.jpg,Zircon,GRP_0323,train,IMG_0323_r0_f1,0,True,/content/BSM-Project/data/augmented/train/Zircon/23__r0_f1.jpg
IMG_0323,/content/BSM-Project/data/raw/BSM/Zircon/23.jpg,Zircon,GRP_0323,train,IMG_0323_r30_f0,30,False,/content/BSM-Project/data/augmented/train/Zircon/23__r30_f0.jpg
IMG_0323,/content/BSM-Project/data/raw/BSM/Zircon/23.jpg,Zircon,GRP_0323,train,IMG_0323_r30_f1,30,True,/content/BSM-Project/data/augmented/train/Zircon/23__r30_f1.jpg
IMG_0323,/content/BSM-Project/data/raw/BSM/Zircon/23.jpg,Zircon,GRP_0323,train,IMG_0323_r45_f0,45,False,/content/BSM-Project/data/augmented/train/Zircon/23__r45_f0.jpg
IMG_0323,/content/BSM-Project/data/raw/BSM/Zircon/23.jpg,Zircon,GRP_0323,train,IMG_0323_r45_f1,45,True,/content/BSM-Project/data/augmented/train/Zircon/23__r45_f1.jpg
IMG_0323,/content/BSM-Project/data/raw/BSM/Zircon/23.jpg,Zircon,GRP_0323,train,IMG_0323_r90_f0,90,False,/content/BSM-Project/data/augmented/train/Zircon/23__r90_f0.jpg
IMG_0323,/content/BSM-Project/data/raw/BSM/Zircon/23.jpg,Zircon,GRP_0323,train,IMG_0323_r90_f1,90,True,/content/BSM-Project/data/augmented/train/Zircon/23__r90_f1.jpg
IMG_0323,/content/BSM-Project/data/raw/BSM/Zircon/23.jpg,Zircon,GRP_0323,train,IMG_0323_r180_f0,180,False,/content/BSM-Project/data/augmented/train/Zircon/23__r180_f0.jpg
IMG_0323,/content/BSM-Project/data/raw/BSM/Zircon/23.jpg,Zircon,GRP_0323,train,IMG_0323_r180_f1,180,True,/content/BSM-Project/data/augmented/train/Zircon/23__r180_f1.jpg
IMG_0323,/content/BSM-Project/data/raw/BSM/Zircon/23.jpg,Zircon,GRP_0323,train,IMG_0323_r270_f0,270,False,/content/BSM-Project/data/augmented/train/Zircon/23__r270_f0.jpg
IMG_0323,/content/BSM-Project/data/raw/BSM/Zircon/23.jpg,Zircon,GRP_0323,train,IMG_0323_r270_f1,270,True,/content/BSM-Project/data/augmented/train/Zircon/23__r270_f1.jpg
IMG_0325,/content/BSM-Project/data/raw/BSM/Zircon/25.jpg,Zircon,GRP_0325,train,IMG_0325_r0_f0,0,False,/content/BSM-Project/data/augmented/train/Zircon/25__r0_f0.jpg
IMG_0325,/content/BSM-Project/data/raw/BSM/Zircon/25.jpg,Zircon,GRP_0325,train,IMG_0325_r0_f1,0,True,/content/BSM-Project/data/augmented/train/Zircon/25__r0_f1.jpg
IMG_0325,/content/BSM-Project/data/raw/BSM/Zircon/25.jpg,Zircon,GRP_0325,train,IMG_0325_r30_f0,30,False,/content/BSM-Project/data/augmented/train/Zircon/25__r30_f0.jpg
IMG_0325,/content/BSM-Project/data/raw/BSM/Zircon/25.jpg,Zircon,GRP_0325,train,IMG_0325_r30_f1,30,True,/content/BSM-Project/data/augmented/train/Zircon/25__r30_f1.jpg
IMG_0325,/content/BSM-Project/data/raw/BSM/Zircon/25.jpg,Zircon,GRP_0325,train,IMG_0325_r45_f0,45,False,/content/BSM-Project/data/augmented/train/Zircon/25__r45_f0.jpg
IMG_0325,/content/BSM-Project/data/raw/BSM/Zircon/25.jpg,Zircon,GRP_0325,train,IMG_0325_r45_f1,45,True,/content/BSM-Project/data/augmented/train/Zircon/25__r45_f1.jpg
IMG_0325,/content/BSM-Project/data/raw/BSM/Zircon/25.jpg,Zircon,GRP_0325,train,IMG_0325_r90_f0,90,False,/content/BSM-Project/data/augmented/train/Zircon/25__r90_f0.jpg
IMG_0325,/content/BSM-Project/data/raw/BSM/Zircon/25.jpg,Zircon,GRP_0325,train,IMG_0325_r90_f1,90,True,/content/BSM-Project/data/augmented/train/Zircon/25__r90_f1.jpg
IMG_0325,/content/BSM-Project/data/raw/BSM/Zircon/25.jpg,Zircon,GRP_0325,train,IMG_0325_r180_f0,180,False,/content/BSM-Project/data/augmented/train/Zircon/25__r180_f0.jpg
IMG_0325,/content/BSM-Project/data/raw/BSM/Zircon/25.jpg,Zircon,GRP_0325,train,IMG_0325_r180_f1,180,True,/content/BSM-Project/data/augmented/train/Zircon/25__r180_f1.jpg
IMG_0325,/content/BSM-Project/data/raw/BSM/Zircon/25.jpg,Zircon,GRP_0325,train,IMG_0325_r270_f0,270,False,/content/BSM-Project/data/augmented/train/Zircon/25__r270_f0.jpg
IMG_0325,/content/BSM-Project/data/raw/BSM/Zircon/25.jpg,Zircon,GRP_0325,train,IMG_0325_r270_f1,270,True,/content/BSM-Project/data/augmented/train/Zircon/25__r270_f1.jpg
IMG_0326,/content/BSM-Project/data/raw/BSM/Zircon/26.jpg,Zircon,GRP_0326,train,IMG_0326_r0_f0,0,False,/content/BSM-Project/data/augmented/train/Zircon/26__r0_f0.jpg
IMG_0326,/content/BSM-Project/data/raw/BSM/Zircon/26.jpg,Zircon,GRP_0326,train,IMG_0326_r0_f1,0,True,/content/BSM-Project/data/augmented/train/Zircon/26__r0_f1.jpg
IMG_0326,/content/BSM-Project/data/raw/BSM/Zircon/26.jpg,Zircon,GRP_0326,train,IMG_0326_r30_f0,30,False,/content/BSM-Project/data/augmented/train/Zircon/26__r30_f0.jpg
IMG_0326,/content/BSM-Project/data/raw/BSM/Zircon/26.jpg,Zircon,GRP_0326,train,IMG_0326_r30_f1,30,True,/content/BSM-Project/data/augmented/train/Zircon/26__r30_f1.jpg
IMG_0326,/content/BSM-Project/data/raw/BSM/Zircon/26.jpg,Zircon,GRP_0326,train,IMG_0326_r45_f0,45,False,/content/BSM-Project/data/augmented/train/Zircon/26__r45_f0.jpg
IMG_0326,/content/BSM-Project/data/raw/BSM/Zircon/26.jpg,Zircon,GRP_0326,train,IMG_0326_r45_f1,45,True,/content/BSM-Project/data/augmented/train/Zircon/26__r45_f1.jpg
IMG_0326,/content/BSM-Project/data/raw/BSM/Zircon/26.jpg,Zircon,GRP_0326,train,IMG_0326_r90_f0,90,False,/content/BSM-Project/data/augmented/train/Zircon/26__r90_f0.jpg
IMG_0326,/content/BSM-Project/data/raw/BSM/Zircon/26.jpg,Zircon,GRP_0326,train,IMG_0326_r90_f1,90,True,/content/BSM-Project/data/augmented/train/Zircon/26__r90_f1.jpg
IMG_0326,/content/BSM-Project/data/raw/BSM/Zircon/26.jpg,Zircon,GRP_0326,train,IMG_0326_r180_f0,180,False,/content/BSM-Project/data/augmented/train/Zircon/26__r180_f0.jpg
IMG_0326,/content/BSM-Project/data/raw/BSM/Zircon/26.jpg,Zircon,GRP_0326,train,IMG_0326_r180_f1,180,True,/content/BSM-Project/data/augmented/train/Zircon/26__r180_f1.jpg
IMG_0326,/content/BSM-Project/data/raw/BSM/Zircon/26.jpg,Zircon,GRP_0326,train,IMG_0326_r270_f0,270,False,/content/BSM-Project/data/augmented/train/Zircon/26__r270_f0.jpg
IMG_0326,/content/BSM-Project/data/raw/BSM/Zircon/26.jpg,Zircon,GRP_0326,train,IMG_0326_r270_f1,270,True,/content/BSM-Project/data/augmented/train/Zircon/26__r270_f1.jpg
IMG_0328,/content/BSM-Project/data/raw/BSM/Zircon/28.jpg,Zircon,GRP_0328,train,IMG_0328_r0_f0,0,False,/content/BSM-Project/data/augmented/train/Zircon/28__r0_f0.jpg
IMG_0328,/content/BSM-Project/data/raw/BSM/Zircon/28.jpg,Zircon,GRP_0328,train,IMG_0328_r0_f1,0,True,/content/BSM-Project/data/augmented/train/Zircon/28__r0_f1.jpg
IMG_0328,/content/BSM-Project/data/raw/BSM/Zircon/28.jpg,Zircon,GRP_0328,train,IMG_0328_r30_f0,30,False,/content/BSM-Project/data/augmented/train/Zircon/28__r30_f0.jpg
IMG_0328,/content/BSM-Project/data/raw/BSM/Zircon/28.jpg,Zircon,GRP_0328,train,IMG_0328_r30_f1,30,True,/content/BSM-Project/data/augmented/train/Zircon/28__r30_f1.jpg
IMG_0328,/content/BSM-Project/data/raw/BSM/Zircon/28.jpg,Zircon,GRP_0328,train,IMG_0328_r45_f0,45,False,/content/BSM-Project/data/augmented/train/Zircon/28__r45_f0.jpg
IMG_0328,/content/BSM-Project/data/raw/BSM/Zircon/28.jpg,Zircon,GRP_0328,train,IMG_0328_r45_f1,45,True,/content/BSM-Project/data/augmented/train/Zircon/28__r45_f1.jpg
IMG_0328,/content/BSM-Project/data/raw/BSM/Zircon/28.jpg,Zircon,GRP_0328,train,IMG_0328_r90_f0,90,False,/content/BSM-Project/data/augmented/train/Zircon/28__r90_f0.jpg
IMG_0328,/content/BSM-Project/data/raw/BSM/Zircon/28.jpg,Zircon,GRP_0328,train,IMG_0328_r90_f1,90,True,/content/BSM-Project/data/augmented/train/Zircon/28__r90_f1.jpg
IMG_0328,/content/BSM-Project/data/raw/BSM/Zircon/28.jpg,Zircon,GRP_0328,train,IMG_0328_r180_f0,180,False,/content/BSM-Project/data/augmented/train/Zircon/28__r180_f0.jpg
IMG_0328,/content/BSM-Project/data/raw/BSM/Zircon/28.jpg,Zircon,GRP_0328,train,IMG_0328_r180_f1,180,True,/content/BSM-Project/data/augmented/train/Zircon/28__r180_f1.jpg
IMG_0328,/content/BSM-Project/data/raw/BSM/Zircon/28.jpg,Zircon,GRP_0328,train,IMG_0328_r270_f0,270,False,/content/BSM-Project/data/augmented/train/Zircon/28__r270_f0.jpg
IMG_0328,/content/BSM-Project/data/raw/BSM/Zircon/28.jpg,Zircon,GRP_0328,train,IMG_0328_r270_f1,270,True,/content/BSM-Project/data/augmented/train/Zircon/28__r270_f1.jpg
IMG_0329,/content/BSM-Project/data/raw/BSM/Zircon/29.jpg,Zircon,GRP_0329,train,IMG_0329_r0_f0,0,False,/content/BSM-Project/data/augmented/train/Zircon/29__r0_f0.jpg
IMG_0329,/content/BSM-Project/data/raw/BSM/Zircon/29.jpg,Zircon,GRP_0329,train,IMG_0329_r0_f1,0,True,/content/BSM-Project/data/augmented/train/Zircon/29__r0_f1.jpg
IMG_0329,/content/BSM-Project/data/raw/BSM/Zircon/29.jpg,Zircon,GRP_0329,train,IMG_0329_r30_f0,30,False,/content/BSM-Project/data/augmented/train/Zircon/29__r30_f0.jpg
IMG_0329,/content/BSM-Project/data/raw/BSM/Zircon/29.jpg,Zircon,GRP_0329,train,IMG_0329_r30_f1,30,True,/content/BSM-Project/data/augmented/train/Zircon/29__r30_f1.jpg
IMG_0329,/content/BSM-Project/data/raw/BSM/Zircon/29.jpg,Zircon,GRP_0329,train,IMG_0329_r45_f0,45,False,/content/BSM-Project/data/augmented/train/Zircon/29__r45_f0.jpg
IMG_0329,/content/BSM-Project/data/raw/BSM/Zircon/29.jpg,Zircon,GRP_0329,train,IMG_0329_r45_f1,45,True,/content/BSM-Project/data/augmented/train/Zircon/29__r45_f1.jpg
IMG_0329,/content/BSM-Project/data/raw/BSM/Zircon/29.jpg,Zircon,GRP_0329,train,IMG_0329_r90_f0,90,False,/content/BSM-Project/data/augmented/train/Zircon/29__r90_f0.jpg
IMG_0329,/content/BSM-Project/data/raw/BSM/Zircon/29.jpg,Zircon,GRP_0329,train,IMG_0329_r90_f1,90,True,/content/BSM-Project/data/augmented/train/Zircon/29__r90_f1.jpg
IMG_0329,/content/BSM-Project/data/raw/BSM/Zircon/29.jpg,Zircon,GRP_0329,train,IMG_0329_r180_f0,180,False,/content/BSM-Project/data/augmented/train/Zircon/29__r180_f0.jpg
IMG_0329,/content/BSM-Project/data/raw/BSM/Zircon/29.jpg,Zircon,GRP_0329,train,IMG_0329_r180_f1,180,True,/content/BSM-Project/data/augmented/train/Zircon/29__r180_f1.jpg
IMG_0329,/content/BSM-Project/data/raw/BSM/Zircon/29.jpg,Zircon,GRP_0329,train,IMG_0329_r270_f0,270,False,/content/BSM-Project/data/augmented/train/Zircon/29__r270_f0.jpg
IMG_0329,/content/BSM-Project/data/raw/BSM/Zircon/29.jpg,Zircon,GRP_0329,train,IMG_0329_r270_f1,270,True,/content/BSM-Project/data/augmented/train/Zircon/29__r270_f1.jpg
IMG_0330,/content/BSM-Project/data/raw/BSM/Zircon/3.jpg,Zircon,GRP_0330,train,IMG_0330_r0_f0,0,False,/content/BSM-Project/data/augmented/train/Zircon/3__r0_f0.jpg
IMG_0330,/content/BSM-Project/data/raw/BSM/Zircon/3.jpg,Zircon,GRP_0330,train,IMG_0330_r0_f1,0,True,/content/BSM-Project/data/augmented/train/Zircon/3__r0_f1.jpg
IMG_0330,/content/BSM-Project/data/raw/BSM/Zircon/3.jpg,Zircon,GRP_0330,train,IMG_0330_r30_f0,30,False,/content/BSM-Project/data/augmented/train/Zircon/3__r30_f0.jpg
IMG_0330,/content/BSM-Project/data/raw/BSM/Zircon/3.jpg,Zircon,GRP_0330,train,IMG_0330_r30_f1,30,True,/content/BSM-Project/data/augmented/train/Zircon/3__r30_f1.jpg
IMG_0330,/content/BSM-Project/data/raw/BSM/Zircon/3.jpg,Zircon,GRP_0330,train,IMG_0330_r45_f0,45,False,/content/BSM-Project/data/augmented/train/Zircon/3__r45_f0.jpg
IMG_0330,/content/BSM-Project/data/raw/BSM/Zircon/3.jpg,Zircon,GRP_0330,train,IMG_0330_r45_f1,45,True,/content/BSM-Project/data/augmented/train/Zircon/3__r45_f1.jpg
IMG_0330,/content/BSM-Project/data/raw/BSM/Zircon/3.jpg,Zircon,GRP_0330,train,IMG_0330_r90_f0,90,False,/content/BSM-Project/data/augmented/train/Zircon/3__r90_f0.jpg
IMG_0330,/content/BSM-Project/data/raw/BSM/Zircon/3.jpg,Zircon,GRP_0330,train,IMG_0330_r90_f1,90,True,/content/BSM-Project/data/augmented/train/Zircon/3__r90_f1.jpg
IMG_0330,/content/BSM-Project/data/raw/BSM/Zircon/3.jpg,Zircon,GRP_0330,train,IMG_0330_r180_f0,180,False,/content/BSM-Project/data/augmented/train/Zircon/3__r180_f0.jpg
IMG_0330,/content/BSM-Project/data/raw/BSM/Zircon/3.jpg,Zircon,GRP_0330,train,IMG_0330_r180_f1,180,True,/content/BSM-Project/data/augmented/train/Zircon/3__r180_f1.jpg
IMG_0330,/content/BSM-Project/data/raw/BSM/Zircon/3.jpg,Zircon,GRP_0330,train,IMG_0330_r270_f0,270,False,/content/BSM-Project/data/augmented/train/Zircon/3__r270_f0.jpg
IMG_0330,/content/BSM-Project/data/raw/BSM/Zircon/3.jpg,Zircon,GRP_0330,train,IMG_0330_r270_f1,270,True,/content/BSM-Project/data/augmented/train/Zircon/3__r270_f1.jpg
IMG_0331,/content/BSM-Project/data/raw/BSM/Zircon/30.jpg,Zircon,GRP_0331,train,IMG_0331_r0_f0,0,False,/content/BSM-Project/data/augmented/train/Zircon/30__r0_f0.jpg
IMG_0331,/content/BSM-Project/data/raw/BSM/Zircon/30.jpg,Zircon,GRP_0331,train,IMG_0331_r0_f1,0,True,/content/BSM-Project/data/augmented/train/Zircon/30__r0_f1.jpg
IMG_0331,/content/BSM-Project/data/raw/BSM/Zircon/30.jpg,Zircon,GRP_0331,train,IMG_0331_r30_f0,30,False,/content/BSM-Project/data/augmented/train/Zircon/30__r30_f0.jpg
IMG_0331,/content/BSM-Project/data/raw/BSM/Zircon/30.jpg,Zircon,GRP_0331,train,IMG_0331_r30_f1,30,True,/content/BSM-Project/data/augmented/train/Zircon/30__r30_f1.jpg
IMG_0331,/content/BSM-Project/data/raw/BSM/Zircon/30.jpg,Zircon,GRP_0331,train,IMG_0331_r45_f0,45,False,/content/BSM-Project/data/augmented/train/Zircon/30__r45_f0.jpg
IMG_0331,/content/BSM-Project/data/raw/BSM/Zircon/30.jpg,Zircon,GRP_0331,train,IMG_0331_r45_f1,45,True,/content/BSM-Project/data/augmented/train/Zircon/30__r45_f1.jpg
IMG_0331,/content/BSM-Project/data/raw/BSM/Zircon/30.jpg,Zircon,GRP_0331,train,IMG_0331_r90_f0,90,False,/content/BSM-Project/data/augmented/train/Zircon/30__r90_f0.jpg
IMG_0331,/content/BSM-Project/data/raw/BSM/Zircon/30.jpg,Zircon,GRP_0331,train,IMG_0331_r90_f1,90,True,/content/BSM-Project/data/augmented/train/Zircon/30__r90_f1.jpg
IMG_0331,/content/BSM-Project/data/raw/BSM/Zircon/30.jpg,Zircon,GRP_0331,train,IMG_0331_r180_f0,180,False,/content/BSM-Project/data/augmented/train/Zircon/30__r180_f0.jpg
IMG_0331,/content/BSM-Project/data/raw/BSM/Zircon/30.jpg,Zircon,GRP_0331,train,IMG_0331_r180_f1,180,True,/content/BSM-Project/data/augmented/train/Zircon/30__r180_f1.jpg
IMG_0331,/content/BSM-Project/data/raw/BSM/Zircon/30.jpg,Zircon,GRP_0331,train,IMG_0331_r270_f0,270,False,/content/BSM-Project/data/augmented/train/Zircon/30__r270_f0.jpg
IMG_0331,/content/BSM-Project/data/raw/BSM/Zircon/30.jpg,Zircon,GRP_0331,train,IMG_0331_r270_f1,270,True,/content/BSM-Project/data/augmented/train/Zircon/30__r270_f1.jpg
IMG_0333,/content/BSM-Project/data/raw/BSM/Zircon/32.jpg,Zircon,GRP_0333,train,IMG_0333_r0_f0,0,False,/content/BSM-Project/data/augmented/train/Zircon/32__r0_f0.jpg
IMG_0333,/content/BSM-Project/data/raw/BSM/Zircon/32.jpg,Zircon,GRP_0333,train,IMG_0333_r0_f1,0,True,/content/BSM-Project/data/augmented/train/Zircon/32__r0_f1.jpg
IMG_0333,/content/BSM-Project/data/raw/BSM/Zircon/32.jpg,Zircon,GRP_0333,train,IMG_0333_r30_f0,30,False,/content/BSM-Project/data/augmented/train/Zircon/32__r30_f0.jpg
IMG_0333,/content/BSM-Project/data/raw/BSM/Zircon/32.jpg,Zircon,GRP_0333,train,IMG_0333_r30_f1,30,True,/content/BSM-Project/data/augmented/train/Zircon/32__r30_f1.jpg
IMG_0333,/content/BSM-Project/data/raw/BSM/Zircon/32.jpg,Zircon,GRP_0333,train,IMG_0333_r45_f0,45,False,/content/BSM-Project/data/augmented/train/Zircon/32__r45_f0.jpg
IMG_0333,/content/BSM-Project/data/raw/BSM/Zircon/32.jpg,Zircon,GRP_0333,train,IMG_0333_r45_f1,45,True,/content/BSM-Project/data/augmented/train/Zircon/32__r45_f1.jpg
IMG_0333,/content/BSM-Project/data/raw/BSM/Zircon/32.jpg,Zircon,GRP_0333,train,IMG_0333_r90_f0,90,False,/content/BSM-Project/data/augmented/train/Zircon/32__r90_f0.jpg
IMG_0333,/content/BSM-Project/data/raw/BSM/Zircon/32.jpg,Zircon,GRP_0333,train,IMG_0333_r90_f1,90,True,/content/BSM-Project/data/augmented/train/Zircon/32__r90_f1.jpg
IMG_0333,/content/BSM-Project/data/raw/BSM/Zircon/32.jpg,Zircon,GRP_0333,train,IMG_0333_r180_f0,180,False,/content/BSM-Project/data/augmented/train/Zircon/32__r180_f0.jpg
IMG_0333,/content/BSM-Project/data/raw/BSM/Zircon/32.jpg,Zircon,GRP_0333,train,IMG_0333_r180_f1,180,True,/content/BSM-Project/data/augmented/train/Zircon/32__r180_f1.jpg
IMG_0333,/content/BSM-Project/data/raw/BSM/Zircon/32.jpg,Zircon,GRP_0333,train,IMG_0333_r270_f0,270,False,/content/BSM-Project/data/augmented/train/Zircon/32__r270_f0.jpg
IMG_0333,/content/BSM-Project/data/raw/BSM/Zircon/32.jpg,Zircon,GRP_0333,train,IMG_0333_r270_f1,270,True,/content/BSM-Project/data/augmented/train/Zircon/32__r270_f1.jpg
IMG_0334,/content/BSM-Project/data/raw/BSM/Zircon/33.jpg,Zircon,GRP_0334,train,IMG_0334_r0_f0,0,False,/content/BSM-Project/data/augmented/train/Zircon/33__r0_f0.jpg
IMG_0334,/content/BSM-Project/data/raw/BSM/Zircon/33.jpg,Zircon,GRP_0334,train,IMG_0334_r0_f1,0,True,/content/BSM-Project/data/augmented/train/Zircon/33__r0_f1.jpg
IMG_0334,/content/BSM-Project/data/raw/BSM/Zircon/33.jpg,Zircon,GRP_0334,train,IMG_0334_r30_f0,30,False,/content/BSM-Project/data/augmented/train/Zircon/33__r30_f0.jpg
IMG_0334,/content/BSM-Project/data/raw/BSM/Zircon/33.jpg,Zircon,GRP_0334,train,IMG_0334_r30_f1,30,True,/content/BSM-Project/data/augmented/train/Zircon/33__r30_f1.jpg
IMG_0334,/content/BSM-Project/data/raw/BSM/Zircon/33.jpg,Zircon,GRP_0334,train,IMG_0334_r45_f0,45,False,/content/BSM-Project/data/augmented/train/Zircon/33__r45_f0.jpg
IMG_0334,/content/BSM-Project/data/raw/BSM/Zircon/33.jpg,Zircon,GRP_0334,train,IMG_0334_r45_f1,45,True,/content/BSM-Project/data/augmented/train/Zircon/33__r45_f1.jpg
IMG_0334,/content/BSM-Project/data/raw/BSM/Zircon/33.jpg,Zircon,GRP_0334,train,IMG_0334_r90_f0,90,False,/content/BSM-Project/data/augmented/train/Zircon/33__r90_f0.jpg
IMG_0334,/content/BSM-Project/data/raw/BSM/Zircon/33.jpg,Zircon,GRP_0334,train,IMG_0334_r90_f1,90,True,/content/BSM-Project/data/augmented/train/Zircon/33__r90_f1.jpg
IMG_0334,/content/BSM-Project/data/raw/BSM/Zircon/33.jpg,Zircon,GRP_0334,train,IMG_0334_r180_f0,180,False,/content/BSM-Project/data/augmented/train/Zircon/33__r180_f0.jpg
IMG_0334,/content/BSM-Project/data/raw/BSM/Zircon/33.jpg,Zircon,GRP_0334,train,IMG_0334_r180_f1,180,True,/content/BSM-Project/data/augmented/train/Zircon/33__r180_f1.jpg
IMG_0334,/content/BSM-Project/data/raw/BSM/Zircon/33.jpg,Zircon,GRP_0334,train,IMG_0334_r270_f0,270,False,/content/BSM-Project/data/augmented/train/Zircon/33__r270_f0.jpg
IMG_0334,/content/BSM-Project/data/raw/BSM/Zircon/33.jpg,Zircon,GRP_0334,train,IMG_0334_r270_f1,270,True,/content/BSM-Project/data/augmented/train/Zircon/33__r270_f1.jpg
IMG_0336,/content/BSM-Project/data/raw/BSM/Zircon/35.jpg,Zircon,GRP_0336,train,IMG_0336_r0_f0,0,False,/content/BSM-Project/data/augmented/train/Zircon/35__r0_f0.jpg
IMG_0336,/content/BSM-Project/data/raw/BSM/Zircon/35.jpg,Zircon,GRP_0336,train,IMG_0336_r0_f1,0,True,/content/BSM-Project/data/augmented/train/Zircon/35__r0_f1.jpg
IMG_0336,/content/BSM-Project/data/raw/BSM/Zircon/35.jpg,Zircon,GRP_0336,train,IMG_0336_r30_f0,30,False,/content/BSM-Project/data/augmented/train/Zircon/35__r30_f0.jpg
IMG_0336,/content/BSM-Project/data/raw/BSM/Zircon/35.jpg,Zircon,GRP_0336,train,IMG_0336_r30_f1,30,True,/content/BSM-Project/data/augmented/train/Zircon/35__r30_f1.jpg
IMG_0336,/content/BSM-Project/data/raw/BSM/Zircon/35.jpg,Zircon,GRP_0336,train,IMG_0336_r45_f0,45,False,/content/BSM-Project/data/augmented/train/Zircon/35__r45_f0.jpg
IMG_0336,/content/BSM-Project/data/raw/BSM/Zircon/35.jpg,Zircon,GRP_0336,train,IMG_0336_r45_f1,45,True,/content/BSM-Project/data/augmented/train/Zircon/35__r45_f1.jpg
IMG_0336,/content/BSM-Project/data/raw/BSM/Zircon/35.jpg,Zircon,GRP_0336,train,IMG_0336_r90_f0,90,False,/content/BSM-Project/data/augmented/train/Zircon/35__r90_f0.jpg
IMG_0336,/content/BSM-Project/data/raw/BSM/Zircon/35.jpg,Zircon,GRP_0336,train,IMG_0336_r90_f1,90,True,/content/BSM-Project/data/augmented/train/Zircon/35__r90_f1.jpg
IMG_0336,/content/BSM-Project/data/raw/BSM/Zircon/35.jpg,Zircon,GRP_0336,train,IMG_0336_r180_f0,180,False,/content/BSM-Project/data/augmented/train/Zircon/35__r180_f0.jpg
IMG_0336,/content/BSM-Project/data/raw/BSM/Zircon/35.jpg,Zircon,GRP_0336,train,IMG_0336_r180_f1,180,True,/content/BSM-Project/data/augmented/train/Zircon/35__r180_f1.jpg
IMG_0336,/content/BSM-Project/data/raw/BSM/Zircon/35.jpg,Zircon,GRP_0336,train,IMG_0336_r270_f0,270,False,/content/BSM-Project/data/augmented/train/Zircon/35__r270_f0.jpg
IMG_0336,/content/BSM-Project/data/raw/BSM/Zircon/35.jpg,Zircon,GRP_0336,train,IMG_0336_r270_f1,270,True,/content/BSM-Project/data/augmented/train/Zircon/35__r270_f1.jpg
IMG_0339,/content/BSM-Project/data/raw/BSM/Zircon/38.jpg,Zircon,GRP_0339,train,IMG_0339_r0_f0,0,False,/content/BSM-Project/data/augmented/train/Zircon/38__r0_f0.jpg
IMG_0339,/content/BSM-Project/data/raw/BSM/Zircon/38.jpg,Zircon,GRP_0339,train,IMG_0339_r0_f1,0,True,/content/BSM-Project/data/augmented/train/Zircon/38__r0_f1.jpg
IMG_0339,/content/BSM-Project/data/raw/BSM/Zircon/38.jpg,Zircon,GRP_0339,train,IMG_0339_r30_f0,30,False,/content/BSM-Project/data/augmented/train/Zircon/38__r30_f0.jpg
IMG_0339,/content/BSM-Project/data/raw/BSM/Zircon/38.jpg,Zircon,GRP_0339,train,IMG_0339_r30_f1,30,True,/content/BSM-Project/data/augmented/train/Zircon/38__r30_f1.jpg
IMG_0339,/content/BSM-Project/data/raw/BSM/Zircon/38.jpg,Zircon,GRP_0339,train,IMG_0339_r45_f0,45,False,/content/BSM-Project/data/augmented/train/Zircon/38__r45_f0.jpg
IMG_0339,/content/BSM-Project/data/raw/BSM/Zircon/38.jpg,Zircon,GRP_0339,train,IMG_0339_r45_f1,45,True,/content/BSM-Project/data/augmented/train/Zircon/38__r45_f1.jpg
IMG_0339,/content/BSM-Project/data/raw/BSM/Zircon/38.jpg,Zircon,GRP_0339,train,IMG_0339_r90_f0,90,False,/content/BSM-Project/data/augmented/train/Zircon/38__r90_f0.jpg
IMG_0339,/content/BSM-Project/data/raw/BSM/Zircon/38.jpg,Zircon,GRP_0339,train,IMG_0339_r90_f1,90,True,/content/BSM-Project/data/augmented/train/Zircon/38__r90_f1.jpg
IMG_0339,/content/BSM-Project/data/raw/BSM/Zircon/38.jpg,Zircon,GRP_0339,train,IMG_0339_r180_f0,180,False,/content/BSM-Project/data/augmented/train/Zircon/38__r180_f0.jpg
IMG_0339,/content/BSM-Project/data/raw/BSM/Zircon/38.jpg,Zircon,GRP_0339,train,IMG_0339_r180_f1,180,True,/content/BSM-Project/data/augmented/train/Zircon/38__r180_f1.jpg
IMG_0339,/content/BSM-Project/data/raw/BSM/Zircon/38.jpg,Zircon,GRP_0339,train,IMG_0339_r270_f0,270,False,/content/BSM-Project/data/augmented/train/Zircon/38__r270_f0.jpg
IMG_0339,/content/BSM-Project/data/raw/BSM/Zircon/38.jpg,Zircon,GRP_0339,train,IMG_0339_r270_f1,270,True,/content/BSM-Project/data/augmented/train/Zircon/38__r270_f1.jpg
IMG_0340,/content/BSM-Project/data/raw/BSM/Zircon/39.jpg,Zircon,GRP_0340,train,IMG_0340_r0_f0,0,False,/content/BSM-Project/data/augmented/train/Zircon/39__r0_f0.jpg
IMG_0340,/content/BSM-Project/data/raw/BSM/Zircon/39.jpg,Zircon,GRP_0340,train,IMG_0340_r0_f1,0,True,/content/BSM-Project/data/augmented/train/Zircon/39__r0_f1.jpg
IMG_0340,/content/BSM-Project/data/raw/BSM/Zircon/39.jpg,Zircon,GRP_0340,train,IMG_0340_r30_f0,30,False,/content/BSM-Project/data/augmented/train/Zircon/39__r30_f0.jpg
IMG_0340,/content/BSM-Project/data/raw/BSM/Zircon/39.jpg,Zircon,GRP_0340,train,IMG_0340_r30_f1,30,True,/content/BSM-Project/data/augmented/train/Zircon/39__r30_f1.jpg
IMG_0340,/content/BSM-Project/data/raw/BSM/Zircon/39.jpg,Zircon,GRP_0340,train,IMG_0340_r45_f0,45,False,/content/BSM-Project/data/augmented/train/Zircon/39__r45_f0.jpg
IMG_0340,/content/BSM-Project/data/raw/BSM/Zircon/39.jpg,Zircon,GRP_0340,train,IMG_0340_r45_f1,45,True,/content/BSM-Project/data/augmented/train/Zircon/39__r45_f1.jpg
IMG_0340,/content/BSM-Project/data/raw/BSM/Zircon/39.jpg,Zircon,GRP_0340,train,IMG_0340_r90_f0,90,False,/content/BSM-Project/data/augmented/train/Zircon/39__r90_f0.jpg
IMG_0340,/content/BSM-Project/data/raw/BSM/Zircon/39.jpg,Zircon,GRP_0340,train,IMG_0340_r90_f1,90,True,/content/BSM-Project/data/augmented/train/Zircon/39__r90_f1.jpg
IMG_0340,/content/BSM-Project/data/raw/BSM/Zircon/39.jpg,Zircon,GRP_0340,train,IMG_0340_r180_f0,180,False,/content/BSM-Project/data/augmented/train/Zircon/39__r180_f0.jpg
IMG_0340,/content/BSM-Project/data/raw/BSM/Zircon/39.jpg,Zircon,GRP_0340,train,IMG_0340_r180_f1,180,True,/content/BSM-Project/data/augmented/train/Zircon/39__r180_f1.jpg
IMG_0340,/content/BSM-Project/data/raw/BSM/Zircon/39.jpg,Zircon,GRP_0340,train,IMG_0340_r270_f0,270,False,/content/BSM-Project/data/augmented/train/Zircon/39__r270_f0.jpg
IMG_0340,/content/BSM-Project/data/raw/BSM/Zircon/39.jpg,Zircon,GRP_0340,train,IMG_0340_r270_f1,270,True,/content/BSM-Project/data/augmented/train/Zircon/39__r270_f1.jpg
IMG_0341,/content/BSM-Project/data/raw/BSM/Zircon/40.jpg,Zircon,GRP_0341,train,IMG_0341_r0_f0,0,False,/content/BSM-Project/data/augmented/train/Zircon/40__r0_f0.jpg
IMG_0341,/content/BSM-Project/data/raw/BSM/Zircon/40.jpg,Zircon,GRP_0341,train,IMG_0341_r0_f1,0,True,/content/BSM-Project/data/augmented/train/Zircon/40__r0_f1.jpg
IMG_0341,/content/BSM-Project/data/raw/BSM/Zircon/40.jpg,Zircon,GRP_0341,train,IMG_0341_r30_f0,30,False,/content/BSM-Project/data/augmented/train/Zircon/40__r30_f0.jpg
IMG_0341,/content/BSM-Project/data/raw/BSM/Zircon/40.jpg,Zircon,GRP_0341,train,IMG_0341_r30_f1,30,True,/content/BSM-Project/data/augmented/train/Zircon/40__r30_f1.jpg
IMG_0341,/content/BSM-Project/data/raw/BSM/Zircon/40.jpg,Zircon,GRP_0341,train,IMG_0341_r45_f0,45,False,/content/BSM-Project/data/augmented/train/Zircon/40__r45_f0.jpg
IMG_0341,/content/BSM-Project/data/raw/BSM/Zircon/40.jpg,Zircon,GRP_0341,train,IMG_0341_r45_f1,45,True,/content/BSM-Project/data/augmented/train/Zircon/40__r45_f1.jpg
IMG_0341,/content/BSM-Project/data/raw/BSM/Zircon/40.jpg,Zircon,GRP_0341,train,IMG_0341_r90_f0,90,False,/content/BSM-Project/data/augmented/train/Zircon/40__r90_f0.jpg
IMG_0341,/content/BSM-Project/data/raw/BSM/Zircon/40.jpg,Zircon,GRP_0341,train,IMG_0341_r90_f1,90,True,/content/BSM-Project/data/augmented/train/Zircon/40__r90_f1.jpg
IMG_0341,/content/BSM-Project/data/raw/BSM/Zircon/40.jpg,Zircon,GRP_0341,train,IMG_0341_r180_f0,180,False,/content/BSM-Project/data/augmented/train/Zircon/40__r180_f0.jpg
IMG_0341,/content/BSM-Project/data/raw/BSM/Zircon/40.jpg,Zircon,GRP_0341,train,IMG_0341_r180_f1,180,True,/content/BSM-Project/data/augmented/train/Zircon/40__r180_f1.jpg
IMG_0341,/content/BSM-Project/data/raw/BSM/Zircon/40.jpg,Zircon,GRP_0341,train,IMG_0341_r270_f0,270,False,/content/BSM-Project/data/augmented/train/Zircon/40__r270_f0.jpg
IMG_0341,/content/BSM-Project/data/raw/BSM/Zircon/40.jpg,Zircon,GRP_0341,train,IMG_0341_r270_f1,270,True,/content/BSM-Project/data/augmented/train/Zircon/40__r270_f1.jpg
IMG_0343,/content/BSM-Project/data/raw/BSM/Zircon/42.jpg,Zircon,GRP_0343,train,IMG_0343_r0_f0,0,False,/content/BSM-Project/data/augmented/train/Zircon/42__r0_f0.jpg
IMG_0343,/content/BSM-Project/data/raw/BSM/Zircon/42.jpg,Zircon,GRP_0343,train,IMG_0343_r0_f1,0,True,/content/BSM-Project/data/augmented/train/Zircon/42__r0_f1.jpg
IMG_0343,/content/BSM-Project/data/raw/BSM/Zircon/42.jpg,Zircon,GRP_0343,train,IMG_0343_r30_f0,30,False,/content/BSM-Project/data/augmented/train/Zircon/42__r30_f0.jpg
IMG_0343,/content/BSM-Project/data/raw/BSM/Zircon/42.jpg,Zircon,GRP_0343,train,IMG_0343_r30_f1,30,True,/content/BSM-Project/data/augmented/train/Zircon/42__r30_f1.jpg
IMG_0343,/content/BSM-Project/data/raw/BSM/Zircon/42.jpg,Zircon,GRP_0343,train,IMG_0343_r45_f0,45,False,/content/BSM-Project/data/augmented/train/Zircon/42__r45_f0.jpg
IMG_0343,/content/BSM-Project/data/raw/BSM/Zircon/42.jpg,Zircon,GRP_0343,train,IMG_0343_r45_f1,45,True,/content/BSM-Project/data/augmented/train/Zircon/42__r45_f1.jpg
IMG_0343,/content/BSM-Project/data/raw/BSM/Zircon/42.jpg,Zircon,GRP_0343,train,IMG_0343_r90_f0,90,False,/content/BSM-Project/data/augmented/train/Zircon/42__r90_f0.jpg
IMG_0343,/content/BSM-Project/data/raw/BSM/Zircon/42.jpg,Zircon,GRP_0343,train,IMG_0343_r90_f1,90,True,/content/BSM-Project/data/augmented/train/Zircon/42__r90_f1.jpg
IMG_0343,/content/BSM-Project/data/raw/BSM/Zircon/42.jpg,Zircon,GRP_0343,train,IMG_0343_r180_f0,180,False,/content/BSM-Project/data/augmented/train/Zircon/42__r180_f0.jpg
IMG_0343,/content/BSM-Project/data/raw/BSM/Zircon/42.jpg,Zircon,GRP_0343,train,IMG_0343_r180_f1,180,True,/content/BSM-Project/data/augmented/train/Zircon/42__r180_f1.jpg
IMG_0343,/content/BSM-Project/data/raw/BSM/Zircon/42.jpg,Zircon,GRP_0343,train,IMG_0343_r270_f0,270,False,/content/BSM-Project/data/augmented/train/Zircon/42__r270_f0.jpg
IMG_0343,/content/BSM-Project/data/raw/BSM/Zircon/42.jpg,Zircon,GRP_0343,train,IMG_0343_r270_f1,270,True,/content/BSM-Project/data/augmented/train/Zircon/42__r270_f1.jpg
IMG_0344,/content/BSM-Project/data/raw/BSM/Zircon/43.jpg,Zircon,GRP_0344,train,IMG_0344_r0_f0,0,False,/content/BSM-Project/data/augmented/train/Zircon/43__r0_f0.jpg
IMG_0344,/content/BSM-Project/data/raw/BSM/Zircon/43.jpg,Zircon,GRP_0344,train,IMG_0344_r0_f1,0,True,/content/BSM-Project/data/augmented/train/Zircon/43__r0_f1.jpg
IMG_0344,/content/BSM-Project/data/raw/BSM/Zircon/43.jpg,Zircon,GRP_0344,train,IMG_0344_r30_f0,30,False,/content/BSM-Project/data/augmented/train/Zircon/43__r30_f0.jpg
IMG_0344,/content/BSM-Project/data/raw/BSM/Zircon/43.jpg,Zircon,GRP_0344,train,IMG_0344_r30_f1,30,True,/content/BSM-Project/data/augmented/train/Zircon/43__r30_f1.jpg
IMG_0344,/content/BSM-Project/data/raw/BSM/Zircon/43.jpg,Zircon,GRP_0344,train,IMG_0344_r45_f0,45,False,/content/BSM-Project/data/augmented/train/Zircon/43__r45_f0.jpg
IMG_0344,/content/BSM-Project/data/raw/BSM/Zircon/43.jpg,Zircon,GRP_0344,train,IMG_0344_r45_f1,45,True,/content/BSM-Project/data/augmented/train/Zircon/43__r45_f1.jpg
IMG_0344,/content/BSM-Project/data/raw/BSM/Zircon/43.jpg,Zircon,GRP_0344,train,IMG_0344_r90_f0,90,False,/content/BSM-Project/data/augmented/train/Zircon/43__r90_f0.jpg
IMG_0344,/content/BSM-Project/data/raw/BSM/Zircon/43.jpg,Zircon,GRP_0344,train,IMG_0344_r90_f1,90,True,/content/BSM-Project/data/augmented/train/Zircon/43__r90_f1.jpg
IMG_0344,/content/BSM-Project/data/raw/BSM/Zircon/43.jpg,Zircon,GRP_0344,train,IMG_0344_r180_f0,180,False,/content/BSM-Project/data/augmented/train/Zircon/43__r180_f0.jpg
IMG_0344,/content/BSM-Project/data/raw/BSM/Zircon/43.jpg,Zircon,GRP_0344,train,IMG_0344_r180_f1,180,True,/content/BSM-Project/data/augmented/train/Zircon/43__r180_f1.jpg
IMG_0344,/content/BSM-Project/data/raw/BSM/Zircon/43.jpg,Zircon,GRP_0344,train,IMG_0344_r270_f0,270,False,/content/BSM-Project/data/augmented/train/Zircon/43__r270_f0.jpg
IMG_0344,/content/BSM-Project/data/raw/BSM/Zircon/43.jpg,Zircon,GRP_0344,train,IMG_0344_r270_f1,270,True,/content/BSM-Project/data/augmented/train/Zircon/43__r270_f1.jpg
IMG_0345,/content/BSM-Project/data/raw/BSM/Zircon/44.jpg,Zircon,GRP_0345,train,IMG_0345_r0_f0,0,False,/content/BSM-Project/data/augmented/train/Zircon/44__r0_f0.jpg
IMG_0345,/content/BSM-Project/data/raw/BSM/Zircon/44.jpg,Zircon,GRP_0345,train,IMG_0345_r0_f1,0,True,/content/BSM-Project/data/augmented/train/Zircon/44__r0_f1.jpg
IMG_0345,/content/BSM-Project/data/raw/BSM/Zircon/44.jpg,Zircon,GRP_0345,train,IMG_0345_r30_f0,30,False,/content/BSM-Project/data/augmented/train/Zircon/44__r30_f0.jpg
IMG_0345,/content/BSM-Project/data/raw/BSM/Zircon/44.jpg,Zircon,GRP_0345,train,IMG_0345_r30_f1,30,True,/content/BSM-Project/data/augmented/train/Zircon/44__r30_f1.jpg
IMG_0345,/content/BSM-Project/data/raw/BSM/Zircon/44.jpg,Zircon,GRP_0345,train,IMG_0345_r45_f0,45,False,/content/BSM-Project/data/augmented/train/Zircon/44__r45_f0.jpg
IMG_0345,/content/BSM-Project/data/raw/BSM/Zircon/44.jpg,Zircon,GRP_0345,train,IMG_0345_r45_f1,45,True,/content/BSM-Project/data/augmented/train/Zircon/44__r45_f1.jpg
IMG_0345,/content/BSM-Project/data/raw/BSM/Zircon/44.jpg,Zircon,GRP_0345,train,IMG_0345_r90_f0,90,False,/content/BSM-Project/data/augmented/train/Zircon/44__r90_f0.jpg
IMG_0345,/content/BSM-Project/data/raw/BSM/Zircon/44.jpg,Zircon,GRP_0345,train,IMG_0345_r90_f1,90,True,/content/BSM-Project/data/augmented/train/Zircon/44__r90_f1.jpg
IMG_0345,/content/BSM-Project/data/raw/BSM/Zircon/44.jpg,Zircon,GRP_0345,train,IMG_0345_r180_f0,180,False,/content/BSM-Project/data/augmented/train/Zircon/44__r180_f0.jpg
IMG_0345,/content/BSM-Project/data/raw/BSM/Zircon/44.jpg,Zircon,GRP_0345,train,IMG_0345_r180_f1,180,True,/content/BSM-Project/data/augmented/train/Zircon/44__r180_f1.jpg
IMG_0345,/content/BSM-Project/data/raw/BSM/Zircon/44.jpg,Zircon,GRP_0345,train,IMG_0345_r270_f0,270,False,/content/BSM-Project/data/augmented/train/Zircon/44__r270_f0.jpg
IMG_0345,/content/BSM-Project/data/raw/BSM/Zircon/44.jpg,Zircon,GRP_0345,train,IMG_0345_r270_f1,270,True,/content/BSM-Project/data/augmented/train/Zircon/44__r270_f1.jpg
IMG_0346,/content/BSM-Project/data/raw/BSM/Zircon/45.jpg,Zircon,GRP_0346,train,IMG_0346_r0_f0,0,False,/content/BSM-Project/data/augmented/train/Zircon/45__r0_f0.jpg
IMG_0346,/content/BSM-Project/data/raw/BSM/Zircon/45.jpg,Zircon,GRP_0346,train,IMG_0346_r0_f1,0,True,/content/BSM-Project/data/augmented/train/Zircon/45__r0_f1.jpg
IMG_0346,/content/BSM-Project/data/raw/BSM/Zircon/45.jpg,Zircon,GRP_0346,train,IMG_0346_r30_f0,30,False,/content/BSM-Project/data/augmented/train/Zircon/45__r30_f0.jpg
IMG_0346,/content/BSM-Project/data/raw/BSM/Zircon/45.jpg,Zircon,GRP_0346,train,IMG_0346_r30_f1,30,True,/content/BSM-Project/data/augmented/train/Zircon/45__r30_f1.jpg
IMG_0346,/content/BSM-Project/data/raw/BSM/Zircon/45.jpg,Zircon,GRP_0346,train,IMG_0346_r45_f0,45,False,/content/BSM-Project/data/augmented/train/Zircon/45__r45_f0.jpg
IMG_0346,/content/BSM-Project/data/raw/BSM/Zircon/45.jpg,Zircon,GRP_0346,train,IMG_0346_r45_f1,45,True,/content/BSM-Project/data/augmented/train/Zircon/45__r45_f1.jpg
IMG_0346,/content/BSM-Project/data/raw/BSM/Zircon/45.jpg,Zircon,GRP_0346,train,IMG_0346_r90_f0,90,False,/content/BSM-Project/data/augmented/train/Zircon/45__r90_f0.jpg
IMG_0346,/content/BSM-Project/data/raw/BSM/Zircon/45.jpg,Zircon,GRP_0346,train,IMG_0346_r90_f1,90,True,/content/BSM-Project/data/augmented/train/Zircon/45__r90_f1.jpg
IMG_0346,/content/BSM-Project/data/raw/BSM/Zircon/45.jpg,Zircon,GRP_0346,train,IMG_0346_r180_f0,180,False,/content/BSM-Project/data/augmented/train/Zircon/45__r180_f0.jpg
IMG_0346,/content/BSM-Project/data/raw/BSM/Zircon/45.jpg,Zircon,GRP_0346,train,IMG_0346_r180_f1,180,True,/content/BSM-Project/data/augmented/train/Zircon/45__r180_f1.jpg
IMG_0346,/content/BSM-Project/data/raw/BSM/Zircon/45.jpg,Zircon,GRP_0346,train,IMG_0346_r270_f0,270,False,/content/BSM-Project/data/augmented/train/Zircon/45__r270_f0.jpg
IMG_0346,/content/BSM-Project/data/raw/BSM/Zircon/45.jpg,Zircon,GRP_0346,train,IMG_0346_r270_f1,270,True,/content/BSM-Project/data/augmented/train/Zircon/45__r270_f1.jpg
IMG_0347,/content/BSM-Project/data/raw/BSM/Zircon/46.jpg,Zircon,GRP_0347,train,IMG_0347_r0_f0,0,False,/content/BSM-Project/data/augmented/train/Zircon/46__r0_f0.jpg
IMG_0347,/content/BSM-Project/data/raw/BSM/Zircon/46.jpg,Zircon,GRP_0347,train,IMG_0347_r0_f1,0,True,/content/BSM-Project/data/augmented/train/Zircon/46__r0_f1.jpg
IMG_0347,/content/BSM-Project/data/raw/BSM/Zircon/46.jpg,Zircon,GRP_0347,train,IMG_0347_r30_f0,30,False,/content/BSM-Project/data/augmented/train/Zircon/46__r30_f0.jpg
IMG_0347,/content/BSM-Project/data/raw/BSM/Zircon/46.jpg,Zircon,GRP_0347,train,IMG_0347_r30_f1,30,True,/content/BSM-Project/data/augmented/train/Zircon/46__r30_f1.jpg
IMG_0347,/content/BSM-Project/data/raw/BSM/Zircon/46.jpg,Zircon,GRP_0347,train,IMG_0347_r45_f0,45,False,/content/BSM-Project/data/augmented/train/Zircon/46__r45_f0.jpg
IMG_0347,/content/BSM-Project/data/raw/BSM/Zircon/46.jpg,Zircon,GRP_0347,train,IMG_0347_r45_f1,45,True,/content/BSM-Project/data/augmented/train/Zircon/46__r45_f1.jpg
IMG_0347,/content/BSM-Project/data/raw/BSM/Zircon/46.jpg,Zircon,GRP_0347,train,IMG_0347_r90_f0,90,False,/content/BSM-Project/data/augmented/train/Zircon/46__r90_f0.jpg
IMG_0347,/content/BSM-Project/data/raw/BSM/Zircon/46.jpg,Zircon,GRP_0347,train,IMG_0347_r90_f1,90,True,/content/BSM-Project/data/augmented/train/Zircon/46__r90_f1.jpg
IMG_0347,/content/BSM-Project/data/raw/BSM/Zircon/46.jpg,Zircon,GRP_0347,train,IMG_0347_r180_f0,180,False,/content/BSM-Project/data/augmented/train/Zircon/46__r180_f0.jpg
IMG_0347,/content/BSM-Project/data/raw/BSM/Zircon/46.jpg,Zircon,GRP_0347,train,IMG_0347_r180_f1,180,True,/content/BSM-Project/data/augmented/train/Zircon/46__r180_f1.jpg
IMG_0347,/content/BSM-Project/data/raw/BSM/Zircon/46.jpg,Zircon,GRP_0347,train,IMG_0347_r270_f0,270,False,/content/BSM-Project/data/augmented/train/Zircon/46__r270_f0.jpg
IMG_0347,/content/BSM-Project/data/raw/BSM/Zircon/46.jpg,Zircon,GRP_0347,train,IMG_0347_r270_f1,270,True,/content/BSM-Project/data/augmented/train/Zircon/46__r270_f1.jpg
IMG_0348,/content/BSM-Project/data/raw/BSM/Zircon/47.jpg,Zircon,GRP_0348,train,IMG_0348_r0_f0,0,False,/content/BSM-Project/data/augmented/train/Zircon/47__r0_f0.jpg
IMG_0348,/content/BSM-Project/data/raw/BSM/Zircon/47.jpg,Zircon,GRP_0348,train,IMG_0348_r0_f1,0,True,/content/BSM-Project/data/augmented/train/Zircon/47__r0_f1.jpg
IMG_0348,/content/BSM-Project/data/raw/BSM/Zircon/47.jpg,Zircon,GRP_0348,train,IMG_0348_r30_f0,30,False,/content/BSM-Project/data/augmented/train/Zircon/47__r30_f0.jpg
IMG_0348,/content/BSM-Project/data/raw/BSM/Zircon/47.jpg,Zircon,GRP_0348,train,IMG_0348_r30_f1,30,True,/content/BSM-Project/data/augmented/train/Zircon/47__r30_f1.jpg
IMG_0348,/content/BSM-Project/data/raw/BSM/Zircon/47.jpg,Zircon,GRP_0348,train,IMG_0348_r45_f0,45,False,/content/BSM-Project/data/augmented/train/Zircon/47__r45_f0.jpg
IMG_0348,/content/BSM-Project/data/raw/BSM/Zircon/47.jpg,Zircon,GRP_0348,train,IMG_0348_r45_f1,45,True,/content/BSM-Project/data/augmented/train/Zircon/47__r45_f1.jpg
IMG_0348,/content/BSM-Project/data/raw/BSM/Zircon/47.jpg,Zircon,GRP_0348,train,IMG_0348_r90_f0,90,False,/content/BSM-Project/data/augmented/train/Zircon/47__r90_f0.jpg
IMG_0348,/content/BSM-Project/data/raw/BSM/Zircon/47.jpg,Zircon,GRP_0348,train,IMG_0348_r90_f1,90,True,/content/BSM-Project/data/augmented/train/Zircon/47__r90_f1.jpg
IMG_0348,/content/BSM-Project/data/raw/BSM/Zircon/47.jpg,Zircon,GRP_0348,train,IMG_0348_r180_f0,180,False,/content/BSM-Project/data/augmented/train/Zircon/47__r180_f0.jpg
IMG_0348,/content/BSM-Project/data/raw/BSM/Zircon/47.jpg,Zircon,GRP_0348,train,IMG_0348_r180_f1,180,True,/content/BSM-Project/data/augmented/train/Zircon/47__r180_f1.jpg
IMG_0348,/content/BSM-Project/data/raw/BSM/Zircon/47.jpg,Zircon,GRP_0348,train,IMG_0348_r270_f0,270,False,/content/BSM-Project/data/augmented/train/Zircon/47__r270_f0.jpg
IMG_0348,/content/BSM-Project/data/raw/BSM/Zircon/47.jpg,Zircon,GRP_0348,train,IMG_0348_r270_f1,270,True,/content/BSM-Project/data/augmented/train/Zircon/47__r270_f1.jpg
IMG_0349,/content/BSM-Project/data/raw/BSM/Zircon/48.jpg,Zircon,GRP_0349,train,IMG_0349_r0_f0,0,False,/content/BSM-Project/data/augmented/train/Zircon/48__r0_f0.jpg
IMG_0349,/content/BSM-Project/data/raw/BSM/Zircon/48.jpg,Zircon,GRP_0349,train,IMG_0349_r0_f1,0,True,/content/BSM-Project/data/augmented/train/Zircon/48__r0_f1.jpg
IMG_0349,/content/BSM-Project/data/raw/BSM/Zircon/48.jpg,Zircon,GRP_0349,train,IMG_0349_r30_f0,30,False,/content/BSM-Project/data/augmented/train/Zircon/48__r30_f0.jpg
IMG_0349,/content/BSM-Project/data/raw/BSM/Zircon/48.jpg,Zircon,GRP_0349,train,IMG_0349_r30_f1,30,True,/content/BSM-Project/data/augmented/train/Zircon/48__r30_f1.jpg
IMG_0349,/content/BSM-Project/data/raw/BSM/Zircon/48.jpg,Zircon,GRP_0349,train,IMG_0349_r45_f0,45,False,/content/BSM-Project/data/augmented/train/Zircon/48__r45_f0.jpg
IMG_0349,/content/BSM-Project/data/raw/BSM/Zircon/48.jpg,Zircon,GRP_0349,train,IMG_0349_r45_f1,45,True,/content/BSM-Project/data/augmented/train/Zircon/48__r45_f1.jpg
IMG_0349,/content/BSM-Project/data/raw/BSM/Zircon/48.jpg,Zircon,GRP_0349,train,IMG_0349_r90_f0,90,False,/content/BSM-Project/data/augmented/train/Zircon/48__r90_f0.jpg
IMG_0349,/content/BSM-Project/data/raw/BSM/Zircon/48.jpg,Zircon,GRP_0349,train,IMG_0349_r90_f1,90,True,/content/BSM-Project/data/augmented/train/Zircon/48__r90_f1.jpg
IMG_0349,/content/BSM-Project/data/raw/BSM/Zircon/48.jpg,Zircon,GRP_0349,train,IMG_0349_r180_f0,180,False,/content/BSM-Project/data/augmented/train/Zircon/48__r180_f0.jpg
IMG_0349,/content/BSM-Project/data/raw/BSM/Zircon/48.jpg,Zircon,GRP_0349,train,IMG_0349_r180_f1,180,True,/content/BSM-Project/data/augmented/train/Zircon/48__r180_f1.jpg
IMG_0349,/content/BSM-Project/data/raw/BSM/Zircon/48.jpg,Zircon,GRP_0349,train,IMG_0349_r270_f0,270,False,/content/BSM-Project/data/augmented/train/Zircon/48__r270_f0.jpg
IMG_0349,/content/BSM-Project/data/raw/BSM/Zircon/48.jpg,Zircon,GRP_0349,train,IMG_0349_r270_f1,270,True,/content/BSM-Project/data/augmented/train/Zircon/48__r270_f1.jpg
IMG_0350,/content/BSM-Project/data/raw/BSM/Zircon/49.jpg,Zircon,GRP_0350,train,IMG_0350_r0_f0,0,False,/content/BSM-Project/data/augmented/train/Zircon/49__r0_f0.jpg
IMG_0350,/content/BSM-Project/data/raw/BSM/Zircon/49.jpg,Zircon,GRP_0350,train,IMG_0350_r0_f1,0,True,/content/BSM-Project/data/augmented/train/Zircon/49__r0_f1.jpg
IMG_0350,/content/BSM-Project/data/raw/BSM/Zircon/49.jpg,Zircon,GRP_0350,train,IMG_0350_r30_f0,30,False,/content/BSM-Project/data/augmented/train/Zircon/49__r30_f0.jpg
IMG_0350,/content/BSM-Project/data/raw/BSM/Zircon/49.jpg,Zircon,GRP_0350,train,IMG_0350_r30_f1,30,True,/content/BSM-Project/data/augmented/train/Zircon/49__r30_f1.jpg
IMG_0350,/content/BSM-Project/data/raw/BSM/Zircon/49.jpg,Zircon,GRP_0350,train,IMG_0350_r45_f0,45,False,/content/BSM-Project/data/augmented/train/Zircon/49__r45_f0.jpg
IMG_0350,/content/BSM-Project/data/raw/BSM/Zircon/49.jpg,Zircon,GRP_0350,train,IMG_0350_r45_f1,45,True,/content/BSM-Project/data/augmented/train/Zircon/49__r45_f1.jpg
IMG_0350,/content/BSM-Project/data/raw/BSM/Zircon/49.jpg,Zircon,GRP_0350,train,IMG_0350_r90_f0,90,False,/content/BSM-Project/data/augmented/train/Zircon/49__r90_f0.jpg
IMG_0350,/content/BSM-Project/data/raw/BSM/Zircon/49.jpg,Zircon,GRP_0350,train,IMG_0350_r90_f1,90,True,/content/BSM-Project/data/augmented/train/Zircon/49__r90_f1.jpg
IMG_0350,/content/BSM-Project/data/raw/BSM/Zircon/49.jpg,Zircon,GRP_0350,train,IMG_0350_r180_f0,180,False,/content/BSM-Project/data/augmented/train/Zircon/49__r180_f0.jpg
IMG_0350,/content/BSM-Project/data/raw/BSM/Zircon/49.jpg,Zircon,GRP_0350,train,IMG_0350_r180_f1,180,True,/content/BSM-Project/data/augmented/train/Zircon/49__r180_f1.jpg
IMG_0350,/content/BSM-Project/data/raw/BSM/Zircon/49.jpg,Zircon,GRP_0350,train,IMG_0350_r270_f0,270,False,/content/BSM-Project/data/augmented/train/Zircon/49__r270_f0.jpg
IMG_0350,/content/BSM-Project/data/raw/BSM/Zircon/49.jpg,Zircon,GRP_0350,train,IMG_0350_r270_f1,270,True,/content/BSM-Project/data/augmented/train/Zircon/49__r270_f1.jpg
IMG_0351,/content/BSM-Project/data/raw/BSM/Zircon/5.jpg,Zircon,GRP_0351,train,IMG_0351_r0_f0,0,False,/content/BSM-Project/data/augmented/train/Zircon/5__r0_f0.jpg
IMG_0351,/content/BSM-Project/data/raw/BSM/Zircon/5.jpg,Zircon,GRP_0351,train,IMG_0351_r0_f1,0,True,/content/BSM-Project/data/augmented/train/Zircon/5__r0_f1.jpg
IMG_0351,/content/BSM-Project/data/raw/BSM/Zircon/5.jpg,Zircon,GRP_0351,train,IMG_0351_r30_f0,30,False,/content/BSM-Project/data/augmented/train/Zircon/5__r30_f0.jpg
IMG_0351,/content/BSM-Project/data/raw/BSM/Zircon/5.jpg,Zircon,GRP_0351,train,IMG_0351_r30_f1,30,True,/content/BSM-Project/data/augmented/train/Zircon/5__r30_f1.jpg
IMG_0351,/content/BSM-Project/data/raw/BSM/Zircon/5.jpg,Zircon,GRP_0351,train,IMG_0351_r45_f0,45,False,/content/BSM-Project/data/augmented/train/Zircon/5__r45_f0.jpg
IMG_0351,/content/BSM-Project/data/raw/BSM/Zircon/5.jpg,Zircon,GRP_0351,train,IMG_0351_r45_f1,45,True,/content/BSM-Project/data/augmented/train/Zircon/5__r45_f1.jpg
IMG_0351,/content/BSM-Project/data/raw/BSM/Zircon/5.jpg,Zircon,GRP_0351,train,IMG_0351_r90_f0,90,False,/content/BSM-Project/data/augmented/train/Zircon/5__r90_f0.jpg
IMG_0351,/content/BSM-Project/data/raw/BSM/Zircon/5.jpg,Zircon,GRP_0351,train,IMG_0351_r90_f1,90,True,/content/BSM-Project/data/augmented/train/Zircon/5__r90_f1.jpg
IMG_0351,/content/BSM-Project/data/raw/BSM/Zircon/5.jpg,Zircon,GRP_0351,train,IMG_0351_r180_f0,180,False,/content/BSM-Project/data/augmented/train/Zircon/5__r180_f0.jpg
IMG_0351,/content/BSM-Project/data/raw/BSM/Zircon/5.jpg,Zircon,GRP_0351,train,IMG_0351_r180_f1,180,True,/content/BSM-Project/data/augmented/train/Zircon/5__r180_f1.jpg
IMG_0351,/content/BSM-Project/data/raw/BSM/Zircon/5.jpg,Zircon,GRP_0351,train,IMG_0351_r270_f0,270,False,/content/BSM-Project/data/augmented/train/Zircon/5__r270_f0.jpg
IMG_0351,/content/BSM-Project/data/raw/BSM/Zircon/5.jpg,Zircon,GRP_0351,train,IMG_0351_r270_f1,270,True,/content/BSM-Project/data/augmented/train/Zircon/5__r270_f1.jpg
IMG_0352,/content/BSM-Project/data/raw/BSM/Zircon/50.jpg,Zircon,GRP_0352,train,IMG_0352_r0_f0,0,False,/content/BSM-Project/data/augmented/train/Zircon/50__r0_f0.jpg
IMG_0352,/content/BSM-Project/data/raw/BSM/Zircon/50.jpg,Zircon,GRP_0352,train,IMG_0352_r0_f1,0,True,/content/BSM-Project/data/augmented/train/Zircon/50__r0_f1.jpg
IMG_0352,/content/BSM-Project/data/raw/BSM/Zircon/50.jpg,Zircon,GRP_0352,train,IMG_0352_r30_f0,30,False,/content/BSM-Project/data/augmented/train/Zircon/50__r30_f0.jpg
IMG_0352,/content/BSM-Project/data/raw/BSM/Zircon/50.jpg,Zircon,GRP_0352,train,IMG_0352_r30_f1,30,True,/content/BSM-Project/data/augmented/train/Zircon/50__r30_f1.jpg
IMG_0352,/content/BSM-Project/data/raw/BSM/Zircon/50.jpg,Zircon,GRP_0352,train,IMG_0352_r45_f0,45,False,/content/BSM-Project/data/augmented/train/Zircon/50__r45_f0.jpg
IMG_0352,/content/BSM-Project/data/raw/BSM/Zircon/50.jpg,Zircon,GRP_0352,train,IMG_0352_r45_f1,45,True,/content/BSM-Project/data/augmented/train/Zircon/50__r45_f1.jpg
IMG_0352,/content/BSM-Project/data/raw/BSM/Zircon/50.jpg,Zircon,GRP_0352,train,IMG_0352_r90_f0,90,False,/content/BSM-Project/data/augmented/train/Zircon/50__r90_f0.jpg
IMG_0352,/content/BSM-Project/data/raw/BSM/Zircon/50.jpg,Zircon,GRP_0352,train,IMG_0352_r90_f1,90,True,/content/BSM-Project/data/augmented/train/Zircon/50__r90_f1.jpg
IMG_0352,/content/BSM-Project/data/raw/BSM/Zircon/50.jpg,Zircon,GRP_0352,train,IMG_0352_r180_f0,180,False,/content/BSM-Project/data/augmented/train/Zircon/50__r180_f0.jpg
IMG_0352,/content/BSM-Project/data/raw/BSM/Zircon/50.jpg,Zircon,GRP_0352,train,IMG_0352_r180_f1,180,True,/content/BSM-Project/data/augmented/train/Zircon/50__r180_f1.jpg
IMG_0352,/content/BSM-Project/data/raw/BSM/Zircon/50.jpg,Zircon,GRP_0352,train,IMG_0352_r270_f0,270,False,/content/BSM-Project/data/augmented/train/Zircon/50__r270_f0.jpg
IMG_0352,/content/BSM-Project/data/raw/BSM/Zircon/50.jpg,Zircon,GRP_0352,train,IMG_0352_r270_f1,270,True,/content/BSM-Project/data/augmented/train/Zircon/50__r270_f1.jpg
IMG_0353,/content/BSM-Project/data/raw/BSM/Zircon/51.jpg,Zircon,GRP_0353,train,IMG_0353_r0_f0,0,False,/content/BSM-Project/data/augmented/train/Zircon/51__r0_f0.jpg
IMG_0353,/content/BSM-Project/data/raw/BSM/Zircon/51.jpg,Zircon,GRP_0353,train,IMG_0353_r0_f1,0,True,/content/BSM-Project/data/augmented/train/Zircon/51__r0_f1.jpg
IMG_0353,/content/BSM-Project/data/raw/BSM/Zircon/51.jpg,Zircon,GRP_0353,train,IMG_0353_r30_f0,30,False,/content/BSM-Project/data/augmented/train/Zircon/51__r30_f0.jpg
IMG_0353,/content/BSM-Project/data/raw/BSM/Zircon/51.jpg,Zircon,GRP_0353,train,IMG_0353_r30_f1,30,True,/content/BSM-Project/data/augmented/train/Zircon/51__r30_f1.jpg
IMG_0353,/content/BSM-Project/data/raw/BSM/Zircon/51.jpg,Zircon,GRP_0353,train,IMG_0353_r45_f0,45,False,/content/BSM-Project/data/augmented/train/Zircon/51__r45_f0.jpg
IMG_0353,/content/BSM-Project/data/raw/BSM/Zircon/51.jpg,Zircon,GRP_0353,train,IMG_0353_r45_f1,45,True,/content/BSM-Project/data/augmented/train/Zircon/51__r45_f1.jpg
IMG_0353,/content/BSM-Project/data/raw/BSM/Zircon/51.jpg,Zircon,GRP_0353,train,IMG_0353_r90_f0,90,False,/content/BSM-Project/data/augmented/train/Zircon/51__r90_f0.jpg
IMG_0353,/content/BSM-Project/data/raw/BSM/Zircon/51.jpg,Zircon,GRP_0353,train,IMG_0353_r90_f1,90,True,/content/BSM-Project/data/augmented/train/Zircon/51__r90_f1.jpg
IMG_0353,/content/BSM-Project/data/raw/BSM/Zircon/51.jpg,Zircon,GRP_0353,train,IMG_0353_r180_f0,180,False,/content/BSM-Project/data/augmented/train/Zircon/51__r180_f0.jpg
IMG_0353,/content/BSM-Project/data/raw/BSM/Zircon/51.jpg,Zircon,GRP_0353,train,IMG_0353_r180_f1,180,True,/content/BSM-Project/data/augmented/train/Zircon/51__r180_f1.jpg
IMG_0353,/content/BSM-Project/data/raw/BSM/Zircon/51.jpg,Zircon,GRP_0353,train,IMG_0353_r270_f0,270,False,/content/BSM-Project/data/augmented/train/Zircon/51__r270_f0.jpg
IMG_0353,/content/BSM-Project/data/raw/BSM/Zircon/51.jpg,Zircon,GRP_0353,train,IMG_0353_r270_f1,270,True,/content/BSM-Project/data/augmented/train/Zircon/51__r270_f1.jpg
IMG_0354,/content/BSM-Project/data/raw/BSM/Zircon/52.jpg,Zircon,GRP_0354,train,IMG_0354_r0_f0,0,False,/content/BSM-Project/data/augmented/train/Zircon/52__r0_f0.jpg
IMG_0354,/content/BSM-Project/data/raw/BSM/Zircon/52.jpg,Zircon,GRP_0354,train,IMG_0354_r0_f1,0,True,/content/BSM-Project/data/augmented/train/Zircon/52__r0_f1.jpg
IMG_0354,/content/BSM-Project/data/raw/BSM/Zircon/52.jpg,Zircon,GRP_0354,train,IMG_0354_r30_f0,30,False,/content/BSM-Project/data/augmented/train/Zircon/52__r30_f0.jpg
IMG_0354,/content/BSM-Project/data/raw/BSM/Zircon/52.jpg,Zircon,GRP_0354,train,IMG_0354_r30_f1,30,True,/content/BSM-Project/data/augmented/train/Zircon/52__r30_f1.jpg
IMG_0354,/content/BSM-Project/data/raw/BSM/Zircon/52.jpg,Zircon,GRP_0354,train,IMG_0354_r45_f0,45,False,/content/BSM-Project/data/augmented/train/Zircon/52__r45_f0.jpg
IMG_0354,/content/BSM-Project/data/raw/BSM/Zircon/52.jpg,Zircon,GRP_0354,train,IMG_0354_r45_f1,45,True,/content/BSM-Project/data/augmented/train/Zircon/52__r45_f1.jpg
IMG_0354,/content/BSM-Project/data/raw/BSM/Zircon/52.jpg,Zircon,GRP_0354,train,IMG_0354_r90_f0,90,False,/content/BSM-Project/data/augmented/train/Zircon/52__r90_f0.jpg
IMG_0354,/content/BSM-Project/data/raw/BSM/Zircon/52.jpg,Zircon,GRP_0354,train,IMG_0354_r90_f1,90,True,/content/BSM-Project/data/augmented/train/Zircon/52__r90_f1.jpg
IMG_0354,/content/BSM-Project/data/raw/BSM/Zircon/52.jpg,Zircon,GRP_0354,train,IMG_0354_r180_f0,180,False,/content/BSM-Project/data/augmented/train/Zircon/52__r180_f0.jpg
IMG_0354,/content/BSM-Project/data/raw/BSM/Zircon/52.jpg,Zircon,GRP_0354,train,IMG_0354_r180_f1,180,True,/content/BSM-Project/data/augmented/train/Zircon/52__r180_f1.jpg
IMG_0354,/content/BSM-Project/data/raw/BSM/Zircon/52.jpg,Zircon,GRP_0354,train,IMG_0354_r270_f0,270,False,/content/BSM-Project/data/augmented/train/Zircon/52__r270_f0.jpg
IMG_0354,/content/BSM-Project/data/raw/BSM/Zircon/52.jpg,Zircon,GRP_0354,train,IMG_0354_r270_f1,270,True,/content/BSM-Project/data/augmented/train/Zircon/52__r270_f1.jpg
IMG_0358,/content/BSM-Project/data/raw/BSM/Zircon/56.jpg,Zircon,GRP_0358,train,IMG_0358_r0_f0,0,False,/content/BSM-Project/data/augmented/train/Zircon/56__r0_f0.jpg
IMG_0358,/content/BSM-Project/data/raw/BSM/Zircon/56.jpg,Zircon,GRP_0358,train,IMG_0358_r0_f1,0,True,/content/BSM-Project/data/augmented/train/Zircon/56__r0_f1.jpg
IMG_0358,/content/BSM-Project/data/raw/BSM/Zircon/56.jpg,Zircon,GRP_0358,train,IMG_0358_r30_f0,30,False,/content/BSM-Project/data/augmented/train/Zircon/56__r30_f0.jpg
IMG_0358,/content/BSM-Project/data/raw/BSM/Zircon/56.jpg,Zircon,GRP_0358,train,IMG_0358_r30_f1,30,True,/content/BSM-Project/data/augmented/train/Zircon/56__r30_f1.jpg
IMG_0358,/content/BSM-Project/data/raw/BSM/Zircon/56.jpg,Zircon,GRP_0358,train,IMG_0358_r45_f0,45,False,/content/BSM-Project/data/augmented/train/Zircon/56__r45_f0.jpg
IMG_0358,/content/BSM-Project/data/raw/BSM/Zircon/56.jpg,Zircon,GRP_0358,train,IMG_0358_r45_f1,45,True,/content/BSM-Project/data/augmented/train/Zircon/56__r45_f1.jpg
IMG_0358,/content/BSM-Project/data/raw/BSM/Zircon/56.jpg,Zircon,GRP_0358,train,IMG_0358_r90_f0,90,False,/content/BSM-Project/data/augmented/train/Zircon/56__r90_f0.jpg
IMG_0358,/content/BSM-Project/data/raw/BSM/Zircon/56.jpg,Zircon,GRP_0358,train,IMG_0358_r90_f1,90,True,/content/BSM-Project/data/augmented/train/Zircon/56__r90_f1.jpg
IMG_0358,/content/BSM-Project/data/raw/BSM/Zircon/56.jpg,Zircon,GRP_0358,train,IMG_0358_r180_f0,180,False,/content/BSM-Project/data/augmented/train/Zircon/56__r180_f0.jpg
IMG_0358,/content/BSM-Project/data/raw/BSM/Zircon/56.jpg,Zircon,GRP_0358,train,IMG_0358_r180_f1,180,True,/content/BSM-Project/data/augmented/train/Zircon/56__r180_f1.jpg
IMG_0358,/content/BSM-Project/data/raw/BSM/Zircon/56.jpg,Zircon,GRP_0358,train,IMG_0358_r270_f0,270,False,/content/BSM-Project/data/augmented/train/Zircon/56__r270_f0.jpg
IMG_0358,/content/BSM-Project/data/raw/BSM/Zircon/56.jpg,Zircon,GRP_0358,train,IMG_0358_r270_f1,270,True,/content/BSM-Project/data/augmented/train/Zircon/56__r270_f1.jpg
IMG_0359,/content/BSM-Project/data/raw/BSM/Zircon/57.jpg,Zircon,GRP_0359,train,IMG_0359_r0_f0,0,False,/content/BSM-Project/data/augmented/train/Zircon/57__r0_f0.jpg
IMG_0359,/content/BSM-Project/data/raw/BSM/Zircon/57.jpg,Zircon,GRP_0359,train,IMG_0359_r0_f1,0,True,/content/BSM-Project/data/augmented/train/Zircon/57__r0_f1.jpg
IMG_0359,/content/BSM-Project/data/raw/BSM/Zircon/57.jpg,Zircon,GRP_0359,train,IMG_0359_r30_f0,30,False,/content/BSM-Project/data/augmented/train/Zircon/57__r30_f0.jpg
IMG_0359,/content/BSM-Project/data/raw/BSM/Zircon/57.jpg,Zircon,GRP_0359,train,IMG_0359_r30_f1,30,True,/content/BSM-Project/data/augmented/train/Zircon/57__r30_f1.jpg
IMG_0359,/content/BSM-Project/data/raw/BSM/Zircon/57.jpg,Zircon,GRP_0359,train,IMG_0359_r45_f0,45,False,/content/BSM-Project/data/augmented/train/Zircon/57__r45_f0.jpg
IMG_0359,/content/BSM-Project/data/raw/BSM/Zircon/57.jpg,Zircon,GRP_0359,train,IMG_0359_r45_f1,45,True,/content/BSM-Project/data/augmented/train/Zircon/57__r45_f1.jpg
IMG_0359,/content/BSM-Project/data/raw/BSM/Zircon/57.jpg,Zircon,GRP_0359,train,IMG_0359_r90_f0,90,False,/content/BSM-Project/data/augmented/train/Zircon/57__r90_f0.jpg
IMG_0359,/content/BSM-Project/data/raw/BSM/Zircon/57.jpg,Zircon,GRP_0359,train,IMG_0359_r90_f1,90,True,/content/BSM-Project/data/augmented/train/Zircon/57__r90_f1.jpg
IMG_0359,/content/BSM-Project/data/raw/BSM/Zircon/57.jpg,Zircon,GRP_0359,train,IMG_0359_r180_f0,180,False,/content/BSM-Project/data/augmented/train/Zircon/57__r180_f0.jpg
IMG_0359,/content/BSM-Project/data/raw/BSM/Zircon/57.jpg,Zircon,GRP_0359,train,IMG_0359_r180_f1,180,True,/content/BSM-Project/data/augmented/train/Zircon/57__r180_f1.jpg
IMG_0359,/content/BSM-Project/data/raw/BSM/Zircon/57.jpg,Zircon,GRP_0359,train,IMG_0359_r270_f0,270,False,/content/BSM-Project/data/augmented/train/Zircon/57__r270_f0.jpg
IMG_0359,/content/BSM-Project/data/raw/BSM/Zircon/57.jpg,Zircon,GRP_0359,train,IMG_0359_r270_f1,270,True,/content/BSM-Project/data/augmented/train/Zircon/57__r270_f1.jpg
IMG_0363,/content/BSM-Project/data/raw/BSM/Zircon/60.jpg,Zircon,GRP_0363,train,IMG_0363_r0_f0,0,False,/content/BSM-Project/data/augmented/train/Zircon/60__r0_f0.jpg
IMG_0363,/content/BSM-Project/data/raw/BSM/Zircon/60.jpg,Zircon,GRP_0363,train,IMG_0363_r0_f1,0,True,/content/BSM-Project/data/augmented/train/Zircon/60__r0_f1.jpg
IMG_0363,/content/BSM-Project/data/raw/BSM/Zircon/60.jpg,Zircon,GRP_0363,train,IMG_0363_r30_f0,30,False,/content/BSM-Project/data/augmented/train/Zircon/60__r30_f0.jpg
IMG_0363,/content/BSM-Project/data/raw/BSM/Zircon/60.jpg,Zircon,GRP_0363,train,IMG_0363_r30_f1,30,True,/content/BSM-Project/data/augmented/train/Zircon/60__r30_f1.jpg
IMG_0363,/content/BSM-Project/data/raw/BSM/Zircon/60.jpg,Zircon,GRP_0363,train,IMG_0363_r45_f0,45,False,/content/BSM-Project/data/augmented/train/Zircon/60__r45_f0.jpg
IMG_0363,/content/BSM-Project/data/raw/BSM/Zircon/60.jpg,Zircon,GRP_0363,train,IMG_0363_r45_f1,45,True,/content/BSM-Project/data/augmented/train/Zircon/60__r45_f1.jpg
IMG_0363,/content/BSM-Project/data/raw/BSM/Zircon/60.jpg,Zircon,GRP_0363,train,IMG_0363_r90_f0,90,False,/content/BSM-Project/data/augmented/train/Zircon/60__r90_f0.jpg
IMG_0363,/content/BSM-Project/data/raw/BSM/Zircon/60.jpg,Zircon,GRP_0363,train,IMG_0363_r90_f1,90,True,/content/BSM-Project/data/augmented/train/Zircon/60__r90_f1.jpg
IMG_0363,/content/BSM-Project/data/raw/BSM/Zircon/60.jpg,Zircon,GRP_0363,train,IMG_0363_r180_f0,180,False,/content/BSM-Project/data/augmented/train/Zircon/60__r180_f0.jpg
IMG_0363,/content/BSM-Project/data/raw/BSM/Zircon/60.jpg,Zircon,GRP_0363,train,IMG_0363_r180_f1,180,True,/content/BSM-Project/data/augmented/train/Zircon/60__r180_f1.jpg
IMG_0363,/content/BSM-Project/data/raw/BSM/Zircon/60.jpg,Zircon,GRP_0363,train,IMG_0363_r270_f0,270,False,/content/BSM-Project/data/augmented/train/Zircon/60__r270_f0.jpg
IMG_0363,/content/BSM-Project/data/raw/BSM/Zircon/60.jpg,Zircon,GRP_0363,train,IMG_0363_r270_f1,270,True,/content/BSM-Project/data/augmented/train/Zircon/60__r270_f1.jpg
IMG_0364,/content/BSM-Project/data/raw/BSM/Zircon/7.jpg,Zircon,GRP_0364,train,IMG_0364_r0_f0,0,False,/content/BSM-Project/data/augmented/train/Zircon/7__r0_f0.jpg
IMG_0364,/content/BSM-Project/data/raw/BSM/Zircon/7.jpg,Zircon,GRP_0364,train,IMG_0364_r0_f1,0,True,/content/BSM-Project/data/augmented/train/Zircon/7__r0_f1.jpg
IMG_0364,/content/BSM-Project/data/raw/BSM/Zircon/7.jpg,Zircon,GRP_0364,train,IMG_0364_r30_f0,30,False,/content/BSM-Project/data/augmented/train/Zircon/7__r30_f0.jpg
IMG_0364,/content/BSM-Project/data/raw/BSM/Zircon/7.jpg,Zircon,GRP_0364,train,IMG_0364_r30_f1,30,True,/content/BSM-Project/data/augmented/train/Zircon/7__r30_f1.jpg
IMG_0364,/content/BSM-Project/data/raw/BSM/Zircon/7.jpg,Zircon,GRP_0364,train,IMG_0364_r45_f0,45,False,/content/BSM-Project/data/augmented/train/Zircon/7__r45_f0.jpg
IMG_0364,/content/BSM-Project/data/raw/BSM/Zircon/7.jpg,Zircon,GRP_0364,train,IMG_0364_r45_f1,45,True,/content/BSM-Project/data/augmented/train/Zircon/7__r45_f1.jpg
IMG_0364,/content/BSM-Project/data/raw/BSM/Zircon/7.jpg,Zircon,GRP_0364,train,IMG_0364_r90_f0,90,False,/content/BSM-Project/data/augmented/train/Zircon/7__r90_f0.jpg
IMG_0364,/content/BSM-Project/data/raw/BSM/Zircon/7.jpg,Zircon,GRP_0364,train,IMG_0364_r90_f1,90,True,/content/BSM-Project/data/augmented/train/Zircon/7__r90_f1.jpg
IMG_0364,/content/BSM-Project/data/raw/BSM/Zircon/7.jpg,Zircon,GRP_0364,train,IMG_0364_r180_f0,180,False,/content/BSM-Project/data/augmented/train/Zircon/7__r180_f0.jpg
IMG_0364,/content/BSM-Project/data/raw/BSM/Zircon/7.jpg,Zircon,GRP_0364,train,IMG_0364_r180_f1,180,True,/content/BSM-Project/data/augmented/train/Zircon/7__r180_f1.jpg
IMG_0364,/content/BSM-Project/data/raw/BSM/Zircon/7.jpg,Zircon,GRP_0364,train,IMG_0364_r270_f0,270,False,/content/BSM-Project/data/augmented/train/Zircon/7__r270_f0.jpg
IMG_0364,/content/BSM-Project/data/raw/BSM/Zircon/7.jpg,Zircon,GRP_0364,train,IMG_0364_r270_f1,270,True,/content/BSM-Project/data/augmented/train/Zircon/7__r270_f1.jpg
IMG_0365,/content/BSM-Project/data/raw/BSM/Zircon/8.jpg,Zircon,GRP_0365,train,IMG_0365_r0_f0,0,False,/content/BSM-Project/data/augmented/train/Zircon/8__r0_f0.jpg
IMG_0365,/content/BSM-Project/data/raw/BSM/Zircon/8.jpg,Zircon,GRP_0365,train,IMG_0365_r0_f1,0,True,/content/BSM-Project/data/augmented/train/Zircon/8__r0_f1.jpg
IMG_0365,/content/BSM-Project/data/raw/BSM/Zircon/8.jpg,Zircon,GRP_0365,train,IMG_0365_r30_f0,30,False,/content/BSM-Project/data/augmented/train/Zircon/8__r30_f0.jpg
IMG_0365,/content/BSM-Project/data/raw/BSM/Zircon/8.jpg,Zircon,GRP_0365,train,IMG_0365_r30_f1,30,True,/content/BSM-Project/data/augmented/train/Zircon/8__r30_f1.jpg
IMG_0365,/content/BSM-Project/data/raw/BSM/Zircon/8.jpg,Zircon,GRP_0365,train,IMG_0365_r45_f0,45,False,/content/BSM-Project/data/augmented/train/Zircon/8__r45_f0.jpg
IMG_0365,/content/BSM-Project/data/raw/BSM/Zircon/8.jpg,Zircon,GRP_0365,train,IMG_0365_r45_f1,45,True,/content/BSM-Project/data/augmented/train/Zircon/8__r45_f1.jpg
IMG_0365,/content/BSM-Project/data/raw/BSM/Zircon/8.jpg,Zircon,GRP_0365,train,IMG_0365_r90_f0,90,False,/content/BSM-Project/data/augmented/train/Zircon/8__r90_f0.jpg
IMG_0365,/content/BSM-Project/data/raw/BSM/Zircon/8.jpg,Zircon,GRP_0365,train,IMG_0365_r90_f1,90,True,/content/BSM-Project/data/augmented/train/Zircon/8__r90_f1.jpg
IMG_0365,/content/BSM-Project/data/raw/BSM/Zircon/8.jpg,Zircon,GRP_0365,train,IMG_0365_r180_f0,180,False,/content/BSM-Project/data/augmented/train/Zircon/8__r180_f0.jpg
IMG_0365,/content/BSM-Project/data/raw/BSM/Zircon/8.jpg,Zircon,GRP_0365,train,IMG_0365_r180_f1,180,True,/content/BSM-Project/data/augmented/train/Zircon/8__r180_f1.jpg
IMG_0365,/content/BSM-Project/data/raw/BSM/Zircon/8.jpg,Zircon,GRP_0365,train,IMG_0365_r270_f0,270,False,/content/BSM-Project/data/augmented/train/Zircon/8__r270_f0.jpg
IMG_0365,/content/BSM-Project/data/raw/BSM/Zircon/8.jpg,Zircon,GRP_0365,train,IMG_0365_r270_f1,270,True,/content/BSM-Project/data/augmented/train/Zircon/8__r270_f1.jpg
IMG_0366,/content/BSM-Project/data/raw/BSM/Zircon/9.jpg,Zircon,GRP_0366,train,IMG_0366_r0_f0,0,False,/content/BSM-Project/data/augmented/train/Zircon/9__r0_f0.jpg
IMG_0366,/content/BSM-Project/data/raw/BSM/Zircon/9.jpg,Zircon,GRP_0366,train,IMG_0366_r0_f1,0,True,/content/BSM-Project/data/augmented/train/Zircon/9__r0_f1.jpg
IMG_0366,/content/BSM-Project/data/raw/BSM/Zircon/9.jpg,Zircon,GRP_0366,train,IMG_0366_r30_f0,30,False,/content/BSM-Project/data/augmented/train/Zircon/9__r30_f0.jpg
IMG_0366,/content/BSM-Project/data/raw/BSM/Zircon/9.jpg,Zircon,GRP_0366,train,IMG_0366_r30_f1,30,True,/content/BSM-Project/data/augmented/train/Zircon/9__r30_f1.jpg
IMG_0366,/content/BSM-Project/data/raw/BSM/Zircon/9.jpg,Zircon,GRP_0366,train,IMG_0366_r45_f0,45,False,/content/BSM-Project/data/augmented/train/Zircon/9__r45_f0.jpg
IMG_0366,/content/BSM-Project/data/raw/BSM/Zircon/9.jpg,Zircon,GRP_0366,train,IMG_0366_r45_f1,45,True,/content/BSM-Project/data/augmented/train/Zircon/9__r45_f1.jpg
IMG_0366,/content/BSM-Project/data/raw/BSM/Zircon/9.jpg,Zircon,GRP_0366,train,IMG_0366_r90_f0,90,False,/content/BSM-Project/data/augmented/train/Zircon/9__r90_f0.jpg
IMG_0366,/content/BSM-Project/data/raw/BSM/Zircon/9.jpg,Zircon,GRP_0366,train,IMG_0366_r90_f1,90,True,/content/BSM-Project/data/augmented/train/Zircon/9__r90_f1.jpg
IMG_0366,/content/BSM-Project/data/raw/BSM/Zircon/9.jpg,Zircon,GRP_0366,train,IMG_0366_r180_f0,180,False,/content/BSM-Project/data/augmented/train/Zircon/9__r180_f0.jpg
IMG_0366,/content/BSM-Project/data/raw/BSM/Zircon/9.jpg,Zircon,GRP_0366,train,IMG_0366_r180_f1,180,True,/content/BSM-Project/data/augmented/train/Zircon/9__r180_f1.jpg
IMG_0366,/content/BSM-Project/data/raw/BSM/Zircon/9.jpg,Zircon,GRP_0366,train,IMG_0366_r270_f0,270,False,/content/BSM-Project/data/augmented/train/Zircon/9__r270_f0.jpg
IMG_0366,/content/BSM-Project/data/raw/BSM/Zircon/9.jpg,Zircon,GRP_0366,train,IMG_0366_r270_f1,270,True,/content/BSM-Project/data/augmented/train/Zircon/9__r270_f1.jpg
