sample_id,split,class,class_idx,source_image_id,source_path,group_id,sample_path,is_augmented,rotation_angle,horizontal_flip,width,height,channels,file_size_bytes,sha256
IMG_0001,test,Garnet,3,IMG_0001,/content/BSM-Project/data/raw/BSM/Garnet/10.jpg,GRP_0001,/content/BSM-Project/data/processed/Garnet/10.jpg,False,0,False,224,224,3,24764,dae9e8911e18768ccee3d3e3cc809f5c514fcb9302d4c9d7d89ed0131c5ae96d
IMG_0002,test,Garnet,3,IMG_0002,/content/BSM-Project/data/raw/BSM/Garnet/11.jpg,GRP_0002,/content/BSM-Project/data/processed/Garnet/11.jpg,False,0,False,224,224,3,19478,cd44367b4af9072d484452dcfdcb7e94db6fd9cc0bae680195c7109b5e1c8d97
IMG_0008,test,Garnet,3,IMG_0008,/content/BSM-Project/data/raw/BSM/Garnet/17.jpg,GRP_0008,/content/BSM-Project/data/processed/Garnet/17.jpg,False,0,False,224,224,3,18781,99b3dc295563919c918646fb86fd3d778b6993394bd02664d46a6345c33760dd
IMG_0013,test,Garnet,3,IMG_0013,/content/BSM-Project/data/raw/BSM/Garnet/21.jpg,GRP_0013,/content/BSM-Project/data/processed/Garnet/21.jpg,False,0,False,224,224,3,30694,b5e686841b19cc2b1b77162289efcf2142926bee556840c786c3ba8987551ee5
IMG_0014,test,Garnet,3,IMG_0014,/content/BSM-Project/data/raw/BSM/Garnet/22.jpg,GRP_0014,/content/BSM-Project/data/processed/Garnet/22.jpg,False,0,False,224,224,3,23280,1dd9924d5cf96658ae947b9ae7cc14b1a7d881f052bef9c908482929105f1322
IMG_0033,test,Garnet,3,IMG_0033,/content/BSM-Project/data/raw/BSM/Garnet/4.jpg,GRP_0033,/content/BSM-Project/data/processed/Garnet/4.jpg,False,0,False,224,224,3,19105,c5e08870b557531f84491a4fd2656d00b100013d2e00ee6e89c5e44b1ff682d4
IMG_0036,test,Garnet,3,IMG_0036,/content/BSM-Project/data/raw/BSM/Garnet/42.jpg,GRP_0036,/content/BSM-Project/data/processed/Garnet/42.jpg,False,0,False,224,224,3,22218,aaf469c550698edc1fd74f0f1dcf8c093d0810898cffc1fd950c446ce72de622
IMG_0043,test,Garnet,3,IMG_0043,/content/BSM-Project/data/raw/BSM/Garnet/49.jpg,GRP_0043,/content/BSM-Project/data/processed/Garnet/49.jpg,False,0,False,224,224,3,23031,d4acc91e5ba1259fb2c9465cdcc5aece32aa01623afb601b01ae532ce5e81ade
IMG_0058,test,Garnet,3,IMG_0058,/content/BSM-Project/data/raw/BSM/Garnet/8.jpg,GRP_0058,/content/BSM-Project/data/processed/Garnet/8.jpg,False,0,False,224,224,3,11047,9d46b81eaa45875c970fdedd6d9c87a936d3615cd18369091786b562c8cbd8ae
IMG_0061,test,Ilmenite,0,IMG_0061,/content/BSM-Project/data/raw/BSM/Ilmenite/10.jpg,GRP_0061,/content/BSM-Project/data/processed/Ilmenite/10.jpg,False,0,False,224,224,3,20316,3359e117b140f069f36bf229f1bd94275fca7db0019f2c7449c2dcc39690d20f
IMG_0070,test,Ilmenite,0,IMG_0070,/content/BSM-Project/data/raw/BSM/Ilmenite/19.jpg,GRP_0070,/content/BSM-Project/data/processed/Ilmenite/19.jpg,False,0,False,224,224,3,23972,dde44d3de7c464e693435f5ac58a646deb558333bcd9f1902ffb923f4cf4758f
IMG_0089,test,Ilmenite,0,IMG_0089,/content/BSM-Project/data/raw/BSM/Ilmenite/36.jpg,GRP_0089,/content/BSM-Project/data/processed/Ilmenite/36.jpg,False,0,False,224,224,3,21648,2bdd0c6da3baa4ef46e17ea7e3941b27f4e748664538959ad3c1d3f180b63e99
IMG_0091,test,Ilmenite,0,IMG_0091,/content/BSM-Project/data/raw/BSM/Ilmenite/38.jpg,GRP_0091,/content/BSM-Project/data/processed/Ilmenite/38.jpg,False,0,False,224,224,3,19464,676eef202bb9c90d3d09f97a01daae5087c84b2c04b1c4445abfd301a8ad4927
IMG_0102,test,Ilmenite,0,IMG_0102,/content/BSM-Project/data/raw/BSM/Ilmenite/48.jpg,GRP_0102,/content/BSM-Project/data/processed/Ilmenite/48.jpg,False,0,False,224,224,3,24619,479e9fbb3629d2567fb04ec590e44e7649381a7737fdd55ba814ec3c5864d3aa
IMG_0112,test,Ilmenite,0,IMG_0112,/content/BSM-Project/data/raw/BSM/Ilmenite/57.jpg,GRP_0112,/content/BSM-Project/data/processed/Ilmenite/57.jpg,False,0,False,224,224,3,22540,73ce8e6e50bd40e78e7418533eb779d075d980523219c706481b4c0ce1d078e5
IMG_0113,test,Ilmenite,0,IMG_0113,/content/BSM-Project/data/raw/BSM/Ilmenite/58.jpg,GRP_0113,/content/BSM-Project/data/processed/Ilmenite/58.jpg,False,0,False,224,224,3,21870,ded1187a04b277784ca61abd62e6fc9916d85f9efb523d9c43f8724bdda32af8
IMG_0114,test,Ilmenite,0,IMG_0114,/content/BSM-Project/data/raw/BSM/Ilmenite/59.jpg,GRP_0114,/content/BSM-Project/data/processed/Ilmenite/59.jpg,False,0,False,224,224,3,23829,0b441291123d99e35bb58eb1040da937128f5c1f27aa67628f1a17584c1fbcd5
IMG_0115,test,Ilmenite,0,IMG_0115,/content/BSM-Project/data/raw/BSM/Ilmenite/6.jpg,GRP_0115,/content/BSM-Project/data/processed/Ilmenite/6.jpg,False,0,False,224,224,3,18273,6b52d0835ce5ebc71cc26af40c03d65626be12e10908cdb90f2fa9d79eb1ebcb
IMG_0119,test,Ilmenite,0,IMG_0119,/content/BSM-Project/data/raw/BSM/Ilmenite/7.jpg,GRP_0119,/content/BSM-Project/data/processed/Ilmenite/7.jpg,False,0,False,224,224,3,18484,90515a8411a6a81d1a70992e9cabde361199dbc886681e61c04b2237d54ebe95
IMG_0122,test,Monazite,4,IMG_0122,/content/BSM-Project/data/raw/BSM/Monazite/1.jpg,GRP_0122,/content/BSM-Project/data/processed/Monazite/1.jpg,False,0,False,224,224,3,16124,ebe846ca067d48cf3ae34717476526918d623b5f78075ee1f22351acfb037bb6
IMG_0132,test,Monazite,4,IMG_0132,/content/BSM-Project/data/raw/BSM/Monazite/19.jpg,GRP_0132,/content/BSM-Project/data/processed/Monazite/19.jpg,False,0,False,224,224,3,21178,e1772a6c135c737da3b35462ea9667afab87c06bcee65c81960d5fa8dbc43916
IMG_0140,test,Monazite,4,IMG_0140,/content/BSM-Project/data/raw/BSM/Monazite/26.jpg,GRP_0140,/content/BSM-Project/data/processed/Monazite/26.jpg,False,0,False,224,224,3,24938,e7778a38ac904b1f10dd6207bac7ed5320a89dc1667d9abd674dccca265cb813
IMG_0143,test,Monazite,4,IMG_0143,/content/BSM-Project/data/raw/BSM/Monazite/29.jpg,GRP_0143,/content/BSM-Project/data/processed/Monazite/29.jpg,False,0,False,224,224,3,19636,56754ae4236d8904b626a07fb10002d7b493a31c537fcef9a3b9b158c3d24566
IMG_0148,test,Monazite,4,IMG_0148,/content/BSM-Project/data/raw/BSM/Monazite/33.jpg,GRP_0148,/content/BSM-Project/data/processed/Monazite/33.jpg,False,0,False,224,224,3,21166,7370ffc93cc0e5b3848ceba3fb82ad313a1ceb5b43ef72127ef91d9ff86ae75a
IMG_0149,test,Monazite,4,IMG_0149,/content/BSM-Project/data/raw/BSM/Monazite/34.jpg,GRP_0149,/content/BSM-Project/data/processed/Monazite/34.jpg,False,0,False,224,224,3,16180,193d61be9d575be377d6ee9049111560dd63e29ecde0b9d30d867297bfcb9ced
IMG_0161,test,Monazite,4,IMG_0161,/content/BSM-Project/data/raw/BSM/Monazite/45.jpg,GRP_0161,/content/BSM-Project/data/processed/Monazite/45.jpg,False,0,False,224,224,3,16892,816055c39c7d7b788806eb1df4bca44a94fb909d9c85edcc6200331518420482
IMG_0163,test,Monazite,4,IMG_0163,/content/BSM-Project/data/raw/BSM/Monazite/47.jpg,GRP_0163,/content/BSM-Project/data/processed/Monazite/47.jpg,False,0,False,224,224,3,25501,519aaad77a5c3cf38c9ad24caa614be7cc04647cf0435669bf05924ce399f9cd
IMG_0181,test,Monazite,4,IMG_0181,/content/BSM-Project/data/raw/BSM/Monazite/9.jpg,GRP_0181,/content/BSM-Project/data/processed/Monazite/9.jpg,False,0,False,224,224,3,15342,a5c56df2f96a908169e52ba834e3333477740b278571c08cf373e5bcf8fdaa4b
IMG_0195,test,Rutile,1,IMG_0195,/content/BSM-Project/data/raw/BSM/Rutile/22.jpg,GRP_0195,/content/BSM-Project/data/processed/Rutile/22.jpg,False,0,False,224,224,3,17934,3ed0014873ea7599af28db2737dd8988bc092efe73e38af1475f09040a2f2989
IMG_0196,test,Rutile,1,IMG_0196,/content/BSM-Project/data/raw/BSM/Rutile/23.jpg,GRP_0196,/content/BSM-Project/data/processed/Rutile/23.jpg,False,0,False,224,224,3,18802,2f7ceae812fc39c91e1b6eb372a6de8a3bd59e3e031c494bba85fca48c25d8c5
IMG_0202,test,Rutile,1,IMG_0202,/content/BSM-Project/data/raw/BSM/Rutile/3.jpg,GRP_0202,/content/BSM-Project/data/processed/Rutile/3.jpg,False,0,False,224,224,3,15206,266c5f5bae787407b9cf15b97fd7f542b7ed22843d251a32579e6c331e03b05c
IMG_0204,test,Rutile,1,IMG_0204,/content/BSM-Project/data/raw/BSM/Rutile/32.jpg,GRP_0204,/content/BSM-Project/data/processed/Rutile/32.jpg,False,0,False,224,224,3,16889,cc3470aff8439e35f42bc422da269d2e29c4a186c5630b14e64063c0191f3506
IMG_0205,test,Rutile,1,IMG_0205,/content/BSM-Project/data/raw/BSM/Rutile/33.jpg,GRP_0205,/content/BSM-Project/data/processed/Rutile/33.jpg,False,0,False,224,224,3,12918,db5ca1b11bfb24914ee94f2628e5a7bc65c364c24b00f5ee7c99eeb8a51dae76
IMG_0208,test,Rutile,1,IMG_0208,/content/BSM-Project/data/raw/BSM/Rutile/36.jpg,GRP_0208,/content/BSM-Project/data/processed/Rutile/36.jpg,False,0,False,224,224,3,9843,7f6c2fa4297a1f9c9f40bc688862acb14430bdcf694a81ab2a7ce8c864bbfe8f
IMG_0213,test,Rutile,1,IMG_0213,/content/BSM-Project/data/raw/BSM/Rutile/40.jpg,GRP_0213,/content/BSM-Project/data/processed/Rutile/40.jpg,False,0,False,224,224,3,22215,c429061e674c4997b8208c48b01b95f61df540017c43da90fc61a288cd1b1676
IMG_0216,test,Rutile,1,IMG_0216,/content/BSM-Project/data/raw/BSM/Rutile/43.jpg,GRP_0216,/content/BSM-Project/data/processed/Rutile/43.jpg,False,0,False,224,224,3,15771,da4da3dd4baa6830f5bfbcdc16792c97c579a166cb9da643308bc06ed3905bf8
IMG_0219,test,Rutile,1,IMG_0219,/content/BSM-Project/data/raw/BSM/Rutile/47.jpg,GRP_0219,/content/BSM-Project/data/processed/Rutile/47.jpg,False,0,False,224,224,3,11130,3dab35d459d00f0857a9470dfdedd4ff1709f5811c2232539c4989f05293af29
IMG_0241,test,Rutile,1,IMG_0241,/content/BSM-Project/data/raw/BSM/Rutile/68.jpg,GRP_0241,/content/BSM-Project/data/processed/Rutile/68.jpg,False,0,False,224,224,3,19951,83b032b065dfe2ad08214601c51fc964735e5d63885a3e0b685fe8d9da69be4c
IMG_0257,test,Sillimanite,5,IMG_0257,/content/BSM-Project/data/raw/BSM/Sillimanite/18.jpg,GRP_0257,/content/BSM-Project/data/processed/Sillimanite/18.jpg,False,0,False,224,224,3,21792,58c84ee8d05194bd8acb4aed33b18cb8d8cc66d5c1847f2466582d57f70d8f93
IMG_0273,test,Sillimanite,5,IMG_0273,/content/BSM-Project/data/raw/BSM/Sillimanite/32.jpg,GRP_0273,/content/BSM-Project/data/processed/Sillimanite/32.jpg,False,0,False,224,224,3,11624,1ab2f822388e5b7416e38ae4bcf5d06b1520d7d079d9834d827ff4fbb54c4eef
IMG_0275,test,Sillimanite,5,IMG_0275,/content/BSM-Project/data/raw/BSM/Sillimanite/34.jpg,GRP_0275,/content/BSM-Project/data/processed/Sillimanite/34.jpg,False,0,False,224,224,3,15072,978f3106e9aa62c903f367b15ed47bec36572a6f8e6e1e4b0af4574a903386a5
IMG_0276,test,Sillimanite,5,IMG_0276,/content/BSM-Project/data/raw/BSM/Sillimanite/35.jpg,GRP_0276,/content/BSM-Project/data/processed/Sillimanite/35.jpg,False,0,False,224,224,3,11860,cf1e31bffcd969582b87115f64da15a08accb233204f31af5e1245542bb74cb7
IMG_0286,test,Sillimanite,5,IMG_0286,/content/BSM-Project/data/raw/BSM/Sillimanite/44.jpg,GRP_0286,/content/BSM-Project/data/processed/Sillimanite/44.jpg,False,0,False,224,224,3,12808,f6f8049784ad7d5df9bb17d01cdc8c66641bee0a1ee02d40703f8ceb88de026f
IMG_0289,test,Sillimanite,5,IMG_0289,/content/BSM-Project/data/raw/BSM/Sillimanite/47.jpg,GRP_0289,/content/BSM-Project/data/processed/Sillimanite/47.jpg,False,0,False,224,224,3,17359,9c99306055f731d9535f9b64397b49909f897a0eb81e06827de44bb168a2bcd2
IMG_0296,test,Sillimanite,5,IMG_0296,/content/BSM-Project/data/raw/BSM/Sillimanite/53.jpg,GRP_0296,/content/BSM-Project/data/processed/Sillimanite/53.jpg,False,0,False,224,224,3,22634,894784f0af84177d744a6bf0ba313bc96e9d693c124b0e381e8e143530672ca7
IMG_0297,test,Sillimanite,5,IMG_0297,/content/BSM-Project/data/raw/BSM/Sillimanite/54.jpg,GRP_0297,/content/BSM-Project/data/processed/Sillimanite/54.jpg,False,0,False,224,224,3,21699,74ebe7d9cee4cb00f8b340a6e23cdc2b609fbb19b1f56a05d276a69d264b6d3c
IMG_0307,test,Sillimanite,5,IMG_0307,/content/BSM-Project/data/raw/BSM/Sillimanite/9.jpg,GRP_0307,/content/BSM-Project/data/processed/Sillimanite/9.jpg,False,0,False,224,224,3,13052,1892e9396a8eeff6a04ac7afa2479eedeedded936916e516392a80ba0b99fc40
IMG_0309,test,Zircon,2,IMG_0309,/content/BSM-Project/data/raw/BSM/Zircon/10.jpg,GRP_0309,/content/BSM-Project/data/processed/Zircon/10.jpg,False,0,False,224,224,3,8753,c48e7781e366fed8018c8849852c6cd9f51e7cc006178f6e7e2ce7980f36a86c
IMG_0311,test,Zircon,2,IMG_0311,/content/BSM-Project/data/raw/BSM/Zircon/12.jpg,GRP_0311,/content/BSM-Project/data/processed/Zircon/12.jpg,False,0,False,224,224,3,19959,2b14512e7f20d6265ebba8ff29a74103e651b1ff47225b84803980074f97bcd7
IMG_0319,test,Zircon,2,IMG_0319,/content/BSM-Project/data/raw/BSM/Zircon/2.jpg,GRP_0319,/content/BSM-Project/data/processed/Zircon/2.jpg,False,0,False,224,224,3,20433,fa05c59b061dd5d0abba35ae5a7c5aa64e2b6f0fe90ca204adf450e50488a84a
IMG_0324,test,Zircon,2,IMG_0324,/content/BSM-Project/data/raw/BSM/Zircon/24.jpg,GRP_0324,/content/BSM-Project/data/processed/Zircon/24.jpg,False,0,False,224,224,3,18341,72f7658dfa8982dd9255cdfeb3e071b4f12baa77c8c68c6691d8600eb98fd1de
IMG_0332,test,Zircon,2,IMG_0332,/content/BSM-Project/data/raw/BSM/Zircon/31.jpg,GRP_0332,/content/BSM-Project/data/processed/Zircon/31.jpg,False,0,False,224,224,3,22109,f06d46046601e407d70247d3c9f6cc57fa45ccdf9ff0625689b44f4f5755303d
IMG_0335,test,Zircon,2,IMG_0335,/content/BSM-Project/data/raw/BSM/Zircon/34.jpg,GRP_0335,/content/BSM-Project/data/processed/Zircon/34.jpg,False,0,False,224,224,3,22926,83c79ab24a8a6057c3078e123447cd5b4053ce98a243635178d45816809cc74c
IMG_0337,test,Zircon,2,IMG_0337,/content/BSM-Project/data/raw/BSM/Zircon/36.jpg,GRP_0337,/content/BSM-Project/data/processed/Zircon/36.jpg,False,0,False,224,224,3,16688,9271c687ad456335fda8c38002a307741b76ba003d3d8d92ebc5f2a234c1b115
IMG_0357,test,Zircon,2,IMG_0357,/content/BSM-Project/data/raw/BSM/Zircon/55.jpg,GRP_0357,/content/BSM-Project/data/processed/Zircon/55.jpg,False,0,False,224,224,3,20332,cb403a5e73308eee66927f49f2188859307300569db1a5dafa3c8f9fcd7584fd
IMG_0360,test,Zircon,2,IMG_0360,/content/BSM-Project/data/raw/BSM/Zircon/58.jpg,GRP_0360,/content/BSM-Project/data/processed/Zircon/58.jpg,False,0,False,224,224,3,20906,57148c6fc8cbaab052cbf0b4e841fb128ddd6621341190c981b6f70f652b2549
IMG_0003_r0_f0,train,Garnet,3,IMG_0003,/content/BSM-Project/data/raw/BSM/Garnet/12.jpg,GRP_0003,/content/BSM-Project/data/augmented/train/Garnet/12__r0_f0.jpg,True,0,False,224,224,3,16042,69683c2c06280133922a30060f3a9df027dd788e2c9faac442d0fd513deca491
IMG_0003_r0_f1,train,Garnet,3,IMG_0003,/content/BSM-Project/data/raw/BSM/Garnet/12.jpg,GRP_0003,/content/BSM-Project/data/augmented/train/Garnet/12__r0_f1.jpg,True,0,True,224,224,3,16025,98f1000ea626f9c7985b97173cf5bfa217608e00b76bb5d543429c9af7ffd151
IMG_0003_r180_f0,train,Garnet,3,IMG_0003,/content/BSM-Project/data/raw/BSM/Garnet/12.jpg,GRP_0003,/content/BSM-Project/data/augmented/train/Garnet/12__r180_f0.jpg,True,180,False,224,224,3,16013,e6557e6ee70bc253ea02978e0fde8eb575f24a085eb55600fb8bf3b0a545d246
IMG_0003_r180_f1,train,Garnet,3,IMG_0003,/content/BSM-Project/data/raw/BSM/Garnet/12.jpg,GRP_0003,/content/BSM-Project/data/augmented/train/Garnet/12__r180_f1.jpg,True,180,True,224,224,3,16028,bff0997accfc5b9ffab99038eef173d7097bc1ec5541218a3120bb93285f4f90
IMG_0003_r270_f0,train,Garnet,3,IMG_0003,/content/BSM-Project/data/raw/BSM/Garnet/12.jpg,GRP_0003,/content/BSM-Project/data/augmented/train/Garnet/12__r270_f0.jpg,True,270,False,224,224,3,16299,ec2841b1c783fc383eb35947d6274e1952d17a18de9309176c09cb29f0414d9e
IMG_0003_r270_f1,train,Garnet,3,IMG_0003,/content/BSM-Project/data/raw/BSM/Garnet/12.jpg,GRP_0003,/content/BSM-Project/data/augmented/train/Garnet/12__r270_f1.jpg,True,270,True,224,224,3,16327,ee17f3a5f4386d90b096795b59bf18957b8ed6ed54280f20355761062d243efd
IMG_0003_r30_f0,train,Garnet,3,IMG_0003,/content/BSM-Project/data/raw/BSM/Garnet/12.jpg,GRP_0003,/content/BSM-Project/data/augmented/train/Garnet/12__r30_f0.jpg,True,30,False,224,224,3,18832,a594dcc5a1969f92c5264f5d552a675c77805a39c27b19005e636311828b8acb
IMG_0003_r30_f1,train,Garnet,3,IMG_0003,/content/BSM-Project/data/raw/BSM/Garnet/12.jpg,GRP_0003,/content/BSM-Project/data/augmented/train/Garnet/12__r30_f1.jpg,True,30,True,224,224,3,18825,8d3a59d12c9d1206780b76db3e2f635e228f4204a22c2231a2d9915a70c9a3b7
IMG_0003_r45_f0,train,Garnet,3,IMG_0003,/content/BSM-Project/data/raw/BSM/Garnet/12.jpg,GRP_0003,/content/BSM-Project/data/augmented/train/Garnet/12__r45_f0.jpg,True,45,False,224,224,3,18336,c7837205d26b7b15664aaaf70f83c33367ef9a7f0151f41d55bb72ad532f8905
IMG_0003_r45_f1,train,Garnet,3,IMG_0003,/content/BSM-Project/data/raw/BSM/Garnet/12.jpg,GRP_0003,/content/BSM-Project/data/augmented/train/Garnet/12__r45_f1.jpg,True,45,True,224,224,3,18315,dea64eff0a88906bd30eef48f5d7891ec945584e40bba4bc9ac9ba8c1c88f4e8
IMG_0003_r90_f0,train,Garnet,3,IMG_0003,/content/BSM-Project/data/raw/BSM/Garnet/12.jpg,GRP_0003,/content/BSM-Project/data/augmented/train/Garnet/12__r90_f0.jpg,True,90,False,224,224,3,16300,94dc6cee9d5744c8d4c2c51b0b578a93d79216d520c7346b019948f26caf30ae
IMG_0003_r90_f1,train,Garnet,3,IMG_0003,/content/BSM-Project/data/raw/BSM/Garnet/12.jpg,GRP_0003,/content/BSM-Project/data/augmented/train/Garnet/12__r90_f1.jpg,True,90,True,224,224,3,16318,2cb5c867dabe1984eea08b9587bcf2d4bb4d754eab16ace56c23fdd59930c5aa
IMG_0004_r0_f0,train,Garnet,3,IMG_0004,/content/BSM-Project/data/raw/BSM/Garnet/13.jpg,GRP_0004,/content/BSM-Project/data/augmented/train/Garnet/13__r0_f0.jpg,True,0,False,224,224,3,14219,c7dc528c0aca5fa1b8d40121ba023d7d189952ec064e228a465e57adcfe9b178
IMG_0004_r0_f1,train,Garnet,3,IMG_0004,/content/BSM-Project/data/raw/BSM/Garnet/13.jpg,GRP_0004,/content/BSM-Project/data/augmented/train/Garnet/13__r0_f1.jpg,True,0,True,224,224,3,14235,43e531c71ea761d04d6a9f60ecb59588ebd55c5058c1c1ab8156dc8895ba4319
IMG_0004_r180_f0,train,Garnet,3,IMG_0004,/content/BSM-Project/data/raw/BSM/Garnet/13.jpg,GRP_0004,/content/BSM-Project/data/augmented/train/Garnet/13__r180_f0.jpg,True,180,False,224,224,3,14224,9b9013586fe968560caef23488999d2703df41e0d5c01886aa137f3d49badba6
IMG_0004_r180_f1,train,Garnet,3,IMG_0004,/content/BSM-Project/data/raw/BSM/Garnet/13.jpg,GRP_0004,/content/BSM-Project/data/augmented/train/Garnet/13__r180_f1.jpg,True,180,True,224,224,3,14214,9fa917b56a1ee8c7e67693d9a50c659e4bdc150642f2baef839ea22e6f43a9a5
IMG_0004_r270_f0,train,Garnet,3,IMG_0004,/content/BSM-Project/data/raw/BSM/Garnet/13.jpg,GRP_0004,/content/BSM-Project/data/augmented/train/Garnet/13__r270_f0.jpg,True,270,False,224,224,3,8614,5618aee73a9205f5a7777df3bb17f9318d882fa0b5b02a80b76e2fd701c68afa
IMG_0004_r270_f1,train,Garnet,3,IMG_0004,/content/BSM-Project/data/raw/BSM/Garnet/13.jpg,GRP_0004,/content/BSM-Project/data/augmented/train/Garnet/13__r270_f1.jpg,True,270,True,224,224,3,8632,72976b8aac0f4d6db757f3f576b4b413756c939138054d9fbaccb89e636beca3
IMG_0004_r30_f0,train,Garnet,3,IMG_0004,/content/BSM-Project/data/raw/BSM/Garnet/13.jpg,GRP_0004,/content/BSM-Project/data/augmented/train/Garnet/13__r30_f0.jpg,True,30,False,224,224,3,15880,cb44c643cb90c54727bdb859b50f83c7b04b7146d788c26129a9e603b1d95617
IMG_0004_r30_f1,train,Garnet,3,IMG_0004,/content/BSM-Project/data/raw/BSM/Garnet/13.jpg,GRP_0004,/content/BSM-Project/data/augmented/train/Garnet/13__r30_f1.jpg,True,30,True,224,224,3,16001,d235b510b8bd481ef2a718ace3d03b168c373e6acd19ce3ac22869aa70b75169
IMG_0004_r45_f0,train,Garnet,3,IMG_0004,/content/BSM-Project/data/raw/BSM/Garnet/13.jpg,GRP_0004,/content/BSM-Project/data/augmented/train/Garnet/13__r45_f0.jpg,True,45,False,224,224,3,14721,9ef63730e575dda0705bb16971e415ee1a062a611d71717a261de3748f9aeb3f
IMG_0004_r45_f1,train,Garnet,3,IMG_0004,/content/BSM-Project/data/raw/BSM/Garnet/13.jpg,GRP_0004,/content/BSM-Project/data/augmented/train/Garnet/13__r45_f1.jpg,True,45,True,224,224,3,14811,7ba0bdc62a0ef204669110a45a77a3a090cbc9d32d5652640ff8c97889c0a658
IMG_0004_r90_f0,train,Garnet,3,IMG_0004,/content/BSM-Project/data/raw/BSM/Garnet/13.jpg,GRP_0004,/content/BSM-Project/data/augmented/train/Garnet/13__r90_f0.jpg,True,90,False,224,224,3,8640,e9127c74af787e29b7abbc82a28ba61b27268978336903e9d7ae77cdad59c071
IMG_0004_r90_f1,train,Garnet,3,IMG_0004,/content/BSM-Project/data/raw/BSM/Garnet/13.jpg,GRP_0004,/content/BSM-Project/data/augmented/train/Garnet/13__r90_f1.jpg,True,90,True,224,224,3,8623,39a42b419d806452a98d961087cdb05e6adbcecb78a72cd40ba79a36bab52baa
IMG_0005_r0_f0,train,Garnet,3,IMG_0005,/content/BSM-Project/data/raw/BSM/Garnet/14.jpg,GRP_0005,/content/BSM-Project/data/augmented/train/Garnet/14__r0_f0.jpg,True,0,False,224,224,3,18482,660b8d33647fc1cff4a47eedd013b758ea187f7a57b096ae6fd111c3a03f2882
IMG_0005_r0_f1,train,Garnet,3,IMG_0005,/content/BSM-Project/data/raw/BSM/Garnet/14.jpg,GRP_0005,/content/BSM-Project/data/augmented/train/Garnet/14__r0_f1.jpg,True,0,True,224,224,3,18468,f2d98bd9da4ebc7ef1c8f90f9eefaffe8c4a7e9608b758ebe2de1a1f55707e5d
IMG_0005_r180_f0,train,Garnet,3,IMG_0005,/content/BSM-Project/data/raw/BSM/Garnet/14.jpg,GRP_0005,/content/BSM-Project/data/augmented/train/Garnet/14__r180_f0.jpg,True,180,False,224,224,3,18474,da55f92752a6536f00a83818bfffb530d256abadccd84b156dfc93dff443d35f
IMG_0005_r180_f1,train,Garnet,3,IMG_0005,/content/BSM-Project/data/raw/BSM/Garnet/14.jpg,GRP_0005,/content/BSM-Project/data/augmented/train/Garnet/14__r180_f1.jpg,True,180,True,224,224,3,18458,1c713b896202f6b4cf6a5f8142c03f65adea16c4ecdfd2b2553269e87fcdca0d
IMG_0005_r270_f0,train,Garnet,3,IMG_0005,/content/BSM-Project/data/raw/BSM/Garnet/14.jpg,GRP_0005,/content/BSM-Project/data/augmented/train/Garnet/14__r270_f0.jpg,True,270,False,224,224,3,19383,253e992833b71f0f0cf724be47782db9f762ac5311f04a77b21900c1a1a5ecd0
IMG_0005_r270_f1,train,Garnet,3,IMG_0005,/content/BSM-Project/data/raw/BSM/Garnet/14.jpg,GRP_0005,/content/BSM-Project/data/augmented/train/Garnet/14__r270_f1.jpg,True,270,True,224,224,3,19385,07716f89bd8c42fb327821e416812446fd6a484cb29bb6b51d5b36498f207650
IMG_0005_r30_f0,train,Garnet,3,IMG_0005,/content/BSM-Project/data/raw/BSM/Garnet/14.jpg,GRP_0005,/content/BSM-Project/data/augmented/train/Garnet/14__r30_f0.jpg,True,30,False,224,224,3,20887,3772f8d56b8e28abc96bfb591e459e4da544b579dd85849acdf376d929cc735d
IMG_0005_r30_f1,train,Garnet,3,IMG_0005,/content/BSM-Project/data/raw/BSM/Garnet/14.jpg,GRP_0005,/content/BSM-Project/data/augmented/train/Garnet/14__r30_f1.jpg,True,30,True,224,224,3,20879,6d5a0c6e7baf18e0b702d10711180c143dcd66ea3b9c97fc9ab3b77f8787ef8d
IMG_0005_r45_f0,train,Garnet,3,IMG_0005,/content/BSM-Project/data/raw/BSM/Garnet/14.jpg,GRP_0005,/content/BSM-Project/data/augmented/train/Garnet/14__r45_f0.jpg,True,45,False,224,224,3,20917,9a3c32a3af6b0c590c17ff60b3977bf0f5658337e43fbf48ffd1267a449c92f3
IMG_0005_r45_f1,train,Garnet,3,IMG_0005,/content/BSM-Project/data/raw/BSM/Garnet/14.jpg,GRP_0005,/content/BSM-Project/data/augmented/train/Garnet/14__r45_f1.jpg,True,45,True,224,224,3,20882,e46369e53663e109326367b441b85648ab36d93f5a1273fb749633ea1e9e53c3
IMG_0005_r90_f0,train,Garnet,3,IMG_0005,/content/BSM-Project/data/raw/BSM/Garnet/14.jpg,GRP_0005,/content/BSM-Project/data/augmented/train/Garnet/14__r90_f0.jpg,True,90,False,224,224,3,19353,90b3976ac75aac44d7cdd625b9b085667acaf86144d4f5169705c1d73bfc5ebd
IMG_0005_r90_f1,train,Garnet,3,IMG_0005,/content/BSM-Project/data/raw/BSM/Garnet/14.jpg,GRP_0005,/content/BSM-Project/data/augmented/train/Garnet/14__r90_f1.jpg,True,90,True,224,224,3,19383,732ea0c4f9d7b3ebe68b80e4efe44bd10c1a46d27cdba006a461e949c07b53f5
IMG_0006_r0_f0,train,Garnet,3,IMG_0006,/content/BSM-Project/data/raw/BSM/Garnet/15.jpg,GRP_0006,/content/BSM-Project/data/augmented/train/Garnet/15__r0_f0.jpg,True,0,False,224,224,3,19274,5165425f4c6f2c9c1830a522995b145e60883acc6ab5686a20e30faa2088c5d4
IMG_0006_r0_f1,train,Garnet,3,IMG_0006,/content/BSM-Project/data/raw/BSM/Garnet/15.jpg,GRP_0006,/content/BSM-Project/data/augmented/train/Garnet/15__r0_f1.jpg,True,0,True,224,224,3,19260,6cbee5f46fc85af42b08e3107aabf2d613bde66a1d01611a350a2c25c1508121
IMG_0006_r180_f0,train,Garnet,3,IMG_0006,/content/BSM-Project/data/raw/BSM/Garnet/15.jpg,GRP_0006,/content/BSM-Project/data/augmented/train/Garnet/15__r180_f0.jpg,True,180,False,224,224,3,19266,eea88b201d3d30ad0cd76e0a8b1219bc6fa6870665c617cd3069c81e38eb884a
IMG_0006_r180_f1,train,Garnet,3,IMG_0006,/content/BSM-Project/data/raw/BSM/Garnet/15.jpg,GRP_0006,/content/BSM-Project/data/augmented/train/Garnet/15__r180_f1.jpg,True,180,True,224,224,3,19266,978fbe3f1dc67b88e0fa15eb663f90960db8d8bc1cf9c255d3c9d366cbab511c
IMG_0006_r270_f0,train,Garnet,3,IMG_0006,/content/BSM-Project/data/raw/BSM/Garnet/15.jpg,GRP_0006,/content/BSM-Project/data/augmented/train/Garnet/15__r270_f0.jpg,True,270,False,224,224,3,19623,f33c11180ee2aa3eb64372d30185a2ccc5438e411a49f0ddf5298aeea42faedb
IMG_0006_r270_f1,train,Garnet,3,IMG_0006,/content/BSM-Project/data/raw/BSM/Garnet/15.jpg,GRP_0006,/content/BSM-Project/data/augmented/train/Garnet/15__r270_f1.jpg,True,270,True,224,224,3,19600,7ca1d9715a4075a0a371b4789d25c39f03c20cdd27e69d71276d13dd52b8c779
IMG_0006_r30_f0,train,Garnet,3,IMG_0006,/content/BSM-Project/data/raw/BSM/Garnet/15.jpg,GRP_0006,/content/BSM-Project/data/augmented/train/Garnet/15__r30_f0.jpg,True,30,False,224,224,3,21908,4e93a1ec1ad2a8292927db5888f8d1ad550006ea53ef6a91abb65a612c0376d0
IMG_0006_r30_f1,train,Garnet,3,IMG_0006,/content/BSM-Project/data/raw/BSM/Garnet/15.jpg,GRP_0006,/content/BSM-Project/data/augmented/train/Garnet/15__r30_f1.jpg,True,30,True,224,224,3,21918,4f8b6968d6d88df15e8dfcb1bfff79ca5c026cd4ec4976fb12f262cefc67a32f
IMG_0006_r45_f0,train,Garnet,3,IMG_0006,/content/BSM-Project/data/raw/BSM/Garnet/15.jpg,GRP_0006,/content/BSM-Project/data/augmented/train/Garnet/15__r45_f0.jpg,True,45,False,224,224,3,21536,27af3beaa84c55fb2324a9f0de580773a07b9e0cd046ac27df82ced191ae1064
IMG_0006_r45_f1,train,Garnet,3,IMG_0006,/content/BSM-Project/data/raw/BSM/Garnet/15.jpg,GRP_0006,/content/BSM-Project/data/augmented/train/Garnet/15__r45_f1.jpg,True,45,True,224,224,3,21537,151d035590833171856b8bb8b32049264c778d49db539d22b8f717ce65d4235c
IMG_0006_r90_f0,train,Garnet,3,IMG_0006,/content/BSM-Project/data/raw/BSM/Garnet/15.jpg,GRP_0006,/content/BSM-Project/data/augmented/train/Garnet/15__r90_f0.jpg,True,90,False,224,224,3,19620,52bb35be5de764fd21d0254973435472909623b3f5ecdd70dc5620df13a78aca
IMG_0006_r90_f1,train,Garnet,3,IMG_0006,/content/BSM-Project/data/raw/BSM/Garnet/15.jpg,GRP_0006,/content/BSM-Project/data/augmented/train/Garnet/15__r90_f1.jpg,True,90,True,224,224,3,19618,dd86bfd5aeb56a906bec5cce3862170078e1f2e1cb176bb49e6cfcec8b21d5aa
IMG_0007_r0_f0,train,Garnet,3,IMG_0007,/content/BSM-Project/data/raw/BSM/Garnet/16.jpg,GRP_0007,/content/BSM-Project/data/augmented/train/Garnet/16__r0_f0.jpg,True,0,False,224,224,3,11260,c38449cd93eea3634fb1f9e562d1f8dee074875a2c87e6027d27d99a44d01265
IMG_0007_r0_f1,train,Garnet,3,IMG_0007,/content/BSM-Project/data/raw/BSM/Garnet/16.jpg,GRP_0007,/content/BSM-Project/data/augmented/train/Garnet/16__r0_f1.jpg,True,0,True,224,224,3,11249,a4b45ca1dc3e5ef7e13fbada625112d0212d328415e4d83c10c14172f54ee95d
IMG_0007_r180_f0,train,Garnet,3,IMG_0007,/content/BSM-Project/data/raw/BSM/Garnet/16.jpg,GRP_0007,/content/BSM-Project/data/augmented/train/Garnet/16__r180_f0.jpg,True,180,False,224,224,3,11256,bbd04479890cac4d429635fa5d2d3d696980014ea9da4ee5c8673c41a8e45a9d
IMG_0007_r180_f1,train,Garnet,3,IMG_0007,/content/BSM-Project/data/raw/BSM/Garnet/16.jpg,GRP_0007,/content/BSM-Project/data/augmented/train/Garnet/16__r180_f1.jpg,True,180,True,224,224,3,11250,327c58c1b0eed7bdbebf12b001efded6fa50294fcd460bffb3f43b6201a737ee
IMG_0007_r270_f0,train,Garnet,3,IMG_0007,/content/BSM-Project/data/raw/BSM/Garnet/16.jpg,GRP_0007,/content/BSM-Project/data/augmented/train/Garnet/16__r270_f0.jpg,True,270,False,224,224,3,12181,21f7eac6da6a03249f27da41c740d64b0e08c7b6195184e263dd2525a94a63f0
IMG_0007_r270_f1,train,Garnet,3,IMG_0007,/content/BSM-Project/data/raw/BSM/Garnet/16.jpg,GRP_0007,/content/BSM-Project/data/augmented/train/Garnet/16__r270_f1.jpg,True,270,True,224,224,3,12190,58a3558fa34662c913835a2e0b1655625ebb0c8c253467da48d57e59f1e3feaa
IMG_0007_r30_f0,train,Garnet,3,IMG_0007,/content/BSM-Project/data/raw/BSM/Garnet/16.jpg,GRP_0007,/content/BSM-Project/data/augmented/train/Garnet/16__r30_f0.jpg,True,30,False,224,224,3,14611,4713b04d6e024729620b201f3f6f9079fc0e16c7b5248cd47df28aac0e7725fd
IMG_0007_r30_f1,train,Garnet,3,IMG_0007,/content/BSM-Project/data/raw/BSM/Garnet/16.jpg,GRP_0007,/content/BSM-Project/data/augmented/train/Garnet/16__r30_f1.jpg,True,30,True,224,224,3,14629,f0e988b1f8b9801c9ace64b7a8e610901c1a9418d77ee70e4fe90fce2ca5b5c5
IMG_0007_r45_f0,train,Garnet,3,IMG_0007,/content/BSM-Project/data/raw/BSM/Garnet/16.jpg,GRP_0007,/content/BSM-Project/data/augmented/train/Garnet/16__r45_f0.jpg,True,45,False,224,224,3,14488,42439d11658f83b737c756e51b2e673e10b53d96244c0cf93cad7d32e4c99ce0
IMG_0007_r45_f1,train,Garnet,3,IMG_0007,/content/BSM-Project/data/raw/BSM/Garnet/16.jpg,GRP_0007,/content/BSM-Project/data/augmented/train/Garnet/16__r45_f1.jpg,True,45,True,224,224,3,14507,77ca65a7ae3348c0f21c0830e2c2510a8407c736ecf23d3cb860ade823df6ddc
IMG_0007_r90_f0,train,Garnet,3,IMG_0007,/content/BSM-Project/data/raw/BSM/Garnet/16.jpg,GRP_0007,/content/BSM-Project/data/augmented/train/Garnet/16__r90_f0.jpg,True,90,False,224,224,3,12177,ee9b5d4ea7bd8e6bf0d9f1b83b19cc31562cb66690da8b4777906d56505f7928
IMG_0007_r90_f1,train,Garnet,3,IMG_0007,/content/BSM-Project/data/raw/BSM/Garnet/16.jpg,GRP_0007,/content/BSM-Project/data/augmented/train/Garnet/16__r90_f1.jpg,True,90,True,224,224,3,12205,713756d5e29bd5779ff7769540896f9a404b867df1f24b1ae8aef0dc437f09c1
IMG_0009_r0_f0,train,Garnet,3,IMG_0009,/content/BSM-Project/data/raw/BSM/Garnet/18.jpg,GRP_0009,/content/BSM-Project/data/augmented/train/Garnet/18__r0_f0.jpg,True,0,False,224,224,3,20177,143ac18646a80a2082ce54e2a52205c940d9a453480c07cf73f5d578737062cb
IMG_0009_r0_f1,train,Garnet,3,IMG_0009,/content/BSM-Project/data/raw/BSM/Garnet/18.jpg,GRP_0009,/content/BSM-Project/data/augmented/train/Garnet/18__r0_f1.jpg,True,0,True,224,224,3,20163,82c48f39038b8bf6671f02b86bbd1185de0d69a9e1622a8dadb177fb1b3d8c85
IMG_0009_r180_f0,train,Garnet,3,IMG_0009,/content/BSM-Project/data/raw/BSM/Garnet/18.jpg,GRP_0009,/content/BSM-Project/data/augmented/train/Garnet/18__r180_f0.jpg,True,180,False,224,224,3,20190,dbc0937284285a9a3dd342aa7de154038d3836165572d8653d788c253b7e7531
IMG_0009_r180_f1,train,Garnet,3,IMG_0009,/content/BSM-Project/data/raw/BSM/Garnet/18.jpg,GRP_0009,/content/BSM-Project/data/augmented/train/Garnet/18__r180_f1.jpg,True,180,True,224,224,3,20148,be2d8bc976445d95b1a3b003f9815ce2852b9f1a7b52144961896662ca5f5598
IMG_0009_r270_f0,train,Garnet,3,IMG_0009,/content/BSM-Project/data/raw/BSM/Garnet/18.jpg,GRP_0009,/content/BSM-Project/data/augmented/train/Garnet/18__r270_f0.jpg,True,270,False,224,224,3,21461,271a90b5e2007eab74ef6d6d1b9d3fd94e9fd3acceab95026ee5ceb48aaa5dd9
IMG_0009_r270_f1,train,Garnet,3,IMG_0009,/content/BSM-Project/data/raw/BSM/Garnet/18.jpg,GRP_0009,/content/BSM-Project/data/augmented/train/Garnet/18__r270_f1.jpg,True,270,True,224,224,3,21472,46692333995a2375888e9533841664d7cbdcdf72694475a68c5445ac7bdaf9e3
IMG_0009_r30_f0,train,Garnet,3,IMG_0009,/content/BSM-Project/data/raw/BSM/Garnet/18.jpg,GRP_0009,/content/BSM-Project/data/augmented/train/Garnet/18__r30_f0.jpg,True,30,False,224,224,3,22916,1a60bbec00d61ddb450630db5c9e6030ac7110804828d3ffe1544fbb1c1eadf8
IMG_0009_r30_f1,train,Garnet,3,IMG_0009,/content/BSM-Project/data/raw/BSM/Garnet/18.jpg,GRP_0009,/content/BSM-Project/data/augmented/train/Garnet/18__r30_f1.jpg,True,30,True,224,224,3,22919,771a1ce419c1df85fb3b29850a968b72646c5f79663a9bb3e3689df6d25172e1
IMG_0009_r45_f0,train,Garnet,3,IMG_0009,/content/BSM-Project/data/raw/BSM/Garnet/18.jpg,GRP_0009,/content/BSM-Project/data/augmented/train/Garnet/18__r45_f0.jpg,True,45,False,224,224,3,22243,49ee8ab24e7e7a67ccd0cdb6df0af94bccc61eef335e86f9ba29a05917e8ae0e
IMG_0009_r45_f1,train,Garnet,3,IMG_0009,/content/BSM-Project/data/raw/BSM/Garnet/18.jpg,GRP_0009,/content/BSM-Project/data/augmented/train/Garnet/18__r45_f1.jpg,True,45,True,224,224,3,22275,1e5320c5679edf36539f24b27032a72ff6332f6b5199d2b09b0032851481e978
IMG_0009_r90_f0,train,Garnet,3,IMG_0009,/content/BSM-Project/data/raw/BSM/Garnet/18.jpg,GRP_0009,/content/BSM-Project/data/augmented/train/Garnet/18__r90_f0.jpg,True,90,False,224,224,3,21449,b27fd9b8966b286860e10c0d847ecb1d96d8893f99e499251442108807df7df7
IMG_0009_r90_f1,train,Garnet,3,IMG_0009,/content/BSM-Project/data/raw/BSM/Garnet/18.jpg,GRP_0009,/content/BSM-Project/data/augmented/train/Garnet/18__r90_f1.jpg,True,90,True,224,224,3,21471,e050f4f8860a1af7772b7d4b36e8f473e13f686769c89097ad8f8b0600bb7977
IMG_0010_r0_f0,train,Garnet,3,IMG_0010,/content/BSM-Project/data/raw/BSM/Garnet/19.jpg,GRP_0010,/content/BSM-Project/data/augmented/train/Garnet/19__r0_f0.jpg,True,0,False,224,224,3,24763,80fb63ae98264354ba785bff9ea7752e581e10409c6276bad450835b79346b0d
IMG_0010_r0_f1,train,Garnet,3,IMG_0010,/content/BSM-Project/data/raw/BSM/Garnet/19.jpg,GRP_0010,/content/BSM-Project/data/augmented/train/Garnet/19__r0_f1.jpg,True,0,True,224,224,3,24753,e035023dcfada7bf60d38906d0ae242c8a3d17094f750f490ff451dd1784061f
IMG_0010_r180_f0,train,Garnet,3,IMG_0010,/content/BSM-Project/data/raw/BSM/Garnet/19.jpg,GRP_0010,/content/BSM-Project/data/augmented/train/Garnet/19__r180_f0.jpg,True,180,False,224,224,3,24768,9dd33b48dc3f0cf77a24f7d561133ed28ec6db0792422ddacb71cbc53f39fa41
IMG_0010_r180_f1,train,Garnet,3,IMG_0010,/content/BSM-Project/data/raw/BSM/Garnet/19.jpg,GRP_0010,/content/BSM-Project/data/augmented/train/Garnet/19__r180_f1.jpg,True,180,True,224,224,3,24798,6143402d82e30ab3da03e7068e71e9c54f7bb12137ebacbbc43e394c5d74f360
IMG_0010_r270_f0,train,Garnet,3,IMG_0010,/content/BSM-Project/data/raw/BSM/Garnet/19.jpg,GRP_0010,/content/BSM-Project/data/augmented/train/Garnet/19__r270_f0.jpg,True,270,False,224,224,3,23712,705f80b9b0a1c81ad30fff38d5e3bd6348682c9f82eaf7d86b614204cf1bc8bb
IMG_0010_r270_f1,train,Garnet,3,IMG_0010,/content/BSM-Project/data/raw/BSM/Garnet/19.jpg,GRP_0010,/content/BSM-Project/data/augmented/train/Garnet/19__r270_f1.jpg,True,270,True,224,224,3,23709,82935c4172a2eea29f52e051edbe4971b86b7190bd316c08674d06f5c79b2155
IMG_0010_r30_f0,train,Garnet,3,IMG_0010,/content/BSM-Project/data/raw/BSM/Garnet/19.jpg,GRP_0010,/content/BSM-Project/data/augmented/train/Garnet/19__r30_f0.jpg,True,30,False,224,224,3,27834,966a2ae18015f683f8a02923d33c777135b415601dccd348faa5a6e72c9b0673
IMG_0010_r30_f1,train,Garnet,3,IMG_0010,/content/BSM-Project/data/raw/BSM/Garnet/19.jpg,GRP_0010,/content/BSM-Project/data/augmented/train/Garnet/19__r30_f1.jpg,True,30,True,224,224,3,27839,94a420bd2f3d34a3182437dc9d7477a38dc18405a03c64be8946661dd276080f
IMG_0010_r45_f0,train,Garnet,3,IMG_0010,/content/BSM-Project/data/raw/BSM/Garnet/19.jpg,GRP_0010,/content/BSM-Project/data/augmented/train/Garnet/19__r45_f0.jpg,True,45,False,224,224,3,27531,d5192484ca511a54d39393c3ca40d1b61b543eb4d0355df17cf160c0d7e14721
IMG_0010_r45_f1,train,Garnet,3,IMG_0010,/content/BSM-Project/data/raw/BSM/Garnet/19.jpg,GRP_0010,/content/BSM-Project/data/augmented/train/Garnet/19__r45_f1.jpg,True,45,True,224,224,3,27468,19f71c73928b86387e62ee54a313d9eda5f7bfcd975a7f995dc80a957e742ae9
IMG_0010_r90_f0,train,Garnet,3,IMG_0010,/content/BSM-Project/data/raw/BSM/Garnet/19.jpg,GRP_0010,/content/BSM-Project/data/augmented/train/Garnet/19__r90_f0.jpg,True,90,False,224,224,3,23734,510182f245dcc3b26e647669e73d671ca39510d99e86929cb2b34714f83e7731
IMG_0010_r90_f1,train,Garnet,3,IMG_0010,/content/BSM-Project/data/raw/BSM/Garnet/19.jpg,GRP_0010,/content/BSM-Project/data/augmented/train/Garnet/19__r90_f1.jpg,True,90,True,224,224,3,23760,c1d553d98fd4e49ced010b99b138c2c844f104c85b49efb27afe8a4f3907b006
IMG_0011_r0_f0,train,Garnet,3,IMG_0011,/content/BSM-Project/data/raw/BSM/Garnet/2.jpg,GRP_0011,/content/BSM-Project/data/augmented/train/Garnet/2__r0_f0.jpg,True,0,False,224,224,3,27917,49288133b9004b4f46834138249663ab5b6a33cba63a87c04ff67ceb0207238a
IMG_0011_r0_f1,train,Garnet,3,IMG_0011,/content/BSM-Project/data/raw/BSM/Garnet/2.jpg,GRP_0011,/content/BSM-Project/data/augmented/train/Garnet/2__r0_f1.jpg,True,0,True,224,224,3,27936,c2a4e9ae38ab2fccd4a7a6433f0bc2c3008c03a2b46cf83d700df9d5e062796d
IMG_0011_r180_f0,train,Garnet,3,IMG_0011,/content/BSM-Project/data/raw/BSM/Garnet/2.jpg,GRP_0011,/content/BSM-Project/data/augmented/train/Garnet/2__r180_f0.jpg,True,180,False,224,224,3,27939,ae62b8775256161675be2fb0e97d187f8d611eb47d106df8cfec8105ad115f2a
IMG_0011_r180_f1,train,Garnet,3,IMG_0011,/content/BSM-Project/data/raw/BSM/Garnet/2.jpg,GRP_0011,/content/BSM-Project/data/augmented/train/Garnet/2__r180_f1.jpg,True,180,True,224,224,3,27912,f51c3f4daa42667bbb68356e5531a11746d75dde431fdb02ec97559be916fb70
IMG_0011_r270_f0,train,Garnet,3,IMG_0011,/content/BSM-Project/data/raw/BSM/Garnet/2.jpg,GRP_0011,/content/BSM-Project/data/augmented/train/Garnet/2__r270_f0.jpg,True,270,False,224,224,3,27470,8515ffb2ccc67d4598140c742f11943bc4d718c35e25bffcb51ef9fc14eb5b3b
IMG_0011_r270_f1,train,Garnet,3,IMG_0011,/content/BSM-Project/data/raw/BSM/Garnet/2.jpg,GRP_0011,/content/BSM-Project/data/augmented/train/Garnet/2__r270_f1.jpg,True,270,True,224,224,3,27456,cc5d8635a11eed84aee1d0a41c02527a14eae38d516528f7ecf31f972cd09e79
IMG_0011_r30_f0,train,Garnet,3,IMG_0011,/content/BSM-Project/data/raw/BSM/Garnet/2.jpg,GRP_0011,/content/BSM-Project/data/augmented/train/Garnet/2__r30_f0.jpg,True,30,False,224,224,3,26855,b4eb9a9fcc5d0a069b12f99f1f39295244093384b35584fb21f40ffbb2ffc964
IMG_0011_r30_f1,train,Garnet,3,IMG_0011,/content/BSM-Project/data/raw/BSM/Garnet/2.jpg,GRP_0011,/content/BSM-Project/data/augmented/train/Garnet/2__r30_f1.jpg,True,30,True,224,224,3,26842,753df620f7948b69c9cdd23c74a526cc39fd4061cc893d2c40deab3a19982619
IMG_0011_r45_f0,train,Garnet,3,IMG_0011,/content/BSM-Project/data/raw/BSM/Garnet/2.jpg,GRP_0011,/content/BSM-Project/data/augmented/train/Garnet/2__r45_f0.jpg,True,45,False,224,224,3,26496,f1d200695476536aab344952db72bfd228309632335101c787cd93f9c40001ef
IMG_0011_r45_f1,train,Garnet,3,IMG_0011,/content/BSM-Project/data/raw/BSM/Garnet/2.jpg,GRP_0011,/content/BSM-Project/data/augmented/train/Garnet/2__r45_f1.jpg,True,45,True,224,224,3,26506,984ea4a21ea1c959fd2ac107f99259f92bfd8b6a060a03a8d77b88febd00d820
IMG_0011_r90_f0,train,Garnet,3,IMG_0011,/content/BSM-Project/data/raw/BSM/Garnet/2.jpg,GRP_0011,/content/BSM-Project/data/augmented/train/Garnet/2__r90_f0.jpg,True,90,False,224,224,3,27481,146098e3c2007d9c21786773f6ceb5ed0efa27d9d7acc9c2bb011ca713776a0c
IMG_0011_r90_f1,train,Garnet,3,IMG_0011,/content/BSM-Project/data/raw/BSM/Garnet/2.jpg,GRP_0011,/content/BSM-Project/data/augmented/train/Garnet/2__r90_f1.jpg,True,90,True,224,224,3,27453,612940dfbeb65525abe642db1f335e3a7409fb21a3be9d3e67a0030d3cdbbdf6
IMG_0015_r0_f0,train,Garnet,3,IMG_0015,/content/BSM-Project/data/raw/BSM/Garnet/23.jpg,GRP_0015,/content/BSM-Project/data/augmented/train/Garnet/23__r0_f0.jpg,True,0,False,224,224,3,23247,71673240b4bfde8bcbd25dc81d419c8493c0fcd32d459416cb273babda1d26e8
IMG_0015_r0_f1,train,Garnet,3,IMG_0015,/content/BSM-Project/data/raw/BSM/Garnet/23.jpg,GRP_0015,/content/BSM-Project/data/augmented/train/Garnet/23__r0_f1.jpg,True,0,True,224,224,3,23243,499d00664e52830d2b41a795cb23ac5a39da1e29e0efcfa218ed5dd19620b7c1
IMG_0015_r180_f0,train,Garnet,3,IMG_0015,/content/BSM-Project/data/raw/BSM/Garnet/23.jpg,GRP_0015,/content/BSM-Project/data/augmented/train/Garnet/23__r180_f0.jpg,True,180,False,224,224,3,23263,d5819f96581d32ce1345861dc666d134296a1d7f2042c0fc2fb74cd10086841d
IMG_0015_r180_f1,train,Garnet,3,IMG_0015,/content/BSM-Project/data/raw/BSM/Garnet/23.jpg,GRP_0015,/content/BSM-Project/data/augmented/train/Garnet/23__r180_f1.jpg,True,180,True,224,224,3,23207,c65503a363cdd37f3b88f8f165a72f582609ef337796c0392f4ce14474fb5d83
IMG_0015_r270_f0,train,Garnet,3,IMG_0015,/content/BSM-Project/data/raw/BSM/Garnet/23.jpg,GRP_0015,/content/BSM-Project/data/augmented/train/Garnet/23__r270_f0.jpg,True,270,False,224,224,3,22336,b5294d99e83d71d57dbd6960db98dddd69c59e7757eb70c1e648444c75bcfc0b
IMG_0015_r270_f1,train,Garnet,3,IMG_0015,/content/BSM-Project/data/raw/BSM/Garnet/23.jpg,GRP_0015,/content/BSM-Project/data/augmented/train/Garnet/23__r270_f1.jpg,True,270,True,224,224,3,22338,00bc96f8b1d4497aa59f665b6dc41090f9cd428ccd4f3b8d25c91fe129eebfa8
IMG_0015_r30_f0,train,Garnet,3,IMG_0015,/content/BSM-Project/data/raw/BSM/Garnet/23.jpg,GRP_0015,/content/BSM-Project/data/augmented/train/Garnet/23__r30_f0.jpg,True,30,False,224,224,3,22983,ee1ebc133843aaef0c68a44c3e0f144022ac0d232ed24afc30ba0788ed2e8ba0
IMG_0015_r30_f1,train,Garnet,3,IMG_0015,/content/BSM-Project/data/raw/BSM/Garnet/23.jpg,GRP_0015,/content/BSM-Project/data/augmented/train/Garnet/23__r30_f1.jpg,True,30,True,224,224,3,22980,42a3aa6d5851395a3fc3f7bed3c5e65a93f8c4c97a66404653027b203e0572af
IMG_0015_r45_f0,train,Garnet,3,IMG_0015,/content/BSM-Project/data/raw/BSM/Garnet/23.jpg,GRP_0015,/content/BSM-Project/data/augmented/train/Garnet/23__r45_f0.jpg,True,45,False,224,224,3,22769,634340629e09ef8fe3f4acfc1492b713e68fc75d5b187e7f40d4e3f305a03349
IMG_0015_r45_f1,train,Garnet,3,IMG_0015,/content/BSM-Project/data/raw/BSM/Garnet/23.jpg,GRP_0015,/content/BSM-Project/data/augmented/train/Garnet/23__r45_f1.jpg,True,45,True,224,224,3,22791,40762e89d6f292af01550be0576fb8c9b950a255c13076ce51c915fb2f922091
IMG_0015_r90_f0,train,Garnet,3,IMG_0015,/content/BSM-Project/data/raw/BSM/Garnet/23.jpg,GRP_0015,/content/BSM-Project/data/augmented/train/Garnet/23__r90_f0.jpg,True,90,False,224,224,3,22309,d572e24787d85da689bbbb579bb4c44c3cdf8cfad176dc9bf14b40d1621abf74
IMG_0015_r90_f1,train,Garnet,3,IMG_0015,/content/BSM-Project/data/raw/BSM/Garnet/23.jpg,GRP_0015,/content/BSM-Project/data/augmented/train/Garnet/23__r90_f1.jpg,True,90,True,224,224,3,22351,2ab4c95c39bbdf6dffbecb906bd62b541bae0b64cb24cbc9e9b8a392ab07392c
IMG_0016_r0_f0,train,Garnet,3,IMG_0016,/content/BSM-Project/data/raw/BSM/Garnet/24.jpg,GRP_0016,/content/BSM-Project/data/augmented/train/Garnet/24__r0_f0.jpg,True,0,False,224,224,3,24070,0b9bc6dbab5808ac67a1a3bf6e5d391407d665193ebbc6219befde35347471c1
IMG_0016_r0_f1,train,Garnet,3,IMG_0016,/content/BSM-Project/data/raw/BSM/Garnet/24.jpg,GRP_0016,/content/BSM-Project/data/augmented/train/Garnet/24__r0_f1.jpg,True,0,True,224,224,3,24083,6b74a40de2d5c576e8474b0d3f8bf011d8b9613d45dbf842ed21cb8a52f77796
IMG_0016_r180_f0,train,Garnet,3,IMG_0016,/content/BSM-Project/data/raw/BSM/Garnet/24.jpg,GRP_0016,/content/BSM-Project/data/augmented/train/Garnet/24__r180_f0.jpg,True,180,False,224,224,3,24083,e10025a15e8a4c45ccc0b18e63654317cd9dcbf417424f36a09b24116c37f96a
IMG_0016_r180_f1,train,Garnet,3,IMG_0016,/content/BSM-Project/data/raw/BSM/Garnet/24.jpg,GRP_0016,/content/BSM-Project/data/augmented/train/Garnet/24__r180_f1.jpg,True,180,True,224,224,3,24089,4e9ebdbfe103d2a86e1bd52ffa4bf27d0713caf45b32d6c54079ecfc0348d432
IMG_0016_r270_f0,train,Garnet,3,IMG_0016,/content/BSM-Project/data/raw/BSM/Garnet/24.jpg,GRP_0016,/content/BSM-Project/data/augmented/train/Garnet/24__r270_f0.jpg,True,270,False,224,224,3,24388,6c6d05d7b84e8625891bbf7470efeb3450e295586c387274ce77056f81db23a8
IMG_0016_r270_f1,train,Garnet,3,IMG_0016,/content/BSM-Project/data/raw/BSM/Garnet/24.jpg,GRP_0016,/content/BSM-Project/data/augmented/train/Garnet/24__r270_f1.jpg,True,270,True,224,224,3,24422,9715208ca14d69c9d1631e00c95fc41d61b3ffdd941b0abd546cf5a32e3da861
IMG_0016_r30_f0,train,Garnet,3,IMG_0016,/content/BSM-Project/data/raw/BSM/Garnet/24.jpg,GRP_0016,/content/BSM-Project/data/augmented/train/Garnet/24__r30_f0.jpg,True,30,False,224,224,3,26155,4c34a55d41582049efcda5189638df9f092aab993e569c81b7ac59eefaf051ce
IMG_0016_r30_f1,train,Garnet,3,IMG_0016,/content/BSM-Project/data/raw/BSM/Garnet/24.jpg,GRP_0016,/content/BSM-Project/data/augmented/train/Garnet/24__r30_f1.jpg,True,30,True,224,224,3,26134,66eb694b41a7ee028e75a2aa17470a418ca949e2b51da198d90e5ce27ff98dd7
IMG_0016_r45_f0,train,Garnet,3,IMG_0016,/content/BSM-Project/data/raw/BSM/Garnet/24.jpg,GRP_0016,/content/BSM-Project/data/augmented/train/Garnet/24__r45_f0.jpg,True,45,False,224,224,3,25673,d050fbeaeac99e09385288f34046ef4050c28c5233958788b6654852c6de5a9c
IMG_0016_r45_f1,train,Garnet,3,IMG_0016,/content/BSM-Project/data/raw/BSM/Garnet/24.jpg,GRP_0016,/content/BSM-Project/data/augmented/train/Garnet/24__r45_f1.jpg,True,45,True,224,224,3,25686,93904048ed4f1adb7b445f9c851256f2aca485fd0ec203acfd12643624770704
IMG_0016_r90_f0,train,Garnet,3,IMG_0016,/content/BSM-Project/data/raw/BSM/Garnet/24.jpg,GRP_0016,/content/BSM-Project/data/augmented/train/Garnet/24__r90_f0.jpg,True,90,False,224,224,3,24418,279152cfd61a90859934b44a33d3f4b535bfbbf32f8461a3c4f4129328146348
IMG_0016_r90_f1,train,Garnet,3,IMG_0016,/content/BSM-Project/data/raw/BSM/Garnet/24.jpg,GRP_0016,/content/BSM-Project/data/augmented/train/Garnet/24__r90_f1.jpg,True,90,True,224,224,3,24407,69375721318dc04dd79c80e9bde9ecb6bfc7f4e809c5e00a4c65b718a6a4f535
IMG_0017_r0_f0,train,Garnet,3,IMG_0017,/content/BSM-Project/data/raw/BSM/Garnet/25.jpg,GRP_0017,/content/BSM-Project/data/augmented/train/Garnet/25__r0_f0.jpg,True,0,False,224,224,3,25891,52041695e7ce51749e47aba8f671f02d1ac210d790eb9b3c0b13566a947c6642
IMG_0017_r0_f1,train,Garnet,3,IMG_0017,/content/BSM-Project/data/raw/BSM/Garnet/25.jpg,GRP_0017,/content/BSM-Project/data/augmented/train/Garnet/25__r0_f1.jpg,True,0,True,224,224,3,25906,b2a9bb76cdaa9bd5a1020e49cc8281ad7703d7f77a3fd3241205c6b614e9e474
IMG_0017_r180_f0,train,Garnet,3,IMG_0017,/content/BSM-Project/data/raw/BSM/Garnet/25.jpg,GRP_0017,/content/BSM-Project/data/augmented/train/Garnet/25__r180_f0.jpg,True,180,False,224,224,3,25913,ab82e5808d2d260fb26348c3376b637a9e068c488aeb6bcb78d3be30ca268b19
IMG_0017_r180_f1,train,Garnet,3,IMG_0017,/content/BSM-Project/data/raw/BSM/Garnet/25.jpg,GRP_0017,/content/BSM-Project/data/augmented/train/Garnet/25__r180_f1.jpg,True,180,True,224,224,3,25892,a907538f38344872919601a177c7049f6c42a593ad41d9d81ce815a0a6c50335
IMG_0017_r270_f0,train,Garnet,3,IMG_0017,/content/BSM-Project/data/raw/BSM/Garnet/25.jpg,GRP_0017,/content/BSM-Project/data/augmented/train/Garnet/25__r270_f0.jpg,True,270,False,224,224,3,23039,df139738adac7cb4633f56a44c6ba3f9d5be30b39838e9bf38edf17e1a2ee070
IMG_0017_r270_f1,train,Garnet,3,IMG_0017,/content/BSM-Project/data/raw/BSM/Garnet/25.jpg,GRP_0017,/content/BSM-Project/data/augmented/train/Garnet/25__r270_f1.jpg,True,270,True,224,224,3,23056,b68551e06dded23e44cd75c27a1ccafeb4b381846f380606b8a51cee10fe3ee3
IMG_0017_r30_f0,train,Garnet,3,IMG_0017,/content/BSM-Project/data/raw/BSM/Garnet/25.jpg,GRP_0017,/content/BSM-Project/data/augmented/train/Garnet/25__r30_f0.jpg,True,30,False,224,224,3,24741,f3a04df515608881859a1a2e92c2e93fb207d591940d1d337f258b099eac31bf
IMG_0017_r30_f1,train,Garnet,3,IMG_0017,/content/BSM-Project/data/raw/BSM/Garnet/25.jpg,GRP_0017,/content/BSM-Project/data/augmented/train/Garnet/25__r30_f1.jpg,True,30,True,224,224,3,24769,fe9bfce2d81038a5adb05db66287341bc74bbcc092f4cde0136510c470064038
IMG_0017_r45_f0,train,Garnet,3,IMG_0017,/content/BSM-Project/data/raw/BSM/Garnet/25.jpg,GRP_0017,/content/BSM-Project/data/augmented/train/Garnet/25__r45_f0.jpg,True,45,False,224,224,3,23872,82ec20fb37f84adda05db54e5b42e7a3fd52ec55394a110456d08a1265c7d24d
IMG_0017_r45_f1,train,Garnet,3,IMG_0017,/content/BSM-Project/data/raw/BSM/Garnet/25.jpg,GRP_0017,/content/BSM-Project/data/augmented/train/Garnet/25__r45_f1.jpg,True,45,True,224,224,3,23866,bc0ed57170363fc7dbb11d4f622b39d4f1de79c8c647663fdc8fb6397d41f1a4
IMG_0017_r90_f0,train,Garnet,3,IMG_0017,/content/BSM-Project/data/raw/BSM/Garnet/25.jpg,GRP_0017,/content/BSM-Project/data/augmented/train/Garnet/25__r90_f0.jpg,True,90,False,224,224,3,23048,80374e3d53e6706efc056286481b3d80176961bbeee31a9979afc042e65d9411
IMG_0017_r90_f1,train,Garnet,3,IMG_0017,/content/BSM-Project/data/raw/BSM/Garnet/25.jpg,GRP_0017,/content/BSM-Project/data/augmented/train/Garnet/25__r90_f1.jpg,True,90,True,224,224,3,23041,fe6e36117a1705fe84407a3931649d9b06a092f01b32479af9d2e75ea3eb88cb
IMG_0018_r0_f0,train,Garnet,3,IMG_0018,/content/BSM-Project/data/raw/BSM/Garnet/26.jpg,GRP_0018,/content/BSM-Project/data/augmented/train/Garnet/26__r0_f0.jpg,True,0,False,224,224,3,35207,d345b766d27d265784dc06728eece3c3a560fc8ef0c913b870f5872ef7e30c21
IMG_0018_r0_f1,train,Garnet,3,IMG_0018,/content/BSM-Project/data/raw/BSM/Garnet/26.jpg,GRP_0018,/content/BSM-Project/data/augmented/train/Garnet/26__r0_f1.jpg,True,0,True,224,224,3,35228,9c8e21f6cc08bd4769577b05cbd185f9b6f300202b8401040f2f51bedb1a0baa
IMG_0018_r180_f0,train,Garnet,3,IMG_0018,/content/BSM-Project/data/raw/BSM/Garnet/26.jpg,GRP_0018,/content/BSM-Project/data/augmented/train/Garnet/26__r180_f0.jpg,True,180,False,224,224,3,35247,82cc79c694e15c2ae90f282c4daea417cc904a59071cd4e1f010b2992ae57805
IMG_0018_r180_f1,train,Garnet,3,IMG_0018,/content/BSM-Project/data/raw/BSM/Garnet/26.jpg,GRP_0018,/content/BSM-Project/data/augmented/train/Garnet/26__r180_f1.jpg,True,180,True,224,224,3,35255,9bd61ed5072c25fe2a70745e7bd00843e71fa47baebef2a57e49a4adb2610078
IMG_0018_r270_f0,train,Garnet,3,IMG_0018,/content/BSM-Project/data/raw/BSM/Garnet/26.jpg,GRP_0018,/content/BSM-Project/data/augmented/train/Garnet/26__r270_f0.jpg,True,270,False,224,224,3,27189,1e5b7c763b6842d4a6350b466235bb2f7bf3ac1c938c6557e4834f8c5cda2fc2
IMG_0018_r270_f1,train,Garnet,3,IMG_0018,/content/BSM-Project/data/raw/BSM/Garnet/26.jpg,GRP_0018,/content/BSM-Project/data/augmented/train/Garnet/26__r270_f1.jpg,True,270,True,224,224,3,27179,8043d2aa0eff863bd19b750d0782f0a0bee71a3544ff2f90c07910ff8cc9b1a1
IMG_0018_r30_f0,train,Garnet,3,IMG_0018,/content/BSM-Project/data/raw/BSM/Garnet/26.jpg,GRP_0018,/content/BSM-Project/data/augmented/train/Garnet/26__r30_f0.jpg,True,30,False,224,224,3,32495,92edf9fcab2ff2a59256d4ef3dd0c9050ebe20f6eb7210bbe34f7f8f3e41e6cf
IMG_0018_r30_f1,train,Garnet,3,IMG_0018,/content/BSM-Project/data/raw/BSM/Garnet/26.jpg,GRP_0018,/content/BSM-Project/data/augmented/train/Garnet/26__r30_f1.jpg,True,30,True,224,224,3,32536,cdcec77e17206430f01b97f4cc290209e3a3db2754e027710d2358c95e2e4411
IMG_0018_r45_f0,train,Garnet,3,IMG_0018,/content/BSM-Project/data/raw/BSM/Garnet/26.jpg,GRP_0018,/content/BSM-Project/data/augmented/train/Garnet/26__r45_f0.jpg,True,45,False,224,224,3,31305,6b0d41bdb3c6e487792de50740ebbf31b0098031e702974aa6ccd2f523c955c2
IMG_0018_r45_f1,train,Garnet,3,IMG_0018,/content/BSM-Project/data/raw/BSM/Garnet/26.jpg,GRP_0018,/content/BSM-Project/data/augmented/train/Garnet/26__r45_f1.jpg,True,45,True,224,224,3,31314,fc87b47588fb0ac0bbe90437a2634d246d4bbcb007c59e66c550d5768cd09572
IMG_0018_r90_f0,train,Garnet,3,IMG_0018,/content/BSM-Project/data/raw/BSM/Garnet/26.jpg,GRP_0018,/content/BSM-Project/data/augmented/train/Garnet/26__r90_f0.jpg,True,90,False,224,224,3,27185,e6efec82b9c8af30bbc9ea5030e243603ce2dea739eddc21673475183cb33790
IMG_0018_r90_f1,train,Garnet,3,IMG_0018,/content/BSM-Project/data/raw/BSM/Garnet/26.jpg,GRP_0018,/content/BSM-Project/data/augmented/train/Garnet/26__r90_f1.jpg,True,90,True,224,224,3,27182,9020864bf0c083e6018a2e742f6ff29ebd94d0b58d68761d71a155247a603df5
IMG_0020_r0_f0,train,Garnet,3,IMG_0020,/content/BSM-Project/data/raw/BSM/Garnet/28.jpg,GRP_0020,/content/BSM-Project/data/augmented/train/Garnet/28__r0_f0.jpg,True,0,False,224,224,3,29011,e64d563b7059f75e2e970d9e61ea976846774932b1b790d095bbcfa4eac63a03
IMG_0020_r0_f1,train,Garnet,3,IMG_0020,/content/BSM-Project/data/raw/BSM/Garnet/28.jpg,GRP_0020,/content/BSM-Project/data/augmented/train/Garnet/28__r0_f1.jpg,True,0,True,224,224,3,29011,4227213480ddccee9c0679dba6c081032cfdaf4cd71e33219bafabdb76939804
IMG_0020_r180_f0,train,Garnet,3,IMG_0020,/content/BSM-Project/data/raw/BSM/Garnet/28.jpg,GRP_0020,/content/BSM-Project/data/augmented/train/Garnet/28__r180_f0.jpg,True,180,False,224,224,3,28981,f9073ffc8f2afd94bc1d0d8f8c717bd0bf19c38dad7681e559124c416d34014c
IMG_0020_r180_f1,train,Garnet,3,IMG_0020,/content/BSM-Project/data/raw/BSM/Garnet/28.jpg,GRP_0020,/content/BSM-Project/data/augmented/train/Garnet/28__r180_f1.jpg,True,180,True,224,224,3,29000,495230fb3d2a2e2dd860f1c5372df50cfe9b60bbc2ff4f7a8085be20c6fe31e5
IMG_0020_r270_f0,train,Garnet,3,IMG_0020,/content/BSM-Project/data/raw/BSM/Garnet/28.jpg,GRP_0020,/content/BSM-Project/data/augmented/train/Garnet/28__r270_f0.jpg,True,270,False,224,224,3,29221,49a20e56b5f6de194e388150977b728e446417e155b48f958fcc2ec0c83e1ee2
IMG_0020_r270_f1,train,Garnet,3,IMG_0020,/content/BSM-Project/data/raw/BSM/Garnet/28.jpg,GRP_0020,/content/BSM-Project/data/augmented/train/Garnet/28__r270_f1.jpg,True,270,True,224,224,3,29222,b34214f960f4e208fbf39485e9958e480b01e26c21197cc1ada2bb8662d30d62
IMG_0020_r30_f0,train,Garnet,3,IMG_0020,/content/BSM-Project/data/raw/BSM/Garnet/28.jpg,GRP_0020,/content/BSM-Project/data/augmented/train/Garnet/28__r30_f0.jpg,True,30,False,224,224,3,26088,1d1cdfdd110fbc99ff87507cc9c72d5f9c696fcc9bb16c164a34f272e3734e27
IMG_0020_r30_f1,train,Garnet,3,IMG_0020,/content/BSM-Project/data/raw/BSM/Garnet/28.jpg,GRP_0020,/content/BSM-Project/data/augmented/train/Garnet/28__r30_f1.jpg,True,30,True,224,224,3,26077,a1f67c407a74607d1ed329d905dab52a637a2feb7ad1a0a0e7bfda1ed0b3c0a7
IMG_0020_r45_f0,train,Garnet,3,IMG_0020,/content/BSM-Project/data/raw/BSM/Garnet/28.jpg,GRP_0020,/content/BSM-Project/data/augmented/train/Garnet/28__r45_f0.jpg,True,45,False,224,224,3,25861,ffb3060e8e75dd56f6785de0e353e31f8c496e2a2ddb42e37e3ce0c2d04c77ba
IMG_0020_r45_f1,train,Garnet,3,IMG_0020,/content/BSM-Project/data/raw/BSM/Garnet/28.jpg,GRP_0020,/content/BSM-Project/data/augmented/train/Garnet/28__r45_f1.jpg,True,45,True,224,224,3,25842,776cd0e76a07e32280dda035bec0e969799c81501fb3e78d237177e382867740
IMG_0020_r90_f0,train,Garnet,3,IMG_0020,/content/BSM-Project/data/raw/BSM/Garnet/28.jpg,GRP_0020,/content/BSM-Project/data/augmented/train/Garnet/28__r90_f0.jpg,True,90,False,224,224,3,29238,1aa189b5d983f43d725516ad1d27248b32a9bbb53327e024590ead5ad7d7eec7
IMG_0020_r90_f1,train,Garnet,3,IMG_0020,/content/BSM-Project/data/raw/BSM/Garnet/28.jpg,GRP_0020,/content/BSM-Project/data/augmented/train/Garnet/28__r90_f1.jpg,True,90,True,224,224,3,29200,6cebe723310efe35b9fe1506dc3ea10ec6a56fdf84e02092a03bfa45d3c55e7d
IMG_0021_r0_f0,train,Garnet,3,IMG_0021,/content/BSM-Project/data/raw/BSM/Garnet/29.jpg,GRP_0021,/content/BSM-Project/data/augmented/train/Garnet/29__r0_f0.jpg,True,0,False,224,224,3,25588,cfc14ed2e10cde9382d01ce7409fa9a14407dd360eb87ad76f5e214d1e209298
IMG_0021_r0_f1,train,Garnet,3,IMG_0021,/content/BSM-Project/data/raw/BSM/Garnet/29.jpg,GRP_0021,/content/BSM-Project/data/augmented/train/Garnet/29__r0_f1.jpg,True,0,True,224,224,3,25581,b3b91aa3bb222b1ba98b86b7ab05112529c3f3633c3a5254b4108e23b4c31dae
IMG_0021_r180_f0,train,Garnet,3,IMG_0021,/content/BSM-Project/data/raw/BSM/Garnet/29.jpg,GRP_0021,/content/BSM-Project/data/augmented/train/Garnet/29__r180_f0.jpg,True,180,False,224,224,3,25571,6d56e2d3dda369e300fb1a9fe3a8536a3d90fca50a78e6694b44f6fe5fb23d91
IMG_0021_r180_f1,train,Garnet,3,IMG_0021,/content/BSM-Project/data/raw/BSM/Garnet/29.jpg,GRP_0021,/content/BSM-Project/data/augmented/train/Garnet/29__r180_f1.jpg,True,180,True,224,224,3,25558,deb803bc7b613a1f5c8eff5abe9ba142924bdb2013ea605f83c47ecb7eb0c2a8
IMG_0021_r270_f0,train,Garnet,3,IMG_0021,/content/BSM-Project/data/raw/BSM/Garnet/29.jpg,GRP_0021,/content/BSM-Project/data/augmented/train/Garnet/29__r270_f0.jpg,True,270,False,224,224,3,17704,f6d3aa1a26acfbaf5729ced4e9331fcb7cd698227d2c87fd39a8bccd64a74992
IMG_0021_r270_f1,train,Garnet,3,IMG_0021,/content/BSM-Project/data/raw/BSM/Garnet/29.jpg,GRP_0021,/content/BSM-Project/data/augmented/train/Garnet/29__r270_f1.jpg,True,270,True,224,224,3,17707,4e1781f4a214d35033aa06ef9e91da8fa004360bca0b5c1b6ab8b381982a207d
IMG_0021_r30_f0,train,Garnet,3,IMG_0021,/content/BSM-Project/data/raw/BSM/Garnet/29.jpg,GRP_0021,/content/BSM-Project/data/augmented/train/Garnet/29__r30_f0.jpg,True,30,False,224,224,3,23555,3d640996d1251eeafdf3a1f598818dae4761fc6faa897327a468976ac254892e
IMG_0021_r30_f1,train,Garnet,3,IMG_0021,/content/BSM-Project/data/raw/BSM/Garnet/29.jpg,GRP_0021,/content/BSM-Project/data/augmented/train/Garnet/29__r30_f1.jpg,True,30,True,224,224,3,23554,fc42f6dfabe6a14785b13ffc8ee6e63d79225e8a6ad456d213e788412545db18
IMG_0021_r45_f0,train,Garnet,3,IMG_0021,/content/BSM-Project/data/raw/BSM/Garnet/29.jpg,GRP_0021,/content/BSM-Project/data/augmented/train/Garnet/29__r45_f0.jpg,True,45,False,224,224,3,21997,70da5a92f01f30405a757f406d2e7bb33bc441e565dbcbf3c20e7413994a0cba
IMG_0021_r45_f1,train,Garnet,3,IMG_0021,/content/BSM-Project/data/raw/BSM/Garnet/29.jpg,GRP_0021,/content/BSM-Project/data/augmented/train/Garnet/29__r45_f1.jpg,True,45,True,224,224,3,22007,52bd5f002da9c1ed03871ea191c0e76031d3566ffae5e876b21ac97eda893a0a
IMG_0021_r90_f0,train,Garnet,3,IMG_0021,/content/BSM-Project/data/raw/BSM/Garnet/29.jpg,GRP_0021,/content/BSM-Project/data/augmented/train/Garnet/29__r90_f0.jpg,True,90,False,224,224,3,17711,95faf0f92124925e22b6bd0e2e8e3d9afd7143322a8cbbebc36b8943c023898f
IMG_0021_r90_f1,train,Garnet,3,IMG_0021,/content/BSM-Project/data/raw/BSM/Garnet/29.jpg,GRP_0021,/content/BSM-Project/data/augmented/train/Garnet/29__r90_f1.jpg,True,90,True,224,224,3,17725,b5afd07e60bb9bc6004ee8aba585af0408ea85bb7a189a191d5423fe9891364f
IMG_0023_r0_f0,train,Garnet,3,IMG_0023,/content/BSM-Project/data/raw/BSM/Garnet/30.jpg,GRP_0023,/content/BSM-Project/data/augmented/train/Garnet/30__r0_f0.jpg,True,0,False,224,224,3,26252,2136b6d5fcbc869c86e9907320a08dc844fce12e920b0edbfce256d8a2957401
IMG_0023_r0_f1,train,Garnet,3,IMG_0023,/content/BSM-Project/data/raw/BSM/Garnet/30.jpg,GRP_0023,/content/BSM-Project/data/augmented/train/Garnet/30__r0_f1.jpg,True,0,True,224,224,3,26263,539e396d3f94288137c4a1e9ec4c73ab6bb770bc34dffa72477abc5b05144539
IMG_0023_r180_f0,train,Garnet,3,IMG_0023,/content/BSM-Project/data/raw/BSM/Garnet/30.jpg,GRP_0023,/content/BSM-Project/data/augmented/train/Garnet/30__r180_f0.jpg,True,180,False,224,224,3,26252,bb82ce5f651288a3199ef5c69af262de9688cf7b433f03b95576f342a55659fd
IMG_0023_r180_f1,train,Garnet,3,IMG_0023,/content/BSM-Project/data/raw/BSM/Garnet/30.jpg,GRP_0023,/content/BSM-Project/data/augmented/train/Garnet/30__r180_f1.jpg,True,180,True,224,224,3,26258,a14ec840242621f5f232c2d01f544d15d55766fdaf5b2a352b7018235680a8ae
IMG_0023_r270_f0,train,Garnet,3,IMG_0023,/content/BSM-Project/data/raw/BSM/Garnet/30.jpg,GRP_0023,/content/BSM-Project/data/augmented/train/Garnet/30__r270_f0.jpg,True,270,False,224,224,3,24795,ebdda3e55e02a8d7b7f081d79cff42886d04d3e36933d06071620df54ce8281e
IMG_0023_r270_f1,train,Garnet,3,IMG_0023,/content/BSM-Project/data/raw/BSM/Garnet/30.jpg,GRP_0023,/content/BSM-Project/data/augmented/train/Garnet/30__r270_f1.jpg,True,270,True,224,224,3,24777,b0227b62873ca0e2124f6580c8dc5d6cbd2197df5a0dd26341811665da162b00
IMG_0023_r30_f0,train,Garnet,3,IMG_0023,/content/BSM-Project/data/raw/BSM/Garnet/30.jpg,GRP_0023,/content/BSM-Project/data/augmented/train/Garnet/30__r30_f0.jpg,True,30,False,224,224,3,24968,21ad7a67023cde6138bddc2e9d42dd912ad48656333ef43778c8c4c0ece5ec63
IMG_0023_r30_f1,train,Garnet,3,IMG_0023,/content/BSM-Project/data/raw/BSM/Garnet/30.jpg,GRP_0023,/content/BSM-Project/data/augmented/train/Garnet/30__r30_f1.jpg,True,30,True,224,224,3,24964,01f476825562ea4e1047b53e5b5f1bd4c8a1896a7b040223b6897f4705dfbdb7
IMG_0023_r45_f0,train,Garnet,3,IMG_0023,/content/BSM-Project/data/raw/BSM/Garnet/30.jpg,GRP_0023,/content/BSM-Project/data/augmented/train/Garnet/30__r45_f0.jpg,True,45,False,224,224,3,24416,4a4008565257e79c9df6cb5cc84ff699adac30f8cf4295cf44b861a0c605efc9
IMG_0023_r45_f1,train,Garnet,3,IMG_0023,/content/BSM-Project/data/raw/BSM/Garnet/30.jpg,GRP_0023,/content/BSM-Project/data/augmented/train/Garnet/30__r45_f1.jpg,True,45,True,224,224,3,24444,c6111458d7ece65e371cf9d7c8460f71e1715cf9e47818854dc13da385fb63aa
IMG_0023_r90_f0,train,Garnet,3,IMG_0023,/content/BSM-Project/data/raw/BSM/Garnet/30.jpg,GRP_0023,/content/BSM-Project/data/augmented/train/Garnet/30__r90_f0.jpg,True,90,False,224,224,3,24805,e87fe03b7232d4740f37556de11b4378985f1f1f24c4d42de4f5e8a52f419762
IMG_0023_r90_f1,train,Garnet,3,IMG_0023,/content/BSM-Project/data/raw/BSM/Garnet/30.jpg,GRP_0023,/content/BSM-Project/data/augmented/train/Garnet/30__r90_f1.jpg,True,90,True,224,224,3,24813,123d0592d6626fa6a592fb2ad48401bdea2773b69d9e459cf9f6e074246fa3f1
IMG_0024_r0_f0,train,Garnet,3,IMG_0024,/content/BSM-Project/data/raw/BSM/Garnet/31.jpg,GRP_0024,/content/BSM-Project/data/augmented/train/Garnet/31__r0_f0.jpg,True,0,False,224,224,3,22686,9ccaf4c0eed732e9058faadf1b8c9c9f808622682f15b0d4caa0c3fe0186a278
IMG_0024_r0_f1,train,Garnet,3,IMG_0024,/content/BSM-Project/data/raw/BSM/Garnet/31.jpg,GRP_0024,/content/BSM-Project/data/augmented/train/Garnet/31__r0_f1.jpg,True,0,True,224,224,3,22718,3fa6d563de0d8f9b055477bb9a9530f7a6e493d31f315d59aa31a19e280fa835
IMG_0024_r180_f0,train,Garnet,3,IMG_0024,/content/BSM-Project/data/raw/BSM/Garnet/31.jpg,GRP_0024,/content/BSM-Project/data/augmented/train/Garnet/31__r180_f0.jpg,True,180,False,224,224,3,22716,a797a5b56f3b9a87a82a6d4cb9cab51cb1390bd97e9fe3ee1ab47e5f3a86585f
IMG_0024_r180_f1,train,Garnet,3,IMG_0024,/content/BSM-Project/data/raw/BSM/Garnet/31.jpg,GRP_0024,/content/BSM-Project/data/augmented/train/Garnet/31__r180_f1.jpg,True,180,True,224,224,3,22707,90fe1ea3e43b219adf1694893370484e8f7b6247204e1b84922a45aa13839032
IMG_0024_r270_f0,train,Garnet,3,IMG_0024,/content/BSM-Project/data/raw/BSM/Garnet/31.jpg,GRP_0024,/content/BSM-Project/data/augmented/train/Garnet/31__r270_f0.jpg,True,270,False,224,224,3,22485,b489643374fd867cdbc4e4538d98b74db7c324757f7ac11ab198ac47a7183edb
IMG_0024_r270_f1,train,Garnet,3,IMG_0024,/content/BSM-Project/data/raw/BSM/Garnet/31.jpg,GRP_0024,/content/BSM-Project/data/augmented/train/Garnet/31__r270_f1.jpg,True,270,True,224,224,3,22497,3952a6db86cc62a295fcc4b56d87d49ecab1858f4345d1e2d43691087bd67f8e
IMG_0024_r30_f0,train,Garnet,3,IMG_0024,/content/BSM-Project/data/raw/BSM/Garnet/31.jpg,GRP_0024,/content/BSM-Project/data/augmented/train/Garnet/31__r30_f0.jpg,True,30,False,224,224,3,25052,1250a1d99938c1d0f66281369e821f550786e69715c3247ba6c7f77b96a915dd
IMG_0024_r30_f1,train,Garnet,3,IMG_0024,/content/BSM-Project/data/raw/BSM/Garnet/31.jpg,GRP_0024,/content/BSM-Project/data/augmented/train/Garnet/31__r30_f1.jpg,True,30,True,224,224,3,25109,50c7666c7eb9f2d7d8bef196716873fd45574ebf807421e3c365ce318cd5e7db
IMG_0024_r45_f0,train,Garnet,3,IMG_0024,/content/BSM-Project/data/raw/BSM/Garnet/31.jpg,GRP_0024,/content/BSM-Project/data/augmented/train/Garnet/31__r45_f0.jpg,True,45,False,224,224,3,24769,4cd1dd6ca645fd08df231876ca60bafdb7193e49026fbff8759df08713ccf6a8
IMG_0024_r45_f1,train,Garnet,3,IMG_0024,/content/BSM-Project/data/raw/BSM/Garnet/31.jpg,GRP_0024,/content/BSM-Project/data/augmented/train/Garnet/31__r45_f1.jpg,True,45,True,224,224,3,24835,5e1a667a9f106aa148718e780889de339dbcf00c72d169db4854037abc67d0fd
IMG_0024_r90_f0,train,Garnet,3,IMG_0024,/content/BSM-Project/data/raw/BSM/Garnet/31.jpg,GRP_0024,/content/BSM-Project/data/augmented/train/Garnet/31__r90_f0.jpg,True,90,False,224,224,3,22471,4e6260ce6cb64d79ebebf7e2ee02ecf4313b9409a798f711917cdef0b61f24c5
IMG_0024_r90_f1,train,Garnet,3,IMG_0024,/content/BSM-Project/data/raw/BSM/Garnet/31.jpg,GRP_0024,/content/BSM-Project/data/augmented/train/Garnet/31__r90_f1.jpg,True,90,True,224,224,3,22480,10a132da287b188c1fe8a9a15353b36863148953dff89f2252ddf57eeb17148a
IMG_0025_r0_f0,train,Garnet,3,IMG_0025,/content/BSM-Project/data/raw/BSM/Garnet/32.jpg,GRP_0025,/content/BSM-Project/data/augmented/train/Garnet/32__r0_f0.jpg,True,0,False,224,224,3,12905,1ef83c6fde6fbb049b541446325d3aa27353431082032e79332f8322b58c56d4
IMG_0025_r0_f1,train,Garnet,3,IMG_0025,/content/BSM-Project/data/raw/BSM/Garnet/32.jpg,GRP_0025,/content/BSM-Project/data/augmented/train/Garnet/32__r0_f1.jpg,True,0,True,224,224,3,12885,87a77d9752e2052746f65905654bd9c69d670b2ef37ad4c2204d72ca6dd0c3d6
IMG_0025_r180_f0,train,Garnet,3,IMG_0025,/content/BSM-Project/data/raw/BSM/Garnet/32.jpg,GRP_0025,/content/BSM-Project/data/augmented/train/Garnet/32__r180_f0.jpg,True,180,False,224,224,3,12900,97562107080f7bb0bbd3f002dc0fdb7a7f11837aa5acda7b1cb1203f44cb468a
IMG_0025_r180_f1,train,Garnet,3,IMG_0025,/content/BSM-Project/data/raw/BSM/Garnet/32.jpg,GRP_0025,/content/BSM-Project/data/augmented/train/Garnet/32__r180_f1.jpg,True,180,True,224,224,3,12874,2c8c3f3dd637263dc3b28f266f5635e570316ad499522e5ee8d670e5e894e0ec
IMG_0025_r270_f0,train,Garnet,3,IMG_0025,/content/BSM-Project/data/raw/BSM/Garnet/32.jpg,GRP_0025,/content/BSM-Project/data/augmented/train/Garnet/32__r270_f0.jpg,True,270,False,224,224,3,12008,17bb21504474319b15a4f1d6e9938ea14fb57d2a86cc92f752abc7a61d521902
IMG_0025_r270_f1,train,Garnet,3,IMG_0025,/content/BSM-Project/data/raw/BSM/Garnet/32.jpg,GRP_0025,/content/BSM-Project/data/augmented/train/Garnet/32__r270_f1.jpg,True,270,True,224,224,3,11997,1c2b558c168e00e1d35f5fd7870dafed6289107761c904fc924a0b7d235ca3b9
IMG_0025_r30_f0,train,Garnet,3,IMG_0025,/content/BSM-Project/data/raw/BSM/Garnet/32.jpg,GRP_0025,/content/BSM-Project/data/augmented/train/Garnet/32__r30_f0.jpg,True,30,False,224,224,3,15742,53c997bab69b1047898beac7c1ad61c1353a5fe3c438a90a2d7bfd3d603f2793
IMG_0025_r30_f1,train,Garnet,3,IMG_0025,/content/BSM-Project/data/raw/BSM/Garnet/32.jpg,GRP_0025,/content/BSM-Project/data/augmented/train/Garnet/32__r30_f1.jpg,True,30,True,224,224,3,15847,1bb71b4151ac8d0b5571d86cf373d9b9c9be9dab8a1793876d1f673cf22bbf15
IMG_0025_r45_f0,train,Garnet,3,IMG_0025,/content/BSM-Project/data/raw/BSM/Garnet/32.jpg,GRP_0025,/content/BSM-Project/data/augmented/train/Garnet/32__r45_f0.jpg,True,45,False,224,224,3,15087,f42bb2d71def4804b2253eb4ea6bca6493e85cd0ce29d1c9be75c482ca0eae9d
IMG_0025_r45_f1,train,Garnet,3,IMG_0025,/content/BSM-Project/data/raw/BSM/Garnet/32.jpg,GRP_0025,/content/BSM-Project/data/augmented/train/Garnet/32__r45_f1.jpg,True,45,True,224,224,3,15167,bd60e96be39aa86ff02da7198e7c38bd7c06df7130c71c08932122bf8ac8a2c1
IMG_0025_r90_f0,train,Garnet,3,IMG_0025,/content/BSM-Project/data/raw/BSM/Garnet/32.jpg,GRP_0025,/content/BSM-Project/data/augmented/train/Garnet/32__r90_f0.jpg,True,90,False,224,224,3,12001,a12e753aa773d55e830f8016146e34e3258103a14ad680d14362e5a4c5a41a12
IMG_0025_r90_f1,train,Garnet,3,IMG_0025,/content/BSM-Project/data/raw/BSM/Garnet/32.jpg,GRP_0025,/content/BSM-Project/data/augmented/train/Garnet/32__r90_f1.jpg,True,90,True,224,224,3,12015,30ffa1c4e7f3ef222e2cce266b521e03a248b7b7ee3d4243b55af88c22aca9bf
IMG_0026_r0_f0,train,Garnet,3,IMG_0026,/content/BSM-Project/data/raw/BSM/Garnet/33.jpg,GRP_0026,/content/BSM-Project/data/augmented/train/Garnet/33__r0_f0.jpg,True,0,False,224,224,3,27147,9e0bb25fa851e0f79ed26735021e48edd4c2c9e06c5fefa99fe33f9f8e948051
IMG_0026_r0_f1,train,Garnet,3,IMG_0026,/content/BSM-Project/data/raw/BSM/Garnet/33.jpg,GRP_0026,/content/BSM-Project/data/augmented/train/Garnet/33__r0_f1.jpg,True,0,True,224,224,3,27160,e0455fcb105263c50ef53b4b682fb919f68bb3019645b314267672f7e7169ae1
IMG_0026_r180_f0,train,Garnet,3,IMG_0026,/content/BSM-Project/data/raw/BSM/Garnet/33.jpg,GRP_0026,/content/BSM-Project/data/augmented/train/Garnet/33__r180_f0.jpg,True,180,False,224,224,3,27144,39b4b22f80aad7daef03863690b312e418b101752c1617167695a3e49243c972
IMG_0026_r180_f1,train,Garnet,3,IMG_0026,/content/BSM-Project/data/raw/BSM/Garnet/33.jpg,GRP_0026,/content/BSM-Project/data/augmented/train/Garnet/33__r180_f1.jpg,True,180,True,224,224,3,27125,ec43bf1d16f5a3e409f83ae0ce260b2c730ee6f915b4e0c7c752af228773ef37
IMG_0026_r270_f0,train,Garnet,3,IMG_0026,/content/BSM-Project/data/raw/BSM/Garnet/33.jpg,GRP_0026,/content/BSM-Project/data/augmented/train/Garnet/33__r270_f0.jpg,True,270,False,224,224,3,22772,bb8d29fccc2909c5ecc12b423fb24b1cfa742aeda69c3d65b543eaf26f17e01b
IMG_0026_r270_f1,train,Garnet,3,IMG_0026,/content/BSM-Project/data/raw/BSM/Garnet/33.jpg,GRP_0026,/content/BSM-Project/data/augmented/train/Garnet/33__r270_f1.jpg,True,270,True,224,224,3,22757,421740d8ef16ef9f783c2474016eeddcd35ff8f9f9d8ea46ba875168b2d75872
IMG_0026_r30_f0,train,Garnet,3,IMG_0026,/content/BSM-Project/data/raw/BSM/Garnet/33.jpg,GRP_0026,/content/BSM-Project/data/augmented/train/Garnet/33__r30_f0.jpg,True,30,False,224,224,3,26086,9f0528acac9acc7efbf7b2c4a6bdf8433147a8f53a12943930d1129dbcc4a657
IMG_0026_r30_f1,train,Garnet,3,IMG_0026,/content/BSM-Project/data/raw/BSM/Garnet/33.jpg,GRP_0026,/content/BSM-Project/data/augmented/train/Garnet/33__r30_f1.jpg,True,30,True,224,224,3,26108,c70e9da744fa3f4e266a7dc87eff39640e5b29b13515095d02ea01e58ff6ee04
IMG_0026_r45_f0,train,Garnet,3,IMG_0026,/content/BSM-Project/data/raw/BSM/Garnet/33.jpg,GRP_0026,/content/BSM-Project/data/augmented/train/Garnet/33__r45_f0.jpg,True,45,False,224,224,3,24588,130278763deefd21546a7e314e24917c90073375238cad7a8f2364f13feae724
IMG_0026_r45_f1,train,Garnet,3,IMG_0026,/content/BSM-Project/data/raw/BSM/Garnet/33.jpg,GRP_0026,/content/BSM-Project/data/augmented/train/Garnet/33__r45_f1.jpg,True,45,True,224,224,3,24547,88e2207a8f9a4735d16ecf8b4cd1598ec4652a7434cf4838803d891b4482f955
IMG_0026_r90_f0,train,Garnet,3,IMG_0026,/content/BSM-Project/data/raw/BSM/Garnet/33.jpg,GRP_0026,/content/BSM-Project/data/augmented/train/Garnet/33__r90_f0.jpg,True,90,False,224,224,3,22780,7cf5976afbbdae960e8c46024ec9c8c56326486b436d8d05a3be7aaffa35465b
IMG_0026_r90_f1,train,Garnet,3,IMG_0026,/content/BSM-Project/data/raw/BSM/Garnet/33.jpg,GRP_0026,/content/BSM-Project/data/augmented/train/Garnet/33__r90_f1.jpg,True,90,True,224,224,3,22747,834dc3d6c933497c005a93bb32001eb006ea7a3e562460886c0e372643d92535
IMG_0027_r0_f0,train,Garnet,3,IMG_0027,/content/BSM-Project/data/raw/BSM/Garnet/34.jpg,GRP_0027,/content/BSM-Project/data/augmented/train/Garnet/34__r0_f0.jpg,True,0,False,224,224,3,25955,d3d8a8f0ceb0ff86d6cd1bb02170217a43049da80b705d94833a3d204376e8e0
IMG_0027_r0_f1,train,Garnet,3,IMG_0027,/content/BSM-Project/data/raw/BSM/Garnet/34.jpg,GRP_0027,/content/BSM-Project/data/augmented/train/Garnet/34__r0_f1.jpg,True,0,True,224,224,3,25926,4c832f0a37cbe215795a72b78cc83c237e89893b1e0195bee33a2b5705b8889b
IMG_0027_r180_f0,train,Garnet,3,IMG_0027,/content/BSM-Project/data/raw/BSM/Garnet/34.jpg,GRP_0027,/content/BSM-Project/data/augmented/train/Garnet/34__r180_f0.jpg,True,180,False,224,224,3,25928,a0bcaf14666010eeb7eb62ceaa97ef4991986250cffdc10284622b733d0ed49c
IMG_0027_r180_f1,train,Garnet,3,IMG_0027,/content/BSM-Project/data/raw/BSM/Garnet/34.jpg,GRP_0027,/content/BSM-Project/data/augmented/train/Garnet/34__r180_f1.jpg,True,180,True,224,224,3,25948,532c71d18b30b3e441f0a970bdf3720eb997e7dae3821377c908eb5f874a931d
IMG_0027_r270_f0,train,Garnet,3,IMG_0027,/content/BSM-Project/data/raw/BSM/Garnet/34.jpg,GRP_0027,/content/BSM-Project/data/augmented/train/Garnet/34__r270_f0.jpg,True,270,False,224,224,3,25443,be5e75686ee5300d799bcdfc254574916120da04e5ed98f9eb04c17f3afb3959
IMG_0027_r270_f1,train,Garnet,3,IMG_0027,/content/BSM-Project/data/raw/BSM/Garnet/34.jpg,GRP_0027,/content/BSM-Project/data/augmented/train/Garnet/34__r270_f1.jpg,True,270,True,224,224,3,25459,beac73f29c4334cecdd398c169f34ff994d3cf2adc7a589e0ce24a5180c08c23
IMG_0027_r30_f0,train,Garnet,3,IMG_0027,/content/BSM-Project/data/raw/BSM/Garnet/34.jpg,GRP_0027,/content/BSM-Project/data/augmented/train/Garnet/34__r30_f0.jpg,True,30,False,224,224,3,28217,d0bd723b7b3c4c6308995e74ca6c740344bba38de53ee179848f1c1ea5bc12fb
IMG_0027_r30_f1,train,Garnet,3,IMG_0027,/content/BSM-Project/data/raw/BSM/Garnet/34.jpg,GRP_0027,/content/BSM-Project/data/augmented/train/Garnet/34__r30_f1.jpg,True,30,True,224,224,3,28184,1304990a494354e0a55543f2f032c753e40e28d67f943b5975fca91d37963d16
IMG_0027_r45_f0,train,Garnet,3,IMG_0027,/content/BSM-Project/data/raw/BSM/Garnet/34.jpg,GRP_0027,/content/BSM-Project/data/augmented/train/Garnet/34__r45_f0.jpg,True,45,False,224,224,3,27952,9235ac2ff957de3493451d5d92a49885bcf64f046aedd606c5e7b34fa959f803
IMG_0027_r45_f1,train,Garnet,3,IMG_0027,/content/BSM-Project/data/raw/BSM/Garnet/34.jpg,GRP_0027,/content/BSM-Project/data/augmented/train/Garnet/34__r45_f1.jpg,True,45,True,224,224,3,27978,97410fcb32c5c87a069fe9a119b4b64bfd6f830ff34c4a82ba21cc60fce7fcb1
IMG_0027_r90_f0,train,Garnet,3,IMG_0027,/content/BSM-Project/data/raw/BSM/Garnet/34.jpg,GRP_0027,/content/BSM-Project/data/augmented/train/Garnet/34__r90_f0.jpg,True,90,False,224,224,3,25474,050ad0925368c354b9f5613bede5bc8ea32ecd1b56d36245a0a649e3f6b76395
IMG_0027_r90_f1,train,Garnet,3,IMG_0027,/content/BSM-Project/data/raw/BSM/Garnet/34.jpg,GRP_0027,/content/BSM-Project/data/augmented/train/Garnet/34__r90_f1.jpg,True,90,True,224,224,3,25464,86400f594ed6b19ba7197c16a5189a6c4aec7198620c3f972b32151efe693d08
IMG_0028_r0_f0,train,Garnet,3,IMG_0028,/content/BSM-Project/data/raw/BSM/Garnet/35.jpg,GRP_0028,/content/BSM-Project/data/augmented/train/Garnet/35__r0_f0.jpg,True,0,False,224,224,3,23904,95ae6b5a82a313360f6119afa0642ec219d135c8e16a89f7636a396dab317095
IMG_0028_r0_f1,train,Garnet,3,IMG_0028,/content/BSM-Project/data/raw/BSM/Garnet/35.jpg,GRP_0028,/content/BSM-Project/data/augmented/train/Garnet/35__r0_f1.jpg,True,0,True,224,224,3,23912,212477884cf6a0f8fe5d3ffb56967adf0b5e78d6f6df4ebbaf4f8cab6af86d81
IMG_0028_r180_f0,train,Garnet,3,IMG_0028,/content/BSM-Project/data/raw/BSM/Garnet/35.jpg,GRP_0028,/content/BSM-Project/data/augmented/train/Garnet/35__r180_f0.jpg,True,180,False,224,224,3,23885,3aec5ae38514734f72ef91ffa35e8a70833f8f19fa4fb398f1bb6b262143ba51
IMG_0028_r180_f1,train,Garnet,3,IMG_0028,/content/BSM-Project/data/raw/BSM/Garnet/35.jpg,GRP_0028,/content/BSM-Project/data/augmented/train/Garnet/35__r180_f1.jpg,True,180,True,224,224,3,23902,08ecd71306ee62c39b614005794923bcc66395a18643b6574b5df022fcfb4825
IMG_0028_r270_f0,train,Garnet,3,IMG_0028,/content/BSM-Project/data/raw/BSM/Garnet/35.jpg,GRP_0028,/content/BSM-Project/data/augmented/train/Garnet/35__r270_f0.jpg,True,270,False,224,224,3,17892,74dc6e2ebd1558ffb433f8969c45d40e854a47f27c83832161ea859c982cd697
IMG_0028_r270_f1,train,Garnet,3,IMG_0028,/content/BSM-Project/data/raw/BSM/Garnet/35.jpg,GRP_0028,/content/BSM-Project/data/augmented/train/Garnet/35__r270_f1.jpg,True,270,True,224,224,3,17872,bd2717b943f11afa78def093a8187c0f6533ef94276d5495098b4fd36b96f424
IMG_0028_r30_f0,train,Garnet,3,IMG_0028,/content/BSM-Project/data/raw/BSM/Garnet/35.jpg,GRP_0028,/content/BSM-Project/data/augmented/train/Garnet/35__r30_f0.jpg,True,30,False,224,224,3,21842,7d566c8438672f0433c467472f2d64129c5393452fc323089c2adb6fd4383666
IMG_0028_r30_f1,train,Garnet,3,IMG_0028,/content/BSM-Project/data/raw/BSM/Garnet/35.jpg,GRP_0028,/content/BSM-Project/data/augmented/train/Garnet/35__r30_f1.jpg,True,30,True,224,224,3,21899,27c1db114c8610c93028bc7b986de2f44c80f7958d244f776f15b6286969f43f
IMG_0028_r45_f0,train,Garnet,3,IMG_0028,/content/BSM-Project/data/raw/BSM/Garnet/35.jpg,GRP_0028,/content/BSM-Project/data/augmented/train/Garnet/35__r45_f0.jpg,True,45,False,224,224,3,20214,9abb09c35b3f6d08394de065672729f4714ada6a692e8076ab16be2caaa772b7
IMG_0028_r45_f1,train,Garnet,3,IMG_0028,/content/BSM-Project/data/raw/BSM/Garnet/35.jpg,GRP_0028,/content/BSM-Project/data/augmented/train/Garnet/35__r45_f1.jpg,True,45,True,224,224,3,20256,e417ffc1fea141b9319bd8709c463249ecc8015317aa2fa5c3aa4b92f4185059
IMG_0028_r90_f0,train,Garnet,3,IMG_0028,/content/BSM-Project/data/raw/BSM/Garnet/35.jpg,GRP_0028,/content/BSM-Project/data/augmented/train/Garnet/35__r90_f0.jpg,True,90,False,224,224,3,17870,572b9571ee590727ad7f929037a532169eeb0bc19d2872f7741cf79d29f27811
IMG_0028_r90_f1,train,Garnet,3,IMG_0028,/content/BSM-Project/data/raw/BSM/Garnet/35.jpg,GRP_0028,/content/BSM-Project/data/augmented/train/Garnet/35__r90_f1.jpg,True,90,True,224,224,3,17875,48718a0311dcb417329a8f3a0cca838414e9c7c3ac567a26aa0b6d07dace99d9
IMG_0029_r0_f0,train,Garnet,3,IMG_0029,/content/BSM-Project/data/raw/BSM/Garnet/36.jpg,GRP_0029,/content/BSM-Project/data/augmented/train/Garnet/36__r0_f0.jpg,True,0,False,224,224,3,21926,b7bc020844f2883b77840fab59e977f63106d2be5eedada7cc9c2b90b008bcc7
IMG_0029_r0_f1,train,Garnet,3,IMG_0029,/content/BSM-Project/data/raw/BSM/Garnet/36.jpg,GRP_0029,/content/BSM-Project/data/augmented/train/Garnet/36__r0_f1.jpg,True,0,True,224,224,3,21965,8853959fb4ca0afeef0b6b7da3a138daad03e0c5a8f81601348879e352f066df
IMG_0029_r180_f0,train,Garnet,3,IMG_0029,/content/BSM-Project/data/raw/BSM/Garnet/36.jpg,GRP_0029,/content/BSM-Project/data/augmented/train/Garnet/36__r180_f0.jpg,True,180,False,224,224,3,21930,f3135028472929a3b748f61c3856beef0c75fd7361882fc2393b5ccd6859c1c6
IMG_0029_r180_f1,train,Garnet,3,IMG_0029,/content/BSM-Project/data/raw/BSM/Garnet/36.jpg,GRP_0029,/content/BSM-Project/data/augmented/train/Garnet/36__r180_f1.jpg,True,180,True,224,224,3,21951,b9f2f481bb6275b124c53b58826c26a00a97381702aa0f3c9004b25670194a44
IMG_0029_r270_f0,train,Garnet,3,IMG_0029,/content/BSM-Project/data/raw/BSM/Garnet/36.jpg,GRP_0029,/content/BSM-Project/data/augmented/train/Garnet/36__r270_f0.jpg,True,270,False,224,224,3,17801,479cfd951745820a36532543eb72fd1abc73fc01f54c56b00217f82376508c20
IMG_0029_r270_f1,train,Garnet,3,IMG_0029,/content/BSM-Project/data/raw/BSM/Garnet/36.jpg,GRP_0029,/content/BSM-Project/data/augmented/train/Garnet/36__r270_f1.jpg,True,270,True,224,224,3,17765,932c023c32ed782109a6e7984b4775f493effb962621a73f47db8cb6e2cbb3f9
IMG_0029_r30_f0,train,Garnet,3,IMG_0029,/content/BSM-Project/data/raw/BSM/Garnet/36.jpg,GRP_0029,/content/BSM-Project/data/augmented/train/Garnet/36__r30_f0.jpg,True,30,False,224,224,3,20423,97815e27ac7c07b573d59b5bc53f79705a6940d64440176ff9e545b97f2f5c09
IMG_0029_r30_f1,train,Garnet,3,IMG_0029,/content/BSM-Project/data/raw/BSM/Garnet/36.jpg,GRP_0029,/content/BSM-Project/data/augmented/train/Garnet/36__r30_f1.jpg,True,30,True,224,224,3,20460,1d3e2f1cb22d08d644c9b5ea71abbeef07b9b840d7c9b5f44b451632293cde0f
IMG_0029_r45_f0,train,Garnet,3,IMG_0029,/content/BSM-Project/data/raw/BSM/Garnet/36.jpg,GRP_0029,/content/BSM-Project/data/augmented/train/Garnet/36__r45_f0.jpg,True,45,False,224,224,3,19007,b5b36d1db85114985e55903f236cba9c541a7df4b140165b4d0373dfcd58d302
IMG_0029_r45_f1,train,Garnet,3,IMG_0029,/content/BSM-Project/data/raw/BSM/Garnet/36.jpg,GRP_0029,/content/BSM-Project/data/augmented/train/Garnet/36__r45_f1.jpg,True,45,True,224,224,3,19050,be989a07ca63f2bdd5f9bdbe9a647b4958caff28b13e4ad964e2123357ee9ee7
IMG_0029_r90_f0,train,Garnet,3,IMG_0029,/content/BSM-Project/data/raw/BSM/Garnet/36.jpg,GRP_0029,/content/BSM-Project/data/augmented/train/Garnet/36__r90_f0.jpg,True,90,False,224,224,3,17785,a490f5ab0ebd84807e372e176299dad53264453c97788e7c89be5d9622283c90
IMG_0029_r90_f1,train,Garnet,3,IMG_0029,/content/BSM-Project/data/raw/BSM/Garnet/36.jpg,GRP_0029,/content/BSM-Project/data/augmented/train/Garnet/36__r90_f1.jpg,True,90,True,224,224,3,17758,16c3fd49da7cd0703e65ce56036a82eabd1865adeb9367d87c01b7215f27955d
IMG_0030_r0_f0,train,Garnet,3,IMG_0030,/content/BSM-Project/data/raw/BSM/Garnet/37.jpg,GRP_0030,/content/BSM-Project/data/augmented/train/Garnet/37__r0_f0.jpg,True,0,False,224,224,3,26503,00fb670123c419ebf8a2e7f4b584dba69a48a389eab6aef4be3e90c9910c02ce
IMG_0030_r0_f1,train,Garnet,3,IMG_0030,/content/BSM-Project/data/raw/BSM/Garnet/37.jpg,GRP_0030,/content/BSM-Project/data/augmented/train/Garnet/37__r0_f1.jpg,True,0,True,224,224,3,26499,5af98222a8228e1640b92f76d0ebea0af90c431cd81b72cf152a2a9dbbc224db
IMG_0030_r180_f0,train,Garnet,3,IMG_0030,/content/BSM-Project/data/raw/BSM/Garnet/37.jpg,GRP_0030,/content/BSM-Project/data/augmented/train/Garnet/37__r180_f0.jpg,True,180,False,224,224,3,26502,e72ce95c54e1e0f4f9a77b143887e184478d9b1a4bbd01fd5822848a503517bd
IMG_0030_r180_f1,train,Garnet,3,IMG_0030,/content/BSM-Project/data/raw/BSM/Garnet/37.jpg,GRP_0030,/content/BSM-Project/data/augmented/train/Garnet/37__r180_f1.jpg,True,180,True,224,224,3,26494,088fc179d4fdb2357af1d2efc1264eeab5fe390688ff48c585b754008618b13b
IMG_0030_r270_f0,train,Garnet,3,IMG_0030,/content/BSM-Project/data/raw/BSM/Garnet/37.jpg,GRP_0030,/content/BSM-Project/data/augmented/train/Garnet/37__r270_f0.jpg,True,270,False,224,224,3,26947,8ff2ccf800fb723aafffbc39182e1beb13cb1cf382fb6bdfb4b2b6614e749915
IMG_0030_r270_f1,train,Garnet,3,IMG_0030,/content/BSM-Project/data/raw/BSM/Garnet/37.jpg,GRP_0030,/content/BSM-Project/data/augmented/train/Garnet/37__r270_f1.jpg,True,270,True,224,224,3,26950,b209700cdf6074c8b7d55e444375b02eb37fe72a3348807f2f3805c7ea226ea2
IMG_0030_r30_f0,train,Garnet,3,IMG_0030,/content/BSM-Project/data/raw/BSM/Garnet/37.jpg,GRP_0030,/content/BSM-Project/data/augmented/train/Garnet/37__r30_f0.jpg,True,30,False,224,224,3,27841,7219ed705637133a89b512db48cfff6ace8185f059f25f26fd90c98e99a6fbdb
IMG_0030_r30_f1,train,Garnet,3,IMG_0030,/content/BSM-Project/data/raw/BSM/Garnet/37.jpg,GRP_0030,/content/BSM-Project/data/augmented/train/Garnet/37__r30_f1.jpg,True,30,True,224,224,3,27822,89aef6d24d80fee62c1bed45a10db7942ef2040b1e7eb982f10ab8bd5e25df60
IMG_0030_r45_f0,train,Garnet,3,IMG_0030,/content/BSM-Project/data/raw/BSM/Garnet/37.jpg,GRP_0030,/content/BSM-Project/data/augmented/train/Garnet/37__r45_f0.jpg,True,45,False,224,224,3,27281,c367be0d5e1c3975bc3c495f0da2de7f282fec763a9ba70b9b9ca71195e92da9
IMG_0030_r45_f1,train,Garnet,3,IMG_0030,/content/BSM-Project/data/raw/BSM/Garnet/37.jpg,GRP_0030,/content/BSM-Project/data/augmented/train/Garnet/37__r45_f1.jpg,True,45,True,224,224,3,27298,8733c1d2bba89d0cfe4bcf86484cd248d37da4dc7cfcb4ece6c747c07b02ccc6
IMG_0030_r90_f0,train,Garnet,3,IMG_0030,/content/BSM-Project/data/raw/BSM/Garnet/37.jpg,GRP_0030,/content/BSM-Project/data/augmented/train/Garnet/37__r90_f0.jpg,True,90,False,224,224,3,26952,b6ad65594b31f34200a19b73402837bbbab052c07ebe36c47f45475873aa5919
IMG_0030_r90_f1,train,Garnet,3,IMG_0030,/content/BSM-Project/data/raw/BSM/Garnet/37.jpg,GRP_0030,/content/BSM-Project/data/augmented/train/Garnet/37__r90_f1.jpg,True,90,True,224,224,3,26970,3c69b0998cb090d1bf3709e064fc661e5aee872b50a33e6243a0328ebad1c6d2
IMG_0031_r0_f0,train,Garnet,3,IMG_0031,/content/BSM-Project/data/raw/BSM/Garnet/38.jpg,GRP_0031,/content/BSM-Project/data/augmented/train/Garnet/38__r0_f0.jpg,True,0,False,224,224,3,21184,b3558244cc6620106c2f5092b321cdaad1361d9fff16e385b9e07b08a0092f50
IMG_0031_r0_f1,train,Garnet,3,IMG_0031,/content/BSM-Project/data/raw/BSM/Garnet/38.jpg,GRP_0031,/content/BSM-Project/data/augmented/train/Garnet/38__r0_f1.jpg,True,0,True,224,224,3,21170,3b3e5f74786979a0d14b4b4bba78b28b3917cfc51297bb75010b11e9e9a27a0c
IMG_0031_r180_f0,train,Garnet,3,IMG_0031,/content/BSM-Project/data/raw/BSM/Garnet/38.jpg,GRP_0031,/content/BSM-Project/data/augmented/train/Garnet/38__r180_f0.jpg,True,180,False,224,224,3,21173,00745d51a414051f22c6bf5b91434ea7a9a49b6ea53f21e57159ed685431f513
IMG_0031_r180_f1,train,Garnet,3,IMG_0031,/content/BSM-Project/data/raw/BSM/Garnet/38.jpg,GRP_0031,/content/BSM-Project/data/augmented/train/Garnet/38__r180_f1.jpg,True,180,True,224,224,3,21174,b8b378d0a64d3be147def326714846b3a3f1eb7a904e589c1a95cede6f52f70e
IMG_0031_r270_f0,train,Garnet,3,IMG_0031,/content/BSM-Project/data/raw/BSM/Garnet/38.jpg,GRP_0031,/content/BSM-Project/data/augmented/train/Garnet/38__r270_f0.jpg,True,270,False,224,224,3,21723,15af78d34d5b2ac2e24d401ab558c2c63d7d1ac3ea0725d056db492c26ab92e8
IMG_0031_r270_f1,train,Garnet,3,IMG_0031,/content/BSM-Project/data/raw/BSM/Garnet/38.jpg,GRP_0031,/content/BSM-Project/data/augmented/train/Garnet/38__r270_f1.jpg,True,270,True,224,224,3,21687,8596b189ab9ef8a6b6b45d3e6b8ac9a919d0a05c5aa1ed1fcb332b33f4bf1822
IMG_0031_r30_f0,train,Garnet,3,IMG_0031,/content/BSM-Project/data/raw/BSM/Garnet/38.jpg,GRP_0031,/content/BSM-Project/data/augmented/train/Garnet/38__r30_f0.jpg,True,30,False,224,224,3,22491,0e5b7f9d8181f0778d3e97369a6f251dc81e58aaa5ce2e60a1985c830e311632
IMG_0031_r30_f1,train,Garnet,3,IMG_0031,/content/BSM-Project/data/raw/BSM/Garnet/38.jpg,GRP_0031,/content/BSM-Project/data/augmented/train/Garnet/38__r30_f1.jpg,True,30,True,224,224,3,22479,20a96992db70d0376d2ebd0f3042be8b54510e85d64c9c3b9cd848c82ef07725
IMG_0031_r45_f0,train,Garnet,3,IMG_0031,/content/BSM-Project/data/raw/BSM/Garnet/38.jpg,GRP_0031,/content/BSM-Project/data/augmented/train/Garnet/38__r45_f0.jpg,True,45,False,224,224,3,22531,e8a17b3b0b86d3d679744912cd74dac40a0645bc69dc1bb087063ceef34083db
IMG_0031_r45_f1,train,Garnet,3,IMG_0031,/content/BSM-Project/data/raw/BSM/Garnet/38.jpg,GRP_0031,/content/BSM-Project/data/augmented/train/Garnet/38__r45_f1.jpg,True,45,True,224,224,3,22549,f0b52f7ade0a4a483a48906b1426cebf3e8e7cba517fbddbdd10a498e575d0e8
IMG_0031_r90_f0,train,Garnet,3,IMG_0031,/content/BSM-Project/data/raw/BSM/Garnet/38.jpg,GRP_0031,/content/BSM-Project/data/augmented/train/Garnet/38__r90_f0.jpg,True,90,False,224,224,3,21703,bd89e73551f2e6f20d7970c318eb138426eabde9202c091318434893e9aa4e6a
IMG_0031_r90_f1,train,Garnet,3,IMG_0031,/content/BSM-Project/data/raw/BSM/Garnet/38.jpg,GRP_0031,/content/BSM-Project/data/augmented/train/Garnet/38__r90_f1.jpg,True,90,True,224,224,3,21729,8651f05ab86c48f989a256faf8f22e917622dcc2bdc53acabdd440d3c913c39a
IMG_0032_r0_f0,train,Garnet,3,IMG_0032,/content/BSM-Project/data/raw/BSM/Garnet/39.jpg,GRP_0032,/content/BSM-Project/data/augmented/train/Garnet/39__r0_f0.jpg,True,0,False,224,224,3,24191,e71d2400c170a1608f379ae373c2f221b72e3514c66bd320165314c03d0400af
IMG_0032_r0_f1,train,Garnet,3,IMG_0032,/content/BSM-Project/data/raw/BSM/Garnet/39.jpg,GRP_0032,/content/BSM-Project/data/augmented/train/Garnet/39__r0_f1.jpg,True,0,True,224,224,3,24181,c8561ffadaf70ad1970a0c923a272d9ddf1a5dfa8f302abc07077207d3b5a1ab
IMG_0032_r180_f0,train,Garnet,3,IMG_0032,/content/BSM-Project/data/raw/BSM/Garnet/39.jpg,GRP_0032,/content/BSM-Project/data/augmented/train/Garnet/39__r180_f0.jpg,True,180,False,224,224,3,24170,43256896743c926375dd72d7bbd920b6cb096a959e58fe9802d469af2dc962a9
IMG_0032_r180_f1,train,Garnet,3,IMG_0032,/content/BSM-Project/data/raw/BSM/Garnet/39.jpg,GRP_0032,/content/BSM-Project/data/augmented/train/Garnet/39__r180_f1.jpg,True,180,True,224,224,3,24168,0a0d0b5985c3a3b812454fc98e069d8b98fa50fa1cd5cc22f9981af31a943cdf
IMG_0032_r270_f0,train,Garnet,3,IMG_0032,/content/BSM-Project/data/raw/BSM/Garnet/39.jpg,GRP_0032,/content/BSM-Project/data/augmented/train/Garnet/39__r270_f0.jpg,True,270,False,224,224,3,17003,c4d87d139ec3737864f60ebc6afe1051c6fe42af3a7d2d42c2d35d0a548a3bfc
IMG_0032_r270_f1,train,Garnet,3,IMG_0032,/content/BSM-Project/data/raw/BSM/Garnet/39.jpg,GRP_0032,/content/BSM-Project/data/augmented/train/Garnet/39__r270_f1.jpg,True,270,True,224,224,3,16992,d812897c6dc245ec946e990671ebbfc4fc9fc292a3f0bac2c557d1e21c675020
IMG_0032_r30_f0,train,Garnet,3,IMG_0032,/content/BSM-Project/data/raw/BSM/Garnet/39.jpg,GRP_0032,/content/BSM-Project/data/augmented/train/Garnet/39__r30_f0.jpg,True,30,False,224,224,3,25944,165a34cde56317325262183b48527bcf06cce6747e114ca41b99c637d729d68e
IMG_0032_r30_f1,train,Garnet,3,IMG_0032,/content/BSM-Project/data/raw/BSM/Garnet/39.jpg,GRP_0032,/content/BSM-Project/data/augmented/train/Garnet/39__r30_f1.jpg,True,30,True,224,224,3,26078,a92af97d07f041a59b50bd4e60f5f0643ea28ecd8ed4b6af1bc4b7c44c7b7132
IMG_0032_r45_f0,train,Garnet,3,IMG_0032,/content/BSM-Project/data/raw/BSM/Garnet/39.jpg,GRP_0032,/content/BSM-Project/data/augmented/train/Garnet/39__r45_f0.jpg,True,45,False,224,224,3,24423,7f0dcc8b19614e305d7ecdf1de6d67fb4a67e2780816258185af5848b228a99e
IMG_0032_r45_f1,train,Garnet,3,IMG_0032,/content/BSM-Project/data/raw/BSM/Garnet/39.jpg,GRP_0032,/content/BSM-Project/data/augmented/train/Garnet/39__r45_f1.jpg,True,45,True,224,224,3,24509,0315b32736c1690122441fcef2c734162e7112de1ca44a3f6b87f6d3456a9fbb
IMG_0032_r90_f0,train,Garnet,3,IMG_0032,/content/BSM-Project/data/raw/BSM/Garnet/39.jpg,GRP_0032,/content/BSM-Project/data/augmented/train/Garnet/39__r90_f0.jpg,True,90,False,224,224,3,16994,fb012f8eba9f336d2c55949b45c3fc321840c42c8ef541662620b8257f55241f
IMG_0032_r90_f1,train,Garnet,3,IMG_0032,/content/BSM-Project/data/raw/BSM/Garnet/39.jpg,GRP_0032,/content/BSM-Project/data/augmented/train/Garnet/39__r90_f1.jpg,True,90,True,224,224,3,17001,5a339e92548141e23eaeef3305fe544e762ac3c61340670a7ba6773cd950b359
IMG_0034_r0_f0,train,Garnet,3,IMG_0034,/content/BSM-Project/data/raw/BSM/Garnet/40.jpg,GRP_0034,/content/BSM-Project/data/augmented/train/Garnet/40__r0_f0.jpg,True,0,False,224,224,3,10135,2df8d2ff1f4a742fa5e761c21ef2c5be5ca3ba0f3f65bcfd6acbd6a6d11344cc
IMG_0034_r0_f1,train,Garnet,3,IMG_0034,/content/BSM-Project/data/raw/BSM/Garnet/40.jpg,GRP_0034,/content/BSM-Project/data/augmented/train/Garnet/40__r0_f1.jpg,True,0,True,224,224,3,10132,f10dc2207ecd76f1ce5ce407a013e4ed4c63cf1c1b37357cd138698fa0a41c03
IMG_0034_r180_f0,train,Garnet,3,IMG_0034,/content/BSM-Project/data/raw/BSM/Garnet/40.jpg,GRP_0034,/content/BSM-Project/data/augmented/train/Garnet/40__r180_f0.jpg,True,180,False,224,224,3,10137,1da5bf1d8eeac47478ec346e237b77d279b7698fdab0f59e531dacb16a366267
IMG_0034_r180_f1,train,Garnet,3,IMG_0034,/content/BSM-Project/data/raw/BSM/Garnet/40.jpg,GRP_0034,/content/BSM-Project/data/augmented/train/Garnet/40__r180_f1.jpg,True,180,True,224,224,3,10121,c7f13316ea8827dcb5bac92d4d84f728d32b8b4a3f75da801a152aebe2bdf4ae
IMG_0034_r270_f0,train,Garnet,3,IMG_0034,/content/BSM-Project/data/raw/BSM/Garnet/40.jpg,GRP_0034,/content/BSM-Project/data/augmented/train/Garnet/40__r270_f0.jpg,True,270,False,224,224,3,10925,257c5c85012499e09b52c0af43d924065416af5932b44aa90fe51773eb3053cc
IMG_0034_r270_f1,train,Garnet,3,IMG_0034,/content/BSM-Project/data/raw/BSM/Garnet/40.jpg,GRP_0034,/content/BSM-Project/data/augmented/train/Garnet/40__r270_f1.jpg,True,270,True,224,224,3,10919,d210b65cad07aff3f9348ed360c63b8e232f24f013af3ca404395fc6d9945ce8
IMG_0034_r30_f0,train,Garnet,3,IMG_0034,/content/BSM-Project/data/raw/BSM/Garnet/40.jpg,GRP_0034,/content/BSM-Project/data/augmented/train/Garnet/40__r30_f0.jpg,True,30,False,224,224,3,13533,e0de0ffcc80b318212695e65f0e53167db5e632ec32f8168962142ec05ce4357
IMG_0034_r30_f1,train,Garnet,3,IMG_0034,/content/BSM-Project/data/raw/BSM/Garnet/40.jpg,GRP_0034,/content/BSM-Project/data/augmented/train/Garnet/40__r30_f1.jpg,True,30,True,224,224,3,13508,f76b338d519aa15c6be5adb282a5c8c605b6aac7a75b14e64af45d5517ac49a1
IMG_0034_r45_f0,train,Garnet,3,IMG_0034,/content/BSM-Project/data/raw/BSM/Garnet/40.jpg,GRP_0034,/content/BSM-Project/data/augmented/train/Garnet/40__r45_f0.jpg,True,45,False,224,224,3,13536,8ea0f3a9619e03b93a16e9f53054c76ec18d661a37e39ce3ac9c85341ae92de9
IMG_0034_r45_f1,train,Garnet,3,IMG_0034,/content/BSM-Project/data/raw/BSM/Garnet/40.jpg,GRP_0034,/content/BSM-Project/data/augmented/train/Garnet/40__r45_f1.jpg,True,45,True,224,224,3,13547,f090a55d95123a26dc22a698fa1393ea7a58a2b772cef7303b6573efae82dfe4
IMG_0034_r90_f0,train,Garnet,3,IMG_0034,/content/BSM-Project/data/raw/BSM/Garnet/40.jpg,GRP_0034,/content/BSM-Project/data/augmented/train/Garnet/40__r90_f0.jpg,True,90,False,224,224,3,10921,8a7feca8aae628367b2457102204a017b044ae82bd924d1ab96e050d0263e730
IMG_0034_r90_f1,train,Garnet,3,IMG_0034,/content/BSM-Project/data/raw/BSM/Garnet/40.jpg,GRP_0034,/content/BSM-Project/data/augmented/train/Garnet/40__r90_f1.jpg,True,90,True,224,224,3,10928,ee5fbc11c4bfb19795935c48e9e36d5987ddd0716a19cb65f9d3463ace977150
IMG_0037_r0_f0,train,Garnet,3,IMG_0037,/content/BSM-Project/data/raw/BSM/Garnet/43.jpg,GRP_0037,/content/BSM-Project/data/augmented/train/Garnet/43__r0_f0.jpg,True,0,False,224,224,3,20966,b4371bfa599ac4f235f351a591603b899bba7f42a65152987646b3176e3a1f84
IMG_0037_r0_f1,train,Garnet,3,IMG_0037,/content/BSM-Project/data/raw/BSM/Garnet/43.jpg,GRP_0037,/content/BSM-Project/data/augmented/train/Garnet/43__r0_f1.jpg,True,0,True,224,224,3,21017,d76f54cb5bb21527ab43104d3cef57e779702c61f50e56a0c232bbfeb02ec3aa
IMG_0037_r180_f0,train,Garnet,3,IMG_0037,/content/BSM-Project/data/raw/BSM/Garnet/43.jpg,GRP_0037,/content/BSM-Project/data/augmented/train/Garnet/43__r180_f0.jpg,True,180,False,224,224,3,20999,87e084d6899e2350e89f3d940e16b58abe8c04370576b8bcb6fab40e75b5dbc1
IMG_0037_r180_f1,train,Garnet,3,IMG_0037,/content/BSM-Project/data/raw/BSM/Garnet/43.jpg,GRP_0037,/content/BSM-Project/data/augmented/train/Garnet/43__r180_f1.jpg,True,180,True,224,224,3,20982,ed06183585e0e168cdef5bc760b75b55c0d30b46b4b1edd351048bc94cc96465
IMG_0037_r270_f0,train,Garnet,3,IMG_0037,/content/BSM-Project/data/raw/BSM/Garnet/43.jpg,GRP_0037,/content/BSM-Project/data/augmented/train/Garnet/43__r270_f0.jpg,True,270,False,224,224,3,20536,bddb5943b4695404995eec3684337f0dba2352c6196ff37016b1fdbb33519c33
IMG_0037_r270_f1,train,Garnet,3,IMG_0037,/content/BSM-Project/data/raw/BSM/Garnet/43.jpg,GRP_0037,/content/BSM-Project/data/augmented/train/Garnet/43__r270_f1.jpg,True,270,True,224,224,3,20528,99414b9ea6f26c090378ed840bce0832378fc4df5b007149fb0096f60fecbf7a
IMG_0037_r30_f0,train,Garnet,3,IMG_0037,/content/BSM-Project/data/raw/BSM/Garnet/43.jpg,GRP_0037,/content/BSM-Project/data/augmented/train/Garnet/43__r30_f0.jpg,True,30,False,224,224,3,21027,f3aaf2fe2e8dddbe3fea04850c48f7da35b8682764b072d6073cfaf89adc72d7
IMG_0037_r30_f1,train,Garnet,3,IMG_0037,/content/BSM-Project/data/raw/BSM/Garnet/43.jpg,GRP_0037,/content/BSM-Project/data/augmented/train/Garnet/43__r30_f1.jpg,True,30,True,224,224,3,21001,a9cb40a752afb47f623ab8b8d9420df9383fd57365d2fb01bdf734cb30f7e87b
IMG_0037_r45_f0,train,Garnet,3,IMG_0037,/content/BSM-Project/data/raw/BSM/Garnet/43.jpg,GRP_0037,/content/BSM-Project/data/augmented/train/Garnet/43__r45_f0.jpg,True,45,False,224,224,3,20943,aea008f82cb2ec820a3522b2a718750ab7831d8a4ce8b5fd012c0a3612d5d858
IMG_0037_r45_f1,train,Garnet,3,IMG_0037,/content/BSM-Project/data/raw/BSM/Garnet/43.jpg,GRP_0037,/content/BSM-Project/data/augmented/train/Garnet/43__r45_f1.jpg,True,45,True,224,224,3,20893,ef2180713685c1ea85a2689d0d0f98a2345df54ceea36d068a8ef76e43bfe6ad
IMG_0037_r90_f0,train,Garnet,3,IMG_0037,/content/BSM-Project/data/raw/BSM/Garnet/43.jpg,GRP_0037,/content/BSM-Project/data/augmented/train/Garnet/43__r90_f0.jpg,True,90,False,224,224,3,20525,f482a0f24c328c2b37576da7591cea6c28b8f6c69b3ef32e85b82b987dec9628
IMG_0037_r90_f1,train,Garnet,3,IMG_0037,/content/BSM-Project/data/raw/BSM/Garnet/43.jpg,GRP_0037,/content/BSM-Project/data/augmented/train/Garnet/43__r90_f1.jpg,True,90,True,224,224,3,20526,4b6d6cda0f6810e265a2e806b4933a31f98b67ccc5f0a3a888a8ab99334e0383
IMG_0038_r0_f0,train,Garnet,3,IMG_0038,/content/BSM-Project/data/raw/BSM/Garnet/44.jpg,GRP_0038,/content/BSM-Project/data/augmented/train/Garnet/44__r0_f0.jpg,True,0,False,224,224,3,23074,88c6f8249140a75ceb7f2d071f811bd7e3ab030cf92f9043a96b948b25cc2256
IMG_0038_r0_f1,train,Garnet,3,IMG_0038,/content/BSM-Project/data/raw/BSM/Garnet/44.jpg,GRP_0038,/content/BSM-Project/data/augmented/train/Garnet/44__r0_f1.jpg,True,0,True,224,224,3,23087,e66d47d444eb4cbffbb6d99fa7f43ebdf8eadab789558eb4f7c606c2f78ad99a
IMG_0038_r180_f0,train,Garnet,3,IMG_0038,/content/BSM-Project/data/raw/BSM/Garnet/44.jpg,GRP_0038,/content/BSM-Project/data/augmented/train/Garnet/44__r180_f0.jpg,True,180,False,224,224,3,23081,23a3659b7f400fb9af3c218962ec5722408f4787822feb6d2f8cdc4f765f6b2c
IMG_0038_r180_f1,train,Garnet,3,IMG_0038,/content/BSM-Project/data/raw/BSM/Garnet/44.jpg,GRP_0038,/content/BSM-Project/data/augmented/train/Garnet/44__r180_f1.jpg,True,180,True,224,224,3,23080,c2cdbc7b6f261cf23247dc084290fe45ea60d3023596c917e2657d942b7a7d0c
IMG_0038_r270_f0,train,Garnet,3,IMG_0038,/content/BSM-Project/data/raw/BSM/Garnet/44.jpg,GRP_0038,/content/BSM-Project/data/augmented/train/Garnet/44__r270_f0.jpg,True,270,False,224,224,3,19317,cff88f309ca08988755081407911402b47934184acd869f1a7931c33c6ab2c0e
IMG_0038_r270_f1,train,Garnet,3,IMG_0038,/content/BSM-Project/data/raw/BSM/Garnet/44.jpg,GRP_0038,/content/BSM-Project/data/augmented/train/Garnet/44__r270_f1.jpg,True,270,True,224,224,3,19305,3e4a7417f28f8ec07e633f782f77a1a447b96415d05363ff019400638d57ec3e
IMG_0038_r30_f0,train,Garnet,3,IMG_0038,/content/BSM-Project/data/raw/BSM/Garnet/44.jpg,GRP_0038,/content/BSM-Project/data/augmented/train/Garnet/44__r30_f0.jpg,True,30,False,224,224,3,25207,be6e732665328e126ce89c79b3a5d9de2995fb50722859fa799517290222451b
IMG_0038_r30_f1,train,Garnet,3,IMG_0038,/content/BSM-Project/data/raw/BSM/Garnet/44.jpg,GRP_0038,/content/BSM-Project/data/augmented/train/Garnet/44__r30_f1.jpg,True,30,True,224,224,3,25265,3613f3d54ea1ab5f8afc2e2b178c26939e0549e9699c0e0b956312e22fd093e1
IMG_0038_r45_f0,train,Garnet,3,IMG_0038,/content/BSM-Project/data/raw/BSM/Garnet/44.jpg,GRP_0038,/content/BSM-Project/data/augmented/train/Garnet/44__r45_f0.jpg,True,45,False,224,224,3,24250,21d5029fd804175654a86c485a5879c4f5e8592b85d15be97e397c95dfac1189
IMG_0038_r45_f1,train,Garnet,3,IMG_0038,/content/BSM-Project/data/raw/BSM/Garnet/44.jpg,GRP_0038,/content/BSM-Project/data/augmented/train/Garnet/44__r45_f1.jpg,True,45,True,224,224,3,24311,356273a13616a3939788c7c4a62782db91c24d5e9603157868645821eace7284
IMG_0038_r90_f0,train,Garnet,3,IMG_0038,/content/BSM-Project/data/raw/BSM/Garnet/44.jpg,GRP_0038,/content/BSM-Project/data/augmented/train/Garnet/44__r90_f0.jpg,True,90,False,224,224,3,19296,8bb3ab34c047bcb3c18666367b85cbf5ad321955cac1b31e9ba6bfea31356b8b
IMG_0038_r90_f1,train,Garnet,3,IMG_0038,/content/BSM-Project/data/raw/BSM/Garnet/44.jpg,GRP_0038,/content/BSM-Project/data/augmented/train/Garnet/44__r90_f1.jpg,True,90,True,224,224,3,19314,06c0598491872df39f9ff89dc3269c3d852ff332d2fcdcea215e98917cf8d4aa
IMG_0039_r0_f0,train,Garnet,3,IMG_0039,/content/BSM-Project/data/raw/BSM/Garnet/45.jpg,GRP_0039,/content/BSM-Project/data/augmented/train/Garnet/45__r0_f0.jpg,True,0,False,224,224,3,21188,e46c0eee7dafe977ec20a82046b75c484577b6eb49c23ec3db1c652f40a83a98
IMG_0039_r0_f1,train,Garnet,3,IMG_0039,/content/BSM-Project/data/raw/BSM/Garnet/45.jpg,GRP_0039,/content/BSM-Project/data/augmented/train/Garnet/45__r0_f1.jpg,True,0,True,224,224,3,21177,97641117f649b94343601701ae173465b0f8108d3eb70b2e9dfa567ba89f9c03
IMG_0039_r180_f0,train,Garnet,3,IMG_0039,/content/BSM-Project/data/raw/BSM/Garnet/45.jpg,GRP_0039,/content/BSM-Project/data/augmented/train/Garnet/45__r180_f0.jpg,True,180,False,224,224,3,21161,e6a6e98f60ebb2a09ef4cd3be3e10308b9ea658232f57bf99e0c4e30e0a90fca
IMG_0039_r180_f1,train,Garnet,3,IMG_0039,/content/BSM-Project/data/raw/BSM/Garnet/45.jpg,GRP_0039,/content/BSM-Project/data/augmented/train/Garnet/45__r180_f1.jpg,True,180,True,224,224,3,21186,54d1c3bf63ed9e7db833a94492645056ef806e4089f1d8ef44213f68326227f1
IMG_0039_r270_f0,train,Garnet,3,IMG_0039,/content/BSM-Project/data/raw/BSM/Garnet/45.jpg,GRP_0039,/content/BSM-Project/data/augmented/train/Garnet/45__r270_f0.jpg,True,270,False,224,224,3,20312,43fcc20764f9ae876bcedba4d76a6641321138483335684badb7d96165233480
IMG_0039_r270_f1,train,Garnet,3,IMG_0039,/content/BSM-Project/data/raw/BSM/Garnet/45.jpg,GRP_0039,/content/BSM-Project/data/augmented/train/Garnet/45__r270_f1.jpg,True,270,True,224,224,3,20289,f59c88ec87171bac57c3b023770dc0c0fd16bc7e61d6f88d7203436c51362e5a
IMG_0039_r30_f0,train,Garnet,3,IMG_0039,/content/BSM-Project/data/raw/BSM/Garnet/45.jpg,GRP_0039,/content/BSM-Project/data/augmented/train/Garnet/45__r30_f0.jpg,True,30,False,224,224,3,24127,6552d84faa74b259eb390b257955015ea598623d9108adb1b8a58e5c1afac32e
IMG_0039_r30_f1,train,Garnet,3,IMG_0039,/content/BSM-Project/data/raw/BSM/Garnet/45.jpg,GRP_0039,/content/BSM-Project/data/augmented/train/Garnet/45__r30_f1.jpg,True,30,True,224,224,3,24137,195ce3a3b4b90053686477afca56fee0b4727c29b3406e00b909ca78a861fd8d
IMG_0039_r45_f0,train,Garnet,3,IMG_0039,/content/BSM-Project/data/raw/BSM/Garnet/45.jpg,GRP_0039,/content/BSM-Project/data/augmented/train/Garnet/45__r45_f0.jpg,True,45,False,224,224,3,23762,1c17c0dd8f3860f86775d25b2ce554729d6b6405cf423f86015e76e763d1c126
IMG_0039_r45_f1,train,Garnet,3,IMG_0039,/content/BSM-Project/data/raw/BSM/Garnet/45.jpg,GRP_0039,/content/BSM-Project/data/augmented/train/Garnet/45__r45_f1.jpg,True,45,True,224,224,3,23759,71de973ea5c749bed43038d24dff2cf0d55f1c9653b15993839b8b061b7509d0
IMG_0039_r90_f0,train,Garnet,3,IMG_0039,/content/BSM-Project/data/raw/BSM/Garnet/45.jpg,GRP_0039,/content/BSM-Project/data/augmented/train/Garnet/45__r90_f0.jpg,True,90,False,224,224,3,20300,d89ffc47495e466ac7f1f266794d57025ac3f5c2834c3393eac180be5a8ef7a9
IMG_0039_r90_f1,train,Garnet,3,IMG_0039,/content/BSM-Project/data/raw/BSM/Garnet/45.jpg,GRP_0039,/content/BSM-Project/data/augmented/train/Garnet/45__r90_f1.jpg,True,90,True,224,224,3,20317,cee02b6c9fb909d6b7a291d05753bda07d279dcee8dd7ba277494590fce6df9b
IMG_0040_r0_f0,train,Garnet,3,IMG_0040,/content/BSM-Project/data/raw/BSM/Garnet/46.jpg,GRP_0040,/content/BSM-Project/data/augmented/train/Garnet/46__r0_f0.jpg,True,0,False,224,224,3,26389,520e6cd5fa3f91bb45457cbfe4f219f3c1e56b3583f748b203d8f8bf08e987bb
IMG_0040_r0_f1,train,Garnet,3,IMG_0040,/content/BSM-Project/data/raw/BSM/Garnet/46.jpg,GRP_0040,/content/BSM-Project/data/augmented/train/Garnet/46__r0_f1.jpg,True,0,True,224,224,3,26372,fd70130c6743c0d55bc53aefa67ed9e4be26d5d1af28ec18d7c60a58a3e42853
IMG_0040_r180_f0,train,Garnet,3,IMG_0040,/content/BSM-Project/data/raw/BSM/Garnet/46.jpg,GRP_0040,/content/BSM-Project/data/augmented/train/Garnet/46__r180_f0.jpg,True,180,False,224,224,3,26382,ddf12314646ffeb805c818166618dfa081b1a21de6f6461ed89d00e1df88bd1a
IMG_0040_r180_f1,train,Garnet,3,IMG_0040,/content/BSM-Project/data/raw/BSM/Garnet/46.jpg,GRP_0040,/content/BSM-Project/data/augmented/train/Garnet/46__r180_f1.jpg,True,180,True,224,224,3,26376,1a354dab0409673c91f3914b06a6b1d041de49e4419714f11b7050a1762f1d54
IMG_0040_r270_f0,train,Garnet,3,IMG_0040,/content/BSM-Project/data/raw/BSM/Garnet/46.jpg,GRP_0040,/content/BSM-Project/data/augmented/train/Garnet/46__r270_f0.jpg,True,270,False,224,224,3,19860,83c614daa14959ddbf1e7c46e03cecefe089310f028a0665d4b4f434d2747477
IMG_0040_r270_f1,train,Garnet,3,IMG_0040,/content/BSM-Project/data/raw/BSM/Garnet/46.jpg,GRP_0040,/content/BSM-Project/data/augmented/train/Garnet/46__r270_f1.jpg,True,270,True,224,224,3,19875,bd99cfff7306b8faf8372db4095e4dc974bf63c38a137af298f329ba85704c4f
IMG_0040_r30_f0,train,Garnet,3,IMG_0040,/content/BSM-Project/data/raw/BSM/Garnet/46.jpg,GRP_0040,/content/BSM-Project/data/augmented/train/Garnet/46__r30_f0.jpg,True,30,False,224,224,3,24294,39976af3b5880aa0dd206d6b1188a492f4d815bf8dc3e440c144698782f12751
IMG_0040_r30_f1,train,Garnet,3,IMG_0040,/content/BSM-Project/data/raw/BSM/Garnet/46.jpg,GRP_0040,/content/BSM-Project/data/augmented/train/Garnet/46__r30_f1.jpg,True,30,True,224,224,3,24291,eb5554c3151dc7ec78d4afa82c6f8af9ab9a8c81eb11b09ccfe46b20de3e00bd
IMG_0040_r45_f0,train,Garnet,3,IMG_0040,/content/BSM-Project/data/raw/BSM/Garnet/46.jpg,GRP_0040,/content/BSM-Project/data/augmented/train/Garnet/46__r45_f0.jpg,True,45,False,224,224,3,22584,a09a8f7508417278514bb10da5f0f25a3efc64d466970ad13b89ad361174c6fd
IMG_0040_r45_f1,train,Garnet,3,IMG_0040,/content/BSM-Project/data/raw/BSM/Garnet/46.jpg,GRP_0040,/content/BSM-Project/data/augmented/train/Garnet/46__r45_f1.jpg,True,45,True,224,224,3,22615,610a49844f62368b50073974066df96b75ef91a0bb7ba7359bcb4577e4e983ec
IMG_0040_r90_f0,train,Garnet,3,IMG_0040,/content/BSM-Project/data/raw/BSM/Garnet/46.jpg,GRP_0040,/content/BSM-Project/data/augmented/train/Garnet/46__r90_f0.jpg,True,90,False,224,224,3,19865,83d8fc6c9a3bfdef7d4c63b54e59fa7b10f845cdfe9e51d5fec5f01d4eac03cb
IMG_0040_r90_f1,train,Garnet,3,IMG_0040,/content/BSM-Project/data/raw/BSM/Garnet/46.jpg,GRP_0040,/content/BSM-Project/data/augmented/train/Garnet/46__r90_f1.jpg,True,90,True,224,224,3,19847,e300da42afc9cb12dc94a76872a50e6d69ac4e273aff33257afe1e70962d6c9f
IMG_0042_r0_f0,train,Garnet,3,IMG_0042,/content/BSM-Project/data/raw/BSM/Garnet/48.jpg,GRP_0042,/content/BSM-Project/data/augmented/train/Garnet/48__r0_f0.jpg,True,0,False,224,224,3,17542,302282e077e1b537f264e43b7286b310679ac975585cff1cea33bbd6f73f9f72
IMG_0042_r0_f1,train,Garnet,3,IMG_0042,/content/BSM-Project/data/raw/BSM/Garnet/48.jpg,GRP_0042,/content/BSM-Project/data/augmented/train/Garnet/48__r0_f1.jpg,True,0,True,224,224,3,17573,62124777276cc39b804e2fc3452d8e7c324c4357a1d3eddfff6ffeb4df53206a
IMG_0042_r180_f0,train,Garnet,3,IMG_0042,/content/BSM-Project/data/raw/BSM/Garnet/48.jpg,GRP_0042,/content/BSM-Project/data/augmented/train/Garnet/48__r180_f0.jpg,True,180,False,224,224,3,17554,51493aee9a59af813f1d00f03699807084c58454296a4a3773ceed87d8cff474
IMG_0042_r180_f1,train,Garnet,3,IMG_0042,/content/BSM-Project/data/raw/BSM/Garnet/48.jpg,GRP_0042,/content/BSM-Project/data/augmented/train/Garnet/48__r180_f1.jpg,True,180,True,224,224,3,17553,918696c2f95faa6abbf09b190e93d16e4d0df2506bf4ee05851446f1c7db2b6c
IMG_0042_r270_f0,train,Garnet,3,IMG_0042,/content/BSM-Project/data/raw/BSM/Garnet/48.jpg,GRP_0042,/content/BSM-Project/data/augmented/train/Garnet/48__r270_f0.jpg,True,270,False,224,224,3,18546,9efbd6cb7055d7233f1d9530b8475e3b12fc7a3ce76b75a66cc50960633626e0
IMG_0042_r270_f1,train,Garnet,3,IMG_0042,/content/BSM-Project/data/raw/BSM/Garnet/48.jpg,GRP_0042,/content/BSM-Project/data/augmented/train/Garnet/48__r270_f1.jpg,True,270,True,224,224,3,18571,bc6f1e2bbd944c09cce7657371eee59349413899f2c064c2deb7acd182c43c2b
IMG_0042_r30_f0,train,Garnet,3,IMG_0042,/content/BSM-Project/data/raw/BSM/Garnet/48.jpg,GRP_0042,/content/BSM-Project/data/augmented/train/Garnet/48__r30_f0.jpg,True,30,False,224,224,3,20139,fa800869fb1343b4e2a05f5a3e93bff4e62f5035a88ab2e85dc599d7ac093137
IMG_0042_r30_f1,train,Garnet,3,IMG_0042,/content/BSM-Project/data/raw/BSM/Garnet/48.jpg,GRP_0042,/content/BSM-Project/data/augmented/train/Garnet/48__r30_f1.jpg,True,30,True,224,224,3,20125,49f53a42a707fe930c0a81d54a7141903f52e8f4d98e812b185f22e3c6f40382
IMG_0042_r45_f0,train,Garnet,3,IMG_0042,/content/BSM-Project/data/raw/BSM/Garnet/48.jpg,GRP_0042,/content/BSM-Project/data/augmented/train/Garnet/48__r45_f0.jpg,True,45,False,224,224,3,19683,da81b34554c0e0972fc239d67746a5a31db9cf10aa3d74832ee66b2553f147c6
IMG_0042_r45_f1,train,Garnet,3,IMG_0042,/content/BSM-Project/data/raw/BSM/Garnet/48.jpg,GRP_0042,/content/BSM-Project/data/augmented/train/Garnet/48__r45_f1.jpg,True,45,True,224,224,3,19682,b8bd504fedccdf6c094c5397e0f6700b076b8e66fcfea0ff8fc7ed6a484a8b84
IMG_0042_r90_f0,train,Garnet,3,IMG_0042,/content/BSM-Project/data/raw/BSM/Garnet/48.jpg,GRP_0042,/content/BSM-Project/data/augmented/train/Garnet/48__r90_f0.jpg,True,90,False,224,224,3,18576,4748bae6b75dd084e042b2e9db321d269d3399c32a0deaa3b05bf9bbc5e8ffa3
IMG_0042_r90_f1,train,Garnet,3,IMG_0042,/content/BSM-Project/data/raw/BSM/Garnet/48.jpg,GRP_0042,/content/BSM-Project/data/augmented/train/Garnet/48__r90_f1.jpg,True,90,True,224,224,3,18543,6e5e032e8100c043ec3b0263bc11e638c4175c3bfff39631f839dd720ce72568
IMG_0044_r0_f0,train,Garnet,3,IMG_0044,/content/BSM-Project/data/raw/BSM/Garnet/5.jpg,GRP_0044,/content/BSM-Project/data/augmented/train/Garnet/5__r0_f0.jpg,True,0,False,224,224,3,16432,b669599f0b5a0e56949ba2bd4fff5c7c632ad16bb7b0b8cef66f2d3452a05d7c
IMG_0044_r0_f1,train,Garnet,3,IMG_0044,/content/BSM-Project/data/raw/BSM/Garnet/5.jpg,GRP_0044,/content/BSM-Project/data/augmented/train/Garnet/5__r0_f1.jpg,True,0,True,224,224,3,16437,64f3c9b25cb5ce44b64cfdfd1b63db8966415f33c20c77683be450939a6a3558
IMG_0044_r180_f0,train,Garnet,3,IMG_0044,/content/BSM-Project/data/raw/BSM/Garnet/5.jpg,GRP_0044,/content/BSM-Project/data/augmented/train/Garnet/5__r180_f0.jpg,True,180,False,224,224,3,16439,c835f2ce00e54bd5ee03f08c437cfe98dc574330beb38ad2a5dd5e40084ba59c
IMG_0044_r180_f1,train,Garnet,3,IMG_0044,/content/BSM-Project/data/raw/BSM/Garnet/5.jpg,GRP_0044,/content/BSM-Project/data/augmented/train/Garnet/5__r180_f1.jpg,True,180,True,224,224,3,16441,c02966edd411329a6e79fcb4ed02d8cbdd0b2b1b49070aaf7533c568ab492679
IMG_0044_r270_f0,train,Garnet,3,IMG_0044,/content/BSM-Project/data/raw/BSM/Garnet/5.jpg,GRP_0044,/content/BSM-Project/data/augmented/train/Garnet/5__r270_f0.jpg,True,270,False,224,224,3,17506,35368b53f7bffe80ffbb693ce98dac570d51bac0e23e86f473741e30da4976f6
IMG_0044_r270_f1,train,Garnet,3,IMG_0044,/content/BSM-Project/data/raw/BSM/Garnet/5.jpg,GRP_0044,/content/BSM-Project/data/augmented/train/Garnet/5__r270_f1.jpg,True,270,True,224,224,3,17481,d351f61d50aa9c9456f4b91656bfba2b4e7f974ee387f06348df4c576b46a7b2
IMG_0044_r30_f0,train,Garnet,3,IMG_0044,/content/BSM-Project/data/raw/BSM/Garnet/5.jpg,GRP_0044,/content/BSM-Project/data/augmented/train/Garnet/5__r30_f0.jpg,True,30,False,224,224,3,19350,dca927593d11363ee8f5af0f3d0535a3cca1c4340fe541628863b71c7a7c3008
IMG_0044_r30_f1,train,Garnet,3,IMG_0044,/content/BSM-Project/data/raw/BSM/Garnet/5.jpg,GRP_0044,/content/BSM-Project/data/augmented/train/Garnet/5__r30_f1.jpg,True,30,True,224,224,3,19355,e3660b5538f0f4cfd02c71ad079df097a15e1b646565d935e46e5ca8cdf068ba
IMG_0044_r45_f0,train,Garnet,3,IMG_0044,/content/BSM-Project/data/raw/BSM/Garnet/5.jpg,GRP_0044,/content/BSM-Project/data/augmented/train/Garnet/5__r45_f0.jpg,True,45,False,224,224,3,19421,38bc39afa5dfd4b09eff58ad588fab5f2759463f8161efd6231df6478ee59d3b
IMG_0044_r45_f1,train,Garnet,3,IMG_0044,/content/BSM-Project/data/raw/BSM/Garnet/5.jpg,GRP_0044,/content/BSM-Project/data/augmented/train/Garnet/5__r45_f1.jpg,True,45,True,224,224,3,19412,a97f73a291f59dac413dbab876c57b5c6840980c041f50605f98ae48be2633dc
IMG_0044_r90_f0,train,Garnet,3,IMG_0044,/content/BSM-Project/data/raw/BSM/Garnet/5.jpg,GRP_0044,/content/BSM-Project/data/augmented/train/Garnet/5__r90_f0.jpg,True,90,False,224,224,3,17460,0a75ca0400013cfb341cef253dd9de8a782747673baec105b8a32a2b778d9d0b
IMG_0044_r90_f1,train,Garnet,3,IMG_0044,/content/BSM-Project/data/raw/BSM/Garnet/5.jpg,GRP_0044,/content/BSM-Project/data/augmented/train/Garnet/5__r90_f1.jpg,True,90,True,224,224,3,17491,b4027d38478779cbc24721c559a93fc85cdd8bae465d024536400ec5eb083c56
IMG_0046_r0_f0,train,Garnet,3,IMG_0046,/content/BSM-Project/data/raw/BSM/Garnet/51.jpg,GRP_0046,/content/BSM-Project/data/augmented/train/Garnet/51__r0_f0.jpg,True,0,False,224,224,3,21018,f1d31e5c2f128a4851277451d219584584e0da8377c7fbd06193d3283b4fa0a5
IMG_0046_r0_f1,train,Garnet,3,IMG_0046,/content/BSM-Project/data/raw/BSM/Garnet/51.jpg,GRP_0046,/content/BSM-Project/data/augmented/train/Garnet/51__r0_f1.jpg,True,0,True,224,224,3,21033,3458205a2629839998d7d706e92260395af62b7a21bb7d0e3034bca5d7f62232
IMG_0046_r180_f0,train,Garnet,3,IMG_0046,/content/BSM-Project/data/raw/BSM/Garnet/51.jpg,GRP_0046,/content/BSM-Project/data/augmented/train/Garnet/51__r180_f0.jpg,True,180,False,224,224,3,21046,431fd9f1e449d3da737a8133fc91cb987b3c394d148301eff6d5f652afc83695
IMG_0046_r180_f1,train,Garnet,3,IMG_0046,/content/BSM-Project/data/raw/BSM/Garnet/51.jpg,GRP_0046,/content/BSM-Project/data/augmented/train/Garnet/51__r180_f1.jpg,True,180,True,224,224,3,21033,6f7f738d2ad37680110da0b49ee75a9d392286146f121fe34cb05767bedf0067
IMG_0046_r270_f0,train,Garnet,3,IMG_0046,/content/BSM-Project/data/raw/BSM/Garnet/51.jpg,GRP_0046,/content/BSM-Project/data/augmented/train/Garnet/51__r270_f0.jpg,True,270,False,224,224,3,14886,98ea8aee7873f85d73c8ce6634a05e9fda8675a5ea68e0e2177751eb4cd6dea4
IMG_0046_r270_f1,train,Garnet,3,IMG_0046,/content/BSM-Project/data/raw/BSM/Garnet/51.jpg,GRP_0046,/content/BSM-Project/data/augmented/train/Garnet/51__r270_f1.jpg,True,270,True,224,224,3,14843,6b6ec09d6476d27b63dc4d150e87e328fd6478d1ca99d8a95498b2aa9767de81
IMG_0046_r30_f0,train,Garnet,3,IMG_0046,/content/BSM-Project/data/raw/BSM/Garnet/51.jpg,GRP_0046,/content/BSM-Project/data/augmented/train/Garnet/51__r30_f0.jpg,True,30,False,224,224,3,20862,71a186b95f4aea6a21495b8b1874e00458d57c87564f08340f8890af5623bff0
IMG_0046_r30_f1,train,Garnet,3,IMG_0046,/content/BSM-Project/data/raw/BSM/Garnet/51.jpg,GRP_0046,/content/BSM-Project/data/augmented/train/Garnet/51__r30_f1.jpg,True,30,True,224,224,3,20944,6f6b152ab358c8dbb2cb0d710ac856b90ee1b84190348d197b0e39e94fc2c180
IMG_0046_r45_f0,train,Garnet,3,IMG_0046,/content/BSM-Project/data/raw/BSM/Garnet/51.jpg,GRP_0046,/content/BSM-Project/data/augmented/train/Garnet/51__r45_f0.jpg,True,45,False,224,224,3,18942,3237f1430541f0f604ac168b088f426a89cb5c5d54fe941002ba1a2760097c5d
IMG_0046_r45_f1,train,Garnet,3,IMG_0046,/content/BSM-Project/data/raw/BSM/Garnet/51.jpg,GRP_0046,/content/BSM-Project/data/augmented/train/Garnet/51__r45_f1.jpg,True,45,True,224,224,3,18961,85b5f0e7f20b2d49067e500d1bd21858d3bbd99a0cdc9855d887f6841c651ac4
IMG_0046_r90_f0,train,Garnet,3,IMG_0046,/content/BSM-Project/data/raw/BSM/Garnet/51.jpg,GRP_0046,/content/BSM-Project/data/augmented/train/Garnet/51__r90_f0.jpg,True,90,False,224,224,3,14861,bbf8db6e38c502b14056b5e18289391a90991bf56cc75c7b945fafad5baa0fe5
IMG_0046_r90_f1,train,Garnet,3,IMG_0046,/content/BSM-Project/data/raw/BSM/Garnet/51.jpg,GRP_0046,/content/BSM-Project/data/augmented/train/Garnet/51__r90_f1.jpg,True,90,True,224,224,3,14864,11ebcae159c3664f73db0af3742b9a9f12c1e4389a327be046f92b44e26ee1eb
IMG_0048_r0_f0,train,Garnet,3,IMG_0048,/content/BSM-Project/data/raw/BSM/Garnet/53.jpg,GRP_0048,/content/BSM-Project/data/augmented/train/Garnet/53__r0_f0.jpg,True,0,False,224,224,3,25291,37f03875cf6c7e8c43762194668f18a33d94949cf39c66ec2fad61646ea28a95
IMG_0048_r0_f1,train,Garnet,3,IMG_0048,/content/BSM-Project/data/raw/BSM/Garnet/53.jpg,GRP_0048,/content/BSM-Project/data/augmented/train/Garnet/53__r0_f1.jpg,True,0,True,224,224,3,25290,2f4bfd846c860ccb6725551863f192842fc025960ed6b0ff3bafa01b9a722b74
IMG_0048_r180_f0,train,Garnet,3,IMG_0048,/content/BSM-Project/data/raw/BSM/Garnet/53.jpg,GRP_0048,/content/BSM-Project/data/augmented/train/Garnet/53__r180_f0.jpg,True,180,False,224,224,3,25302,ff52b083b8798940a9be7e3ebe0239b63e4dd83a2e5b822f44555bfc006be06a
IMG_0048_r180_f1,train,Garnet,3,IMG_0048,/content/BSM-Project/data/raw/BSM/Garnet/53.jpg,GRP_0048,/content/BSM-Project/data/augmented/train/Garnet/53__r180_f1.jpg,True,180,True,224,224,3,25343,275bd4ade3875c83a127d6819373d665133acc971b998e1808039e1459b14e09
IMG_0048_r270_f0,train,Garnet,3,IMG_0048,/content/BSM-Project/data/raw/BSM/Garnet/53.jpg,GRP_0048,/content/BSM-Project/data/augmented/train/Garnet/53__r270_f0.jpg,True,270,False,224,224,3,24189,ef3858044ba2aa7203493df7b3d425e0b4333c7da9bca2792f6e10a3ea697d54
IMG_0048_r270_f1,train,Garnet,3,IMG_0048,/content/BSM-Project/data/raw/BSM/Garnet/53.jpg,GRP_0048,/content/BSM-Project/data/augmented/train/Garnet/53__r270_f1.jpg,True,270,True,224,224,3,24204,50c48d6df982bfac15471c9573ff93925311125570c0025b5170ea002445c3a2
IMG_0048_r30_f0,train,Garnet,3,IMG_0048,/content/BSM-Project/data/raw/BSM/Garnet/53.jpg,GRP_0048,/content/BSM-Project/data/augmented/train/Garnet/53__r30_f0.jpg,True,30,False,224,224,3,27122,39a6d17b875f33cd22bc4e69f6c087fa2e89901a79373b718b94fd1df7498aab
IMG_0048_r30_f1,train,Garnet,3,IMG_0048,/content/BSM-Project/data/raw/BSM/Garnet/53.jpg,GRP_0048,/content/BSM-Project/data/augmented/train/Garnet/53__r30_f1.jpg,True,30,True,224,224,3,27150,b46703f1896de3f2f8388e1b6ba8c9c6c418a217296a33d3dd9c264aa1ac15dd
IMG_0048_r45_f0,train,Garnet,3,IMG_0048,/content/BSM-Project/data/raw/BSM/Garnet/53.jpg,GRP_0048,/content/BSM-Project/data/augmented/train/Garnet/53__r45_f0.jpg,True,45,False,224,224,3,26718,592eea49bb232ffe1cfc4e2df14220b4f7bbc4460fa3e7c1d736a917dd4fff7e
IMG_0048_r45_f1,train,Garnet,3,IMG_0048,/content/BSM-Project/data/raw/BSM/Garnet/53.jpg,GRP_0048,/content/BSM-Project/data/augmented/train/Garnet/53__r45_f1.jpg,True,45,True,224,224,3,26730,8abf51434ef04dda9bed5b7b953f0407f4c9156886adfbd00f17ac9a9930100b
IMG_0048_r90_f0,train,Garnet,3,IMG_0048,/content/BSM-Project/data/raw/BSM/Garnet/53.jpg,GRP_0048,/content/BSM-Project/data/augmented/train/Garnet/53__r90_f0.jpg,True,90,False,224,224,3,24205,b8e8d72b645f886b4406078ca88a60709f8621329d2528e6f57da8a340816dcb
IMG_0048_r90_f1,train,Garnet,3,IMG_0048,/content/BSM-Project/data/raw/BSM/Garnet/53.jpg,GRP_0048,/content/BSM-Project/data/augmented/train/Garnet/53__r90_f1.jpg,True,90,True,224,224,3,24178,aa3bdbc6552c4c865d22fe17be09f3fe2770589e0270f4ded62ded7ac692deb4
IMG_0049_r0_f0,train,Garnet,3,IMG_0049,/content/BSM-Project/data/raw/BSM/Garnet/54.jpg,GRP_0049,/content/BSM-Project/data/augmented/train/Garnet/54__r0_f0.jpg,True,0,False,224,224,3,24152,acce0cd526b1579e8931c57a43c6e268498d5f543cb4cef09057e4bbc26064f1
IMG_0049_r0_f1,train,Garnet,3,IMG_0049,/content/BSM-Project/data/raw/BSM/Garnet/54.jpg,GRP_0049,/content/BSM-Project/data/augmented/train/Garnet/54__r0_f1.jpg,True,0,True,224,224,3,24116,93e015ef6fd57d6cb623d5f31577cded1728e2c2603217a10e3f9989507f476a
IMG_0049_r180_f0,train,Garnet,3,IMG_0049,/content/BSM-Project/data/raw/BSM/Garnet/54.jpg,GRP_0049,/content/BSM-Project/data/augmented/train/Garnet/54__r180_f0.jpg,True,180,False,224,224,3,24161,d79fee80eaa271a6e7d63daf29e5b4bddfedeb9d969bc0b2d792f222f021c0a5
IMG_0049_r180_f1,train,Garnet,3,IMG_0049,/content/BSM-Project/data/raw/BSM/Garnet/54.jpg,GRP_0049,/content/BSM-Project/data/augmented/train/Garnet/54__r180_f1.jpg,True,180,True,224,224,3,24105,4d8ca490aacad0c0a41e8199efe7a412a728f68fc2489423dcf13b8fb031f5f5
IMG_0049_r270_f0,train,Garnet,3,IMG_0049,/content/BSM-Project/data/raw/BSM/Garnet/54.jpg,GRP_0049,/content/BSM-Project/data/augmented/train/Garnet/54__r270_f0.jpg,True,270,False,224,224,3,23277,eec69acb886bc6d69749906d4e3de12cb97eb302caf295cc9cdfde3b6d87bdaf
IMG_0049_r270_f1,train,Garnet,3,IMG_0049,/content/BSM-Project/data/raw/BSM/Garnet/54.jpg,GRP_0049,/content/BSM-Project/data/augmented/train/Garnet/54__r270_f1.jpg,True,270,True,224,224,3,23335,28b3095290f887a75244992a6be2990f9ae856b4e559f0b282fe932465c0bbbc
IMG_0049_r30_f0,train,Garnet,3,IMG_0049,/content/BSM-Project/data/raw/BSM/Garnet/54.jpg,GRP_0049,/content/BSM-Project/data/augmented/train/Garnet/54__r30_f0.jpg,True,30,False,224,224,3,27091,20e204f5c04717e08065e00b7119c088286ff6c353747c47a8d9a7863a452b99
IMG_0049_r30_f1,train,Garnet,3,IMG_0049,/content/BSM-Project/data/raw/BSM/Garnet/54.jpg,GRP_0049,/content/BSM-Project/data/augmented/train/Garnet/54__r30_f1.jpg,True,30,True,224,224,3,27114,11bb9418ebc194ba55bf25fbd4e8d403869bc41ce4e8dbaa1a4a356549874e53
IMG_0049_r45_f0,train,Garnet,3,IMG_0049,/content/BSM-Project/data/raw/BSM/Garnet/54.jpg,GRP_0049,/content/BSM-Project/data/augmented/train/Garnet/54__r45_f0.jpg,True,45,False,224,224,3,26902,49e5399e10324898b8a881527ea9d99c459f718bdf960a2ff5cef97e29ed7010
IMG_0049_r45_f1,train,Garnet,3,IMG_0049,/content/BSM-Project/data/raw/BSM/Garnet/54.jpg,GRP_0049,/content/BSM-Project/data/augmented/train/Garnet/54__r45_f1.jpg,True,45,True,224,224,3,26981,e13591f9dc201a22a187018f29516d652d749f15800602f6aed368e7784090e7
IMG_0049_r90_f0,train,Garnet,3,IMG_0049,/content/BSM-Project/data/raw/BSM/Garnet/54.jpg,GRP_0049,/content/BSM-Project/data/augmented/train/Garnet/54__r90_f0.jpg,True,90,False,224,224,3,23309,d1c9cdab0982bd83c4141a41c7a1538ac37ff0d8cbd579401b0f1f04533e8d64
IMG_0049_r90_f1,train,Garnet,3,IMG_0049,/content/BSM-Project/data/raw/BSM/Garnet/54.jpg,GRP_0049,/content/BSM-Project/data/augmented/train/Garnet/54__r90_f1.jpg,True,90,True,224,224,3,23310,3e831d2d815a4326579fb4d18e782ad52bf1a070272b968382f64a6613e04ef6
IMG_0050_r0_f0,train,Garnet,3,IMG_0050,/content/BSM-Project/data/raw/BSM/Garnet/55.jpg,GRP_0050,/content/BSM-Project/data/augmented/train/Garnet/55__r0_f0.jpg,True,0,False,224,224,3,15352,d75894e627c24321ae7c8a4c4ed3d39c2c830c5094910a464af9db690b393580
IMG_0050_r0_f1,train,Garnet,3,IMG_0050,/content/BSM-Project/data/raw/BSM/Garnet/55.jpg,GRP_0050,/content/BSM-Project/data/augmented/train/Garnet/55__r0_f1.jpg,True,0,True,224,224,3,15361,74a4a65ae07a617884ba72ed9c71d699646b0b960c4038b0f2a9248043e2200d
IMG_0050_r180_f0,train,Garnet,3,IMG_0050,/content/BSM-Project/data/raw/BSM/Garnet/55.jpg,GRP_0050,/content/BSM-Project/data/augmented/train/Garnet/55__r180_f0.jpg,True,180,False,224,224,3,15356,9e4491e109fd7f0d8f9c8d9c0a2f794c7172be54fb2c735ae3cbc1d1c98058c8
IMG_0050_r180_f1,train,Garnet,3,IMG_0050,/content/BSM-Project/data/raw/BSM/Garnet/55.jpg,GRP_0050,/content/BSM-Project/data/augmented/train/Garnet/55__r180_f1.jpg,True,180,True,224,224,3,15356,a9c7da184e8237fa1c2461b22e23d3d1d6a14dd4bd5ef6f639276a207f841c24
IMG_0050_r270_f0,train,Garnet,3,IMG_0050,/content/BSM-Project/data/raw/BSM/Garnet/55.jpg,GRP_0050,/content/BSM-Project/data/augmented/train/Garnet/55__r270_f0.jpg,True,270,False,224,224,3,16783,8ed8cc95494ad16fb168a4074619c28cd24e76d9ad67a2a8743d8e22fc12f521
IMG_0050_r270_f1,train,Garnet,3,IMG_0050,/content/BSM-Project/data/raw/BSM/Garnet/55.jpg,GRP_0050,/content/BSM-Project/data/augmented/train/Garnet/55__r270_f1.jpg,True,270,True,224,224,3,16785,14d7dee092a45c94b8131ea3cef4cb63f3e4241cfb2616fcfd9835eb3e10807a
IMG_0050_r30_f0,train,Garnet,3,IMG_0050,/content/BSM-Project/data/raw/BSM/Garnet/55.jpg,GRP_0050,/content/BSM-Project/data/augmented/train/Garnet/55__r30_f0.jpg,True,30,False,224,224,3,18615,daf51651ac1a8744af64639dfcce2831c6bbcb7086d1ee4a3d7f3bf71719e1e3
IMG_0050_r30_f1,train,Garnet,3,IMG_0050,/content/BSM-Project/data/raw/BSM/Garnet/55.jpg,GRP_0050,/content/BSM-Project/data/augmented/train/Garnet/55__r30_f1.jpg,True,30,True,224,224,3,18646,6d3e6808b6c4f3621765ecac629da06ff38da3e1dbd87fdc1b6123f4aa5be9ed
IMG_0050_r45_f0,train,Garnet,3,IMG_0050,/content/BSM-Project/data/raw/BSM/Garnet/55.jpg,GRP_0050,/content/BSM-Project/data/augmented/train/Garnet/55__r45_f0.jpg,True,45,False,224,224,3,18420,6856c32a31c5026e776a8c7575184855dd8713e76fe13b6792ee4aad10eaa59d
IMG_0050_r45_f1,train,Garnet,3,IMG_0050,/content/BSM-Project/data/raw/BSM/Garnet/55.jpg,GRP_0050,/content/BSM-Project/data/augmented/train/Garnet/55__r45_f1.jpg,True,45,True,224,224,3,18411,51d44f3f85c432e5df39ef210ce6d99015110ce8214a8b3bd51ff60ff0a50e4a
IMG_0050_r90_f0,train,Garnet,3,IMG_0050,/content/BSM-Project/data/raw/BSM/Garnet/55.jpg,GRP_0050,/content/BSM-Project/data/augmented/train/Garnet/55__r90_f0.jpg,True,90,False,224,224,3,16809,cad3f4801f1ea5689e9a243871fe2003ab2cf1fdc6fda708ec77ce666649859d
IMG_0050_r90_f1,train,Garnet,3,IMG_0050,/content/BSM-Project/data/raw/BSM/Garnet/55.jpg,GRP_0050,/content/BSM-Project/data/augmented/train/Garnet/55__r90_f1.jpg,True,90,True,224,224,3,16767,3a596ca00c992400473288ab6fe554711dffa5f4cecf8f382ae06e91cfff57ab
IMG_0052_r0_f0,train,Garnet,3,IMG_0052,/content/BSM-Project/data/raw/BSM/Garnet/57.jpg,GRP_0052,/content/BSM-Project/data/augmented/train/Garnet/57__r0_f0.jpg,True,0,False,224,224,3,20779,b45150e77eace15c5a091006c4823423c7114efbb3543b136d05f20ec5a4f7fc
IMG_0052_r0_f1,train,Garnet,3,IMG_0052,/content/BSM-Project/data/raw/BSM/Garnet/57.jpg,GRP_0052,/content/BSM-Project/data/augmented/train/Garnet/57__r0_f1.jpg,True,0,True,224,224,3,20774,34e11e9a09f8553c4fb5e0478422d8c9004b188ed44df4d5ba578b3621ec0b1f
IMG_0052_r180_f0,train,Garnet,3,IMG_0052,/content/BSM-Project/data/raw/BSM/Garnet/57.jpg,GRP_0052,/content/BSM-Project/data/augmented/train/Garnet/57__r180_f0.jpg,True,180,False,224,224,3,20767,0adf2d8d5f01ef40974280e33cd4c66cb271b71f80db42d8b9b92192f4bab27a
IMG_0052_r180_f1,train,Garnet,3,IMG_0052,/content/BSM-Project/data/raw/BSM/Garnet/57.jpg,GRP_0052,/content/BSM-Project/data/augmented/train/Garnet/57__r180_f1.jpg,True,180,True,224,224,3,20770,5070c061f3ab377ad2c242ed13a58a7e2ba5c136fa043240446cbcdab1596ca1
IMG_0052_r270_f0,train,Garnet,3,IMG_0052,/content/BSM-Project/data/raw/BSM/Garnet/57.jpg,GRP_0052,/content/BSM-Project/data/augmented/train/Garnet/57__r270_f0.jpg,True,270,False,224,224,3,17203,a1be46fea4c8a13c02114a256d144b3202d56c9979e625c42bcc50c5850c9acf
IMG_0052_r270_f1,train,Garnet,3,IMG_0052,/content/BSM-Project/data/raw/BSM/Garnet/57.jpg,GRP_0052,/content/BSM-Project/data/augmented/train/Garnet/57__r270_f1.jpg,True,270,True,224,224,3,17190,e9f6a35d17e3560dec95fb74eb486ab0b6390dd3eefd486b414257cdd1f0e696
IMG_0052_r30_f0,train,Garnet,3,IMG_0052,/content/BSM-Project/data/raw/BSM/Garnet/57.jpg,GRP_0052,/content/BSM-Project/data/augmented/train/Garnet/57__r30_f0.jpg,True,30,False,224,224,3,22959,144e9555aa4f4269c27e6066e79ad85a8a7aad1fd5346e4d03a70e14ed8bc1cd
IMG_0052_r30_f1,train,Garnet,3,IMG_0052,/content/BSM-Project/data/raw/BSM/Garnet/57.jpg,GRP_0052,/content/BSM-Project/data/augmented/train/Garnet/57__r30_f1.jpg,True,30,True,224,224,3,23047,47d228a75fc34bbd844ab6617c8ff4726f144c1d55a01b42f13fb2bc06af9c3b
IMG_0052_r45_f0,train,Garnet,3,IMG_0052,/content/BSM-Project/data/raw/BSM/Garnet/57.jpg,GRP_0052,/content/BSM-Project/data/augmented/train/Garnet/57__r45_f0.jpg,True,45,False,224,224,3,22434,07b39fc619fde3196f10b5ea8653b2bdfc5d8b76e5ff35f740f6b78c36399781
IMG_0052_r45_f1,train,Garnet,3,IMG_0052,/content/BSM-Project/data/raw/BSM/Garnet/57.jpg,GRP_0052,/content/BSM-Project/data/augmented/train/Garnet/57__r45_f1.jpg,True,45,True,224,224,3,22496,0007ede6e3c844806221381fab3b9a696c80e65e2af03694de1f121af9d5afc7
IMG_0052_r90_f0,train,Garnet,3,IMG_0052,/content/BSM-Project/data/raw/BSM/Garnet/57.jpg,GRP_0052,/content/BSM-Project/data/augmented/train/Garnet/57__r90_f0.jpg,True,90,False,224,224,3,17188,06fd4d9342a7213e2a7f6994aa0d04248e656ae5e8b9f88fffb30bc011aaa1bc
IMG_0052_r90_f1,train,Garnet,3,IMG_0052,/content/BSM-Project/data/raw/BSM/Garnet/57.jpg,GRP_0052,/content/BSM-Project/data/augmented/train/Garnet/57__r90_f1.jpg,True,90,True,224,224,3,17204,2fea510d94875569dddcab104682162a7d6fdb0315cd1224cf56e7465c76f809
IMG_0053_r0_f0,train,Garnet,3,IMG_0053,/content/BSM-Project/data/raw/BSM/Garnet/58.jpg,GRP_0053,/content/BSM-Project/data/augmented/train/Garnet/58__r0_f0.jpg,True,0,False,224,224,3,22587,9349a252d6943560e36ab50ca6a3a749637d119ff74f122c8bd1afd358b832ae
IMG_0053_r0_f1,train,Garnet,3,IMG_0053,/content/BSM-Project/data/raw/BSM/Garnet/58.jpg,GRP_0053,/content/BSM-Project/data/augmented/train/Garnet/58__r0_f1.jpg,True,0,True,224,224,3,22588,cbe80ab5904084ef992c56de0557ef9a95878775f7a09e9f4c887cdc43ad7547
IMG_0053_r180_f0,train,Garnet,3,IMG_0053,/content/BSM-Project/data/raw/BSM/Garnet/58.jpg,GRP_0053,/content/BSM-Project/data/augmented/train/Garnet/58__r180_f0.jpg,True,180,False,224,224,3,22556,33641fdb6b0f28161e19f73dab2be856e8cd32fdd01af9b00127f282b36017b3
IMG_0053_r180_f1,train,Garnet,3,IMG_0053,/content/BSM-Project/data/raw/BSM/Garnet/58.jpg,GRP_0053,/content/BSM-Project/data/augmented/train/Garnet/58__r180_f1.jpg,True,180,True,224,224,3,22583,c3bab9708bec4937037d671b7caa481789976440585423061af4307e872f011d
IMG_0053_r270_f0,train,Garnet,3,IMG_0053,/content/BSM-Project/data/raw/BSM/Garnet/58.jpg,GRP_0053,/content/BSM-Project/data/augmented/train/Garnet/58__r270_f0.jpg,True,270,False,224,224,3,23411,68f6abb473711064c6b731596f205d10890849c1968a990271c88a8373c84e5a
IMG_0053_r270_f1,train,Garnet,3,IMG_0053,/content/BSM-Project/data/raw/BSM/Garnet/58.jpg,GRP_0053,/content/BSM-Project/data/augmented/train/Garnet/58__r270_f1.jpg,True,270,True,224,224,3,23388,009e0f46ac9e117fd5eb58644259adae4ddfedc4c130fac16c6dcdf1415dd741
IMG_0053_r30_f0,train,Garnet,3,IMG_0053,/content/BSM-Project/data/raw/BSM/Garnet/58.jpg,GRP_0053,/content/BSM-Project/data/augmented/train/Garnet/58__r30_f0.jpg,True,30,False,224,224,3,21266,8dedc7d9a7e146e186aeb7f4b1ddca6d12d137d96ce9a9d7624746aeba367ab4
IMG_0053_r30_f1,train,Garnet,3,IMG_0053,/content/BSM-Project/data/raw/BSM/Garnet/58.jpg,GRP_0053,/content/BSM-Project/data/augmented/train/Garnet/58__r30_f1.jpg,True,30,True,224,224,3,21281,113c8cc12a48c39322de85e479c0f540f13f4d8e2003dd1e752af70d6dc84b44
IMG_0053_r45_f0,train,Garnet,3,IMG_0053,/content/BSM-Project/data/raw/BSM/Garnet/58.jpg,GRP_0053,/content/BSM-Project/data/augmented/train/Garnet/58__r45_f0.jpg,True,45,False,224,224,3,20970,aa108e393dbe9c0904adbe41671eedc08651e0b3b33f3119d1b07b7271a38e4c
IMG_0053_r45_f1,train,Garnet,3,IMG_0053,/content/BSM-Project/data/raw/BSM/Garnet/58.jpg,GRP_0053,/content/BSM-Project/data/augmented/train/Garnet/58__r45_f1.jpg,True,45,True,224,224,3,20973,e9c3efca003d679610d6ba07612e8e73af9deb5e55afe57eac5bca01e94c3ba9
IMG_0053_r90_f0,train,Garnet,3,IMG_0053,/content/BSM-Project/data/raw/BSM/Garnet/58.jpg,GRP_0053,/content/BSM-Project/data/augmented/train/Garnet/58__r90_f0.jpg,True,90,False,224,224,3,23373,988ab6005f8cd0afcfd9ad29eef6fa6b8e6f6f6354e5472365d128f055b66d2f
IMG_0053_r90_f1,train,Garnet,3,IMG_0053,/content/BSM-Project/data/raw/BSM/Garnet/58.jpg,GRP_0053,/content/BSM-Project/data/augmented/train/Garnet/58__r90_f1.jpg,True,90,True,224,224,3,23408,b70ddc00faf129259380cf5c46ed789e8ad571128a7319eefe4ed7b9f41c4940
IMG_0054_r0_f0,train,Garnet,3,IMG_0054,/content/BSM-Project/data/raw/BSM/Garnet/59.jpg,GRP_0054,/content/BSM-Project/data/augmented/train/Garnet/59__r0_f0.jpg,True,0,False,224,224,3,24617,133398c26a622916ff676fa15f84fc104f4a3f517c736bfdd50ff00c4eccc634
IMG_0054_r0_f1,train,Garnet,3,IMG_0054,/content/BSM-Project/data/raw/BSM/Garnet/59.jpg,GRP_0054,/content/BSM-Project/data/augmented/train/Garnet/59__r0_f1.jpg,True,0,True,224,224,3,24582,1bdf46d29c94e1ce76e363d80b064b53d6c816dd11317ed6fe6f4e95cf6233db
IMG_0054_r180_f0,train,Garnet,3,IMG_0054,/content/BSM-Project/data/raw/BSM/Garnet/59.jpg,GRP_0054,/content/BSM-Project/data/augmented/train/Garnet/59__r180_f0.jpg,True,180,False,224,224,3,24574,7765e48a19cd276876568be7d4f70497fb2d8554e234700947034aa753ed86c9
IMG_0054_r180_f1,train,Garnet,3,IMG_0054,/content/BSM-Project/data/raw/BSM/Garnet/59.jpg,GRP_0054,/content/BSM-Project/data/augmented/train/Garnet/59__r180_f1.jpg,True,180,True,224,224,3,24629,b69f73b63fc61e4470c16c4efc5b5ba1d607eebb92bbf65ae22992ae25ba9f22
IMG_0054_r270_f0,train,Garnet,3,IMG_0054,/content/BSM-Project/data/raw/BSM/Garnet/59.jpg,GRP_0054,/content/BSM-Project/data/augmented/train/Garnet/59__r270_f0.jpg,True,270,False,224,224,3,24564,84869389ab5a37c1796d3025dc3863f741fe12a8e2a3db30590e6bbb3dedab83
IMG_0054_r270_f1,train,Garnet,3,IMG_0054,/content/BSM-Project/data/raw/BSM/Garnet/59.jpg,GRP_0054,/content/BSM-Project/data/augmented/train/Garnet/59__r270_f1.jpg,True,270,True,224,224,3,24535,c9c46120f4fa77075ccd403bacbdeb3f2fe31bbb3fc8708cbf7d35880a23732f
IMG_0054_r30_f0,train,Garnet,3,IMG_0054,/content/BSM-Project/data/raw/BSM/Garnet/59.jpg,GRP_0054,/content/BSM-Project/data/augmented/train/Garnet/59__r30_f0.jpg,True,30,False,224,224,3,26774,4750b2f5118f64798107dcc966649253ffc3c46ec148b0f93df182eecfcd6693
IMG_0054_r30_f1,train,Garnet,3,IMG_0054,/content/BSM-Project/data/raw/BSM/Garnet/59.jpg,GRP_0054,/content/BSM-Project/data/augmented/train/Garnet/59__r30_f1.jpg,True,30,True,224,224,3,26792,d009778ee8302be0abd2d880f25153f2d5b94c7420866ebe3d0928db96d05cb3
IMG_0054_r45_f0,train,Garnet,3,IMG_0054,/content/BSM-Project/data/raw/BSM/Garnet/59.jpg,GRP_0054,/content/BSM-Project/data/augmented/train/Garnet/59__r45_f0.jpg,True,45,False,224,224,3,26670,99ca33e829850cfb288fa634994ceafdc35fa95230ddde2c86e0dae7097cccec
IMG_0054_r45_f1,train,Garnet,3,IMG_0054,/content/BSM-Project/data/raw/BSM/Garnet/59.jpg,GRP_0054,/content/BSM-Project/data/augmented/train/Garnet/59__r45_f1.jpg,True,45,True,224,224,3,26681,725237e4ab876a7c83f692d40ec32f054a9a58bcd4d2044ff9159ddb97b07588
IMG_0054_r90_f0,train,Garnet,3,IMG_0054,/content/BSM-Project/data/raw/BSM/Garnet/59.jpg,GRP_0054,/content/BSM-Project/data/augmented/train/Garnet/59__r90_f0.jpg,True,90,False,224,224,3,24552,18ab9191463efdcec16142bf50c5acd9d93bcd6845ce15923af1a632bc38c19e
IMG_0054_r90_f1,train,Garnet,3,IMG_0054,/content/BSM-Project/data/raw/BSM/Garnet/59.jpg,GRP_0054,/content/BSM-Project/data/augmented/train/Garnet/59__r90_f1.jpg,True,90,True,224,224,3,24572,f797c9c70b9d5122490c56c177039870c4c529ddd82f71eddf4d167b59a58b77
IMG_0055_r0_f0,train,Garnet,3,IMG_0055,/content/BSM-Project/data/raw/BSM/Garnet/6.jpg,GRP_0055,/content/BSM-Project/data/augmented/train/Garnet/6__r0_f0.jpg,True,0,False,224,224,3,22453,2ed1e111586643ae3069239cefa9c7c27f7971eb940dc09b60233ded29ba38d5
IMG_0055_r0_f1,train,Garnet,3,IMG_0055,/content/BSM-Project/data/raw/BSM/Garnet/6.jpg,GRP_0055,/content/BSM-Project/data/augmented/train/Garnet/6__r0_f1.jpg,True,0,True,224,224,3,22468,7a13d52f806f0cc52a4441223d6e6a0c0d5db21bb5fdefb7e02d9464059654ed
IMG_0055_r180_f0,train,Garnet,3,IMG_0055,/content/BSM-Project/data/raw/BSM/Garnet/6.jpg,GRP_0055,/content/BSM-Project/data/augmented/train/Garnet/6__r180_f0.jpg,True,180,False,224,224,3,22443,6c465937ba1c89cf405bc35e6ae26e7345f89631991ed98b76e9fe955214e49e
IMG_0055_r180_f1,train,Garnet,3,IMG_0055,/content/BSM-Project/data/raw/BSM/Garnet/6.jpg,GRP_0055,/content/BSM-Project/data/augmented/train/Garnet/6__r180_f1.jpg,True,180,True,224,224,3,22463,ed0dd067b33c3b4e8e919ea4fd2058f804fabe255d4eeb0fcf0afdfec7f8591e
IMG_0055_r270_f0,train,Garnet,3,IMG_0055,/content/BSM-Project/data/raw/BSM/Garnet/6.jpg,GRP_0055,/content/BSM-Project/data/augmented/train/Garnet/6__r270_f0.jpg,True,270,False,224,224,3,19632,02d9af78792a18d3b1d431562f2ec7eb93f588bf6dc96a8c3adb43f1e36afac7
IMG_0055_r270_f1,train,Garnet,3,IMG_0055,/content/BSM-Project/data/raw/BSM/Garnet/6.jpg,GRP_0055,/content/BSM-Project/data/augmented/train/Garnet/6__r270_f1.jpg,True,270,True,224,224,3,19604,f3ef1c8c5096bbc31c15ab5ae481cfddfff537d6ebf419852598bcead3e9f77a
IMG_0055_r30_f0,train,Garnet,3,IMG_0055,/content/BSM-Project/data/raw/BSM/Garnet/6.jpg,GRP_0055,/content/BSM-Project/data/augmented/train/Garnet/6__r30_f0.jpg,True,30,False,224,224,3,24572,4252742ca53941df1a972af73b341a6c12bd7c0f0ae2ece6ac92877d31e106c5
IMG_0055_r30_f1,train,Garnet,3,IMG_0055,/content/BSM-Project/data/raw/BSM/Garnet/6.jpg,GRP_0055,/content/BSM-Project/data/augmented/train/Garnet/6__r30_f1.jpg,True,30,True,224,224,3,24616,f57345a588d8e3469630738c081eefe06be8febc202f8560e7b989e8cc1f7ae6
IMG_0055_r45_f0,train,Garnet,3,IMG_0055,/content/BSM-Project/data/raw/BSM/Garnet/6.jpg,GRP_0055,/content/BSM-Project/data/augmented/train/Garnet/6__r45_f0.jpg,True,45,False,224,224,3,23319,4ee85a43862cabe99a683456bd37f052b12ffa37e4c6e284e8568a9780b6998a
IMG_0055_r45_f1,train,Garnet,3,IMG_0055,/content/BSM-Project/data/raw/BSM/Garnet/6.jpg,GRP_0055,/content/BSM-Project/data/augmented/train/Garnet/6__r45_f1.jpg,True,45,True,224,224,3,23339,808c2a9087da354eeb0bcca1232abc97af601b6bec1d106a373269481f424046
IMG_0055_r90_f0,train,Garnet,3,IMG_0055,/content/BSM-Project/data/raw/BSM/Garnet/6.jpg,GRP_0055,/content/BSM-Project/data/augmented/train/Garnet/6__r90_f0.jpg,True,90,False,224,224,3,19618,9e724b21cc63c169d14cce526e5dd9a9076a066a44f770f970e11c9109c11b48
IMG_0055_r90_f1,train,Garnet,3,IMG_0055,/content/BSM-Project/data/raw/BSM/Garnet/6.jpg,GRP_0055,/content/BSM-Project/data/augmented/train/Garnet/6__r90_f1.jpg,True,90,True,224,224,3,19650,3e9bf20981371ef1d73e6f949ce6f674d20154e04b48f525e5625580f380f14e
IMG_0056_r0_f0,train,Garnet,3,IMG_0056,/content/BSM-Project/data/raw/BSM/Garnet/60.jpg,GRP_0056,/content/BSM-Project/data/augmented/train/Garnet/60__r0_f0.jpg,True,0,False,224,224,3,24003,0fc0f9563b3f799dd13361bf2ece93294b5a1086e9d85b154a24a56761e8287f
IMG_0056_r0_f1,train,Garnet,3,IMG_0056,/content/BSM-Project/data/raw/BSM/Garnet/60.jpg,GRP_0056,/content/BSM-Project/data/augmented/train/Garnet/60__r0_f1.jpg,True,0,True,224,224,3,23991,98d4be0c5066763759e75656e5888e9e98d3755d6554ed86a2a47a7ecf3e6569
IMG_0056_r180_f0,train,Garnet,3,IMG_0056,/content/BSM-Project/data/raw/BSM/Garnet/60.jpg,GRP_0056,/content/BSM-Project/data/augmented/train/Garnet/60__r180_f0.jpg,True,180,False,224,224,3,23986,d1cccf7a8c55ac54d0d9a19341cc31da23dffb3cc7028fea1162bba4bb98427c
IMG_0056_r180_f1,train,Garnet,3,IMG_0056,/content/BSM-Project/data/raw/BSM/Garnet/60.jpg,GRP_0056,/content/BSM-Project/data/augmented/train/Garnet/60__r180_f1.jpg,True,180,True,224,224,3,24012,0d9ee7ec87579f95afb7c97a0dd5b2f9c3edfa1067872d699a8882d6ab154946
IMG_0056_r270_f0,train,Garnet,3,IMG_0056,/content/BSM-Project/data/raw/BSM/Garnet/60.jpg,GRP_0056,/content/BSM-Project/data/augmented/train/Garnet/60__r270_f0.jpg,True,270,False,224,224,3,21396,da3e517e7c2a94269632a96a1c09daeb4ace10ab6c9975adef924c9e80259470
IMG_0056_r270_f1,train,Garnet,3,IMG_0056,/content/BSM-Project/data/raw/BSM/Garnet/60.jpg,GRP_0056,/content/BSM-Project/data/augmented/train/Garnet/60__r270_f1.jpg,True,270,True,224,224,3,21388,d552f01f5a691b7e332aeee9516083f437980bbef51407342eb5cda682cbfca1
IMG_0056_r30_f0,train,Garnet,3,IMG_0056,/content/BSM-Project/data/raw/BSM/Garnet/60.jpg,GRP_0056,/content/BSM-Project/data/augmented/train/Garnet/60__r30_f0.jpg,True,30,False,224,224,3,26682,9a183b13a1fb7681e19b84dc4e28d498a84134cc06dff688f00e2669c79b4212
IMG_0056_r30_f1,train,Garnet,3,IMG_0056,/content/BSM-Project/data/raw/BSM/Garnet/60.jpg,GRP_0056,/content/BSM-Project/data/augmented/train/Garnet/60__r30_f1.jpg,True,30,True,224,224,3,26750,8124e9e99d85e3e5cd4b5380e27c4a0fefd370e093fb3de24b884a33db3ca08e
IMG_0056_r45_f0,train,Garnet,3,IMG_0056,/content/BSM-Project/data/raw/BSM/Garnet/60.jpg,GRP_0056,/content/BSM-Project/data/augmented/train/Garnet/60__r45_f0.jpg,True,45,False,224,224,3,26127,8385d5c7b4de8464725b181bdd522abf3e157a492f0a419f7da801269abfab34
IMG_0056_r45_f1,train,Garnet,3,IMG_0056,/content/BSM-Project/data/raw/BSM/Garnet/60.jpg,GRP_0056,/content/BSM-Project/data/augmented/train/Garnet/60__r45_f1.jpg,True,45,True,224,224,3,26183,322ea1c35c556da630d1bcb42932783f8db899825400f2ea5f696f1c4b5b01f9
IMG_0056_r90_f0,train,Garnet,3,IMG_0056,/content/BSM-Project/data/raw/BSM/Garnet/60.jpg,GRP_0056,/content/BSM-Project/data/augmented/train/Garnet/60__r90_f0.jpg,True,90,False,224,224,3,21383,78fa14915b92eb3b4039fa0f32e989ca7f5b742a50cd2580846dba7a3741358d
IMG_0056_r90_f1,train,Garnet,3,IMG_0056,/content/BSM-Project/data/raw/BSM/Garnet/60.jpg,GRP_0056,/content/BSM-Project/data/augmented/train/Garnet/60__r90_f1.jpg,True,90,True,224,224,3,21433,60dc68323c2ca873b309c5bffbf9c8a40e1442e43a77b89010c783e34af58083
IMG_0057_r0_f0,train,Garnet,3,IMG_0057,/content/BSM-Project/data/raw/BSM/Garnet/7.jpg,GRP_0057,/content/BSM-Project/data/augmented/train/Garnet/7__r0_f0.jpg,True,0,False,224,224,3,18783,b5ad2f4771ef3448e1022813f1469776a090b3de88f25c65d16732423f256bdd
IMG_0057_r0_f1,train,Garnet,3,IMG_0057,/content/BSM-Project/data/raw/BSM/Garnet/7.jpg,GRP_0057,/content/BSM-Project/data/augmented/train/Garnet/7__r0_f1.jpg,True,0,True,224,224,3,18790,c0a706eafab98282c3d485f04954c85064a844c6e4b1c7e896eade261410f8c3
IMG_0057_r180_f0,train,Garnet,3,IMG_0057,/content/BSM-Project/data/raw/BSM/Garnet/7.jpg,GRP_0057,/content/BSM-Project/data/augmented/train/Garnet/7__r180_f0.jpg,True,180,False,224,224,3,18792,2b6df107d64efb528117543b9c18a26f0ae4093c5737184718964e98f5d772be
IMG_0057_r180_f1,train,Garnet,3,IMG_0057,/content/BSM-Project/data/raw/BSM/Garnet/7.jpg,GRP_0057,/content/BSM-Project/data/augmented/train/Garnet/7__r180_f1.jpg,True,180,True,224,224,3,18789,1ef42175835445bd632c2addfa84a901abb04eddf8d0f7d363fbda80a0486bb1
IMG_0057_r270_f0,train,Garnet,3,IMG_0057,/content/BSM-Project/data/raw/BSM/Garnet/7.jpg,GRP_0057,/content/BSM-Project/data/augmented/train/Garnet/7__r270_f0.jpg,True,270,False,224,224,3,14112,5896dc088a60869d7d998e6cb9b4b5d84bce44638b355692ff49fe1d5a554bc9
IMG_0057_r270_f1,train,Garnet,3,IMG_0057,/content/BSM-Project/data/raw/BSM/Garnet/7.jpg,GRP_0057,/content/BSM-Project/data/augmented/train/Garnet/7__r270_f1.jpg,True,270,True,224,224,3,14106,e8661a6b2e3b58fc152f7c9d86676dca605bdc66489a46eb8e4f7a012e9f2347
IMG_0057_r30_f0,train,Garnet,3,IMG_0057,/content/BSM-Project/data/raw/BSM/Garnet/7.jpg,GRP_0057,/content/BSM-Project/data/augmented/train/Garnet/7__r30_f0.jpg,True,30,False,224,224,3,20360,9bd91b5291c051b4d289856849dc7ea2a19835198bccaf657f6d6120eef7a5f2
IMG_0057_r30_f1,train,Garnet,3,IMG_0057,/content/BSM-Project/data/raw/BSM/Garnet/7.jpg,GRP_0057,/content/BSM-Project/data/augmented/train/Garnet/7__r30_f1.jpg,True,30,True,224,224,3,20432,bc4505570a330f3cc98ee9f0610003e09a7f269dc00396de86857450f4654e27
IMG_0057_r45_f0,train,Garnet,3,IMG_0057,/content/BSM-Project/data/raw/BSM/Garnet/7.jpg,GRP_0057,/content/BSM-Project/data/augmented/train/Garnet/7__r45_f0.jpg,True,45,False,224,224,3,19597,da2cafd29d021338b87a5bf1fcf320d3d7ce4af211f6e00aac8e938389cf464d
IMG_0057_r45_f1,train,Garnet,3,IMG_0057,/content/BSM-Project/data/raw/BSM/Garnet/7.jpg,GRP_0057,/content/BSM-Project/data/augmented/train/Garnet/7__r45_f1.jpg,True,45,True,224,224,3,19635,9ae3444709d3ca145496a1a51aca875e8bcf795d1fa41c2ec24c571663d3baeb
IMG_0057_r90_f0,train,Garnet,3,IMG_0057,/content/BSM-Project/data/raw/BSM/Garnet/7.jpg,GRP_0057,/content/BSM-Project/data/augmented/train/Garnet/7__r90_f0.jpg,True,90,False,224,224,3,14105,25abc232889d4164b0c941af5d46c636cb68fd656e3dd83eb91018c0160bb086
IMG_0057_r90_f1,train,Garnet,3,IMG_0057,/content/BSM-Project/data/raw/BSM/Garnet/7.jpg,GRP_0057,/content/BSM-Project/data/augmented/train/Garnet/7__r90_f1.jpg,True,90,True,224,224,3,14124,1e16ea9b6ae874d340e93b797e2864363032fac0d62ded592eed03ea46f7e69f
IMG_0059_r0_f0,train,Garnet,3,IMG_0059,/content/BSM-Project/data/raw/BSM/Garnet/9.jpg,GRP_0059,/content/BSM-Project/data/augmented/train/Garnet/9__r0_f0.jpg,True,0,False,224,224,3,22579,b30ad7e9fab5ee60c640d06ebfa290a40957ba03d31e66530ab76ed9c45a890f
IMG_0059_r0_f1,train,Garnet,3,IMG_0059,/content/BSM-Project/data/raw/BSM/Garnet/9.jpg,GRP_0059,/content/BSM-Project/data/augmented/train/Garnet/9__r0_f1.jpg,True,0,True,224,224,3,22565,ff6f060e91138da595e68145277d903ffec840d71839e842f04982604cad3393
IMG_0059_r180_f0,train,Garnet,3,IMG_0059,/content/BSM-Project/data/raw/BSM/Garnet/9.jpg,GRP_0059,/content/BSM-Project/data/augmented/train/Garnet/9__r180_f0.jpg,True,180,False,224,224,3,22592,b5091e89fd261f278eb46546567be490a3799d38c4f66957d06f1ebe6207a524
IMG_0059_r180_f1,train,Garnet,3,IMG_0059,/content/BSM-Project/data/raw/BSM/Garnet/9.jpg,GRP_0059,/content/BSM-Project/data/augmented/train/Garnet/9__r180_f1.jpg,True,180,True,224,224,3,22560,89995225039b22241d76491f5b06c888b989687d1692e4d1a77b89ab043a51ec
IMG_0059_r270_f0,train,Garnet,3,IMG_0059,/content/BSM-Project/data/raw/BSM/Garnet/9.jpg,GRP_0059,/content/BSM-Project/data/augmented/train/Garnet/9__r270_f0.jpg,True,270,False,224,224,3,21372,026facdc904aa7edaed8163ce8c5d9d891746b0718158c7291c8bfb58416b877
IMG_0059_r270_f1,train,Garnet,3,IMG_0059,/content/BSM-Project/data/raw/BSM/Garnet/9.jpg,GRP_0059,/content/BSM-Project/data/augmented/train/Garnet/9__r270_f1.jpg,True,270,True,224,224,3,21399,60f0e45acde055f7e8d77e8be6aec2d2fb0a8e6d115aba724b95749f59630ed2
IMG_0059_r30_f0,train,Garnet,3,IMG_0059,/content/BSM-Project/data/raw/BSM/Garnet/9.jpg,GRP_0059,/content/BSM-Project/data/augmented/train/Garnet/9__r30_f0.jpg,True,30,False,224,224,3,24729,9090e5eba823b62f495706141d7ac1f72e087eccc446b7c999debc03fbf29a3c
IMG_0059_r30_f1,train,Garnet,3,IMG_0059,/content/BSM-Project/data/raw/BSM/Garnet/9.jpg,GRP_0059,/content/BSM-Project/data/augmented/train/Garnet/9__r30_f1.jpg,True,30,True,224,224,3,24694,f2644e7c3645caf17d33798716fa44c450de70eb3d5dcb05555750878055b102
IMG_0059_r45_f0,train,Garnet,3,IMG_0059,/content/BSM-Project/data/raw/BSM/Garnet/9.jpg,GRP_0059,/content/BSM-Project/data/augmented/train/Garnet/9__r45_f0.jpg,True,45,False,224,224,3,24165,0f9ccf81e83e6340a6820678e640137d955e954c9490acb18bc1d4a16731bbad
IMG_0059_r45_f1,train,Garnet,3,IMG_0059,/content/BSM-Project/data/raw/BSM/Garnet/9.jpg,GRP_0059,/content/BSM-Project/data/augmented/train/Garnet/9__r45_f1.jpg,True,45,True,224,224,3,24146,158d8e18380ced96ec1f0bf86097cc02b1b99c9aee63c2c1208c7d964fd97c10
IMG_0059_r90_f0,train,Garnet,3,IMG_0059,/content/BSM-Project/data/raw/BSM/Garnet/9.jpg,GRP_0059,/content/BSM-Project/data/augmented/train/Garnet/9__r90_f0.jpg,True,90,False,224,224,3,21400,7219acd8d52207cb9bdb6b63cb387b1050ad2f00b296878c9c6cb78ca1b18ea3
IMG_0059_r90_f1,train,Garnet,3,IMG_0059,/content/BSM-Project/data/raw/BSM/Garnet/9.jpg,GRP_0059,/content/BSM-Project/data/augmented/train/Garnet/9__r90_f1.jpg,True,90,True,224,224,3,21366,6b90589e73ee56185e676e7f5619a7134f3dc5d45ac5b80ff364cdd2b912c2b8
IMG_0060_r0_f0,train,Ilmenite,0,IMG_0060,/content/BSM-Project/data/raw/BSM/Ilmenite/1.jpg,GRP_0060,/content/BSM-Project/data/augmented/train/Ilmenite/1__r0_f0.jpg,True,0,False,224,224,3,17750,9af3ae520e4b8b98be3ec40d0added5eed65d74011caf0a1ba3c08868b1cdc37
IMG_0060_r0_f1,train,Ilmenite,0,IMG_0060,/content/BSM-Project/data/raw/BSM/Ilmenite/1.jpg,GRP_0060,/content/BSM-Project/data/augmented/train/Ilmenite/1__r0_f1.jpg,True,0,True,224,224,3,17744,7375da507a0f3cb67463620b56d1e9bed908ddd5833cc72eba325b0b2d61d247
IMG_0060_r180_f0,train,Ilmenite,0,IMG_0060,/content/BSM-Project/data/raw/BSM/Ilmenite/1.jpg,GRP_0060,/content/BSM-Project/data/augmented/train/Ilmenite/1__r180_f0.jpg,True,180,False,224,224,3,17763,f9e7defa4568d66fa5613e6cb63f2988cd5204ed722a22b2ef721d530fa3de0e
IMG_0060_r180_f1,train,Ilmenite,0,IMG_0060,/content/BSM-Project/data/raw/BSM/Ilmenite/1.jpg,GRP_0060,/content/BSM-Project/data/augmented/train/Ilmenite/1__r180_f1.jpg,True,180,True,224,224,3,17738,61f2b4a358c3c2fc3e8298aebf96329d8f31e80c66ea4463b06f85db3c0e29ce
IMG_0060_r270_f0,train,Ilmenite,0,IMG_0060,/content/BSM-Project/data/raw/BSM/Ilmenite/1.jpg,GRP_0060,/content/BSM-Project/data/augmented/train/Ilmenite/1__r270_f0.jpg,True,270,False,224,224,3,15039,dad3c2990d7fcb45f609251d7ed747834a2931cdf0aad175f88d8ada2d2b3814
IMG_0060_r270_f1,train,Ilmenite,0,IMG_0060,/content/BSM-Project/data/raw/BSM/Ilmenite/1.jpg,GRP_0060,/content/BSM-Project/data/augmented/train/Ilmenite/1__r270_f1.jpg,True,270,True,224,224,3,15054,6ec9845f693c22ddc5cef1e81298e18be7e0495b8195945e215b00ebaf9eb713
IMG_0060_r30_f0,train,Ilmenite,0,IMG_0060,/content/BSM-Project/data/raw/BSM/Ilmenite/1.jpg,GRP_0060,/content/BSM-Project/data/augmented/train/Ilmenite/1__r30_f0.jpg,True,30,False,224,224,3,18247,c769727f4d943cdbd62baa0b7e9dce4bc89e42093217ae6d48b1cb3673fc979f
IMG_0060_r30_f1,train,Ilmenite,0,IMG_0060,/content/BSM-Project/data/raw/BSM/Ilmenite/1.jpg,GRP_0060,/content/BSM-Project/data/augmented/train/Ilmenite/1__r30_f1.jpg,True,30,True,224,224,3,18276,e75fcfdbdb6bcbbae3cc666d1e7aba1d43320c73da5670e5a280f5ab8514b5c6
IMG_0060_r45_f0,train,Ilmenite,0,IMG_0060,/content/BSM-Project/data/raw/BSM/Ilmenite/1.jpg,GRP_0060,/content/BSM-Project/data/augmented/train/Ilmenite/1__r45_f0.jpg,True,45,False,224,224,3,17899,abbb0ea7637953c6b99db4e61348debcf040cb11829ebc6cf300e635c480cdf0
IMG_0060_r45_f1,train,Ilmenite,0,IMG_0060,/content/BSM-Project/data/raw/BSM/Ilmenite/1.jpg,GRP_0060,/content/BSM-Project/data/augmented/train/Ilmenite/1__r45_f1.jpg,True,45,True,224,224,3,17947,ce2fc562bb1cbc636bf756f45ca578ce0aba242e73ea3abb84d77960fe4f7354
IMG_0060_r90_f0,train,Ilmenite,0,IMG_0060,/content/BSM-Project/data/raw/BSM/Ilmenite/1.jpg,GRP_0060,/content/BSM-Project/data/augmented/train/Ilmenite/1__r90_f0.jpg,True,90,False,224,224,3,15048,c79edd1c76e31f71b917fd0ce62f06344dfd330d234ee97bd328d07690d8be04
IMG_0060_r90_f1,train,Ilmenite,0,IMG_0060,/content/BSM-Project/data/raw/BSM/Ilmenite/1.jpg,GRP_0060,/content/BSM-Project/data/augmented/train/Ilmenite/1__r90_f1.jpg,True,90,True,224,224,3,15051,cb79a9e4dc4f4c239a264640eb253b0f1c2349a16c2389d18d5d721f192bfb87
IMG_0062_r0_f0,train,Ilmenite,0,IMG_0062,/content/BSM-Project/data/raw/BSM/Ilmenite/11.jpg,GRP_0062,/content/BSM-Project/data/augmented/train/Ilmenite/11__r0_f0.jpg,True,0,False,224,224,3,17302,3205160f0a5d0d9da3722f6209c9dad05f4e59d249490db07c3ecc8df83cf2ec
IMG_0062_r0_f1,train,Ilmenite,0,IMG_0062,/content/BSM-Project/data/raw/BSM/Ilmenite/11.jpg,GRP_0062,/content/BSM-Project/data/augmented/train/Ilmenite/11__r0_f1.jpg,True,0,True,224,224,3,17303,cb4beeaba6b38149c6fbbde2517046c72e504f5bc2eb8f8e9166f6801b81458c
IMG_0062_r180_f0,train,Ilmenite,0,IMG_0062,/content/BSM-Project/data/raw/BSM/Ilmenite/11.jpg,GRP_0062,/content/BSM-Project/data/augmented/train/Ilmenite/11__r180_f0.jpg,True,180,False,224,224,3,17296,b588774fa6338987d77ada4ecd168b9e8246546483958849c7023943b3ebdbf6
IMG_0062_r180_f1,train,Ilmenite,0,IMG_0062,/content/BSM-Project/data/raw/BSM/Ilmenite/11.jpg,GRP_0062,/content/BSM-Project/data/augmented/train/Ilmenite/11__r180_f1.jpg,True,180,True,224,224,3,17313,8f5411defec1b37c6d73b6f3c10c327b9f398f23e224be7313aef617ceda6791
IMG_0062_r270_f0,train,Ilmenite,0,IMG_0062,/content/BSM-Project/data/raw/BSM/Ilmenite/11.jpg,GRP_0062,/content/BSM-Project/data/augmented/train/Ilmenite/11__r270_f0.jpg,True,270,False,224,224,3,17365,c8f8f842598f0d29b5c1336a659295f63b6856c7b2eff3744dd6499ea7249b0e
IMG_0062_r270_f1,train,Ilmenite,0,IMG_0062,/content/BSM-Project/data/raw/BSM/Ilmenite/11.jpg,GRP_0062,/content/BSM-Project/data/augmented/train/Ilmenite/11__r270_f1.jpg,True,270,True,224,224,3,17336,3cd3234d864bed0c84ab554af770eb11ae5f1bb7cda21ef5b95868c64d292ab3
IMG_0062_r30_f0,train,Ilmenite,0,IMG_0062,/content/BSM-Project/data/raw/BSM/Ilmenite/11.jpg,GRP_0062,/content/BSM-Project/data/augmented/train/Ilmenite/11__r30_f0.jpg,True,30,False,224,224,3,19852,76b7b7e5238d10e8f7b38fc685d842d2c5de749dc41b03943942c8cee7d61115
IMG_0062_r30_f1,train,Ilmenite,0,IMG_0062,/content/BSM-Project/data/raw/BSM/Ilmenite/11.jpg,GRP_0062,/content/BSM-Project/data/augmented/train/Ilmenite/11__r30_f1.jpg,True,30,True,224,224,3,19859,7361fc34c89448541be38117efa3a939089ed7f87f0f9294f6ee91be3d08911a
IMG_0062_r45_f0,train,Ilmenite,0,IMG_0062,/content/BSM-Project/data/raw/BSM/Ilmenite/11.jpg,GRP_0062,/content/BSM-Project/data/augmented/train/Ilmenite/11__r45_f0.jpg,True,45,False,224,224,3,19825,18953168348958597cfce7783946e76586c13590d769a1c4e3218da628310994
IMG_0062_r45_f1,train,Ilmenite,0,IMG_0062,/content/BSM-Project/data/raw/BSM/Ilmenite/11.jpg,GRP_0062,/content/BSM-Project/data/augmented/train/Ilmenite/11__r45_f1.jpg,True,45,True,224,224,3,19823,e2434d496825ecac8fb37272de1083647e1e7d480695c0b232ecf98536f41d20
IMG_0062_r90_f0,train,Ilmenite,0,IMG_0062,/content/BSM-Project/data/raw/BSM/Ilmenite/11.jpg,GRP_0062,/content/BSM-Project/data/augmented/train/Ilmenite/11__r90_f0.jpg,True,90,False,224,224,3,17336,03cd11b5b3dc9529b0999a536225715dd7692e05194ee5feb9a76636be1e6990
IMG_0062_r90_f1,train,Ilmenite,0,IMG_0062,/content/BSM-Project/data/raw/BSM/Ilmenite/11.jpg,GRP_0062,/content/BSM-Project/data/augmented/train/Ilmenite/11__r90_f1.jpg,True,90,True,224,224,3,17363,dbb76824a9733b568a449ba8c5c2baf4e6114c20bc314309452643fe4cc58b79
IMG_0063_r0_f0,train,Ilmenite,0,IMG_0063,/content/BSM-Project/data/raw/BSM/Ilmenite/12.jpg,GRP_0063,/content/BSM-Project/data/augmented/train/Ilmenite/12__r0_f0.jpg,True,0,False,224,224,3,21524,366419d33b9474d683952cebe2e602d2c4fda6eb8a58410eb41bead8639fb565
IMG_0063_r0_f1,train,Ilmenite,0,IMG_0063,/content/BSM-Project/data/raw/BSM/Ilmenite/12.jpg,GRP_0063,/content/BSM-Project/data/augmented/train/Ilmenite/12__r0_f1.jpg,True,0,True,224,224,3,21534,900f9391ca14b55a4111b6b85caf1931f8fe2c7a114eeb9d0dcfb06c993041f4
IMG_0063_r180_f0,train,Ilmenite,0,IMG_0063,/content/BSM-Project/data/raw/BSM/Ilmenite/12.jpg,GRP_0063,/content/BSM-Project/data/augmented/train/Ilmenite/12__r180_f0.jpg,True,180,False,224,224,3,21535,c59a2eb280b0bc2cf5830e09b5211483b0848705d0e94c744330d23c990e78f2
IMG_0063_r180_f1,train,Ilmenite,0,IMG_0063,/content/BSM-Project/data/raw/BSM/Ilmenite/12.jpg,GRP_0063,/content/BSM-Project/data/augmented/train/Ilmenite/12__r180_f1.jpg,True,180,True,224,224,3,21553,167a38ea527d5853f04e2d01468bcbe024bba4a857a41b8c9e6a2335eb78ec5c
IMG_0063_r270_f0,train,Ilmenite,0,IMG_0063,/content/BSM-Project/data/raw/BSM/Ilmenite/12.jpg,GRP_0063,/content/BSM-Project/data/augmented/train/Ilmenite/12__r270_f0.jpg,True,270,False,224,224,3,21301,aa3eb0244a00e6100150a0a9bfd576fae6ce34b30a225426b1ba708176a107b9
IMG_0063_r270_f1,train,Ilmenite,0,IMG_0063,/content/BSM-Project/data/raw/BSM/Ilmenite/12.jpg,GRP_0063,/content/BSM-Project/data/augmented/train/Ilmenite/12__r270_f1.jpg,True,270,True,224,224,3,21293,b6a75b3cacfa7795a0c82916f341490f906ec4cb9a75e65c114a6627b034dd0e
IMG_0063_r30_f0,train,Ilmenite,0,IMG_0063,/content/BSM-Project/data/raw/BSM/Ilmenite/12.jpg,GRP_0063,/content/BSM-Project/data/augmented/train/Ilmenite/12__r30_f0.jpg,True,30,False,224,224,3,23609,a7b9c9f6fe065e3542e7e38021eff4c0bb25818273794494a4e21ddf41537208
IMG_0063_r30_f1,train,Ilmenite,0,IMG_0063,/content/BSM-Project/data/raw/BSM/Ilmenite/12.jpg,GRP_0063,/content/BSM-Project/data/augmented/train/Ilmenite/12__r30_f1.jpg,True,30,True,224,224,3,23623,46c277bd0d0bf73f09be86acf4d4c301ec74c23828b1643870b7b9d49e09666e
IMG_0063_r45_f0,train,Ilmenite,0,IMG_0063,/content/BSM-Project/data/raw/BSM/Ilmenite/12.jpg,GRP_0063,/content/BSM-Project/data/augmented/train/Ilmenite/12__r45_f0.jpg,True,45,False,224,224,3,23452,bb7fab78774964c735dc4723bffc1e3036b02afba768ce16aceaecb2536a8197
IMG_0063_r45_f1,train,Ilmenite,0,IMG_0063,/content/BSM-Project/data/raw/BSM/Ilmenite/12.jpg,GRP_0063,/content/BSM-Project/data/augmented/train/Ilmenite/12__r45_f1.jpg,True,45,True,224,224,3,23463,b92aaeb86fce244448dd330d4c8b42ac4e05e53f164511be8e8026b5bb17a7fc
IMG_0063_r90_f0,train,Ilmenite,0,IMG_0063,/content/BSM-Project/data/raw/BSM/Ilmenite/12.jpg,GRP_0063,/content/BSM-Project/data/augmented/train/Ilmenite/12__r90_f0.jpg,True,90,False,224,224,3,21294,e6e07eb0ed4f3b93ad0a0d669aa8f4a1083cb95108405e52ebd9c7cbabff20a5
IMG_0063_r90_f1,train,Ilmenite,0,IMG_0063,/content/BSM-Project/data/raw/BSM/Ilmenite/12.jpg,GRP_0063,/content/BSM-Project/data/augmented/train/Ilmenite/12__r90_f1.jpg,True,90,True,224,224,3,21281,6e564e07e3588624c2c39ce277b56bdcc4afa50d39b6a6dfa245ee44bcdd0bc7
IMG_0064_r0_f0,train,Ilmenite,0,IMG_0064,/content/BSM-Project/data/raw/BSM/Ilmenite/13.jpg,GRP_0064,/content/BSM-Project/data/augmented/train/Ilmenite/13__r0_f0.jpg,True,0,False,224,224,3,24978,ec2c426840890e1486f31bc0ccf4873acf5060cd29f11e147dd98557091ecf3d
IMG_0064_r0_f1,train,Ilmenite,0,IMG_0064,/content/BSM-Project/data/raw/BSM/Ilmenite/13.jpg,GRP_0064,/content/BSM-Project/data/augmented/train/Ilmenite/13__r0_f1.jpg,True,0,True,224,224,3,24994,14198ca6c6ee26d67c90706de1d3c23924ff117c52914eb3606a97f08c6e00bc
IMG_0064_r180_f0,train,Ilmenite,0,IMG_0064,/content/BSM-Project/data/raw/BSM/Ilmenite/13.jpg,GRP_0064,/content/BSM-Project/data/augmented/train/Ilmenite/13__r180_f0.jpg,True,180,False,224,224,3,24992,c3d9969659a2ae897aba0701d8afaec7694dba90a88613e19e8c0af43afdd23e
IMG_0064_r180_f1,train,Ilmenite,0,IMG_0064,/content/BSM-Project/data/raw/BSM/Ilmenite/13.jpg,GRP_0064,/content/BSM-Project/data/augmented/train/Ilmenite/13__r180_f1.jpg,True,180,True,224,224,3,25019,f0c36c83baf7398dc2dbfc40cb67db28be6e8990453a5a99dcc4c59783e47332
IMG_0064_r270_f0,train,Ilmenite,0,IMG_0064,/content/BSM-Project/data/raw/BSM/Ilmenite/13.jpg,GRP_0064,/content/BSM-Project/data/augmented/train/Ilmenite/13__r270_f0.jpg,True,270,False,224,224,3,21606,3b8d07e77c6a319b89080e939a596b580497d712d4e09bb00e10eaf87d4cfa64
IMG_0064_r270_f1,train,Ilmenite,0,IMG_0064,/content/BSM-Project/data/raw/BSM/Ilmenite/13.jpg,GRP_0064,/content/BSM-Project/data/augmented/train/Ilmenite/13__r270_f1.jpg,True,270,True,224,224,3,21602,afa0e73bb44f1fa3b9b6dc9ef114fa743523fa82a7807560012df94897ccddad
IMG_0064_r30_f0,train,Ilmenite,0,IMG_0064,/content/BSM-Project/data/raw/BSM/Ilmenite/13.jpg,GRP_0064,/content/BSM-Project/data/augmented/train/Ilmenite/13__r30_f0.jpg,True,30,False,224,224,3,24605,cc7c954b3c47e1f7493e2384fefb751a08531ae62778e87ff361bb36ea02178c
IMG_0064_r30_f1,train,Ilmenite,0,IMG_0064,/content/BSM-Project/data/raw/BSM/Ilmenite/13.jpg,GRP_0064,/content/BSM-Project/data/augmented/train/Ilmenite/13__r30_f1.jpg,True,30,True,224,224,3,24639,5b7c64132ec37167ea5131daeacb7cda111f5694ab75f989b304572a0186a33f
IMG_0064_r45_f0,train,Ilmenite,0,IMG_0064,/content/BSM-Project/data/raw/BSM/Ilmenite/13.jpg,GRP_0064,/content/BSM-Project/data/augmented/train/Ilmenite/13__r45_f0.jpg,True,45,False,224,224,3,23819,1c905aa54adde50d36c0becb408d4782cf67de6ece0897c7ec23c7ba0e265c29
IMG_0064_r45_f1,train,Ilmenite,0,IMG_0064,/content/BSM-Project/data/raw/BSM/Ilmenite/13.jpg,GRP_0064,/content/BSM-Project/data/augmented/train/Ilmenite/13__r45_f1.jpg,True,45,True,224,224,3,23805,b205017589e5c2990739702260736b81a8134d0a5bbc652e26df04997ff09a87
IMG_0064_r90_f0,train,Ilmenite,0,IMG_0064,/content/BSM-Project/data/raw/BSM/Ilmenite/13.jpg,GRP_0064,/content/BSM-Project/data/augmented/train/Ilmenite/13__r90_f0.jpg,True,90,False,224,224,3,21614,c90b73a9b657249d6baf863a1cba51d063eebf554f646b850f08a3f647496782
IMG_0064_r90_f1,train,Ilmenite,0,IMG_0064,/content/BSM-Project/data/raw/BSM/Ilmenite/13.jpg,GRP_0064,/content/BSM-Project/data/augmented/train/Ilmenite/13__r90_f1.jpg,True,90,True,224,224,3,21557,8c3742922a84bb7be7da882d4de1e0458927718ff476cc68a6747e41449a2a33
IMG_0066_r0_f0,train,Ilmenite,0,IMG_0066,/content/BSM-Project/data/raw/BSM/Ilmenite/15.jpg,GRP_0066,/content/BSM-Project/data/augmented/train/Ilmenite/15__r0_f0.jpg,True,0,False,224,224,3,14930,2918abd5cab5a8f48f6ee40e7474042546e4fc506befe85487c58f17fe7f0661
IMG_0066_r0_f1,train,Ilmenite,0,IMG_0066,/content/BSM-Project/data/raw/BSM/Ilmenite/15.jpg,GRP_0066,/content/BSM-Project/data/augmented/train/Ilmenite/15__r0_f1.jpg,True,0,True,224,224,3,14920,fc2de263dccfd1e0f8e9fccdd8f118ebd3996ff94a41bf6f1c4d41c77da7cf7f
IMG_0066_r180_f0,train,Ilmenite,0,IMG_0066,/content/BSM-Project/data/raw/BSM/Ilmenite/15.jpg,GRP_0066,/content/BSM-Project/data/augmented/train/Ilmenite/15__r180_f0.jpg,True,180,False,224,224,3,14916,70355c4d3f767bcf4722632570acf548725bf704346a0fd57466cdbbfd4ff339
IMG_0066_r180_f1,train,Ilmenite,0,IMG_0066,/content/BSM-Project/data/raw/BSM/Ilmenite/15.jpg,GRP_0066,/content/BSM-Project/data/augmented/train/Ilmenite/15__r180_f1.jpg,True,180,True,224,224,3,14916,97c0f607675028d25c334b23d817290826ef0934a63ca0633c3802f068b9f6c2
IMG_0066_r270_f0,train,Ilmenite,0,IMG_0066,/content/BSM-Project/data/raw/BSM/Ilmenite/15.jpg,GRP_0066,/content/BSM-Project/data/augmented/train/Ilmenite/15__r270_f0.jpg,True,270,False,224,224,3,14696,864350e65b6a4601a15fc37008058d90c101a7765e81ca78a1480abb1fb92c78
IMG_0066_r270_f1,train,Ilmenite,0,IMG_0066,/content/BSM-Project/data/raw/BSM/Ilmenite/15.jpg,GRP_0066,/content/BSM-Project/data/augmented/train/Ilmenite/15__r270_f1.jpg,True,270,True,224,224,3,14684,c36e48c1f8f0d54130eb01666f9b6e121fe6357e1df21dcb8060ee146f2da85d
IMG_0066_r30_f0,train,Ilmenite,0,IMG_0066,/content/BSM-Project/data/raw/BSM/Ilmenite/15.jpg,GRP_0066,/content/BSM-Project/data/augmented/train/Ilmenite/15__r30_f0.jpg,True,30,False,224,224,3,18013,1e4eecf1b7968cf08265566225a92e1436d3bac1a04184a3915d7edef46c582f
IMG_0066_r30_f1,train,Ilmenite,0,IMG_0066,/content/BSM-Project/data/raw/BSM/Ilmenite/15.jpg,GRP_0066,/content/BSM-Project/data/augmented/train/Ilmenite/15__r30_f1.jpg,True,30,True,224,224,3,18037,438874228a6bb6e47e36d9c3e9cc8593eb4b22de2a886c2ca98cb9f7acb23bde
IMG_0066_r45_f0,train,Ilmenite,0,IMG_0066,/content/BSM-Project/data/raw/BSM/Ilmenite/15.jpg,GRP_0066,/content/BSM-Project/data/augmented/train/Ilmenite/15__r45_f0.jpg,True,45,False,224,224,3,17757,baff9fc028373f46105d3521f8bba281b016d7a8256d5608f0319d2f448e485f
IMG_0066_r45_f1,train,Ilmenite,0,IMG_0066,/content/BSM-Project/data/raw/BSM/Ilmenite/15.jpg,GRP_0066,/content/BSM-Project/data/augmented/train/Ilmenite/15__r45_f1.jpg,True,45,True,224,224,3,17782,81cef5f6331e0f621030ce6cde46e4ef9ccb924bb097e11c95cdf7bd5a44a837
IMG_0066_r90_f0,train,Ilmenite,0,IMG_0066,/content/BSM-Project/data/raw/BSM/Ilmenite/15.jpg,GRP_0066,/content/BSM-Project/data/augmented/train/Ilmenite/15__r90_f0.jpg,True,90,False,224,224,3,14683,8bd3ed4bee5f6ba96f21f9ea4c33ead4c6c09b1f8dc0bb9cd3ee47074af71f79
IMG_0066_r90_f1,train,Ilmenite,0,IMG_0066,/content/BSM-Project/data/raw/BSM/Ilmenite/15.jpg,GRP_0066,/content/BSM-Project/data/augmented/train/Ilmenite/15__r90_f1.jpg,True,90,True,224,224,3,14679,83a84de61550fdae6e5c3839001c94be264d73982487b022ce4de303e25ed78c
IMG_0068_r0_f0,train,Ilmenite,0,IMG_0068,/content/BSM-Project/data/raw/BSM/Ilmenite/17.jpg,GRP_0068,/content/BSM-Project/data/augmented/train/Ilmenite/17__r0_f0.jpg,True,0,False,224,224,3,22245,98b6e1a39e6fbe461c67d2a2908f87795f595373f9162eef7559814184dc4497
IMG_0068_r0_f1,train,Ilmenite,0,IMG_0068,/content/BSM-Project/data/raw/BSM/Ilmenite/17.jpg,GRP_0068,/content/BSM-Project/data/augmented/train/Ilmenite/17__r0_f1.jpg,True,0,True,224,224,3,22247,ed03be87b2e695abb80ff27a97f0659c85f713dab16d92ff63d8ef78cb018b8c
IMG_0068_r180_f0,train,Ilmenite,0,IMG_0068,/content/BSM-Project/data/raw/BSM/Ilmenite/17.jpg,GRP_0068,/content/BSM-Project/data/augmented/train/Ilmenite/17__r180_f0.jpg,True,180,False,224,224,3,22228,59b14fc70968b9b1272fade6b4e04c76e85a19248c324471e5dd3f56d68e5338
IMG_0068_r180_f1,train,Ilmenite,0,IMG_0068,/content/BSM-Project/data/raw/BSM/Ilmenite/17.jpg,GRP_0068,/content/BSM-Project/data/augmented/train/Ilmenite/17__r180_f1.jpg,True,180,True,224,224,3,22245,51c04b3dab947d6d0d48f15ff5aff2c1a7f195213edbd71c8c4a7c7348bd2ba4
IMG_0068_r270_f0,train,Ilmenite,0,IMG_0068,/content/BSM-Project/data/raw/BSM/Ilmenite/17.jpg,GRP_0068,/content/BSM-Project/data/augmented/train/Ilmenite/17__r270_f0.jpg,True,270,False,224,224,3,16601,a19b290fbb94a793b28544ccacf527f4ffcc9c1f3aaa431489ff7387996b56a0
IMG_0068_r270_f1,train,Ilmenite,0,IMG_0068,/content/BSM-Project/data/raw/BSM/Ilmenite/17.jpg,GRP_0068,/content/BSM-Project/data/augmented/train/Ilmenite/17__r270_f1.jpg,True,270,True,224,224,3,16594,4d54ddedce45f90040af7ac955436660979eb5d58d69f7a310d5249781481431
IMG_0068_r30_f0,train,Ilmenite,0,IMG_0068,/content/BSM-Project/data/raw/BSM/Ilmenite/17.jpg,GRP_0068,/content/BSM-Project/data/augmented/train/Ilmenite/17__r30_f0.jpg,True,30,False,224,224,3,22969,f14215ef503185fab6c71af42e95207823fe3b70a69d8edb56b5de380aea4e73
IMG_0068_r30_f1,train,Ilmenite,0,IMG_0068,/content/BSM-Project/data/raw/BSM/Ilmenite/17.jpg,GRP_0068,/content/BSM-Project/data/augmented/train/Ilmenite/17__r30_f1.jpg,True,30,True,224,224,3,23034,33e9b47ae6ba9af407b9093017608be5260856b2da5e0df9a2d89279a302d597
IMG_0068_r45_f0,train,Ilmenite,0,IMG_0068,/content/BSM-Project/data/raw/BSM/Ilmenite/17.jpg,GRP_0068,/content/BSM-Project/data/augmented/train/Ilmenite/17__r45_f0.jpg,True,45,False,224,224,3,21283,f21e59abecdf8000dd1ae37eb3b83ee55a92e81dc7c41682da32ba9a338e24cb
IMG_0068_r45_f1,train,Ilmenite,0,IMG_0068,/content/BSM-Project/data/raw/BSM/Ilmenite/17.jpg,GRP_0068,/content/BSM-Project/data/augmented/train/Ilmenite/17__r45_f1.jpg,True,45,True,224,224,3,21330,fbfa46f1cdcdb03d62058006cd15dd9eab7732b347e8a8449fb871c40c4692d8
IMG_0068_r90_f0,train,Ilmenite,0,IMG_0068,/content/BSM-Project/data/raw/BSM/Ilmenite/17.jpg,GRP_0068,/content/BSM-Project/data/augmented/train/Ilmenite/17__r90_f0.jpg,True,90,False,224,224,3,16610,c412db5b0e9b57ee6358a073dc90e2e205a47513afcda84add0b45967909e19c
IMG_0068_r90_f1,train,Ilmenite,0,IMG_0068,/content/BSM-Project/data/raw/BSM/Ilmenite/17.jpg,GRP_0068,/content/BSM-Project/data/augmented/train/Ilmenite/17__r90_f1.jpg,True,90,True,224,224,3,16600,c03a1dbb4dd7c35031879bcf11fb0c6ed2c6a74a6fb013c8c2463a21fea2eddf
IMG_0069_r0_f0,train,Ilmenite,0,IMG_0069,/content/BSM-Project/data/raw/BSM/Ilmenite/18.jpg,GRP_0069,/content/BSM-Project/data/augmented/train/Ilmenite/18__r0_f0.jpg,True,0,False,224,224,3,19214,1ab0b8f676146f23d2d37ff43d9b95b88365c1cd47297bfaccac22645ed096cd
IMG_0069_r0_f1,train,Ilmenite,0,IMG_0069,/content/BSM-Project/data/raw/BSM/Ilmenite/18.jpg,GRP_0069,/content/BSM-Project/data/augmented/train/Ilmenite/18__r0_f1.jpg,True,0,True,224,224,3,19193,ef29ddc7530093e32c03ea922b8ed0e5bc9e341ef931919a472aed45c4c7625f
IMG_0069_r180_f0,train,Ilmenite,0,IMG_0069,/content/BSM-Project/data/raw/BSM/Ilmenite/18.jpg,GRP_0069,/content/BSM-Project/data/augmented/train/Ilmenite/18__r180_f0.jpg,True,180,False,224,224,3,19204,0de17684987c4cf40dd2dea653e41c598c4dc5169d243ac970ed2b85aa83feff
IMG_0069_r180_f1,train,Ilmenite,0,IMG_0069,/content/BSM-Project/data/raw/BSM/Ilmenite/18.jpg,GRP_0069,/content/BSM-Project/data/augmented/train/Ilmenite/18__r180_f1.jpg,True,180,True,224,224,3,19170,cee54514c2aec9f0a48d0245e3b5b24d772604d11d2c4a7701a31736bae8819e
IMG_0069_r270_f0,train,Ilmenite,0,IMG_0069,/content/BSM-Project/data/raw/BSM/Ilmenite/18.jpg,GRP_0069,/content/BSM-Project/data/augmented/train/Ilmenite/18__r270_f0.jpg,True,270,False,224,224,3,17471,8f178a19445e728c50aef8ab06c91dad7f375d2bbe2da71f96614ed312a1afd9
IMG_0069_r270_f1,train,Ilmenite,0,IMG_0069,/content/BSM-Project/data/raw/BSM/Ilmenite/18.jpg,GRP_0069,/content/BSM-Project/data/augmented/train/Ilmenite/18__r270_f1.jpg,True,270,True,224,224,3,17483,8e632299b48151309064e6fc00fc0a580f487588270d0c2b3777249e7a87731f
IMG_0069_r30_f0,train,Ilmenite,0,IMG_0069,/content/BSM-Project/data/raw/BSM/Ilmenite/18.jpg,GRP_0069,/content/BSM-Project/data/augmented/train/Ilmenite/18__r30_f0.jpg,True,30,False,224,224,3,22308,b0f5752210e8382ce54a823968786c0feef7c286672ff26fbc907c3bc0914195
IMG_0069_r30_f1,train,Ilmenite,0,IMG_0069,/content/BSM-Project/data/raw/BSM/Ilmenite/18.jpg,GRP_0069,/content/BSM-Project/data/augmented/train/Ilmenite/18__r30_f1.jpg,True,30,True,224,224,3,22346,352ec796731eee869d71f67acc64954865fbdd6c713e3e1aeb9679c386b5411e
IMG_0069_r45_f0,train,Ilmenite,0,IMG_0069,/content/BSM-Project/data/raw/BSM/Ilmenite/18.jpg,GRP_0069,/content/BSM-Project/data/augmented/train/Ilmenite/18__r45_f0.jpg,True,45,False,224,224,3,22116,927781c937deba4966f015608bf4e259b8a42956fb5df0871ae94732279a8ee6
IMG_0069_r45_f1,train,Ilmenite,0,IMG_0069,/content/BSM-Project/data/raw/BSM/Ilmenite/18.jpg,GRP_0069,/content/BSM-Project/data/augmented/train/Ilmenite/18__r45_f1.jpg,True,45,True,224,224,3,22153,75fd7fe93c11fd686d80042ce58b79dde84ba9e4ef20f569e3b4dd4616d506ef
IMG_0069_r90_f0,train,Ilmenite,0,IMG_0069,/content/BSM-Project/data/raw/BSM/Ilmenite/18.jpg,GRP_0069,/content/BSM-Project/data/augmented/train/Ilmenite/18__r90_f0.jpg,True,90,False,224,224,3,17502,ba4b4fa0d87f5d203666e34261a45bc4dcc37f21717750375d244c2e3eb2d215
IMG_0069_r90_f1,train,Ilmenite,0,IMG_0069,/content/BSM-Project/data/raw/BSM/Ilmenite/18.jpg,GRP_0069,/content/BSM-Project/data/augmented/train/Ilmenite/18__r90_f1.jpg,True,90,True,224,224,3,17474,8c56730d5faedea79eee7810f6a8e78cb29b7357def3f203e88f27fab7470a21
IMG_0071_r0_f0,train,Ilmenite,0,IMG_0071,/content/BSM-Project/data/raw/BSM/Ilmenite/2.jpg,GRP_0071,/content/BSM-Project/data/augmented/train/Ilmenite/2__r0_f0.jpg,True,0,False,224,224,3,13569,3019b0b528796c228309a4236f33f4c3e3bb678c2434d0c716a69dc675a36a77
IMG_0071_r0_f1,train,Ilmenite,0,IMG_0071,/content/BSM-Project/data/raw/BSM/Ilmenite/2.jpg,GRP_0071,/content/BSM-Project/data/augmented/train/Ilmenite/2__r0_f1.jpg,True,0,True,224,224,3,13605,1fb427d5266ff77b2e005f8cc59575e5f1f909ee70b49aa791ba2db2a8d22374
IMG_0071_r180_f0,train,Ilmenite,0,IMG_0071,/content/BSM-Project/data/raw/BSM/Ilmenite/2.jpg,GRP_0071,/content/BSM-Project/data/augmented/train/Ilmenite/2__r180_f0.jpg,True,180,False,224,224,3,13559,3d3a0509a1cbf30640d701343988845377501d3fcb1280ea28a9153963dc9c5c
IMG_0071_r180_f1,train,Ilmenite,0,IMG_0071,/content/BSM-Project/data/raw/BSM/Ilmenite/2.jpg,GRP_0071,/content/BSM-Project/data/augmented/train/Ilmenite/2__r180_f1.jpg,True,180,True,224,224,3,13588,685b9166b75bf5165298e7eab2277639175a0288329c0389f870b89f7b8dd571
IMG_0071_r270_f0,train,Ilmenite,0,IMG_0071,/content/BSM-Project/data/raw/BSM/Ilmenite/2.jpg,GRP_0071,/content/BSM-Project/data/augmented/train/Ilmenite/2__r270_f0.jpg,True,270,False,224,224,3,14279,6845dc7366da2751fbaedbeea596309029899880b93f0b571860b109cc5b461e
IMG_0071_r270_f1,train,Ilmenite,0,IMG_0071,/content/BSM-Project/data/raw/BSM/Ilmenite/2.jpg,GRP_0071,/content/BSM-Project/data/augmented/train/Ilmenite/2__r270_f1.jpg,True,270,True,224,224,3,14250,efeeda3fcac53821eab181cd7bcda3bf67c57e081fc434afcf8e177140d3c401
IMG_0071_r30_f0,train,Ilmenite,0,IMG_0071,/content/BSM-Project/data/raw/BSM/Ilmenite/2.jpg,GRP_0071,/content/BSM-Project/data/augmented/train/Ilmenite/2__r30_f0.jpg,True,30,False,224,224,3,16721,e34359f830a95c41284cdbd4348a8939dddb8830cd405c5f5f1358871c836484
IMG_0071_r30_f1,train,Ilmenite,0,IMG_0071,/content/BSM-Project/data/raw/BSM/Ilmenite/2.jpg,GRP_0071,/content/BSM-Project/data/augmented/train/Ilmenite/2__r30_f1.jpg,True,30,True,224,224,3,16744,c02fa4f857cabf667bf81ca3b0fe6c5f72057372cf17e393ca1a79c36d456afd
IMG_0071_r45_f0,train,Ilmenite,0,IMG_0071,/content/BSM-Project/data/raw/BSM/Ilmenite/2.jpg,GRP_0071,/content/BSM-Project/data/augmented/train/Ilmenite/2__r45_f0.jpg,True,45,False,224,224,3,16517,77b226089b359bd837e4df8a3aec9e51bf5bab4931af62776ba9ae6122f6f585
IMG_0071_r45_f1,train,Ilmenite,0,IMG_0071,/content/BSM-Project/data/raw/BSM/Ilmenite/2.jpg,GRP_0071,/content/BSM-Project/data/augmented/train/Ilmenite/2__r45_f1.jpg,True,45,True,224,224,3,16562,8b0224432f47a7b1f1d3985fa5c256f607981d1393542d5c7d8c6a5f646fe456
IMG_0071_r90_f0,train,Ilmenite,0,IMG_0071,/content/BSM-Project/data/raw/BSM/Ilmenite/2.jpg,GRP_0071,/content/BSM-Project/data/augmented/train/Ilmenite/2__r90_f0.jpg,True,90,False,224,224,3,14271,ef0a38638105c5613566708360e46e96b2d3afea519d9996e58d49d78d669d24
IMG_0071_r90_f1,train,Ilmenite,0,IMG_0071,/content/BSM-Project/data/raw/BSM/Ilmenite/2.jpg,GRP_0071,/content/BSM-Project/data/augmented/train/Ilmenite/2__r90_f1.jpg,True,90,True,224,224,3,14294,9193509fa54a95d889cb3e0f02741c8173b2266906c47b8c8f02cbc563ba3edf
IMG_0072_r0_f0,train,Ilmenite,0,IMG_0072,/content/BSM-Project/data/raw/BSM/Ilmenite/20.jpg,GRP_0072,/content/BSM-Project/data/augmented/train/Ilmenite/20__r0_f0.jpg,True,0,False,224,224,3,24059,f14408dea117831c1af4e37259235cdce70869732eb5b9f66e22d47493f921dc
IMG_0072_r0_f1,train,Ilmenite,0,IMG_0072,/content/BSM-Project/data/raw/BSM/Ilmenite/20.jpg,GRP_0072,/content/BSM-Project/data/augmented/train/Ilmenite/20__r0_f1.jpg,True,0,True,224,224,3,24075,628e6fef1e63788e123a70f9468f076808f6b7e2a07d52f4a12800eeb7849279
IMG_0072_r180_f0,train,Ilmenite,0,IMG_0072,/content/BSM-Project/data/raw/BSM/Ilmenite/20.jpg,GRP_0072,/content/BSM-Project/data/augmented/train/Ilmenite/20__r180_f0.jpg,True,180,False,224,224,3,24081,943702e8b54cfb23bf1d38b893020f9a6b4a45d28b8cd0f78736f421f134824a
IMG_0072_r180_f1,train,Ilmenite,0,IMG_0072,/content/BSM-Project/data/raw/BSM/Ilmenite/20.jpg,GRP_0072,/content/BSM-Project/data/augmented/train/Ilmenite/20__r180_f1.jpg,True,180,True,224,224,3,24062,ba8316e37febe13daa184d4691892826a6e257c8cfe19872be0d43c00ff1f7e8
IMG_0072_r270_f0,train,Ilmenite,0,IMG_0072,/content/BSM-Project/data/raw/BSM/Ilmenite/20.jpg,GRP_0072,/content/BSM-Project/data/augmented/train/Ilmenite/20__r270_f0.jpg,True,270,False,224,224,3,18959,7e8fa231b123625c97cfa3a1e921f1ee287d1e69521f2310220c9e95896c051a
IMG_0072_r270_f1,train,Ilmenite,0,IMG_0072,/content/BSM-Project/data/raw/BSM/Ilmenite/20.jpg,GRP_0072,/content/BSM-Project/data/augmented/train/Ilmenite/20__r270_f1.jpg,True,270,True,224,224,3,18922,9a4d2093038c0b94fc90d67bf1cd630531067aca4fd9bb57cce5103bbf048b3d
IMG_0072_r30_f0,train,Ilmenite,0,IMG_0072,/content/BSM-Project/data/raw/BSM/Ilmenite/20.jpg,GRP_0072,/content/BSM-Project/data/augmented/train/Ilmenite/20__r30_f0.jpg,True,30,False,224,224,3,24504,45273bfaf957e220be118abb900a224ca64db51dc3141b33be4e8deb323d8fcb
IMG_0072_r30_f1,train,Ilmenite,0,IMG_0072,/content/BSM-Project/data/raw/BSM/Ilmenite/20.jpg,GRP_0072,/content/BSM-Project/data/augmented/train/Ilmenite/20__r30_f1.jpg,True,30,True,224,224,3,24572,f1c89526b3bc1bd151d114e12dd0e37267e8de1a0587908471f1b4d3e0ce87a4
IMG_0072_r45_f0,train,Ilmenite,0,IMG_0072,/content/BSM-Project/data/raw/BSM/Ilmenite/20.jpg,GRP_0072,/content/BSM-Project/data/augmented/train/Ilmenite/20__r45_f0.jpg,True,45,False,224,224,3,22795,0b74fe40e733be53c802d5f3fc1c3b821587772a4c352a3542ac1f4d26de5e7a
IMG_0072_r45_f1,train,Ilmenite,0,IMG_0072,/content/BSM-Project/data/raw/BSM/Ilmenite/20.jpg,GRP_0072,/content/BSM-Project/data/augmented/train/Ilmenite/20__r45_f1.jpg,True,45,True,224,224,3,22868,5de818bb72bb225c09d57bc3111581826dcd8de2820190caf7fcb39c98634ad8
IMG_0072_r90_f0,train,Ilmenite,0,IMG_0072,/content/BSM-Project/data/raw/BSM/Ilmenite/20.jpg,GRP_0072,/content/BSM-Project/data/augmented/train/Ilmenite/20__r90_f0.jpg,True,90,False,224,224,3,18900,e94ae07b7e09c4532f930a548b24aa5ec302b1f5161f88578b047af04a1970ad
IMG_0072_r90_f1,train,Ilmenite,0,IMG_0072,/content/BSM-Project/data/raw/BSM/Ilmenite/20.jpg,GRP_0072,/content/BSM-Project/data/augmented/train/Ilmenite/20__r90_f1.jpg,True,90,True,224,224,3,18924,7e6f4c2d5fafc114da38fe9f28df684a9ffd379e4a266dd3a6d1d303e9539950
IMG_0073_r0_f0,train,Ilmenite,0,IMG_0073,/content/BSM-Project/data/raw/BSM/Ilmenite/21.jpg,GRP_0073,/content/BSM-Project/data/augmented/train/Ilmenite/21__r0_f0.jpg,True,0,False,224,224,3,18183,e08b7adeeeb3aadef9cb0569d5485afeb6fb4b76767d7d84908d2a02ecd9c4a2
IMG_0073_r0_f1,train,Ilmenite,0,IMG_0073,/content/BSM-Project/data/raw/BSM/Ilmenite/21.jpg,GRP_0073,/content/BSM-Project/data/augmented/train/Ilmenite/21__r0_f1.jpg,True,0,True,224,224,3,18174,55b7db4b0d7ccd7d1b604b476318af13f445962d81381bf4081df410ffa38ff1
IMG_0073_r180_f0,train,Ilmenite,0,IMG_0073,/content/BSM-Project/data/raw/BSM/Ilmenite/21.jpg,GRP_0073,/content/BSM-Project/data/augmented/train/Ilmenite/21__r180_f0.jpg,True,180,False,224,224,3,18168,b25c08f107b8fb07b0d8517390c1939ef5cb5b5e3ceaafea912f79935f11faf6
IMG_0073_r180_f1,train,Ilmenite,0,IMG_0073,/content/BSM-Project/data/raw/BSM/Ilmenite/21.jpg,GRP_0073,/content/BSM-Project/data/augmented/train/Ilmenite/21__r180_f1.jpg,True,180,True,224,224,3,18188,9e057013a78f50d04be6b2e1fa23ef8f403c527bd30ff3d49f97105df1e7f337
IMG_0073_r270_f0,train,Ilmenite,0,IMG_0073,/content/BSM-Project/data/raw/BSM/Ilmenite/21.jpg,GRP_0073,/content/BSM-Project/data/augmented/train/Ilmenite/21__r270_f0.jpg,True,270,False,224,224,3,18681,f53c793b4e64f04aa6d5bd49417f96f76d6676fa27ec34dae805ffa0639e9794
IMG_0073_r270_f1,train,Ilmenite,0,IMG_0073,/content/BSM-Project/data/raw/BSM/Ilmenite/21.jpg,GRP_0073,/content/BSM-Project/data/augmented/train/Ilmenite/21__r270_f1.jpg,True,270,True,224,224,3,18675,5a5e3620944b2b05a49e32db792018be4803712c644692bada0d037609a882e3
IMG_0073_r30_f0,train,Ilmenite,0,IMG_0073,/content/BSM-Project/data/raw/BSM/Ilmenite/21.jpg,GRP_0073,/content/BSM-Project/data/augmented/train/Ilmenite/21__r30_f0.jpg,True,30,False,224,224,3,21430,81bec95b7bd6ef80158a84cf5eece759d481f5111274b9882ed8caca6b71cb84
IMG_0073_r30_f1,train,Ilmenite,0,IMG_0073,/content/BSM-Project/data/raw/BSM/Ilmenite/21.jpg,GRP_0073,/content/BSM-Project/data/augmented/train/Ilmenite/21__r30_f1.jpg,True,30,True,224,224,3,21420,6da495d1854c5b6e6e2f9c465c937eb2095a39ed8867db3157d76056e57df14c
IMG_0073_r45_f0,train,Ilmenite,0,IMG_0073,/content/BSM-Project/data/raw/BSM/Ilmenite/21.jpg,GRP_0073,/content/BSM-Project/data/augmented/train/Ilmenite/21__r45_f0.jpg,True,45,False,224,224,3,21085,fb2f59278c07123ebbc69e138a65144a4fcf5274342005505d5ee98960fdb132
IMG_0073_r45_f1,train,Ilmenite,0,IMG_0073,/content/BSM-Project/data/raw/BSM/Ilmenite/21.jpg,GRP_0073,/content/BSM-Project/data/augmented/train/Ilmenite/21__r45_f1.jpg,True,45,True,224,224,3,21053,08318d3ac2b897ed02d97afc28705a9ca7a1a6333956fbc2ca813fb964c333b4
IMG_0073_r90_f0,train,Ilmenite,0,IMG_0073,/content/BSM-Project/data/raw/BSM/Ilmenite/21.jpg,GRP_0073,/content/BSM-Project/data/augmented/train/Ilmenite/21__r90_f0.jpg,True,90,False,224,224,3,18710,e725f0d4a788213a0f64aad62140726eb6581a8aaac4ef6c1d3c25b52ce06291
IMG_0073_r90_f1,train,Ilmenite,0,IMG_0073,/content/BSM-Project/data/raw/BSM/Ilmenite/21.jpg,GRP_0073,/content/BSM-Project/data/augmented/train/Ilmenite/21__r90_f1.jpg,True,90,True,224,224,3,18674,c82ddba674cbfdd037d5a0b3d117cc2df31a66a35faf43c21f4b174e0c45d1a2
IMG_0074_r0_f0,train,Ilmenite,0,IMG_0074,/content/BSM-Project/data/raw/BSM/Ilmenite/22.jpg,GRP_0074,/content/BSM-Project/data/augmented/train/Ilmenite/22__r0_f0.jpg,True,0,False,224,224,3,16662,7b893d41bb1d60254ca982aa5699546ffcfd45f8d4eb57d6d1f274ba4af83831
IMG_0074_r0_f1,train,Ilmenite,0,IMG_0074,/content/BSM-Project/data/raw/BSM/Ilmenite/22.jpg,GRP_0074,/content/BSM-Project/data/augmented/train/Ilmenite/22__r0_f1.jpg,True,0,True,224,224,3,16637,6b14c6cb0e2c7c73e9c5e7ea3c2ac055fc13173d6479d3cbd985bb4d0060a1ed
IMG_0074_r180_f0,train,Ilmenite,0,IMG_0074,/content/BSM-Project/data/raw/BSM/Ilmenite/22.jpg,GRP_0074,/content/BSM-Project/data/augmented/train/Ilmenite/22__r180_f0.jpg,True,180,False,224,224,3,16662,c2316ac8ab753d00e2dccbc0366f98f3ff3457c10d7f0340ee4bd8fab3acb723
IMG_0074_r180_f1,train,Ilmenite,0,IMG_0074,/content/BSM-Project/data/raw/BSM/Ilmenite/22.jpg,GRP_0074,/content/BSM-Project/data/augmented/train/Ilmenite/22__r180_f1.jpg,True,180,True,224,224,3,16635,62e415f07f17f52ad692ead78ce25e1b7e34aaa993810509aac04ae3f012b85e
IMG_0074_r270_f0,train,Ilmenite,0,IMG_0074,/content/BSM-Project/data/raw/BSM/Ilmenite/22.jpg,GRP_0074,/content/BSM-Project/data/augmented/train/Ilmenite/22__r270_f0.jpg,True,270,False,224,224,3,15762,21219d022e24c9ead06c936119184ccb3db09ed9f7f9037312afcb0a5abebbcc
IMG_0074_r270_f1,train,Ilmenite,0,IMG_0074,/content/BSM-Project/data/raw/BSM/Ilmenite/22.jpg,GRP_0074,/content/BSM-Project/data/augmented/train/Ilmenite/22__r270_f1.jpg,True,270,True,224,224,3,15777,fb1f5c43a776983b48836b49f50274d979ebcd9c22d43b948562c4e54a252011
IMG_0074_r30_f0,train,Ilmenite,0,IMG_0074,/content/BSM-Project/data/raw/BSM/Ilmenite/22.jpg,GRP_0074,/content/BSM-Project/data/augmented/train/Ilmenite/22__r30_f0.jpg,True,30,False,224,224,3,19795,912cf4db87aee54554d2cd4493d592d59fbd1e296c1b0cde8eec6f4900fe78d6
IMG_0074_r30_f1,train,Ilmenite,0,IMG_0074,/content/BSM-Project/data/raw/BSM/Ilmenite/22.jpg,GRP_0074,/content/BSM-Project/data/augmented/train/Ilmenite/22__r30_f1.jpg,True,30,True,224,224,3,19829,391fa59f190f4371b36de2dbfc299c988f8b5cdd5594da7d7d171a1258cb4a06
IMG_0074_r45_f0,train,Ilmenite,0,IMG_0074,/content/BSM-Project/data/raw/BSM/Ilmenite/22.jpg,GRP_0074,/content/BSM-Project/data/augmented/train/Ilmenite/22__r45_f0.jpg,True,45,False,224,224,3,19802,5cb422bb1e0035034f797dfe6a627c5b7dc1e53e14f7c78540ffb3e87f3d92bf
IMG_0074_r45_f1,train,Ilmenite,0,IMG_0074,/content/BSM-Project/data/raw/BSM/Ilmenite/22.jpg,GRP_0074,/content/BSM-Project/data/augmented/train/Ilmenite/22__r45_f1.jpg,True,45,True,224,224,3,19825,4dc4b989a5504528c49a336a2d594317f54bcd8ac07793a7f0ccec9c66049277
IMG_0074_r90_f0,train,Ilmenite,0,IMG_0074,/content/BSM-Project/data/raw/BSM/Ilmenite/22.jpg,GRP_0074,/content/BSM-Project/data/augmented/train/Ilmenite/22__r90_f0.jpg,True,90,False,224,224,3,15750,7fb4a3a7b396499c05dae9dac041087493f7a35905ffad2cd66c0107c1be31f6
IMG_0074_r90_f1,train,Ilmenite,0,IMG_0074,/content/BSM-Project/data/raw/BSM/Ilmenite/22.jpg,GRP_0074,/content/BSM-Project/data/augmented/train/Ilmenite/22__r90_f1.jpg,True,90,True,224,224,3,15781,cad92c04c07fd80987d3486ea47a2fc4236fb9cd53c2be899cda92a9f54cb4f0
IMG_0075_r0_f0,train,Ilmenite,0,IMG_0075,/content/BSM-Project/data/raw/BSM/Ilmenite/23.jpg,GRP_0075,/content/BSM-Project/data/augmented/train/Ilmenite/23__r0_f0.jpg,True,0,False,224,224,3,21975,e1866692bbeb3b5421c2f71b85805963f5693d6755e29e4ecc49ac80666ef053
IMG_0075_r0_f1,train,Ilmenite,0,IMG_0075,/content/BSM-Project/data/raw/BSM/Ilmenite/23.jpg,GRP_0075,/content/BSM-Project/data/augmented/train/Ilmenite/23__r0_f1.jpg,True,0,True,224,224,3,21978,8ba0a4a0f15d7757d42cbcabadb42e35896a70a0c875a8e8fb5bdc8c522eee1d
IMG_0075_r180_f0,train,Ilmenite,0,IMG_0075,/content/BSM-Project/data/raw/BSM/Ilmenite/23.jpg,GRP_0075,/content/BSM-Project/data/augmented/train/Ilmenite/23__r180_f0.jpg,True,180,False,224,224,3,21968,f3c0792a7f944cadfadb18da558b2d57f008b7481219c9e805c389c390d11e9d
IMG_0075_r180_f1,train,Ilmenite,0,IMG_0075,/content/BSM-Project/data/raw/BSM/Ilmenite/23.jpg,GRP_0075,/content/BSM-Project/data/augmented/train/Ilmenite/23__r180_f1.jpg,True,180,True,224,224,3,21974,a2395587018d2e9e62ade31ce78d73ff5f2320ec2620200433902e794f19a4bb
IMG_0075_r270_f0,train,Ilmenite,0,IMG_0075,/content/BSM-Project/data/raw/BSM/Ilmenite/23.jpg,GRP_0075,/content/BSM-Project/data/augmented/train/Ilmenite/23__r270_f0.jpg,True,270,False,224,224,3,17536,da0cf7f684f6f9e6c09c9248770c6e7072f468ef5caad6c805e6c2013225d506
IMG_0075_r270_f1,train,Ilmenite,0,IMG_0075,/content/BSM-Project/data/raw/BSM/Ilmenite/23.jpg,GRP_0075,/content/BSM-Project/data/augmented/train/Ilmenite/23__r270_f1.jpg,True,270,True,224,224,3,17541,d0495a1b73d4fde3f78c54dbcf2f3fed201b91e2be7dbbde0219af9e3ba4a6e8
IMG_0075_r30_f0,train,Ilmenite,0,IMG_0075,/content/BSM-Project/data/raw/BSM/Ilmenite/23.jpg,GRP_0075,/content/BSM-Project/data/augmented/train/Ilmenite/23__r30_f0.jpg,True,30,False,224,224,3,23920,30dbd1a622cdf5706952ce554749c0f7f66a1f5bbc513bade84d0dad53b18b8e
IMG_0075_r30_f1,train,Ilmenite,0,IMG_0075,/content/BSM-Project/data/raw/BSM/Ilmenite/23.jpg,GRP_0075,/content/BSM-Project/data/augmented/train/Ilmenite/23__r30_f1.jpg,True,30,True,224,224,3,23969,1d63ab9870987ba4529da12ddeabb3aef72011fd67e83d2ee8b315f9b4cd6a5f
IMG_0075_r45_f0,train,Ilmenite,0,IMG_0075,/content/BSM-Project/data/raw/BSM/Ilmenite/23.jpg,GRP_0075,/content/BSM-Project/data/augmented/train/Ilmenite/23__r45_f0.jpg,True,45,False,224,224,3,22852,496a059e5c5c33943fa8c6e9a696f88052f2568f3efb91502303abd5982925ff
IMG_0075_r45_f1,train,Ilmenite,0,IMG_0075,/content/BSM-Project/data/raw/BSM/Ilmenite/23.jpg,GRP_0075,/content/BSM-Project/data/augmented/train/Ilmenite/23__r45_f1.jpg,True,45,True,224,224,3,22897,b8f334ec363d6967f85099618fa73fc56a670dc9b14dd6e2c15d300ced5683ae
IMG_0075_r90_f0,train,Ilmenite,0,IMG_0075,/content/BSM-Project/data/raw/BSM/Ilmenite/23.jpg,GRP_0075,/content/BSM-Project/data/augmented/train/Ilmenite/23__r90_f0.jpg,True,90,False,224,224,3,17551,d12f8bc031c189a9a583d4a8aa8b6a13fb4df9b469df628eaaf662e6aa478596
IMG_0075_r90_f1,train,Ilmenite,0,IMG_0075,/content/BSM-Project/data/raw/BSM/Ilmenite/23.jpg,GRP_0075,/content/BSM-Project/data/augmented/train/Ilmenite/23__r90_f1.jpg,True,90,True,224,224,3,17546,e7dec44bbff7e0d61b5b616db36d1bc54f82fddd5e5c7d393c5afebb075c1ebb
IMG_0076_r0_f0,train,Ilmenite,0,IMG_0076,/content/BSM-Project/data/raw/BSM/Ilmenite/24.jpg,GRP_0076,/content/BSM-Project/data/augmented/train/Ilmenite/24__r0_f0.jpg,True,0,False,224,224,3,16421,b3bb07b26b7eb0df34b2d65e02b6eff2719b2170083bea59cc4f9e6914f198de
IMG_0076_r0_f1,train,Ilmenite,0,IMG_0076,/content/BSM-Project/data/raw/BSM/Ilmenite/24.jpg,GRP_0076,/content/BSM-Project/data/augmented/train/Ilmenite/24__r0_f1.jpg,True,0,True,224,224,3,16429,f15b822a624228fdf04bd0c1d5f1e1d4b979a014751656a9dd8b8dba27bf1e4a
IMG_0076_r180_f0,train,Ilmenite,0,IMG_0076,/content/BSM-Project/data/raw/BSM/Ilmenite/24.jpg,GRP_0076,/content/BSM-Project/data/augmented/train/Ilmenite/24__r180_f0.jpg,True,180,False,224,224,3,16425,78ddcd09c5516dd437ca9632d73d8add0d1588ee3f777c43d4db2edbf7707009
IMG_0076_r180_f1,train,Ilmenite,0,IMG_0076,/content/BSM-Project/data/raw/BSM/Ilmenite/24.jpg,GRP_0076,/content/BSM-Project/data/augmented/train/Ilmenite/24__r180_f1.jpg,True,180,True,224,224,3,16438,c3c688fa1712e01bed24e2a72e63126df37c47e12351bda02354bb069f2bb0fa
IMG_0076_r270_f0,train,Ilmenite,0,IMG_0076,/content/BSM-Project/data/raw/BSM/Ilmenite/24.jpg,GRP_0076,/content/BSM-Project/data/augmented/train/Ilmenite/24__r270_f0.jpg,True,270,False,224,224,3,15439,407e4f380d3c1d1ed1044add2fae21ab472235dbbdbc2eb7de12c3c7af39236f
IMG_0076_r270_f1,train,Ilmenite,0,IMG_0076,/content/BSM-Project/data/raw/BSM/Ilmenite/24.jpg,GRP_0076,/content/BSM-Project/data/augmented/train/Ilmenite/24__r270_f1.jpg,True,270,True,224,224,3,15426,20c057febf75f6cef31c52c88de36c1e0ee58bff23da1bd8b6e79ce7566cb371
IMG_0076_r30_f0,train,Ilmenite,0,IMG_0076,/content/BSM-Project/data/raw/BSM/Ilmenite/24.jpg,GRP_0076,/content/BSM-Project/data/augmented/train/Ilmenite/24__r30_f0.jpg,True,30,False,224,224,3,16421,47a6d6a37b36313efae79edfb5868903f0c3f70760492635a277da47140b96be
IMG_0076_r30_f1,train,Ilmenite,0,IMG_0076,/content/BSM-Project/data/raw/BSM/Ilmenite/24.jpg,GRP_0076,/content/BSM-Project/data/augmented/train/Ilmenite/24__r30_f1.jpg,True,30,True,224,224,3,16426,8e3d432915cecdfb9d0e8e41f541cb9883f6cb65e916babf7c0fa3a6cbaf01fb
IMG_0076_r45_f0,train,Ilmenite,0,IMG_0076,/content/BSM-Project/data/raw/BSM/Ilmenite/24.jpg,GRP_0076,/content/BSM-Project/data/augmented/train/Ilmenite/24__r45_f0.jpg,True,45,False,224,224,3,16402,ce4f3e38914616cbda463782ad88750c024893b0770d5c15fe09e929a3f18b63
IMG_0076_r45_f1,train,Ilmenite,0,IMG_0076,/content/BSM-Project/data/raw/BSM/Ilmenite/24.jpg,GRP_0076,/content/BSM-Project/data/augmented/train/Ilmenite/24__r45_f1.jpg,True,45,True,224,224,3,16402,39b0aae25ca47c118f204ba55230b0b675854794199efcd596058ebc1828b52d
IMG_0076_r90_f0,train,Ilmenite,0,IMG_0076,/content/BSM-Project/data/raw/BSM/Ilmenite/24.jpg,GRP_0076,/content/BSM-Project/data/augmented/train/Ilmenite/24__r90_f0.jpg,True,90,False,224,224,3,15449,4a4bb091ee145eba1b1756b70b6587d0abc8b74426dc02f7bf97b7be66473641
IMG_0076_r90_f1,train,Ilmenite,0,IMG_0076,/content/BSM-Project/data/raw/BSM/Ilmenite/24.jpg,GRP_0076,/content/BSM-Project/data/augmented/train/Ilmenite/24__r90_f1.jpg,True,90,True,224,224,3,15422,6b09c0967f9dac452fb998eb260d978e353c184a0420f5fe9fd8369cc2813afd
IMG_0077_r0_f0,train,Ilmenite,0,IMG_0077,/content/BSM-Project/data/raw/BSM/Ilmenite/25.jpg,GRP_0077,/content/BSM-Project/data/augmented/train/Ilmenite/25__r0_f0.jpg,True,0,False,224,224,3,17862,0f295220cd28156a69ee10231b10a93f5f092ef3fe628d02d5fb14be774e237f
IMG_0077_r0_f1,train,Ilmenite,0,IMG_0077,/content/BSM-Project/data/raw/BSM/Ilmenite/25.jpg,GRP_0077,/content/BSM-Project/data/augmented/train/Ilmenite/25__r0_f1.jpg,True,0,True,224,224,3,17861,8680dc04dead974f8c51891138af430477b58ac73e876735547436bcc19d01b3
IMG_0077_r180_f0,train,Ilmenite,0,IMG_0077,/content/BSM-Project/data/raw/BSM/Ilmenite/25.jpg,GRP_0077,/content/BSM-Project/data/augmented/train/Ilmenite/25__r180_f0.jpg,True,180,False,224,224,3,17864,37862ee05658dd7102ca3900f3291142b58eb4698513e5089b221d28dbca044f
IMG_0077_r180_f1,train,Ilmenite,0,IMG_0077,/content/BSM-Project/data/raw/BSM/Ilmenite/25.jpg,GRP_0077,/content/BSM-Project/data/augmented/train/Ilmenite/25__r180_f1.jpg,True,180,True,224,224,3,17870,227e30c8f69eec3094c080d8ee6617e3c87f3406a5d9886fd1fc05ea37b2f07b
IMG_0077_r270_f0,train,Ilmenite,0,IMG_0077,/content/BSM-Project/data/raw/BSM/Ilmenite/25.jpg,GRP_0077,/content/BSM-Project/data/augmented/train/Ilmenite/25__r270_f0.jpg,True,270,False,224,224,3,17119,441081de52b94dce4ca4f696048815a7bb948167b47dc201fc3422654c54b193
IMG_0077_r270_f1,train,Ilmenite,0,IMG_0077,/content/BSM-Project/data/raw/BSM/Ilmenite/25.jpg,GRP_0077,/content/BSM-Project/data/augmented/train/Ilmenite/25__r270_f1.jpg,True,270,True,224,224,3,17138,bb326bf805b3fbbdbff1cf3ba01d73dfff3e599a44daab2badb11291fa8cfc7c
IMG_0077_r30_f0,train,Ilmenite,0,IMG_0077,/content/BSM-Project/data/raw/BSM/Ilmenite/25.jpg,GRP_0077,/content/BSM-Project/data/augmented/train/Ilmenite/25__r30_f0.jpg,True,30,False,224,224,3,21107,3d7fba913ef0b0e9550cdcae7638e6d3bd02ef733ce78b3a41182ae1853684d5
IMG_0077_r30_f1,train,Ilmenite,0,IMG_0077,/content/BSM-Project/data/raw/BSM/Ilmenite/25.jpg,GRP_0077,/content/BSM-Project/data/augmented/train/Ilmenite/25__r30_f1.jpg,True,30,True,224,224,3,21155,92782c0f06530907b831ccd0e7d78f77b706b901b421a3572bc846857651475e
IMG_0077_r45_f0,train,Ilmenite,0,IMG_0077,/content/BSM-Project/data/raw/BSM/Ilmenite/25.jpg,GRP_0077,/content/BSM-Project/data/augmented/train/Ilmenite/25__r45_f0.jpg,True,45,False,224,224,3,20873,ae18bec1e5bbe46b3e948382347b2ec1b83548861f6c2350b52ee4afb1eda8f5
IMG_0077_r45_f1,train,Ilmenite,0,IMG_0077,/content/BSM-Project/data/raw/BSM/Ilmenite/25.jpg,GRP_0077,/content/BSM-Project/data/augmented/train/Ilmenite/25__r45_f1.jpg,True,45,True,224,224,3,20907,b87362ba35a105ff1786375775df8135154962ed8bfd6357268fb2d1be664624
IMG_0077_r90_f0,train,Ilmenite,0,IMG_0077,/content/BSM-Project/data/raw/BSM/Ilmenite/25.jpg,GRP_0077,/content/BSM-Project/data/augmented/train/Ilmenite/25__r90_f0.jpg,True,90,False,224,224,3,17133,6d8b699c1451dd265b4856640192ac9595ddf14418ad80ec98af60d99f863e2a
IMG_0077_r90_f1,train,Ilmenite,0,IMG_0077,/content/BSM-Project/data/raw/BSM/Ilmenite/25.jpg,GRP_0077,/content/BSM-Project/data/augmented/train/Ilmenite/25__r90_f1.jpg,True,90,True,224,224,3,17120,f72a18693468c6ab33f02e4579ab0870cd5b8870c2042c7c570543f6b7182407
IMG_0078_r0_f0,train,Ilmenite,0,IMG_0078,/content/BSM-Project/data/raw/BSM/Ilmenite/26.jpg,GRP_0078,/content/BSM-Project/data/augmented/train/Ilmenite/26__r0_f0.jpg,True,0,False,224,224,3,16419,922651f4d21f52eb83739f237a73de007350e4710bb9f30387eecb8e594596bf
IMG_0078_r0_f1,train,Ilmenite,0,IMG_0078,/content/BSM-Project/data/raw/BSM/Ilmenite/26.jpg,GRP_0078,/content/BSM-Project/data/augmented/train/Ilmenite/26__r0_f1.jpg,True,0,True,224,224,3,16433,de21d3b9b2baf03d8e5e124af7abcfcfc665ef8202a6c535186fccb3b0478afb
IMG_0078_r180_f0,train,Ilmenite,0,IMG_0078,/content/BSM-Project/data/raw/BSM/Ilmenite/26.jpg,GRP_0078,/content/BSM-Project/data/augmented/train/Ilmenite/26__r180_f0.jpg,True,180,False,224,224,3,16420,7dc9ee0911f136d0f390ab07d98beec52af522a64486f782483ead1cb4af9150
IMG_0078_r180_f1,train,Ilmenite,0,IMG_0078,/content/BSM-Project/data/raw/BSM/Ilmenite/26.jpg,GRP_0078,/content/BSM-Project/data/augmented/train/Ilmenite/26__r180_f1.jpg,True,180,True,224,224,3,16423,644ccee3fbd5e54e27fefb7c8b790c495ab78f18b01b41751fd8e9d90c4be398
IMG_0078_r270_f0,train,Ilmenite,0,IMG_0078,/content/BSM-Project/data/raw/BSM/Ilmenite/26.jpg,GRP_0078,/content/BSM-Project/data/augmented/train/Ilmenite/26__r270_f0.jpg,True,270,False,224,224,3,17042,2c68a6836ec87498ddcd07820c968f883724e7480b1c7e430dbc257adfb8746b
IMG_0078_r270_f1,train,Ilmenite,0,IMG_0078,/content/BSM-Project/data/raw/BSM/Ilmenite/26.jpg,GRP_0078,/content/BSM-Project/data/augmented/train/Ilmenite/26__r270_f1.jpg,True,270,True,224,224,3,17040,2e9e8eb2f968a85a1ba7c4ed5296e02d823cb600e6b275f12311b708b12d1965
IMG_0078_r30_f0,train,Ilmenite,0,IMG_0078,/content/BSM-Project/data/raw/BSM/Ilmenite/26.jpg,GRP_0078,/content/BSM-Project/data/augmented/train/Ilmenite/26__r30_f0.jpg,True,30,False,224,224,3,18720,dd8e0a99e089560a7fe4306dbdc00e095294629e0293887095724b8541a6d0de
IMG_0078_r30_f1,train,Ilmenite,0,IMG_0078,/content/BSM-Project/data/raw/BSM/Ilmenite/26.jpg,GRP_0078,/content/BSM-Project/data/augmented/train/Ilmenite/26__r30_f1.jpg,True,30,True,224,224,3,18709,89a878477472cd95289bb91186c1e6d5942135fedadccbf532997777238ba1a7
IMG_0078_r45_f0,train,Ilmenite,0,IMG_0078,/content/BSM-Project/data/raw/BSM/Ilmenite/26.jpg,GRP_0078,/content/BSM-Project/data/augmented/train/Ilmenite/26__r45_f0.jpg,True,45,False,224,224,3,18329,0a3e9b256b68cf90c92eae2231c1238f6bad97c635a962b4ae563d34f697b94d
IMG_0078_r45_f1,train,Ilmenite,0,IMG_0078,/content/BSM-Project/data/raw/BSM/Ilmenite/26.jpg,GRP_0078,/content/BSM-Project/data/augmented/train/Ilmenite/26__r45_f1.jpg,True,45,True,224,224,3,18315,2d757da70cae3c312a945162101958fbe2d5bd46ed88f16ea4d7035f4d907b76
IMG_0078_r90_f0,train,Ilmenite,0,IMG_0078,/content/BSM-Project/data/raw/BSM/Ilmenite/26.jpg,GRP_0078,/content/BSM-Project/data/augmented/train/Ilmenite/26__r90_f0.jpg,True,90,False,224,224,3,17054,3b7ce111798506db3a397a57274510b96f70d6bc4fe1143e6e5e96a10733274f
IMG_0078_r90_f1,train,Ilmenite,0,IMG_0078,/content/BSM-Project/data/raw/BSM/Ilmenite/26.jpg,GRP_0078,/content/BSM-Project/data/augmented/train/Ilmenite/26__r90_f1.jpg,True,90,True,224,224,3,17022,5f8a692c85eecdee26df2545593e49b620c9555e2c439c5d15c28ae95690f8e8
IMG_0079_r0_f0,train,Ilmenite,0,IMG_0079,/content/BSM-Project/data/raw/BSM/Ilmenite/27.jpg,GRP_0079,/content/BSM-Project/data/augmented/train/Ilmenite/27__r0_f0.jpg,True,0,False,224,224,3,20351,5fd0c70cb506470897495abb54a3d8aa38d2955682fbb7f2de5319717c36ae87
IMG_0079_r0_f1,train,Ilmenite,0,IMG_0079,/content/BSM-Project/data/raw/BSM/Ilmenite/27.jpg,GRP_0079,/content/BSM-Project/data/augmented/train/Ilmenite/27__r0_f1.jpg,True,0,True,224,224,3,20362,16e6b1fec241a7f00c87c07a3d84abfb6b14148a84006f81d40689b1e931d935
IMG_0079_r180_f0,train,Ilmenite,0,IMG_0079,/content/BSM-Project/data/raw/BSM/Ilmenite/27.jpg,GRP_0079,/content/BSM-Project/data/augmented/train/Ilmenite/27__r180_f0.jpg,True,180,False,224,224,3,20368,3d90ad88e6ed37a62dff9e357c19da7ab4c377667ff95a0924d0d4de35a198c9
IMG_0079_r180_f1,train,Ilmenite,0,IMG_0079,/content/BSM-Project/data/raw/BSM/Ilmenite/27.jpg,GRP_0079,/content/BSM-Project/data/augmented/train/Ilmenite/27__r180_f1.jpg,True,180,True,224,224,3,20356,c562c8154cb76bb7dbb76ecde216043bd7feb947da439a3d23364cbbefbae757
IMG_0079_r270_f0,train,Ilmenite,0,IMG_0079,/content/BSM-Project/data/raw/BSM/Ilmenite/27.jpg,GRP_0079,/content/BSM-Project/data/augmented/train/Ilmenite/27__r270_f0.jpg,True,270,False,224,224,3,21319,ada6296ed2aa5586a6196809f97c4c4232a93c504c6ac9afb999ee79ab915421
IMG_0079_r270_f1,train,Ilmenite,0,IMG_0079,/content/BSM-Project/data/raw/BSM/Ilmenite/27.jpg,GRP_0079,/content/BSM-Project/data/augmented/train/Ilmenite/27__r270_f1.jpg,True,270,True,224,224,3,21280,646fb6e134778f722766e1ae41196747e9f5a94bb8b54d1d7f0fa2a75f1ed955
IMG_0079_r30_f0,train,Ilmenite,0,IMG_0079,/content/BSM-Project/data/raw/BSM/Ilmenite/27.jpg,GRP_0079,/content/BSM-Project/data/augmented/train/Ilmenite/27__r30_f0.jpg,True,30,False,224,224,3,22339,c1f2869bb10d33a3aa7046cfe4717b8fa4829eecea26eb583e6a0d8e8b432a32
IMG_0079_r30_f1,train,Ilmenite,0,IMG_0079,/content/BSM-Project/data/raw/BSM/Ilmenite/27.jpg,GRP_0079,/content/BSM-Project/data/augmented/train/Ilmenite/27__r30_f1.jpg,True,30,True,224,224,3,22341,29d1165850b2ca0ff02403c2b571c4dd6cf4a67f6d0bb74ae16d17b5a02ea0f6
IMG_0079_r45_f0,train,Ilmenite,0,IMG_0079,/content/BSM-Project/data/raw/BSM/Ilmenite/27.jpg,GRP_0079,/content/BSM-Project/data/augmented/train/Ilmenite/27__r45_f0.jpg,True,45,False,224,224,3,22196,3920a9fb24bc96f7834cbfdeb596206ad2ead3dffa4ad42fff6a609ea0720307
IMG_0079_r45_f1,train,Ilmenite,0,IMG_0079,/content/BSM-Project/data/raw/BSM/Ilmenite/27.jpg,GRP_0079,/content/BSM-Project/data/augmented/train/Ilmenite/27__r45_f1.jpg,True,45,True,224,224,3,22174,d7c5ad56bb990c01d9e3aed71fa0e860ff92b9c22c268975aaf7d348ff9b2992
IMG_0079_r90_f0,train,Ilmenite,0,IMG_0079,/content/BSM-Project/data/raw/BSM/Ilmenite/27.jpg,GRP_0079,/content/BSM-Project/data/augmented/train/Ilmenite/27__r90_f0.jpg,True,90,False,224,224,3,21284,5a6385c27d7fe32366eccbd547cc76605bdf185ddcd0891fb3720c47a1cbd18c
IMG_0079_r90_f1,train,Ilmenite,0,IMG_0079,/content/BSM-Project/data/raw/BSM/Ilmenite/27.jpg,GRP_0079,/content/BSM-Project/data/augmented/train/Ilmenite/27__r90_f1.jpg,True,90,True,224,224,3,21306,262005bf186ca5967cd5148e6415f652a45453b35d75e9820b320c465199ccd9
IMG_0080_r0_f0,train,Ilmenite,0,IMG_0080,/content/BSM-Project/data/raw/BSM/Ilmenite/28.jpg,GRP_0080,/content/BSM-Project/data/augmented/train/Ilmenite/28__r0_f0.jpg,True,0,False,224,224,3,16591,0909cbd9cfc81e791ea25b2c56a0f83fc7df0b69ab89d9cccb98b620ec3ad440
IMG_0080_r0_f1,train,Ilmenite,0,IMG_0080,/content/BSM-Project/data/raw/BSM/Ilmenite/28.jpg,GRP_0080,/content/BSM-Project/data/augmented/train/Ilmenite/28__r0_f1.jpg,True,0,True,224,224,3,16572,e35692a264100d1c3c779d2e239ea82a81d9edd20194e8e4231a29b1f727fac3
IMG_0080_r180_f0,train,Ilmenite,0,IMG_0080,/content/BSM-Project/data/raw/BSM/Ilmenite/28.jpg,GRP_0080,/content/BSM-Project/data/augmented/train/Ilmenite/28__r180_f0.jpg,True,180,False,224,224,3,16579,dc3ea0e0b0c329ea3c9ccd195c8489be241c73055e4f0cc6eff20b7d6a1eda97
IMG_0080_r180_f1,train,Ilmenite,0,IMG_0080,/content/BSM-Project/data/raw/BSM/Ilmenite/28.jpg,GRP_0080,/content/BSM-Project/data/augmented/train/Ilmenite/28__r180_f1.jpg,True,180,True,224,224,3,16607,69056268c2c0ce06ae6dbadfc426f256635a22d453df56e6d22fccc2fa806f9c
IMG_0080_r270_f0,train,Ilmenite,0,IMG_0080,/content/BSM-Project/data/raw/BSM/Ilmenite/28.jpg,GRP_0080,/content/BSM-Project/data/augmented/train/Ilmenite/28__r270_f0.jpg,True,270,False,224,224,3,17615,cd7c2d99d416eac54ebe61629d8d397b3a6b1d3587f508699cf65f3ae4bbda27
IMG_0080_r270_f1,train,Ilmenite,0,IMG_0080,/content/BSM-Project/data/raw/BSM/Ilmenite/28.jpg,GRP_0080,/content/BSM-Project/data/augmented/train/Ilmenite/28__r270_f1.jpg,True,270,True,224,224,3,17631,958bb475b7dc4d645ac6a670fa4bb1ef1a48d35b076d3c75230065377df4158c
IMG_0080_r30_f0,train,Ilmenite,0,IMG_0080,/content/BSM-Project/data/raw/BSM/Ilmenite/28.jpg,GRP_0080,/content/BSM-Project/data/augmented/train/Ilmenite/28__r30_f0.jpg,True,30,False,224,224,3,18889,e9d7698cdd0fe8de95fc61568d4c3561217eae6810a6091e80f1f89a5c921bd1
IMG_0080_r30_f1,train,Ilmenite,0,IMG_0080,/content/BSM-Project/data/raw/BSM/Ilmenite/28.jpg,GRP_0080,/content/BSM-Project/data/augmented/train/Ilmenite/28__r30_f1.jpg,True,30,True,224,224,3,18890,d73a9b93ecfb9fb1ff30aaf3ee2bc2108dc2eec3c4de41effe7e6ff8080c20a8
IMG_0080_r45_f0,train,Ilmenite,0,IMG_0080,/content/BSM-Project/data/raw/BSM/Ilmenite/28.jpg,GRP_0080,/content/BSM-Project/data/augmented/train/Ilmenite/28__r45_f0.jpg,True,45,False,224,224,3,18771,baa224c86e8edeea3960cf954d3e4fbd5376d0702d06b022b9a424e1905d0762
IMG_0080_r45_f1,train,Ilmenite,0,IMG_0080,/content/BSM-Project/data/raw/BSM/Ilmenite/28.jpg,GRP_0080,/content/BSM-Project/data/augmented/train/Ilmenite/28__r45_f1.jpg,True,45,True,224,224,3,18782,41fa5959a03eea572b0459d5b5f5df810f536e3da90ef97af71481360e1e317b
IMG_0080_r90_f0,train,Ilmenite,0,IMG_0080,/content/BSM-Project/data/raw/BSM/Ilmenite/28.jpg,GRP_0080,/content/BSM-Project/data/augmented/train/Ilmenite/28__r90_f0.jpg,True,90,False,224,224,3,17630,fb0a1a2122d7f8b01c078eac4aaebca4b107b0514a91689629d186a0d2140e26
IMG_0080_r90_f1,train,Ilmenite,0,IMG_0080,/content/BSM-Project/data/raw/BSM/Ilmenite/28.jpg,GRP_0080,/content/BSM-Project/data/augmented/train/Ilmenite/28__r90_f1.jpg,True,90,True,224,224,3,17634,af701a878c92e7ad3b354fd4dba1265a67006708a1ea708e2616b32b19481cc9
IMG_0081_r0_f0,train,Ilmenite,0,IMG_0081,/content/BSM-Project/data/raw/BSM/Ilmenite/29.jpg,GRP_0081,/content/BSM-Project/data/augmented/train/Ilmenite/29__r0_f0.jpg,True,0,False,224,224,3,18572,594f7c53e19ac27225544aa3b640f36dcd110f9b111b0b4c76bcb4dfe64944f6
IMG_0081_r0_f1,train,Ilmenite,0,IMG_0081,/content/BSM-Project/data/raw/BSM/Ilmenite/29.jpg,GRP_0081,/content/BSM-Project/data/augmented/train/Ilmenite/29__r0_f1.jpg,True,0,True,224,224,3,18587,eb73f909edd680786a805735804d8db226853e7c2e062d9aed6e7dc4e2cb1395
IMG_0081_r180_f0,train,Ilmenite,0,IMG_0081,/content/BSM-Project/data/raw/BSM/Ilmenite/29.jpg,GRP_0081,/content/BSM-Project/data/augmented/train/Ilmenite/29__r180_f0.jpg,True,180,False,224,224,3,18574,d2eb58ede7fb697e611e8a432f98c2b1b3bb8fa2512a8815aa4bae9d4db2a1de
IMG_0081_r180_f1,train,Ilmenite,0,IMG_0081,/content/BSM-Project/data/raw/BSM/Ilmenite/29.jpg,GRP_0081,/content/BSM-Project/data/augmented/train/Ilmenite/29__r180_f1.jpg,True,180,True,224,224,3,18586,3b708157c997e3894ef7a77873a9b9f98370c27b0a847c497dc61598a4178dbc
IMG_0081_r270_f0,train,Ilmenite,0,IMG_0081,/content/BSM-Project/data/raw/BSM/Ilmenite/29.jpg,GRP_0081,/content/BSM-Project/data/augmented/train/Ilmenite/29__r270_f0.jpg,True,270,False,224,224,3,19624,8a471028073a521407317af9d95a511562fec523fc4bdb37376c68153539adc7
IMG_0081_r270_f1,train,Ilmenite,0,IMG_0081,/content/BSM-Project/data/raw/BSM/Ilmenite/29.jpg,GRP_0081,/content/BSM-Project/data/augmented/train/Ilmenite/29__r270_f1.jpg,True,270,True,224,224,3,19590,00b3b841af8d0e3c0b511fab3ff83711b67fadb8bffcfa809c2918ad5139cb1f
IMG_0081_r30_f0,train,Ilmenite,0,IMG_0081,/content/BSM-Project/data/raw/BSM/Ilmenite/29.jpg,GRP_0081,/content/BSM-Project/data/augmented/train/Ilmenite/29__r30_f0.jpg,True,30,False,224,224,3,21535,3762c74213a61b23290db73b7d3170041748c9741f78dbf7b9ef81d6beb8ce8f
IMG_0081_r30_f1,train,Ilmenite,0,IMG_0081,/content/BSM-Project/data/raw/BSM/Ilmenite/29.jpg,GRP_0081,/content/BSM-Project/data/augmented/train/Ilmenite/29__r30_f1.jpg,True,30,True,224,224,3,21517,9160798aa83d5ca338ebc5b39c041e12d3577594ed6680a8535689ec0fbca4b9
IMG_0081_r45_f0,train,Ilmenite,0,IMG_0081,/content/BSM-Project/data/raw/BSM/Ilmenite/29.jpg,GRP_0081,/content/BSM-Project/data/augmented/train/Ilmenite/29__r45_f0.jpg,True,45,False,224,224,3,20920,abc75583d0bd5f0f09aec3503b19d48c31be9b717d8466c061b7c6b3235ae624
IMG_0081_r45_f1,train,Ilmenite,0,IMG_0081,/content/BSM-Project/data/raw/BSM/Ilmenite/29.jpg,GRP_0081,/content/BSM-Project/data/augmented/train/Ilmenite/29__r45_f1.jpg,True,45,True,224,224,3,20901,2a2c1cfb80ec637ec436977c660cb204dfcaf1bbc7456dbbbf6e83c573b341d9
IMG_0081_r90_f0,train,Ilmenite,0,IMG_0081,/content/BSM-Project/data/raw/BSM/Ilmenite/29.jpg,GRP_0081,/content/BSM-Project/data/augmented/train/Ilmenite/29__r90_f0.jpg,True,90,False,224,224,3,19624,b7638c0310e779cafaaff863f45fe63c8c8615c14bf0fd90f67e2ce59a72aeaa
IMG_0081_r90_f1,train,Ilmenite,0,IMG_0081,/content/BSM-Project/data/raw/BSM/Ilmenite/29.jpg,GRP_0081,/content/BSM-Project/data/augmented/train/Ilmenite/29__r90_f1.jpg,True,90,True,224,224,3,19608,cda9f6d51709661709ab91f7a7aaf69d5d949391cbcb9641cbd6f9f77a67a709
IMG_0084_r0_f0,train,Ilmenite,0,IMG_0084,/content/BSM-Project/data/raw/BSM/Ilmenite/31.jpg,GRP_0084,/content/BSM-Project/data/augmented/train/Ilmenite/31__r0_f0.jpg,True,0,False,224,224,3,18967,94913f60f485a25703220e84b08ee4e5d90e36d755c7ebdc562d383ea67b4314
IMG_0084_r0_f1,train,Ilmenite,0,IMG_0084,/content/BSM-Project/data/raw/BSM/Ilmenite/31.jpg,GRP_0084,/content/BSM-Project/data/augmented/train/Ilmenite/31__r0_f1.jpg,True,0,True,224,224,3,18984,83842d58a922dc81b5dd1b79ef27ae96290338d9bcfb91662b1edec0da265d78
IMG_0084_r180_f0,train,Ilmenite,0,IMG_0084,/content/BSM-Project/data/raw/BSM/Ilmenite/31.jpg,GRP_0084,/content/BSM-Project/data/augmented/train/Ilmenite/31__r180_f0.jpg,True,180,False,224,224,3,18964,4cf05d2ee50884f187f494af67104c132d6415d2b1e8ae034a791c0802e131db
IMG_0084_r180_f1,train,Ilmenite,0,IMG_0084,/content/BSM-Project/data/raw/BSM/Ilmenite/31.jpg,GRP_0084,/content/BSM-Project/data/augmented/train/Ilmenite/31__r180_f1.jpg,True,180,True,224,224,3,18977,88e392bec8399449cc2d5d6e1348ce2dbcdbf379586a27c3d29c4f92548ed9e0
IMG_0084_r270_f0,train,Ilmenite,0,IMG_0084,/content/BSM-Project/data/raw/BSM/Ilmenite/31.jpg,GRP_0084,/content/BSM-Project/data/augmented/train/Ilmenite/31__r270_f0.jpg,True,270,False,224,224,3,18241,f50e0e0e1d8233c6e9552666d837f0820e515a5b1d305cbe8c4cf3675dc57bae
IMG_0084_r270_f1,train,Ilmenite,0,IMG_0084,/content/BSM-Project/data/raw/BSM/Ilmenite/31.jpg,GRP_0084,/content/BSM-Project/data/augmented/train/Ilmenite/31__r270_f1.jpg,True,270,True,224,224,3,18243,b6aeb34a6a109fcf4d5f070c723cff353ba3408a80b24fbd8136350067d6c005
IMG_0084_r30_f0,train,Ilmenite,0,IMG_0084,/content/BSM-Project/data/raw/BSM/Ilmenite/31.jpg,GRP_0084,/content/BSM-Project/data/augmented/train/Ilmenite/31__r30_f0.jpg,True,30,False,224,224,3,21415,430bdafc5898ca4bcc444ff1dce34a3e134b08ad48520f1b639d331bde461080
IMG_0084_r30_f1,train,Ilmenite,0,IMG_0084,/content/BSM-Project/data/raw/BSM/Ilmenite/31.jpg,GRP_0084,/content/BSM-Project/data/augmented/train/Ilmenite/31__r30_f1.jpg,True,30,True,224,224,3,21440,98140f9b20906226f2903b81b3b677701d2f32c85692c06a3cda31202443dc96
IMG_0084_r45_f0,train,Ilmenite,0,IMG_0084,/content/BSM-Project/data/raw/BSM/Ilmenite/31.jpg,GRP_0084,/content/BSM-Project/data/augmented/train/Ilmenite/31__r45_f0.jpg,True,45,False,224,224,3,21197,f2e14bfd71a19a4b9c01acae951fb89404be0d2f36c2e5b2f9300897652dddc3
IMG_0084_r45_f1,train,Ilmenite,0,IMG_0084,/content/BSM-Project/data/raw/BSM/Ilmenite/31.jpg,GRP_0084,/content/BSM-Project/data/augmented/train/Ilmenite/31__r45_f1.jpg,True,45,True,224,224,3,21203,635bc4b69b4dc17757c9d94ea5c90c9b34dc4122f9afe67830f78be9e18e7ed7
IMG_0084_r90_f0,train,Ilmenite,0,IMG_0084,/content/BSM-Project/data/raw/BSM/Ilmenite/31.jpg,GRP_0084,/content/BSM-Project/data/augmented/train/Ilmenite/31__r90_f0.jpg,True,90,False,224,224,3,18250,0ef5a8616c8d97a4112a93bd4a659323fd362ed7bb5938f6f51a75115d759906
IMG_0084_r90_f1,train,Ilmenite,0,IMG_0084,/content/BSM-Project/data/raw/BSM/Ilmenite/31.jpg,GRP_0084,/content/BSM-Project/data/augmented/train/Ilmenite/31__r90_f1.jpg,True,90,True,224,224,3,18235,95645873f49f25279c31e9a6baf17e1ee54a939ad2eb2f014f5f443bc227e165
IMG_0085_r0_f0,train,Ilmenite,0,IMG_0085,/content/BSM-Project/data/raw/BSM/Ilmenite/32.jpg,GRP_0085,/content/BSM-Project/data/augmented/train/Ilmenite/32__r0_f0.jpg,True,0,False,224,224,3,21938,e000c7b352828cbbb32a3dfeb5d59883b34d3b5e7c624a7d28f4c4865f9735f2
IMG_0085_r0_f1,train,Ilmenite,0,IMG_0085,/content/BSM-Project/data/raw/BSM/Ilmenite/32.jpg,GRP_0085,/content/BSM-Project/data/augmented/train/Ilmenite/32__r0_f1.jpg,True,0,True,224,224,3,21936,1fc54b715b9f87ad39890fe04f959b4bca812fe99ce426efda6505c9ced56a92
IMG_0085_r180_f0,train,Ilmenite,0,IMG_0085,/content/BSM-Project/data/raw/BSM/Ilmenite/32.jpg,GRP_0085,/content/BSM-Project/data/augmented/train/Ilmenite/32__r180_f0.jpg,True,180,False,224,224,3,21923,9fa8cf893811f4c8d8dce5c5e43f5396f35e85f9f21cdbe1947df42bc799bb7a
IMG_0085_r180_f1,train,Ilmenite,0,IMG_0085,/content/BSM-Project/data/raw/BSM/Ilmenite/32.jpg,GRP_0085,/content/BSM-Project/data/augmented/train/Ilmenite/32__r180_f1.jpg,True,180,True,224,224,3,21937,8783af96b97f393ef8b35cc327e159d83d155d156c2aad901251de8e3e1d277e
IMG_0085_r270_f0,train,Ilmenite,0,IMG_0085,/content/BSM-Project/data/raw/BSM/Ilmenite/32.jpg,GRP_0085,/content/BSM-Project/data/augmented/train/Ilmenite/32__r270_f0.jpg,True,270,False,224,224,3,17573,4e9e36c3d3e69c86035c64e732b85ce3b391ff4cba5398c61e670bbbf1c9a9e6
IMG_0085_r270_f1,train,Ilmenite,0,IMG_0085,/content/BSM-Project/data/raw/BSM/Ilmenite/32.jpg,GRP_0085,/content/BSM-Project/data/augmented/train/Ilmenite/32__r270_f1.jpg,True,270,True,224,224,3,17573,5433636006b4b3db40ba6cdc1332b777c5395c58e5a706dc40d9ea776a01a8ce
IMG_0085_r30_f0,train,Ilmenite,0,IMG_0085,/content/BSM-Project/data/raw/BSM/Ilmenite/32.jpg,GRP_0085,/content/BSM-Project/data/augmented/train/Ilmenite/32__r30_f0.jpg,True,30,False,224,224,3,23877,bcb98467a6a5bffd69d17961a1b56f88b77614fa9dc14c7833ef20c281d8e447
IMG_0085_r30_f1,train,Ilmenite,0,IMG_0085,/content/BSM-Project/data/raw/BSM/Ilmenite/32.jpg,GRP_0085,/content/BSM-Project/data/augmented/train/Ilmenite/32__r30_f1.jpg,True,30,True,224,224,3,23917,9008fde4a7c0baa477a7cc8258b8bba72ad27a52621cd1054a68974887ad49cd
IMG_0085_r45_f0,train,Ilmenite,0,IMG_0085,/content/BSM-Project/data/raw/BSM/Ilmenite/32.jpg,GRP_0085,/content/BSM-Project/data/augmented/train/Ilmenite/32__r45_f0.jpg,True,45,False,224,224,3,23106,f1072b0dda8bb96301955fd36c589467fb39ac25aa71b414ad1a2a3b60520cf0
IMG_0085_r45_f1,train,Ilmenite,0,IMG_0085,/content/BSM-Project/data/raw/BSM/Ilmenite/32.jpg,GRP_0085,/content/BSM-Project/data/augmented/train/Ilmenite/32__r45_f1.jpg,True,45,True,224,224,3,23126,eedad44da83ba6be06b680830dfcaca0bc474638f33190a3e1fd457669372a03
IMG_0085_r90_f0,train,Ilmenite,0,IMG_0085,/content/BSM-Project/data/raw/BSM/Ilmenite/32.jpg,GRP_0085,/content/BSM-Project/data/augmented/train/Ilmenite/32__r90_f0.jpg,True,90,False,224,224,3,17566,3d906d624605dc057360c8bbb051a23ed70efb346d6638a503e4681618502ae1
IMG_0085_r90_f1,train,Ilmenite,0,IMG_0085,/content/BSM-Project/data/raw/BSM/Ilmenite/32.jpg,GRP_0085,/content/BSM-Project/data/augmented/train/Ilmenite/32__r90_f1.jpg,True,90,True,224,224,3,17576,4e837bb511a58415244719516368eb9121f21894b6254ef05cfdc4a6d8126870
IMG_0087_r0_f0,train,Ilmenite,0,IMG_0087,/content/BSM-Project/data/raw/BSM/Ilmenite/34.jpg,GRP_0087,/content/BSM-Project/data/augmented/train/Ilmenite/34__r0_f0.jpg,True,0,False,224,224,3,19731,ef62b3ece54297033940cb5820e16c7018668414950b83b4a9297322038b972d
IMG_0087_r0_f1,train,Ilmenite,0,IMG_0087,/content/BSM-Project/data/raw/BSM/Ilmenite/34.jpg,GRP_0087,/content/BSM-Project/data/augmented/train/Ilmenite/34__r0_f1.jpg,True,0,True,224,224,3,19742,003b94d0996dc3cffb763237413248c3e497a96158a4e5b8d01abf4803aa3e39
IMG_0087_r180_f0,train,Ilmenite,0,IMG_0087,/content/BSM-Project/data/raw/BSM/Ilmenite/34.jpg,GRP_0087,/content/BSM-Project/data/augmented/train/Ilmenite/34__r180_f0.jpg,True,180,False,224,224,3,19738,210e163331237493aa7217655936027822706ab90add218db5fb929ef567acaf
IMG_0087_r180_f1,train,Ilmenite,0,IMG_0087,/content/BSM-Project/data/raw/BSM/Ilmenite/34.jpg,GRP_0087,/content/BSM-Project/data/augmented/train/Ilmenite/34__r180_f1.jpg,True,180,True,224,224,3,19744,5527d08a8dccacbc1050ce9012527b281b0c154bf18e7bcf46b4d227a5294d76
IMG_0087_r270_f0,train,Ilmenite,0,IMG_0087,/content/BSM-Project/data/raw/BSM/Ilmenite/34.jpg,GRP_0087,/content/BSM-Project/data/augmented/train/Ilmenite/34__r270_f0.jpg,True,270,False,224,224,3,20643,6041f679d7e22b0f567cf01c4b6ace33f91e5f4d80bd4a6ba532de2686477855
IMG_0087_r270_f1,train,Ilmenite,0,IMG_0087,/content/BSM-Project/data/raw/BSM/Ilmenite/34.jpg,GRP_0087,/content/BSM-Project/data/augmented/train/Ilmenite/34__r270_f1.jpg,True,270,True,224,224,3,20594,cc3412ad2fbb8f821d61b27de50004c113127428c2315244ed4411db5463be83
IMG_0087_r30_f0,train,Ilmenite,0,IMG_0087,/content/BSM-Project/data/raw/BSM/Ilmenite/34.jpg,GRP_0087,/content/BSM-Project/data/augmented/train/Ilmenite/34__r30_f0.jpg,True,30,False,224,224,3,21827,0529eb2ed62f58c65bba89ff3e925381511440b5c7e3a82d32a8a43031a61aaf
IMG_0087_r30_f1,train,Ilmenite,0,IMG_0087,/content/BSM-Project/data/raw/BSM/Ilmenite/34.jpg,GRP_0087,/content/BSM-Project/data/augmented/train/Ilmenite/34__r30_f1.jpg,True,30,True,224,224,3,21851,4443a3bd8130d28b4ae6e7c9e53034708ce090bfbe8f82ec7ffb4a632f054d64
IMG_0087_r45_f0,train,Ilmenite,0,IMG_0087,/content/BSM-Project/data/raw/BSM/Ilmenite/34.jpg,GRP_0087,/content/BSM-Project/data/augmented/train/Ilmenite/34__r45_f0.jpg,True,45,False,224,224,3,21513,84d6d864686fca5e696abbfe90a02d70f973606c71bd4cbd36a90e0e0eacc032
IMG_0087_r45_f1,train,Ilmenite,0,IMG_0087,/content/BSM-Project/data/raw/BSM/Ilmenite/34.jpg,GRP_0087,/content/BSM-Project/data/augmented/train/Ilmenite/34__r45_f1.jpg,True,45,True,224,224,3,21551,3257fdfa521fb47ddc7ea3f560f203de589d101f39443974d3e055514010c7cf
IMG_0087_r90_f0,train,Ilmenite,0,IMG_0087,/content/BSM-Project/data/raw/BSM/Ilmenite/34.jpg,GRP_0087,/content/BSM-Project/data/augmented/train/Ilmenite/34__r90_f0.jpg,True,90,False,224,224,3,20600,182e5a22149bf1f633bfaacebc418c61af512d3e0c347290617e87987929e258
IMG_0087_r90_f1,train,Ilmenite,0,IMG_0087,/content/BSM-Project/data/raw/BSM/Ilmenite/34.jpg,GRP_0087,/content/BSM-Project/data/augmented/train/Ilmenite/34__r90_f1.jpg,True,90,True,224,224,3,20625,211ea5a58b72c5642f38809f69057a0d6e70b3cbcf1cba5276daf1c9d1ad211b
IMG_0088_r0_f0,train,Ilmenite,0,IMG_0088,/content/BSM-Project/data/raw/BSM/Ilmenite/35.jpg,GRP_0088,/content/BSM-Project/data/augmented/train/Ilmenite/35__r0_f0.jpg,True,0,False,224,224,3,22607,0a302ef85e2d719f056828cf1f49bb26a1ed503d628387d7c7d4e7ae631e5416
IMG_0088_r0_f1,train,Ilmenite,0,IMG_0088,/content/BSM-Project/data/raw/BSM/Ilmenite/35.jpg,GRP_0088,/content/BSM-Project/data/augmented/train/Ilmenite/35__r0_f1.jpg,True,0,True,224,224,3,22628,517d3dbe2c906583d2473e2d3277d661f7a0e432bab6135904eb778202f7d471
IMG_0088_r180_f0,train,Ilmenite,0,IMG_0088,/content/BSM-Project/data/raw/BSM/Ilmenite/35.jpg,GRP_0088,/content/BSM-Project/data/augmented/train/Ilmenite/35__r180_f0.jpg,True,180,False,224,224,3,22597,9e58defb5d7b313ff16e8d61d96bc9b3e8c5d2793eb5b05b5f85810e961af188
IMG_0088_r180_f1,train,Ilmenite,0,IMG_0088,/content/BSM-Project/data/raw/BSM/Ilmenite/35.jpg,GRP_0088,/content/BSM-Project/data/augmented/train/Ilmenite/35__r180_f1.jpg,True,180,True,224,224,3,22628,60f99d5aea167c9efabfbfd76a647f57cba2e47ff0815b072b3f3b0a6d3ea761
IMG_0088_r270_f0,train,Ilmenite,0,IMG_0088,/content/BSM-Project/data/raw/BSM/Ilmenite/35.jpg,GRP_0088,/content/BSM-Project/data/augmented/train/Ilmenite/35__r270_f0.jpg,True,270,False,224,224,3,17432,aba14e8fe5996a8ac3a9a27384bbcda83eff5198f2467d5e945ce089d7d0f1f8
IMG_0088_r270_f1,train,Ilmenite,0,IMG_0088,/content/BSM-Project/data/raw/BSM/Ilmenite/35.jpg,GRP_0088,/content/BSM-Project/data/augmented/train/Ilmenite/35__r270_f1.jpg,True,270,True,224,224,3,17442,b6d4178392dc78ee81d0348c988ce59e359541cb1aee420b76321d64dca2de28
IMG_0088_r30_f0,train,Ilmenite,0,IMG_0088,/content/BSM-Project/data/raw/BSM/Ilmenite/35.jpg,GRP_0088,/content/BSM-Project/data/augmented/train/Ilmenite/35__r30_f0.jpg,True,30,False,224,224,3,23452,c9e5e09ad4e27c231a031f8b703a450ac1df6175786887585a124f93367a7936
IMG_0088_r30_f1,train,Ilmenite,0,IMG_0088,/content/BSM-Project/data/raw/BSM/Ilmenite/35.jpg,GRP_0088,/content/BSM-Project/data/augmented/train/Ilmenite/35__r30_f1.jpg,True,30,True,224,224,3,23506,07a5c0cf5a2a9419085991d83856be5d012d18b6be59465e03e9e4bd38468b0a
IMG_0088_r45_f0,train,Ilmenite,0,IMG_0088,/content/BSM-Project/data/raw/BSM/Ilmenite/35.jpg,GRP_0088,/content/BSM-Project/data/augmented/train/Ilmenite/35__r45_f0.jpg,True,45,False,224,224,3,22241,cbeeecc275ed6d0a7904423b695f9ec90c9643fb4cb38586705342f08f1a30a9
IMG_0088_r45_f1,train,Ilmenite,0,IMG_0088,/content/BSM-Project/data/raw/BSM/Ilmenite/35.jpg,GRP_0088,/content/BSM-Project/data/augmented/train/Ilmenite/35__r45_f1.jpg,True,45,True,224,224,3,22250,78b511442b08a61c2a724bf1df52e02399333a78b948f21020d055d408cb7a05
IMG_0088_r90_f0,train,Ilmenite,0,IMG_0088,/content/BSM-Project/data/raw/BSM/Ilmenite/35.jpg,GRP_0088,/content/BSM-Project/data/augmented/train/Ilmenite/35__r90_f0.jpg,True,90,False,224,224,3,17458,b6c4e19e8c873abc50759b821bf50698114694b804f927bc9737fe0d31ad9f17
IMG_0088_r90_f1,train,Ilmenite,0,IMG_0088,/content/BSM-Project/data/raw/BSM/Ilmenite/35.jpg,GRP_0088,/content/BSM-Project/data/augmented/train/Ilmenite/35__r90_f1.jpg,True,90,True,224,224,3,17421,196175f5a0f7fd69b70b04eac32d4bb1318a00c41e83427935d0dcfa4539751f
IMG_0090_r0_f0,train,Ilmenite,0,IMG_0090,/content/BSM-Project/data/raw/BSM/Ilmenite/37.jpg,GRP_0090,/content/BSM-Project/data/augmented/train/Ilmenite/37__r0_f0.jpg,True,0,False,224,224,3,20272,a6138bb0cf25e05520d51cc12a9ae370d54491ab221af66093d1459d9e2a39e3
IMG_0090_r0_f1,train,Ilmenite,0,IMG_0090,/content/BSM-Project/data/raw/BSM/Ilmenite/37.jpg,GRP_0090,/content/BSM-Project/data/augmented/train/Ilmenite/37__r0_f1.jpg,True,0,True,224,224,3,20272,cbbf1516574a6c579d29df1ff6c2dd51366d9f9d8a756b4dbd8b138d30dec692
IMG_0090_r180_f0,train,Ilmenite,0,IMG_0090,/content/BSM-Project/data/raw/BSM/Ilmenite/37.jpg,GRP_0090,/content/BSM-Project/data/augmented/train/Ilmenite/37__r180_f0.jpg,True,180,False,224,224,3,20251,e324ae14d43c3215cb59fb4f14c7e24bff287f3920aacffcd627514b71b7e6b7
IMG_0090_r180_f1,train,Ilmenite,0,IMG_0090,/content/BSM-Project/data/raw/BSM/Ilmenite/37.jpg,GRP_0090,/content/BSM-Project/data/augmented/train/Ilmenite/37__r180_f1.jpg,True,180,True,224,224,3,20267,162f06eb23851296f658278e5ea3de625333b761db07eeb01d0b43a703dff619
IMG_0090_r270_f0,train,Ilmenite,0,IMG_0090,/content/BSM-Project/data/raw/BSM/Ilmenite/37.jpg,GRP_0090,/content/BSM-Project/data/augmented/train/Ilmenite/37__r270_f0.jpg,True,270,False,224,224,3,18965,7f9ad7fc0a80cc8295ef6545a9defb43638419621a91d284536bdc9c372ef223
IMG_0090_r270_f1,train,Ilmenite,0,IMG_0090,/content/BSM-Project/data/raw/BSM/Ilmenite/37.jpg,GRP_0090,/content/BSM-Project/data/augmented/train/Ilmenite/37__r270_f1.jpg,True,270,True,224,224,3,18965,b10f86a41d996af09cbf9c07f29936c074d3c0f2eb903861cb16ba8c74ae23fe
IMG_0090_r30_f0,train,Ilmenite,0,IMG_0090,/content/BSM-Project/data/raw/BSM/Ilmenite/37.jpg,GRP_0090,/content/BSM-Project/data/augmented/train/Ilmenite/37__r30_f0.jpg,True,30,False,224,224,3,21852,201190d94782d7b4cb9439e8ba04d74688e155275dd899532a197f2c8ca62a38
IMG_0090_r30_f1,train,Ilmenite,0,IMG_0090,/content/BSM-Project/data/raw/BSM/Ilmenite/37.jpg,GRP_0090,/content/BSM-Project/data/augmented/train/Ilmenite/37__r30_f1.jpg,True,30,True,224,224,3,21832,9c1cdee8979a62798f31b94518bc6b4940433084eaa873dab807ba53801557a1
IMG_0090_r45_f0,train,Ilmenite,0,IMG_0090,/content/BSM-Project/data/raw/BSM/Ilmenite/37.jpg,GRP_0090,/content/BSM-Project/data/augmented/train/Ilmenite/37__r45_f0.jpg,True,45,False,224,224,3,21749,57a8014b01aec19e15f79531c7a705519a0fea8d4c576699ae567c4bedcceb0e
IMG_0090_r45_f1,train,Ilmenite,0,IMG_0090,/content/BSM-Project/data/raw/BSM/Ilmenite/37.jpg,GRP_0090,/content/BSM-Project/data/augmented/train/Ilmenite/37__r45_f1.jpg,True,45,True,224,224,3,21710,7e25a70948e0a0171b3e2d4f91ec04194efac2e2fcf1194638cbe4570fe12709
IMG_0090_r90_f0,train,Ilmenite,0,IMG_0090,/content/BSM-Project/data/raw/BSM/Ilmenite/37.jpg,GRP_0090,/content/BSM-Project/data/augmented/train/Ilmenite/37__r90_f0.jpg,True,90,False,224,224,3,18987,a81f90615213138475b5a78163cd70d45761849ea04d1e5ed9cba04e6ba92449
IMG_0090_r90_f1,train,Ilmenite,0,IMG_0090,/content/BSM-Project/data/raw/BSM/Ilmenite/37.jpg,GRP_0090,/content/BSM-Project/data/augmented/train/Ilmenite/37__r90_f1.jpg,True,90,True,224,224,3,18971,23ad043e89eb70917dfbebf23a00231b6d8f3acf71bd6698e4b50facfe7ad69c
IMG_0093_r0_f0,train,Ilmenite,0,IMG_0093,/content/BSM-Project/data/raw/BSM/Ilmenite/4.jpg,GRP_0093,/content/BSM-Project/data/augmented/train/Ilmenite/4__r0_f0.jpg,True,0,False,224,224,3,18485,7e9a9066db406b1c07626d667d8ff8a6e571547431feb4cb9b22a7ca18b0c07f
IMG_0093_r0_f1,train,Ilmenite,0,IMG_0093,/content/BSM-Project/data/raw/BSM/Ilmenite/4.jpg,GRP_0093,/content/BSM-Project/data/augmented/train/Ilmenite/4__r0_f1.jpg,True,0,True,224,224,3,18475,b2431fe2b332a981b043f13861e54637186d036242f177b7b90d6ca61b32526b
IMG_0093_r180_f0,train,Ilmenite,0,IMG_0093,/content/BSM-Project/data/raw/BSM/Ilmenite/4.jpg,GRP_0093,/content/BSM-Project/data/augmented/train/Ilmenite/4__r180_f0.jpg,True,180,False,224,224,3,18493,4ac9e0954a4579ab0fdc0bdcbedc266e243b14b29953455c5b0d1e5851bc5e0a
IMG_0093_r180_f1,train,Ilmenite,0,IMG_0093,/content/BSM-Project/data/raw/BSM/Ilmenite/4.jpg,GRP_0093,/content/BSM-Project/data/augmented/train/Ilmenite/4__r180_f1.jpg,True,180,True,224,224,3,18474,fc4504165103e31bf4715fc1f9ed37a6d3276fd5b846b3369f8e9da97e9ced53
IMG_0093_r270_f0,train,Ilmenite,0,IMG_0093,/content/BSM-Project/data/raw/BSM/Ilmenite/4.jpg,GRP_0093,/content/BSM-Project/data/augmented/train/Ilmenite/4__r270_f0.jpg,True,270,False,224,224,3,15221,34277e71adca31fb26fbb441b74254ce1313f52c11aea33679ae7747436aa83b
IMG_0093_r270_f1,train,Ilmenite,0,IMG_0093,/content/BSM-Project/data/raw/BSM/Ilmenite/4.jpg,GRP_0093,/content/BSM-Project/data/augmented/train/Ilmenite/4__r270_f1.jpg,True,270,True,224,224,3,15227,ac3ede7e363d2e26f6543666195cb2cfdd2ed8b10a48d66f97860f7399e7f5f9
IMG_0093_r30_f0,train,Ilmenite,0,IMG_0093,/content/BSM-Project/data/raw/BSM/Ilmenite/4.jpg,GRP_0093,/content/BSM-Project/data/augmented/train/Ilmenite/4__r30_f0.jpg,True,30,False,224,224,3,18302,1027d8c9e38e5aaee8b28b76625dd877455ded0c47f837b315b50aae7e6cc618
IMG_0093_r30_f1,train,Ilmenite,0,IMG_0093,/content/BSM-Project/data/raw/BSM/Ilmenite/4.jpg,GRP_0093,/content/BSM-Project/data/augmented/train/Ilmenite/4__r30_f1.jpg,True,30,True,224,224,3,18352,248641589228651f3c4dfdce5f2d942098bd2c43e7d765d65814b1dec9e0c238
IMG_0093_r45_f0,train,Ilmenite,0,IMG_0093,/content/BSM-Project/data/raw/BSM/Ilmenite/4.jpg,GRP_0093,/content/BSM-Project/data/augmented/train/Ilmenite/4__r45_f0.jpg,True,45,False,224,224,3,17864,8e4ff8c2a46d98e51ac26dc0916c48f563dce355a48a19389aeebd19867e0970
IMG_0093_r45_f1,train,Ilmenite,0,IMG_0093,/content/BSM-Project/data/raw/BSM/Ilmenite/4.jpg,GRP_0093,/content/BSM-Project/data/augmented/train/Ilmenite/4__r45_f1.jpg,True,45,True,224,224,3,17910,12391103d43ff90c1e8e3f0ff04e2280dd53a5243bd3a3748dcd5c6b88628412
IMG_0093_r90_f0,train,Ilmenite,0,IMG_0093,/content/BSM-Project/data/raw/BSM/Ilmenite/4.jpg,GRP_0093,/content/BSM-Project/data/augmented/train/Ilmenite/4__r90_f0.jpg,True,90,False,224,224,3,15222,7323e16dc9f5b1d8ac851f9d92fd68ea77cda5809d0a7b34ffc59bd6cf0eed6b
IMG_0093_r90_f1,train,Ilmenite,0,IMG_0093,/content/BSM-Project/data/raw/BSM/Ilmenite/4.jpg,GRP_0093,/content/BSM-Project/data/augmented/train/Ilmenite/4__r90_f1.jpg,True,90,True,224,224,3,15230,99ad4c546af509c587293cdfcc97615ebb384295dc2288b0d4f2af9dfd92b5e6
IMG_0094_r0_f0,train,Ilmenite,0,IMG_0094,/content/BSM-Project/data/raw/BSM/Ilmenite/40.jpg,GRP_0094,/content/BSM-Project/data/augmented/train/Ilmenite/40__r0_f0.jpg,True,0,False,224,224,3,17156,cc8ff06e5cf2245f5ae4e158179c565eb900c4e58a859d64129e04493a2b6d68
IMG_0094_r0_f1,train,Ilmenite,0,IMG_0094,/content/BSM-Project/data/raw/BSM/Ilmenite/40.jpg,GRP_0094,/content/BSM-Project/data/augmented/train/Ilmenite/40__r0_f1.jpg,True,0,True,224,224,3,17165,803853967394ccd4b0dbea87ff0cd0eaa1b51e3c21e3be5fe8376afd937b9623
IMG_0094_r180_f0,train,Ilmenite,0,IMG_0094,/content/BSM-Project/data/raw/BSM/Ilmenite/40.jpg,GRP_0094,/content/BSM-Project/data/augmented/train/Ilmenite/40__r180_f0.jpg,True,180,False,224,224,3,17155,e1a4e8c70bebb1d45558978981d5d2126b5b7124bbeebe45f693824f5bf7d071
IMG_0094_r180_f1,train,Ilmenite,0,IMG_0094,/content/BSM-Project/data/raw/BSM/Ilmenite/40.jpg,GRP_0094,/content/BSM-Project/data/augmented/train/Ilmenite/40__r180_f1.jpg,True,180,True,224,224,3,17156,8e5f2b5140f25669f47b58a007f469b62efedd6579df24817a4fcee1c07e6758
IMG_0094_r270_f0,train,Ilmenite,0,IMG_0094,/content/BSM-Project/data/raw/BSM/Ilmenite/40.jpg,GRP_0094,/content/BSM-Project/data/augmented/train/Ilmenite/40__r270_f0.jpg,True,270,False,224,224,3,16401,4cb88635076d0cc3d8a02971918d6d656d69809ff6f3d3d9698987540b5c92cb
IMG_0094_r270_f1,train,Ilmenite,0,IMG_0094,/content/BSM-Project/data/raw/BSM/Ilmenite/40.jpg,GRP_0094,/content/BSM-Project/data/augmented/train/Ilmenite/40__r270_f1.jpg,True,270,True,224,224,3,16420,2f885b62b0d1e3bb3a8aa78703e37abda352b60f0dcb70402910cb3f0645dca9
IMG_0094_r30_f0,train,Ilmenite,0,IMG_0094,/content/BSM-Project/data/raw/BSM/Ilmenite/40.jpg,GRP_0094,/content/BSM-Project/data/augmented/train/Ilmenite/40__r30_f0.jpg,True,30,False,224,224,3,19661,85e595f87e971f159263fb7eecf136c31a18ee0413bd791efe3484fb2f6545b4
IMG_0094_r30_f1,train,Ilmenite,0,IMG_0094,/content/BSM-Project/data/raw/BSM/Ilmenite/40.jpg,GRP_0094,/content/BSM-Project/data/augmented/train/Ilmenite/40__r30_f1.jpg,True,30,True,224,224,3,19666,b18c2c66ea7d64cf06002fc33313a7b390e1a80c2684363053158ecee425efa1
IMG_0094_r45_f0,train,Ilmenite,0,IMG_0094,/content/BSM-Project/data/raw/BSM/Ilmenite/40.jpg,GRP_0094,/content/BSM-Project/data/augmented/train/Ilmenite/40__r45_f0.jpg,True,45,False,224,224,3,19114,8f545d0fa9ac13e3238d19b49096fbef6b41a89a268b1cde4e72de7b949c2f7d
IMG_0094_r45_f1,train,Ilmenite,0,IMG_0094,/content/BSM-Project/data/raw/BSM/Ilmenite/40.jpg,GRP_0094,/content/BSM-Project/data/augmented/train/Ilmenite/40__r45_f1.jpg,True,45,True,224,224,3,19170,574517f442f43baa08783f5e526f40c8a678020b026affc532e68a3681f5cb70
IMG_0094_r90_f0,train,Ilmenite,0,IMG_0094,/content/BSM-Project/data/raw/BSM/Ilmenite/40.jpg,GRP_0094,/content/BSM-Project/data/augmented/train/Ilmenite/40__r90_f0.jpg,True,90,False,224,224,3,16441,fb257146cceeee23b9c33bb987dac439e0960d68cbbdc01386d232c7a5a66644
IMG_0094_r90_f1,train,Ilmenite,0,IMG_0094,/content/BSM-Project/data/raw/BSM/Ilmenite/40.jpg,GRP_0094,/content/BSM-Project/data/augmented/train/Ilmenite/40__r90_f1.jpg,True,90,True,224,224,3,16380,19d32ccc74d649cae8ef7dce2d6850482a0751845d6d34db611fe5324f5d9b67
IMG_0096_r0_f0,train,Ilmenite,0,IMG_0096,/content/BSM-Project/data/raw/BSM/Ilmenite/42.jpg,GRP_0096,/content/BSM-Project/data/augmented/train/Ilmenite/42__r0_f0.jpg,True,0,False,224,224,3,19714,f16e3aa5e6311eef53191d88d1204479d718972661b654a45dc4e56f664f007a
IMG_0096_r0_f1,train,Ilmenite,0,IMG_0096,/content/BSM-Project/data/raw/BSM/Ilmenite/42.jpg,GRP_0096,/content/BSM-Project/data/augmented/train/Ilmenite/42__r0_f1.jpg,True,0,True,224,224,3,19720,0ad510e4b8a8cc2d9d6f1e97a481345021a2a10bd8b7350badedf812c1ac5402
IMG_0096_r180_f0,train,Ilmenite,0,IMG_0096,/content/BSM-Project/data/raw/BSM/Ilmenite/42.jpg,GRP_0096,/content/BSM-Project/data/augmented/train/Ilmenite/42__r180_f0.jpg,True,180,False,224,224,3,19707,43c2052a07c57842d45efd411d482f15f303f65b94ec1e6eb580f5663c5e7816
IMG_0096_r180_f1,train,Ilmenite,0,IMG_0096,/content/BSM-Project/data/raw/BSM/Ilmenite/42.jpg,GRP_0096,/content/BSM-Project/data/augmented/train/Ilmenite/42__r180_f1.jpg,True,180,True,224,224,3,19733,c532658ac9a0b151d984315506bc87e7de5dafb01d9d34821d8876856ec349b3
IMG_0096_r270_f0,train,Ilmenite,0,IMG_0096,/content/BSM-Project/data/raw/BSM/Ilmenite/42.jpg,GRP_0096,/content/BSM-Project/data/augmented/train/Ilmenite/42__r270_f0.jpg,True,270,False,224,224,3,16680,19d5abc36c5c1f8911354b0fd2511bdaf703361e1b61f447954c4f6f886d5211
IMG_0096_r270_f1,train,Ilmenite,0,IMG_0096,/content/BSM-Project/data/raw/BSM/Ilmenite/42.jpg,GRP_0096,/content/BSM-Project/data/augmented/train/Ilmenite/42__r270_f1.jpg,True,270,True,224,224,3,16686,ac5e9503d2dc5bea362b3d40e3e370af7cbe062dfe662021311d74bd82099047
IMG_0096_r30_f0,train,Ilmenite,0,IMG_0096,/content/BSM-Project/data/raw/BSM/Ilmenite/42.jpg,GRP_0096,/content/BSM-Project/data/augmented/train/Ilmenite/42__r30_f0.jpg,True,30,False,224,224,3,19517,0c67ca7496cba2295ca3dee3ff879347f215a94543227b8794ff7d334ea4933d
IMG_0096_r30_f1,train,Ilmenite,0,IMG_0096,/content/BSM-Project/data/raw/BSM/Ilmenite/42.jpg,GRP_0096,/content/BSM-Project/data/augmented/train/Ilmenite/42__r30_f1.jpg,True,30,True,224,224,3,19510,c14711b661ea866abf91b33b138463c3098f755ac547a47f215d0b74011a63aa
IMG_0096_r45_f0,train,Ilmenite,0,IMG_0096,/content/BSM-Project/data/raw/BSM/Ilmenite/42.jpg,GRP_0096,/content/BSM-Project/data/augmented/train/Ilmenite/42__r45_f0.jpg,True,45,False,224,224,3,19079,08ff50fff2cfae714028fbafb3e2063d961b06a5b9b352906539107ceb5e77ed
IMG_0096_r45_f1,train,Ilmenite,0,IMG_0096,/content/BSM-Project/data/raw/BSM/Ilmenite/42.jpg,GRP_0096,/content/BSM-Project/data/augmented/train/Ilmenite/42__r45_f1.jpg,True,45,True,224,224,3,19088,a12264ff868f4dd89c979aca9da29ac2926330bbe7fd434449b171a468090313
IMG_0096_r90_f0,train,Ilmenite,0,IMG_0096,/content/BSM-Project/data/raw/BSM/Ilmenite/42.jpg,GRP_0096,/content/BSM-Project/data/augmented/train/Ilmenite/42__r90_f0.jpg,True,90,False,224,224,3,16685,a9f3c8f9b879d4f4f3044d6b7216be8e7505ae4c07127ffd2680aa12fc85d11d
IMG_0096_r90_f1,train,Ilmenite,0,IMG_0096,/content/BSM-Project/data/raw/BSM/Ilmenite/42.jpg,GRP_0096,/content/BSM-Project/data/augmented/train/Ilmenite/42__r90_f1.jpg,True,90,True,224,224,3,16696,fde2c03e880e7d05283383012c6f6f48827f44de1a8baacefa288c8ba0d3618c
IMG_0097_r0_f0,train,Ilmenite,0,IMG_0097,/content/BSM-Project/data/raw/BSM/Ilmenite/43.jpg,GRP_0097,/content/BSM-Project/data/augmented/train/Ilmenite/43__r0_f0.jpg,True,0,False,224,224,3,16795,94fc366e27d4771a2e39ce27568142fcf5b769c2e4d488fc8967e2e9ab5df35e
IMG_0097_r0_f1,train,Ilmenite,0,IMG_0097,/content/BSM-Project/data/raw/BSM/Ilmenite/43.jpg,GRP_0097,/content/BSM-Project/data/augmented/train/Ilmenite/43__r0_f1.jpg,True,0,True,224,224,3,16800,82f3da41a495618a0950acc31eb4b49ec150f0ed6081cf1f3f7c2f87dbe06f84
IMG_0097_r180_f0,train,Ilmenite,0,IMG_0097,/content/BSM-Project/data/raw/BSM/Ilmenite/43.jpg,GRP_0097,/content/BSM-Project/data/augmented/train/Ilmenite/43__r180_f0.jpg,True,180,False,224,224,3,16813,0efc17386aec92e6839198f8d65a08e6d8fa2bc52b76d2f5bff61a7667e7d813
IMG_0097_r180_f1,train,Ilmenite,0,IMG_0097,/content/BSM-Project/data/raw/BSM/Ilmenite/43.jpg,GRP_0097,/content/BSM-Project/data/augmented/train/Ilmenite/43__r180_f1.jpg,True,180,True,224,224,3,16786,d857616095fa89484638af73d3a077bc9c75ae7853f80f3bb781bd30ca549176
IMG_0097_r270_f0,train,Ilmenite,0,IMG_0097,/content/BSM-Project/data/raw/BSM/Ilmenite/43.jpg,GRP_0097,/content/BSM-Project/data/augmented/train/Ilmenite/43__r270_f0.jpg,True,270,False,224,224,3,16039,df176233f8bea83b64f7ffeebca829bbc87497a5d3c372206f992415df5d9289
IMG_0097_r270_f1,train,Ilmenite,0,IMG_0097,/content/BSM-Project/data/raw/BSM/Ilmenite/43.jpg,GRP_0097,/content/BSM-Project/data/augmented/train/Ilmenite/43__r270_f1.jpg,True,270,True,224,224,3,16018,6023a0b731079e0cf992cd3601c20236f34b5904431ce031a25d796aa3b48bf7
IMG_0097_r30_f0,train,Ilmenite,0,IMG_0097,/content/BSM-Project/data/raw/BSM/Ilmenite/43.jpg,GRP_0097,/content/BSM-Project/data/augmented/train/Ilmenite/43__r30_f0.jpg,True,30,False,224,224,3,19065,8d7bba7882185cb5287eca72e3709fe742a92c427d4f7588209f0b485d882a0a
IMG_0097_r30_f1,train,Ilmenite,0,IMG_0097,/content/BSM-Project/data/raw/BSM/Ilmenite/43.jpg,GRP_0097,/content/BSM-Project/data/augmented/train/Ilmenite/43__r30_f1.jpg,True,30,True,224,224,3,19077,3d9a17f9afd3ecf81056154c7eadf0ba264f8852db582c95e3bde0ee289c639e
IMG_0097_r45_f0,train,Ilmenite,0,IMG_0097,/content/BSM-Project/data/raw/BSM/Ilmenite/43.jpg,GRP_0097,/content/BSM-Project/data/augmented/train/Ilmenite/43__r45_f0.jpg,True,45,False,224,224,3,18838,b02d299e46e1c0fd85d53a0eea77526804487b3b0448755057f90f7af19b7b41
IMG_0097_r45_f1,train,Ilmenite,0,IMG_0097,/content/BSM-Project/data/raw/BSM/Ilmenite/43.jpg,GRP_0097,/content/BSM-Project/data/augmented/train/Ilmenite/43__r45_f1.jpg,True,45,True,224,224,3,18864,49a7097607981adfdc506c26964bc07479fa7b3124561ffacd45bfa33603e18a
IMG_0097_r90_f0,train,Ilmenite,0,IMG_0097,/content/BSM-Project/data/raw/BSM/Ilmenite/43.jpg,GRP_0097,/content/BSM-Project/data/augmented/train/Ilmenite/43__r90_f0.jpg,True,90,False,224,224,3,16028,4584b971a43d825cdd43de992e98f47b8a7bc40f058ed3077f3cf7ca52013a04
IMG_0097_r90_f1,train,Ilmenite,0,IMG_0097,/content/BSM-Project/data/raw/BSM/Ilmenite/43.jpg,GRP_0097,/content/BSM-Project/data/augmented/train/Ilmenite/43__r90_f1.jpg,True,90,True,224,224,3,16030,cebc253fc87b5fca9189bb7a6a0e2d74ed7e469afd9eda954812f9f77b7be9a5
IMG_0098_r0_f0,train,Ilmenite,0,IMG_0098,/content/BSM-Project/data/raw/BSM/Ilmenite/44.jpg,GRP_0098,/content/BSM-Project/data/augmented/train/Ilmenite/44__r0_f0.jpg,True,0,False,224,224,3,23880,bba4dacb5381d422f87273b916259d753d733b7e0f5f28c0f3e68defa219cfd6
IMG_0098_r0_f1,train,Ilmenite,0,IMG_0098,/content/BSM-Project/data/raw/BSM/Ilmenite/44.jpg,GRP_0098,/content/BSM-Project/data/augmented/train/Ilmenite/44__r0_f1.jpg,True,0,True,224,224,3,23935,1bffec11a27ebaa21f60074a469b4ac93d6fed607127e8a5e9e81b3415d8f3dc
IMG_0098_r180_f0,train,Ilmenite,0,IMG_0098,/content/BSM-Project/data/raw/BSM/Ilmenite/44.jpg,GRP_0098,/content/BSM-Project/data/augmented/train/Ilmenite/44__r180_f0.jpg,True,180,False,224,224,3,23913,3bfbacadb1c8e8d1b0b8b004f7c7db39b767cf3f4021a74fffcbf65c0ce20797
IMG_0098_r180_f1,train,Ilmenite,0,IMG_0098,/content/BSM-Project/data/raw/BSM/Ilmenite/44.jpg,GRP_0098,/content/BSM-Project/data/augmented/train/Ilmenite/44__r180_f1.jpg,True,180,True,224,224,3,23927,d2392fc11098f34d6badcfaff2fb188f985299b209345c396ca860aeb45b53ad
IMG_0098_r270_f0,train,Ilmenite,0,IMG_0098,/content/BSM-Project/data/raw/BSM/Ilmenite/44.jpg,GRP_0098,/content/BSM-Project/data/augmented/train/Ilmenite/44__r270_f0.jpg,True,270,False,224,224,3,18326,2933f53a413a450f2228db4d5a5eb993d22ae9b7876a0568762841712f23edc9
IMG_0098_r270_f1,train,Ilmenite,0,IMG_0098,/content/BSM-Project/data/raw/BSM/Ilmenite/44.jpg,GRP_0098,/content/BSM-Project/data/augmented/train/Ilmenite/44__r270_f1.jpg,True,270,True,224,224,3,18300,d02753e72cdfebb02d4a75800798882fa995ffafd3b94b413d942157e3a9bee8
IMG_0098_r30_f0,train,Ilmenite,0,IMG_0098,/content/BSM-Project/data/raw/BSM/Ilmenite/44.jpg,GRP_0098,/content/BSM-Project/data/augmented/train/Ilmenite/44__r30_f0.jpg,True,30,False,224,224,3,21296,daf5a8b9efdfe3fd92523d6f5465a59e55264def2daa32c4add63a4b0860ca81
IMG_0098_r30_f1,train,Ilmenite,0,IMG_0098,/content/BSM-Project/data/raw/BSM/Ilmenite/44.jpg,GRP_0098,/content/BSM-Project/data/augmented/train/Ilmenite/44__r30_f1.jpg,True,30,True,224,224,3,21325,9edf27892faef7db595857219f87979fd9d053afa22d5d51d1eba881cc083fce
IMG_0098_r45_f0,train,Ilmenite,0,IMG_0098,/content/BSM-Project/data/raw/BSM/Ilmenite/44.jpg,GRP_0098,/content/BSM-Project/data/augmented/train/Ilmenite/44__r45_f0.jpg,True,45,False,224,224,3,20046,40dbb96436556e8f3cfa67328e44f762e7b02b5d9f09292189cc9f237e1ed1cc
IMG_0098_r45_f1,train,Ilmenite,0,IMG_0098,/content/BSM-Project/data/raw/BSM/Ilmenite/44.jpg,GRP_0098,/content/BSM-Project/data/augmented/train/Ilmenite/44__r45_f1.jpg,True,45,True,224,224,3,20082,6ec6dc36e5e2f9c083747b7df46e1a0f8217969690b204a6c292638ff9dbc625
IMG_0098_r90_f0,train,Ilmenite,0,IMG_0098,/content/BSM-Project/data/raw/BSM/Ilmenite/44.jpg,GRP_0098,/content/BSM-Project/data/augmented/train/Ilmenite/44__r90_f0.jpg,True,90,False,224,224,3,18326,561962a97e2bfc03e8c3d06fb723edc9b77716ca2fd5d1d227b81f275fe9960e
IMG_0098_r90_f1,train,Ilmenite,0,IMG_0098,/content/BSM-Project/data/raw/BSM/Ilmenite/44.jpg,GRP_0098,/content/BSM-Project/data/augmented/train/Ilmenite/44__r90_f1.jpg,True,90,True,224,224,3,18284,3da52fb101effd9bb361f3a3e2fa338e62cb0ec98fcbc21aa6403d6556cf21af
IMG_0099_r0_f0,train,Ilmenite,0,IMG_0099,/content/BSM-Project/data/raw/BSM/Ilmenite/45.jpg,GRP_0099,/content/BSM-Project/data/augmented/train/Ilmenite/45__r0_f0.jpg,True,0,False,224,224,3,22794,a58b7202c25401b26113201d8520bf37577b91aca37cf09cb5228d79522d814b
IMG_0099_r0_f1,train,Ilmenite,0,IMG_0099,/content/BSM-Project/data/raw/BSM/Ilmenite/45.jpg,GRP_0099,/content/BSM-Project/data/augmented/train/Ilmenite/45__r0_f1.jpg,True,0,True,224,224,3,22787,2331b086ad095593cf6796dc009be29e68f5469d235ff3338a771fa025632ad9
IMG_0099_r180_f0,train,Ilmenite,0,IMG_0099,/content/BSM-Project/data/raw/BSM/Ilmenite/45.jpg,GRP_0099,/content/BSM-Project/data/augmented/train/Ilmenite/45__r180_f0.jpg,True,180,False,224,224,3,22800,588481f5d7ebcecbfad7c9497f3151f5b7cfcc0e3858ed21df59d1be9d76d904
IMG_0099_r180_f1,train,Ilmenite,0,IMG_0099,/content/BSM-Project/data/raw/BSM/Ilmenite/45.jpg,GRP_0099,/content/BSM-Project/data/augmented/train/Ilmenite/45__r180_f1.jpg,True,180,True,224,224,3,22807,015f2a7338c627c047a7ca45c4f862ec61449c37d5505cacbbddeb755f1dfcd1
IMG_0099_r270_f0,train,Ilmenite,0,IMG_0099,/content/BSM-Project/data/raw/BSM/Ilmenite/45.jpg,GRP_0099,/content/BSM-Project/data/augmented/train/Ilmenite/45__r270_f0.jpg,True,270,False,224,224,3,18303,4f9092db07665a4a30f3dc13beef0b6f7df8eafb3a60d4116341f9f62607d45c
IMG_0099_r270_f1,train,Ilmenite,0,IMG_0099,/content/BSM-Project/data/raw/BSM/Ilmenite/45.jpg,GRP_0099,/content/BSM-Project/data/augmented/train/Ilmenite/45__r270_f1.jpg,True,270,True,224,224,3,18298,b5dc4bb982d4c88a9228980b56d88d8471e0e74d48fe5591a848068221df4cd5
IMG_0099_r30_f0,train,Ilmenite,0,IMG_0099,/content/BSM-Project/data/raw/BSM/Ilmenite/45.jpg,GRP_0099,/content/BSM-Project/data/augmented/train/Ilmenite/45__r30_f0.jpg,True,30,False,224,224,3,22310,6029d9cbade354a93a7463925277359fe7e3ecd0f55ba453f4746429f707d744
IMG_0099_r30_f1,train,Ilmenite,0,IMG_0099,/content/BSM-Project/data/raw/BSM/Ilmenite/45.jpg,GRP_0099,/content/BSM-Project/data/augmented/train/Ilmenite/45__r30_f1.jpg,True,30,True,224,224,3,22310,16a67d79e1d2962e41d27cba530ab38e851b1e40e2180fe7e782c3a9a3f16ba8
IMG_0099_r45_f0,train,Ilmenite,0,IMG_0099,/content/BSM-Project/data/raw/BSM/Ilmenite/45.jpg,GRP_0099,/content/BSM-Project/data/augmented/train/Ilmenite/45__r45_f0.jpg,True,45,False,224,224,3,21649,d4a12205456a4c926b8724ded4d2035fbeb0ad4560f178c2b0e966df0a6b79a9
IMG_0099_r45_f1,train,Ilmenite,0,IMG_0099,/content/BSM-Project/data/raw/BSM/Ilmenite/45.jpg,GRP_0099,/content/BSM-Project/data/augmented/train/Ilmenite/45__r45_f1.jpg,True,45,True,224,224,3,21695,0d05794f51ff3ddb68adb674e9d6e11a08373cadf8d120165abde7a5ffd87653
IMG_0099_r90_f0,train,Ilmenite,0,IMG_0099,/content/BSM-Project/data/raw/BSM/Ilmenite/45.jpg,GRP_0099,/content/BSM-Project/data/augmented/train/Ilmenite/45__r90_f0.jpg,True,90,False,224,224,3,18281,f8af03b3524f3204549ae09079d660049680ebd380dd3fa3ee0ada298532351a
IMG_0099_r90_f1,train,Ilmenite,0,IMG_0099,/content/BSM-Project/data/raw/BSM/Ilmenite/45.jpg,GRP_0099,/content/BSM-Project/data/augmented/train/Ilmenite/45__r90_f1.jpg,True,90,True,224,224,3,18302,a0b0d524a9a2993dbac918d29cbf4e514c93f430a196444a759a84b2b36b48a8
IMG_0100_r0_f0,train,Ilmenite,0,IMG_0100,/content/BSM-Project/data/raw/BSM/Ilmenite/46.jpg,GRP_0100,/content/BSM-Project/data/augmented/train/Ilmenite/46__r0_f0.jpg,True,0,False,224,224,3,19942,722344e31e6de3aeafea68d3483cac21372865d21007a16204b0780686bf0301
IMG_0100_r0_f1,train,Ilmenite,0,IMG_0100,/content/BSM-Project/data/raw/BSM/Ilmenite/46.jpg,GRP_0100,/content/BSM-Project/data/augmented/train/Ilmenite/46__r0_f1.jpg,True,0,True,224,224,3,19924,4cd8f10fd5e3da34230a8030781409aedf63bb9178b7835d025adac286527462
IMG_0100_r180_f0,train,Ilmenite,0,IMG_0100,/content/BSM-Project/data/raw/BSM/Ilmenite/46.jpg,GRP_0100,/content/BSM-Project/data/augmented/train/Ilmenite/46__r180_f0.jpg,True,180,False,224,224,3,19932,d32c07652268f3f384dd6577f970948c9b9d6f5f517c14e07a402a4aef50b9bb
IMG_0100_r180_f1,train,Ilmenite,0,IMG_0100,/content/BSM-Project/data/raw/BSM/Ilmenite/46.jpg,GRP_0100,/content/BSM-Project/data/augmented/train/Ilmenite/46__r180_f1.jpg,True,180,True,224,224,3,19928,e8889c16ab08830cacc1ac5f3d60363efd0d9f53da12aeb94b570423d760e234
IMG_0100_r270_f0,train,Ilmenite,0,IMG_0100,/content/BSM-Project/data/raw/BSM/Ilmenite/46.jpg,GRP_0100,/content/BSM-Project/data/augmented/train/Ilmenite/46__r270_f0.jpg,True,270,False,224,224,3,16973,3f1e2bc6e1dda1aad51b786f893143d2de41ee281a50cf8de8e1e6bc8a530465
IMG_0100_r270_f1,train,Ilmenite,0,IMG_0100,/content/BSM-Project/data/raw/BSM/Ilmenite/46.jpg,GRP_0100,/content/BSM-Project/data/augmented/train/Ilmenite/46__r270_f1.jpg,True,270,True,224,224,3,16980,c6ae0344e2611b90b203a33ec1007257982445d7a7d3a7bb20bcfc9c910b07ab
IMG_0100_r30_f0,train,Ilmenite,0,IMG_0100,/content/BSM-Project/data/raw/BSM/Ilmenite/46.jpg,GRP_0100,/content/BSM-Project/data/augmented/train/Ilmenite/46__r30_f0.jpg,True,30,False,224,224,3,19248,aff69974c5d6647f4c2e0fa37271e7de964730cb40c9f4d57168a2f4c8ae244f
IMG_0100_r30_f1,train,Ilmenite,0,IMG_0100,/content/BSM-Project/data/raw/BSM/Ilmenite/46.jpg,GRP_0100,/content/BSM-Project/data/augmented/train/Ilmenite/46__r30_f1.jpg,True,30,True,224,224,3,19266,50803d2a9070356d765eea3d83a2f60c7e3c551fc654339845e2e61ab6ca5391
IMG_0100_r45_f0,train,Ilmenite,0,IMG_0100,/content/BSM-Project/data/raw/BSM/Ilmenite/46.jpg,GRP_0100,/content/BSM-Project/data/augmented/train/Ilmenite/46__r45_f0.jpg,True,45,False,224,224,3,18865,a293f369502607765a2f8f336c8b76ae14d0f3b5afea1af2841de4afe356984f
IMG_0100_r45_f1,train,Ilmenite,0,IMG_0100,/content/BSM-Project/data/raw/BSM/Ilmenite/46.jpg,GRP_0100,/content/BSM-Project/data/augmented/train/Ilmenite/46__r45_f1.jpg,True,45,True,224,224,3,18865,d13f8a5d6bf62fafea5e2ddaffc98e64677a78debf2100ae5582d7a4da38d1d0
IMG_0100_r90_f0,train,Ilmenite,0,IMG_0100,/content/BSM-Project/data/raw/BSM/Ilmenite/46.jpg,GRP_0100,/content/BSM-Project/data/augmented/train/Ilmenite/46__r90_f0.jpg,True,90,False,224,224,3,16975,5718bec34bc6bbffab3a39f29541f24047f22bd1dcf1a1daf0c3a534124cb2f9
IMG_0100_r90_f1,train,Ilmenite,0,IMG_0100,/content/BSM-Project/data/raw/BSM/Ilmenite/46.jpg,GRP_0100,/content/BSM-Project/data/augmented/train/Ilmenite/46__r90_f1.jpg,True,90,True,224,224,3,16949,340b71fe9b4ce66b9aa2b0c91a08e47b901956b7e3d58b30b62b60e21e01cb08
IMG_0101_r0_f0,train,Ilmenite,0,IMG_0101,/content/BSM-Project/data/raw/BSM/Ilmenite/47.jpg,GRP_0101,/content/BSM-Project/data/augmented/train/Ilmenite/47__r0_f0.jpg,True,0,False,224,224,3,17750,711825cf9fabe4efff114ab5c766709b8fe32aa9d1cc3dd17bd99d61172c2895
IMG_0101_r0_f1,train,Ilmenite,0,IMG_0101,/content/BSM-Project/data/raw/BSM/Ilmenite/47.jpg,GRP_0101,/content/BSM-Project/data/augmented/train/Ilmenite/47__r0_f1.jpg,True,0,True,224,224,3,17752,13a9c1f52fa59df3739654a0bd7fba8f9f43e9893ff77fd81763ffcf88b1b572
IMG_0101_r180_f0,train,Ilmenite,0,IMG_0101,/content/BSM-Project/data/raw/BSM/Ilmenite/47.jpg,GRP_0101,/content/BSM-Project/data/augmented/train/Ilmenite/47__r180_f0.jpg,True,180,False,224,224,3,17759,46a13e0daf697782f85c48f3e4f1ca374c7bf5fb27f725eaf94e36fa34d1c931
IMG_0101_r180_f1,train,Ilmenite,0,IMG_0101,/content/BSM-Project/data/raw/BSM/Ilmenite/47.jpg,GRP_0101,/content/BSM-Project/data/augmented/train/Ilmenite/47__r180_f1.jpg,True,180,True,224,224,3,17728,ecb0ae04c2a67c7d14751033b12e5bd5c4b8e5df0fe072bb3cf21802bbc8e2a2
IMG_0101_r270_f0,train,Ilmenite,0,IMG_0101,/content/BSM-Project/data/raw/BSM/Ilmenite/47.jpg,GRP_0101,/content/BSM-Project/data/augmented/train/Ilmenite/47__r270_f0.jpg,True,270,False,224,224,3,17723,319b203f952bf938ee2a289f5c674b9dc48b5392408e7991e7cf1ac320c98868
IMG_0101_r270_f1,train,Ilmenite,0,IMG_0101,/content/BSM-Project/data/raw/BSM/Ilmenite/47.jpg,GRP_0101,/content/BSM-Project/data/augmented/train/Ilmenite/47__r270_f1.jpg,True,270,True,224,224,3,17707,e30227f980f72b3556480e5b950b6adc112f78a8a5de5f4160467148dc1721ed
IMG_0101_r30_f0,train,Ilmenite,0,IMG_0101,/content/BSM-Project/data/raw/BSM/Ilmenite/47.jpg,GRP_0101,/content/BSM-Project/data/augmented/train/Ilmenite/47__r30_f0.jpg,True,30,False,224,224,3,19935,ef5652f9bbee98dd39b7dbdef27eab7124620fdd3d9612fc7a5f2c344d7a06d8
IMG_0101_r30_f1,train,Ilmenite,0,IMG_0101,/content/BSM-Project/data/raw/BSM/Ilmenite/47.jpg,GRP_0101,/content/BSM-Project/data/augmented/train/Ilmenite/47__r30_f1.jpg,True,30,True,224,224,3,19903,de9018dadceb1f6ae6f6a817bfe10baec70e6fc72702fccfa585f99a5551c8e5
IMG_0101_r45_f0,train,Ilmenite,0,IMG_0101,/content/BSM-Project/data/raw/BSM/Ilmenite/47.jpg,GRP_0101,/content/BSM-Project/data/augmented/train/Ilmenite/47__r45_f0.jpg,True,45,False,224,224,3,19664,cbb4295f2fdedcfef3835a1f1ca820325c7795a5e15125e9e5513fb8acd2d820
IMG_0101_r45_f1,train,Ilmenite,0,IMG_0101,/content/BSM-Project/data/raw/BSM/Ilmenite/47.jpg,GRP_0101,/content/BSM-Project/data/augmented/train/Ilmenite/47__r45_f1.jpg,True,45,True,224,224,3,19648,bb43a772fc2ce7cc4e4cf64954224cf9724c9593a82e5ca622f54c37e358ba34
IMG_0101_r90_f0,train,Ilmenite,0,IMG_0101,/content/BSM-Project/data/raw/BSM/Ilmenite/47.jpg,GRP_0101,/content/BSM-Project/data/augmented/train/Ilmenite/47__r90_f0.jpg,True,90,False,224,224,3,17703,bd2092df9d5c17c9f179a9d61427ef4e9e3ac3c42d7d928c455bbab45b65b468
IMG_0101_r90_f1,train,Ilmenite,0,IMG_0101,/content/BSM-Project/data/raw/BSM/Ilmenite/47.jpg,GRP_0101,/content/BSM-Project/data/augmented/train/Ilmenite/47__r90_f1.jpg,True,90,True,224,224,3,17718,f8f8fb6d599f35cd12b290f00a1cb0cbca247caf283779a8af29e218c3133288
IMG_0103_r0_f0,train,Ilmenite,0,IMG_0103,/content/BSM-Project/data/raw/BSM/Ilmenite/49.jpg,GRP_0103,/content/BSM-Project/data/augmented/train/Ilmenite/49__r0_f0.jpg,True,0,False,224,224,3,19974,4f59115ba919912bc46044e45349082c5c87ee6acd43b521bd0b75811fd2ff26
IMG_0103_r0_f1,train,Ilmenite,0,IMG_0103,/content/BSM-Project/data/raw/BSM/Ilmenite/49.jpg,GRP_0103,/content/BSM-Project/data/augmented/train/Ilmenite/49__r0_f1.jpg,True,0,True,224,224,3,19993,ef237580289ab2b8db34b6686552a408298a225d22e47e6a289f2b5626742bfc
IMG_0103_r180_f0,train,Ilmenite,0,IMG_0103,/content/BSM-Project/data/raw/BSM/Ilmenite/49.jpg,GRP_0103,/content/BSM-Project/data/augmented/train/Ilmenite/49__r180_f0.jpg,True,180,False,224,224,3,19961,9b50d2afc0d1ec3e7faceaa73b9d35a36eaae364e004e51487194bdd3b2b089d
IMG_0103_r180_f1,train,Ilmenite,0,IMG_0103,/content/BSM-Project/data/raw/BSM/Ilmenite/49.jpg,GRP_0103,/content/BSM-Project/data/augmented/train/Ilmenite/49__r180_f1.jpg,True,180,True,224,224,3,19994,2de0c4ae0a09170a667d02eb58822d1adb75969f5fcd871c4137765bf1654e7e
IMG_0103_r270_f0,train,Ilmenite,0,IMG_0103,/content/BSM-Project/data/raw/BSM/Ilmenite/49.jpg,GRP_0103,/content/BSM-Project/data/augmented/train/Ilmenite/49__r270_f0.jpg,True,270,False,224,224,3,17285,8ea7c5f3a98d438f68b0176746622a3ead6b1b8752b845c3c4a57569333adba6
IMG_0103_r270_f1,train,Ilmenite,0,IMG_0103,/content/BSM-Project/data/raw/BSM/Ilmenite/49.jpg,GRP_0103,/content/BSM-Project/data/augmented/train/Ilmenite/49__r270_f1.jpg,True,270,True,224,224,3,17275,933e72fb013c60f7a840c70b852e624d17df1de603bf0c1fc0463c81009dd777
IMG_0103_r30_f0,train,Ilmenite,0,IMG_0103,/content/BSM-Project/data/raw/BSM/Ilmenite/49.jpg,GRP_0103,/content/BSM-Project/data/augmented/train/Ilmenite/49__r30_f0.jpg,True,30,False,224,224,3,19839,a0ae9155f505b419759f04cabf3d532224f3b945c73eed56f00055687b4a6b09
IMG_0103_r30_f1,train,Ilmenite,0,IMG_0103,/content/BSM-Project/data/raw/BSM/Ilmenite/49.jpg,GRP_0103,/content/BSM-Project/data/augmented/train/Ilmenite/49__r30_f1.jpg,True,30,True,224,224,3,19874,6906f5c63be9208c3c7c49ff15522847f6d74d9abf14539281c92f60a1671f02
IMG_0103_r45_f0,train,Ilmenite,0,IMG_0103,/content/BSM-Project/data/raw/BSM/Ilmenite/49.jpg,GRP_0103,/content/BSM-Project/data/augmented/train/Ilmenite/49__r45_f0.jpg,True,45,False,224,224,3,19082,2d8d52e2c9be901f37557b93a3249207f649937b59b2b1bdc340b3ce610c3448
IMG_0103_r45_f1,train,Ilmenite,0,IMG_0103,/content/BSM-Project/data/raw/BSM/Ilmenite/49.jpg,GRP_0103,/content/BSM-Project/data/augmented/train/Ilmenite/49__r45_f1.jpg,True,45,True,224,224,3,19110,5022ca2689ca434b1c114b29bb8db2be9da8734e7fa9b3767bbdba9704f9b9ca
IMG_0103_r90_f0,train,Ilmenite,0,IMG_0103,/content/BSM-Project/data/raw/BSM/Ilmenite/49.jpg,GRP_0103,/content/BSM-Project/data/augmented/train/Ilmenite/49__r90_f0.jpg,True,90,False,224,224,3,17279,a9b88dd6c77fb0be06f014bd7d0ae3f9f53019e96dee8c6e11ee1858ec9584d4
IMG_0103_r90_f1,train,Ilmenite,0,IMG_0103,/content/BSM-Project/data/raw/BSM/Ilmenite/49.jpg,GRP_0103,/content/BSM-Project/data/augmented/train/Ilmenite/49__r90_f1.jpg,True,90,True,224,224,3,17261,f8756fe8544965bc2238f7a652f1237f1304158ab41f79a7134fa96b990e44c9
IMG_0104_r0_f0,train,Ilmenite,0,IMG_0104,/content/BSM-Project/data/raw/BSM/Ilmenite/5.jpg,GRP_0104,/content/BSM-Project/data/augmented/train/Ilmenite/5__r0_f0.jpg,True,0,False,224,224,3,20888,4218a05a9ec94b26974872ff402b3e1c7a1a6306e8f23cbf4dc695fb4790b559
IMG_0104_r0_f1,train,Ilmenite,0,IMG_0104,/content/BSM-Project/data/raw/BSM/Ilmenite/5.jpg,GRP_0104,/content/BSM-Project/data/augmented/train/Ilmenite/5__r0_f1.jpg,True,0,True,224,224,3,20873,1c5f260aaa290279936dfe60cca25203a4996c2ecee47181fd202db47a8fe7a7
IMG_0104_r180_f0,train,Ilmenite,0,IMG_0104,/content/BSM-Project/data/raw/BSM/Ilmenite/5.jpg,GRP_0104,/content/BSM-Project/data/augmented/train/Ilmenite/5__r180_f0.jpg,True,180,False,224,224,3,20901,ea671c84a04f44b4293c8b3a302354b86482a5c5a26c0ab2c5ac1cd483d2614e
IMG_0104_r180_f1,train,Ilmenite,0,IMG_0104,/content/BSM-Project/data/raw/BSM/Ilmenite/5.jpg,GRP_0104,/content/BSM-Project/data/augmented/train/Ilmenite/5__r180_f1.jpg,True,180,True,224,224,3,20863,79b34de5ab0b0c9ae369d6f3b8728cb8addea9179930698c09545364698e96d7
IMG_0104_r270_f0,train,Ilmenite,0,IMG_0104,/content/BSM-Project/data/raw/BSM/Ilmenite/5.jpg,GRP_0104,/content/BSM-Project/data/augmented/train/Ilmenite/5__r270_f0.jpg,True,270,False,224,224,3,17611,7fed1b12cd36a9f4f7b4bfa101a7c8128f2fa4e07a92088546e27c4e4c110157
IMG_0104_r270_f1,train,Ilmenite,0,IMG_0104,/content/BSM-Project/data/raw/BSM/Ilmenite/5.jpg,GRP_0104,/content/BSM-Project/data/augmented/train/Ilmenite/5__r270_f1.jpg,True,270,True,224,224,3,17631,7090b5f0b22b40bdc6bac3abc8e90405b1f80d3fe0e676ce0470dbe5db53b48e
IMG_0104_r30_f0,train,Ilmenite,0,IMG_0104,/content/BSM-Project/data/raw/BSM/Ilmenite/5.jpg,GRP_0104,/content/BSM-Project/data/augmented/train/Ilmenite/5__r30_f0.jpg,True,30,False,224,224,3,23664,e5eaa7ebc751fc74f19ef11b94960c7977cdcff413deff8373e52d25403bddb5
IMG_0104_r30_f1,train,Ilmenite,0,IMG_0104,/content/BSM-Project/data/raw/BSM/Ilmenite/5.jpg,GRP_0104,/content/BSM-Project/data/augmented/train/Ilmenite/5__r30_f1.jpg,True,30,True,224,224,3,23708,ac70e107c455c636aebf96c76d6fd32ea54e989aabaee81ac0702b2966a3b835
IMG_0104_r45_f0,train,Ilmenite,0,IMG_0104,/content/BSM-Project/data/raw/BSM/Ilmenite/5.jpg,GRP_0104,/content/BSM-Project/data/augmented/train/Ilmenite/5__r45_f0.jpg,True,45,False,224,224,3,22583,7c712e60bd0625d6b0c589df101bae8ea525ba2a984597a0c4cbc3849a26d933
IMG_0104_r45_f1,train,Ilmenite,0,IMG_0104,/content/BSM-Project/data/raw/BSM/Ilmenite/5.jpg,GRP_0104,/content/BSM-Project/data/augmented/train/Ilmenite/5__r45_f1.jpg,True,45,True,224,224,3,22633,bed4087dfd287cc0feae26a2dbb5c1e362643a487fa1a307aeb9c0eda0c27150
IMG_0104_r90_f0,train,Ilmenite,0,IMG_0104,/content/BSM-Project/data/raw/BSM/Ilmenite/5.jpg,GRP_0104,/content/BSM-Project/data/augmented/train/Ilmenite/5__r90_f0.jpg,True,90,False,224,224,3,17615,b9740e3055e99d00c558dea9d9834af9c2e0b6b66760f60dc70be27f56f7767c
IMG_0104_r90_f1,train,Ilmenite,0,IMG_0104,/content/BSM-Project/data/raw/BSM/Ilmenite/5.jpg,GRP_0104,/content/BSM-Project/data/augmented/train/Ilmenite/5__r90_f1.jpg,True,90,True,224,224,3,17622,91f3d70fa23f0e233b60108e66e05a8cb7c75d58f0bbfc90ae78ebb5852cb2e2
IMG_0105_r0_f0,train,Ilmenite,0,IMG_0105,/content/BSM-Project/data/raw/BSM/Ilmenite/50.jpg,GRP_0105,/content/BSM-Project/data/augmented/train/Ilmenite/50__r0_f0.jpg,True,0,False,224,224,3,21476,31b8a1e4112c220b40bd1f2df9e0899b64738c8a71b2059fc85b577268b4527f
IMG_0105_r0_f1,train,Ilmenite,0,IMG_0105,/content/BSM-Project/data/raw/BSM/Ilmenite/50.jpg,GRP_0105,/content/BSM-Project/data/augmented/train/Ilmenite/50__r0_f1.jpg,True,0,True,224,224,3,21497,bb00a08707bbbea932ef446a83b65967c3191102494bc1b5e033e0489397c41a
IMG_0105_r180_f0,train,Ilmenite,0,IMG_0105,/content/BSM-Project/data/raw/BSM/Ilmenite/50.jpg,GRP_0105,/content/BSM-Project/data/augmented/train/Ilmenite/50__r180_f0.jpg,True,180,False,224,224,3,21496,e81c4661f6390f2a52d52bf9fa20cf3b20fba44f6424c8ec2ee54768fd9af76d
IMG_0105_r180_f1,train,Ilmenite,0,IMG_0105,/content/BSM-Project/data/raw/BSM/Ilmenite/50.jpg,GRP_0105,/content/BSM-Project/data/augmented/train/Ilmenite/50__r180_f1.jpg,True,180,True,224,224,3,21493,addc3e8de0873ee2759aee66f570ce4a8fac4641ad9e1e0f646e7b7c5a712405
IMG_0105_r270_f0,train,Ilmenite,0,IMG_0105,/content/BSM-Project/data/raw/BSM/Ilmenite/50.jpg,GRP_0105,/content/BSM-Project/data/augmented/train/Ilmenite/50__r270_f0.jpg,True,270,False,224,224,3,17185,e17b1314501640ef6312f2444806d960f3aebc019c34a00776d6d37b83ca30e3
IMG_0105_r270_f1,train,Ilmenite,0,IMG_0105,/content/BSM-Project/data/raw/BSM/Ilmenite/50.jpg,GRP_0105,/content/BSM-Project/data/augmented/train/Ilmenite/50__r270_f1.jpg,True,270,True,224,224,3,17186,b827d69c444e1590352b3cfd08b0d92fbad7b0540bc6fc504564896f11ddb887
IMG_0105_r30_f0,train,Ilmenite,0,IMG_0105,/content/BSM-Project/data/raw/BSM/Ilmenite/50.jpg,GRP_0105,/content/BSM-Project/data/augmented/train/Ilmenite/50__r30_f0.jpg,True,30,False,224,224,3,23664,d70f3e89a215f1df50bb2d9df605210e8aeb79556d09b062dc175712e1f2199c
IMG_0105_r30_f1,train,Ilmenite,0,IMG_0105,/content/BSM-Project/data/raw/BSM/Ilmenite/50.jpg,GRP_0105,/content/BSM-Project/data/augmented/train/Ilmenite/50__r30_f1.jpg,True,30,True,224,224,3,23712,256217eec58c827fd9d7936271ce259e364bf01a59e8c732540abff204a8aee8
IMG_0105_r45_f0,train,Ilmenite,0,IMG_0105,/content/BSM-Project/data/raw/BSM/Ilmenite/50.jpg,GRP_0105,/content/BSM-Project/data/augmented/train/Ilmenite/50__r45_f0.jpg,True,45,False,224,224,3,22305,f0879bb21b31be38d61dbd6e0b81b390dd596c959fb28d1412481133f90846f1
IMG_0105_r45_f1,train,Ilmenite,0,IMG_0105,/content/BSM-Project/data/raw/BSM/Ilmenite/50.jpg,GRP_0105,/content/BSM-Project/data/augmented/train/Ilmenite/50__r45_f1.jpg,True,45,True,224,224,3,22358,6f546ad751b4872443b36d2c1f5ba32dd52da408352a17c63dd0890952263027
IMG_0105_r90_f0,train,Ilmenite,0,IMG_0105,/content/BSM-Project/data/raw/BSM/Ilmenite/50.jpg,GRP_0105,/content/BSM-Project/data/augmented/train/Ilmenite/50__r90_f0.jpg,True,90,False,224,224,3,17201,5d46823e67fcd8d27cda2337d69a2bda72fc30b988ccb082901ab22ca4e92ecc
IMG_0105_r90_f1,train,Ilmenite,0,IMG_0105,/content/BSM-Project/data/raw/BSM/Ilmenite/50.jpg,GRP_0105,/content/BSM-Project/data/augmented/train/Ilmenite/50__r90_f1.jpg,True,90,True,224,224,3,17192,748d29edf454b2810da035139a981aa85b02dc23d118b2340b9daf523d9580c9
IMG_0106_r0_f0,train,Ilmenite,0,IMG_0106,/content/BSM-Project/data/raw/BSM/Ilmenite/51.jpg,GRP_0106,/content/BSM-Project/data/augmented/train/Ilmenite/51__r0_f0.jpg,True,0,False,224,224,3,21239,620e30a66bf2958e19ae979dd9fb0a9f1cb4b4338eb46cd3ea89617e4bb6a6d8
IMG_0106_r0_f1,train,Ilmenite,0,IMG_0106,/content/BSM-Project/data/raw/BSM/Ilmenite/51.jpg,GRP_0106,/content/BSM-Project/data/augmented/train/Ilmenite/51__r0_f1.jpg,True,0,True,224,224,3,21233,e759f4f93a2586deafaf47052b875bf350cf73bce3cdaab7e1efac37706e01b9
IMG_0106_r180_f0,train,Ilmenite,0,IMG_0106,/content/BSM-Project/data/raw/BSM/Ilmenite/51.jpg,GRP_0106,/content/BSM-Project/data/augmented/train/Ilmenite/51__r180_f0.jpg,True,180,False,224,224,3,21218,23761a37837dd0a1e09b8faeabd06e0050f45d090a19bae49600928e88bf0929
IMG_0106_r180_f1,train,Ilmenite,0,IMG_0106,/content/BSM-Project/data/raw/BSM/Ilmenite/51.jpg,GRP_0106,/content/BSM-Project/data/augmented/train/Ilmenite/51__r180_f1.jpg,True,180,True,224,224,3,21214,f4be153c3cd3795da83d23ac8125ec896dd29387456c4e03fd1db9bc65a8a0ed
IMG_0106_r270_f0,train,Ilmenite,0,IMG_0106,/content/BSM-Project/data/raw/BSM/Ilmenite/51.jpg,GRP_0106,/content/BSM-Project/data/augmented/train/Ilmenite/51__r270_f0.jpg,True,270,False,224,224,3,17271,c688741f8f49699e44f16f4683305be8a906a07c94d530a830bc52c55bd18104
IMG_0106_r270_f1,train,Ilmenite,0,IMG_0106,/content/BSM-Project/data/raw/BSM/Ilmenite/51.jpg,GRP_0106,/content/BSM-Project/data/augmented/train/Ilmenite/51__r270_f1.jpg,True,270,True,224,224,3,17317,c622e4a734438c19ff79ff457fba26c320a8f72e9e07ee114db06c9dc6032621
IMG_0106_r30_f0,train,Ilmenite,0,IMG_0106,/content/BSM-Project/data/raw/BSM/Ilmenite/51.jpg,GRP_0106,/content/BSM-Project/data/augmented/train/Ilmenite/51__r30_f0.jpg,True,30,False,224,224,3,22073,d2fff6ada94ee7510c04f63b2dda15dab67ecaa9c2a2e0960a2742a68bab45b0
IMG_0106_r30_f1,train,Ilmenite,0,IMG_0106,/content/BSM-Project/data/raw/BSM/Ilmenite/51.jpg,GRP_0106,/content/BSM-Project/data/augmented/train/Ilmenite/51__r30_f1.jpg,True,30,True,224,224,3,22143,ccfbaa84793fa608ec16f745073893d4a3857cba7924a25105c2c38f49d4fd41
IMG_0106_r45_f0,train,Ilmenite,0,IMG_0106,/content/BSM-Project/data/raw/BSM/Ilmenite/51.jpg,GRP_0106,/content/BSM-Project/data/augmented/train/Ilmenite/51__r45_f0.jpg,True,45,False,224,224,3,20740,48f650cfbee790e28111cd9c58355708c63886aed6aabcf017e2e66e41e9f183
IMG_0106_r45_f1,train,Ilmenite,0,IMG_0106,/content/BSM-Project/data/raw/BSM/Ilmenite/51.jpg,GRP_0106,/content/BSM-Project/data/augmented/train/Ilmenite/51__r45_f1.jpg,True,45,True,224,224,3,20759,45920caaa63cc8a3685d5e0506abc1e5f14fb9b5a0d34b7686ab8b94c7554fa2
IMG_0106_r90_f0,train,Ilmenite,0,IMG_0106,/content/BSM-Project/data/raw/BSM/Ilmenite/51.jpg,GRP_0106,/content/BSM-Project/data/augmented/train/Ilmenite/51__r90_f0.jpg,True,90,False,224,224,3,17286,87d1a21896a2c9667fdb8538a7b37722d9609099280e2d8df5545d2af477a702
IMG_0106_r90_f1,train,Ilmenite,0,IMG_0106,/content/BSM-Project/data/raw/BSM/Ilmenite/51.jpg,GRP_0106,/content/BSM-Project/data/augmented/train/Ilmenite/51__r90_f1.jpg,True,90,True,224,224,3,17279,b95d6e52c0257602990ed2432f1845719260a2475c89dc9a7f6850fdba8afbb6
IMG_0107_r0_f0,train,Ilmenite,0,IMG_0107,/content/BSM-Project/data/raw/BSM/Ilmenite/52.jpg,GRP_0107,/content/BSM-Project/data/augmented/train/Ilmenite/52__r0_f0.jpg,True,0,False,224,224,3,24785,3d02cbe5b7745ebd0de5952dee6302e01a67c532014ed3388f5220e5d3b119aa
IMG_0107_r0_f1,train,Ilmenite,0,IMG_0107,/content/BSM-Project/data/raw/BSM/Ilmenite/52.jpg,GRP_0107,/content/BSM-Project/data/augmented/train/Ilmenite/52__r0_f1.jpg,True,0,True,224,224,3,24795,ca57ffaf36789f0b3c7c2950d705e27051eaecaa97e29613a2d85934e2c87e86
IMG_0107_r180_f0,train,Ilmenite,0,IMG_0107,/content/BSM-Project/data/raw/BSM/Ilmenite/52.jpg,GRP_0107,/content/BSM-Project/data/augmented/train/Ilmenite/52__r180_f0.jpg,True,180,False,224,224,3,24786,781924f51df620b4fbca46187651e249ef4add85393cb077a7df5d7a0c33e51f
IMG_0107_r180_f1,train,Ilmenite,0,IMG_0107,/content/BSM-Project/data/raw/BSM/Ilmenite/52.jpg,GRP_0107,/content/BSM-Project/data/augmented/train/Ilmenite/52__r180_f1.jpg,True,180,True,224,224,3,24756,77433059b3d1e241d2059072dcace4b8c73268f6d1fd37bb095f3ac3659462ea
IMG_0107_r270_f0,train,Ilmenite,0,IMG_0107,/content/BSM-Project/data/raw/BSM/Ilmenite/52.jpg,GRP_0107,/content/BSM-Project/data/augmented/train/Ilmenite/52__r270_f0.jpg,True,270,False,224,224,3,20437,2b9897b9a2e0e0e73a201cf27576de07dbc6c61df2a069e900efda2a67baae3e
IMG_0107_r270_f1,train,Ilmenite,0,IMG_0107,/content/BSM-Project/data/raw/BSM/Ilmenite/52.jpg,GRP_0107,/content/BSM-Project/data/augmented/train/Ilmenite/52__r270_f1.jpg,True,270,True,224,224,3,20412,f23aa59724e0a3287b2a2e57694009b423daec2fa29e70dd40e47f134d623369
IMG_0107_r30_f0,train,Ilmenite,0,IMG_0107,/content/BSM-Project/data/raw/BSM/Ilmenite/52.jpg,GRP_0107,/content/BSM-Project/data/augmented/train/Ilmenite/52__r30_f0.jpg,True,30,False,224,224,3,25243,3fdad7a2a111b2023518d4fcd049b2e0d4d8abca8c987ed61078f330940e3ff6
IMG_0107_r30_f1,train,Ilmenite,0,IMG_0107,/content/BSM-Project/data/raw/BSM/Ilmenite/52.jpg,GRP_0107,/content/BSM-Project/data/augmented/train/Ilmenite/52__r30_f1.jpg,True,30,True,224,224,3,25286,af63168756115c58906aca8bf44a637e2610ab478ca457e711f85239127fc779
IMG_0107_r45_f0,train,Ilmenite,0,IMG_0107,/content/BSM-Project/data/raw/BSM/Ilmenite/52.jpg,GRP_0107,/content/BSM-Project/data/augmented/train/Ilmenite/52__r45_f0.jpg,True,45,False,224,224,3,23638,edea37098db6f853efabbf25b3c692493379fd1b1e36bc503d39b605d4482aa8
IMG_0107_r45_f1,train,Ilmenite,0,IMG_0107,/content/BSM-Project/data/raw/BSM/Ilmenite/52.jpg,GRP_0107,/content/BSM-Project/data/augmented/train/Ilmenite/52__r45_f1.jpg,True,45,True,224,224,3,23678,767ff5376469db285c9590073d4c0095b7fee2f0d9c613724626b20993e1e66f
IMG_0107_r90_f0,train,Ilmenite,0,IMG_0107,/content/BSM-Project/data/raw/BSM/Ilmenite/52.jpg,GRP_0107,/content/BSM-Project/data/augmented/train/Ilmenite/52__r90_f0.jpg,True,90,False,224,224,3,20439,2e6d755a0c1188a8246b59b51f1cb1bd6c4c330c09e37d744d323c8fffd6d718
IMG_0107_r90_f1,train,Ilmenite,0,IMG_0107,/content/BSM-Project/data/raw/BSM/Ilmenite/52.jpg,GRP_0107,/content/BSM-Project/data/augmented/train/Ilmenite/52__r90_f1.jpg,True,90,True,224,224,3,20431,8cf50574216f5e932cd2652d0004977fe3d39e23e409a863d39c67b36109a898
IMG_0108_r0_f0,train,Ilmenite,0,IMG_0108,/content/BSM-Project/data/raw/BSM/Ilmenite/53.jpg,GRP_0108,/content/BSM-Project/data/augmented/train/Ilmenite/53__r0_f0.jpg,True,0,False,224,224,3,25244,64aa33fa5d8767f67ae70444a0af79de665a98c177f94957c570999b4da276c9
IMG_0108_r0_f1,train,Ilmenite,0,IMG_0108,/content/BSM-Project/data/raw/BSM/Ilmenite/53.jpg,GRP_0108,/content/BSM-Project/data/augmented/train/Ilmenite/53__r0_f1.jpg,True,0,True,224,224,3,25239,34000cbfc68f1cc55dbed54b607520ccd8da26a29111168289c50bdd9bc346d6
IMG_0108_r180_f0,train,Ilmenite,0,IMG_0108,/content/BSM-Project/data/raw/BSM/Ilmenite/53.jpg,GRP_0108,/content/BSM-Project/data/augmented/train/Ilmenite/53__r180_f0.jpg,True,180,False,224,224,3,25253,c5c183238e32478cb9fabb466d0e2ad0cf98be71bf717ce86e4bb30b57f8dc57
IMG_0108_r180_f1,train,Ilmenite,0,IMG_0108,/content/BSM-Project/data/raw/BSM/Ilmenite/53.jpg,GRP_0108,/content/BSM-Project/data/augmented/train/Ilmenite/53__r180_f1.jpg,True,180,True,224,224,3,25243,de1f47af58471fbfd74c41713c6d509321e3da0062c3014352f2e0e60a443481
IMG_0108_r270_f0,train,Ilmenite,0,IMG_0108,/content/BSM-Project/data/raw/BSM/Ilmenite/53.jpg,GRP_0108,/content/BSM-Project/data/augmented/train/Ilmenite/53__r270_f0.jpg,True,270,False,224,224,3,20192,bd721f39a1acdea6e9fa2025049ac44eb64afcc461bf6d6825fdb4199da5ecc6
IMG_0108_r270_f1,train,Ilmenite,0,IMG_0108,/content/BSM-Project/data/raw/BSM/Ilmenite/53.jpg,GRP_0108,/content/BSM-Project/data/augmented/train/Ilmenite/53__r270_f1.jpg,True,270,True,224,224,3,20209,8c359682e3ec72e1b22cdad379189d4d3d35b14f0e2cbf16c9b1bc060593f7e4
IMG_0108_r30_f0,train,Ilmenite,0,IMG_0108,/content/BSM-Project/data/raw/BSM/Ilmenite/53.jpg,GRP_0108,/content/BSM-Project/data/augmented/train/Ilmenite/53__r30_f0.jpg,True,30,False,224,224,3,26645,5cc7bcee01e2d445051c632e9ecf543833c562323b69d07aeb5db4aaa0c3c83e
IMG_0108_r30_f1,train,Ilmenite,0,IMG_0108,/content/BSM-Project/data/raw/BSM/Ilmenite/53.jpg,GRP_0108,/content/BSM-Project/data/augmented/train/Ilmenite/53__r30_f1.jpg,True,30,True,224,224,3,26658,dc16afb32a46387d7b9352f4f7e460053b770e8de16c144843f65c28b4add328
IMG_0108_r45_f0,train,Ilmenite,0,IMG_0108,/content/BSM-Project/data/raw/BSM/Ilmenite/53.jpg,GRP_0108,/content/BSM-Project/data/augmented/train/Ilmenite/53__r45_f0.jpg,True,45,False,224,224,3,25436,409e59def856591cc9f95780991366453fca59f65682e9392a52e535b9c233f4
IMG_0108_r45_f1,train,Ilmenite,0,IMG_0108,/content/BSM-Project/data/raw/BSM/Ilmenite/53.jpg,GRP_0108,/content/BSM-Project/data/augmented/train/Ilmenite/53__r45_f1.jpg,True,45,True,224,224,3,25491,c29269b063eca0de317d8564e23a617001d60aff97e2d760c7fc2d2ba17e31d1
IMG_0108_r90_f0,train,Ilmenite,0,IMG_0108,/content/BSM-Project/data/raw/BSM/Ilmenite/53.jpg,GRP_0108,/content/BSM-Project/data/augmented/train/Ilmenite/53__r90_f0.jpg,True,90,False,224,224,3,20189,b7a26fc30b7200aa5da0b4277cbc3cd1b523579b9af780d2cb8336bc4c714a69
IMG_0108_r90_f1,train,Ilmenite,0,IMG_0108,/content/BSM-Project/data/raw/BSM/Ilmenite/53.jpg,GRP_0108,/content/BSM-Project/data/augmented/train/Ilmenite/53__r90_f1.jpg,True,90,True,224,224,3,20208,5ad8ce829cc78db957da05ac388784d5f4f892943bc80837b09a0336df36b4ab
IMG_0109_r0_f0,train,Ilmenite,0,IMG_0109,/content/BSM-Project/data/raw/BSM/Ilmenite/54.jpg,GRP_0109,/content/BSM-Project/data/augmented/train/Ilmenite/54__r0_f0.jpg,True,0,False,224,224,3,15016,f398bc23ad4a74167e235f42b3c8a6139e6165a062c9e7bdeb68fc839550620d
IMG_0109_r0_f1,train,Ilmenite,0,IMG_0109,/content/BSM-Project/data/raw/BSM/Ilmenite/54.jpg,GRP_0109,/content/BSM-Project/data/augmented/train/Ilmenite/54__r0_f1.jpg,True,0,True,224,224,3,15018,1889b25ca87d43d6a87e18b60b017ca9f8a258052902c5b84b4f848da64b0f4b
IMG_0109_r180_f0,train,Ilmenite,0,IMG_0109,/content/BSM-Project/data/raw/BSM/Ilmenite/54.jpg,GRP_0109,/content/BSM-Project/data/augmented/train/Ilmenite/54__r180_f0.jpg,True,180,False,224,224,3,15016,bd062491fe5d90576cf06a90d1a8ba983ea77900f0bf2ccd8aa17fdf6c996021
IMG_0109_r180_f1,train,Ilmenite,0,IMG_0109,/content/BSM-Project/data/raw/BSM/Ilmenite/54.jpg,GRP_0109,/content/BSM-Project/data/augmented/train/Ilmenite/54__r180_f1.jpg,True,180,True,224,224,3,15015,60fd19a50ed3e63682a11e26cddad0d2b80e236083b74b17b321334594c642dc
IMG_0109_r270_f0,train,Ilmenite,0,IMG_0109,/content/BSM-Project/data/raw/BSM/Ilmenite/54.jpg,GRP_0109,/content/BSM-Project/data/augmented/train/Ilmenite/54__r270_f0.jpg,True,270,False,224,224,3,15890,d4cab6c978ca79eee80d2ed72cd07bf557e0db5e0ae1879b719b038cec807e58
IMG_0109_r270_f1,train,Ilmenite,0,IMG_0109,/content/BSM-Project/data/raw/BSM/Ilmenite/54.jpg,GRP_0109,/content/BSM-Project/data/augmented/train/Ilmenite/54__r270_f1.jpg,True,270,True,224,224,3,15930,12d92477bbb0d3b9aada2ebc8a33ab0519487080c10b0576ee4adb4a50207cd7
IMG_0109_r30_f0,train,Ilmenite,0,IMG_0109,/content/BSM-Project/data/raw/BSM/Ilmenite/54.jpg,GRP_0109,/content/BSM-Project/data/augmented/train/Ilmenite/54__r30_f0.jpg,True,30,False,224,224,3,18155,5d9cc670648a95a8edc2149a3852665c903493a2bfa39c2f289e64c362f57b88
IMG_0109_r30_f1,train,Ilmenite,0,IMG_0109,/content/BSM-Project/data/raw/BSM/Ilmenite/54.jpg,GRP_0109,/content/BSM-Project/data/augmented/train/Ilmenite/54__r30_f1.jpg,True,30,True,224,224,3,18163,05449772d5468ffc208f28ead66063f38aec2ef9ee7cd1d6dc02e26fdd7f802e
IMG_0109_r45_f0,train,Ilmenite,0,IMG_0109,/content/BSM-Project/data/raw/BSM/Ilmenite/54.jpg,GRP_0109,/content/BSM-Project/data/augmented/train/Ilmenite/54__r45_f0.jpg,True,45,False,224,224,3,18273,fe9db096aae45625f3407a300b6383b4f4419e8eef0942483d83e49122ada750
IMG_0109_r45_f1,train,Ilmenite,0,IMG_0109,/content/BSM-Project/data/raw/BSM/Ilmenite/54.jpg,GRP_0109,/content/BSM-Project/data/augmented/train/Ilmenite/54__r45_f1.jpg,True,45,True,224,224,3,18300,17880a6efddeccdb07f5644555be957a8e735140124ff88d8dc6419c71530812
IMG_0109_r90_f0,train,Ilmenite,0,IMG_0109,/content/BSM-Project/data/raw/BSM/Ilmenite/54.jpg,GRP_0109,/content/BSM-Project/data/augmented/train/Ilmenite/54__r90_f0.jpg,True,90,False,224,224,3,15930,695f177cc79f1254402b75210e92b1798e5c426c2c1cbb442e089eb3f8a16e79
IMG_0109_r90_f1,train,Ilmenite,0,IMG_0109,/content/BSM-Project/data/raw/BSM/Ilmenite/54.jpg,GRP_0109,/content/BSM-Project/data/augmented/train/Ilmenite/54__r90_f1.jpg,True,90,True,224,224,3,15929,79fc2ba3f1228ae83ddccfd219117d2376553df654b8797e18ef9cf2d671c368
IMG_0110_r0_f0,train,Ilmenite,0,IMG_0110,/content/BSM-Project/data/raw/BSM/Ilmenite/55.jpg,GRP_0110,/content/BSM-Project/data/augmented/train/Ilmenite/55__r0_f0.jpg,True,0,False,224,224,3,17007,e4386026af114a0668e87b0f3386234be8f054a3e90a509730888c9290b395ce
IMG_0110_r0_f1,train,Ilmenite,0,IMG_0110,/content/BSM-Project/data/raw/BSM/Ilmenite/55.jpg,GRP_0110,/content/BSM-Project/data/augmented/train/Ilmenite/55__r0_f1.jpg,True,0,True,224,224,3,17013,4cadd4c1d2e3a6b86283b43f495115daf27c29b931579fffe432256c47cae555
IMG_0110_r180_f0,train,Ilmenite,0,IMG_0110,/content/BSM-Project/data/raw/BSM/Ilmenite/55.jpg,GRP_0110,/content/BSM-Project/data/augmented/train/Ilmenite/55__r180_f0.jpg,True,180,False,224,224,3,17031,e42c78e606d73e11bafd14589372f121a4578ddb2cd56e133d046d93ab4314c1
IMG_0110_r180_f1,train,Ilmenite,0,IMG_0110,/content/BSM-Project/data/raw/BSM/Ilmenite/55.jpg,GRP_0110,/content/BSM-Project/data/augmented/train/Ilmenite/55__r180_f1.jpg,True,180,True,224,224,3,17024,296cef95f3c862034c74a55c32589ee93eab23207de2ae2e83d45aaf037e3eec
IMG_0110_r270_f0,train,Ilmenite,0,IMG_0110,/content/BSM-Project/data/raw/BSM/Ilmenite/55.jpg,GRP_0110,/content/BSM-Project/data/augmented/train/Ilmenite/55__r270_f0.jpg,True,270,False,224,224,3,16878,3cd70c81ece11ca9bdc2d59acee1ce42e81a8ca3cbdcfeaa2aa80c2ca362f221
IMG_0110_r270_f1,train,Ilmenite,0,IMG_0110,/content/BSM-Project/data/raw/BSM/Ilmenite/55.jpg,GRP_0110,/content/BSM-Project/data/augmented/train/Ilmenite/55__r270_f1.jpg,True,270,True,224,224,3,16886,e4f2e25d6bc674c00e1adea2e182d44a303c52089d323bb6ef673b901a040688
IMG_0110_r30_f0,train,Ilmenite,0,IMG_0110,/content/BSM-Project/data/raw/BSM/Ilmenite/55.jpg,GRP_0110,/content/BSM-Project/data/augmented/train/Ilmenite/55__r30_f0.jpg,True,30,False,224,224,3,18991,bf11c7dc10d05dc1ddf9e0a62330b7c79c7584a34c2b67251b838bb3c8e996e1
IMG_0110_r30_f1,train,Ilmenite,0,IMG_0110,/content/BSM-Project/data/raw/BSM/Ilmenite/55.jpg,GRP_0110,/content/BSM-Project/data/augmented/train/Ilmenite/55__r30_f1.jpg,True,30,True,224,224,3,19009,3df1017b1e8ca5d247c65e5bb59be42eb428fda51badd32c8287f15d7527b95c
IMG_0110_r45_f0,train,Ilmenite,0,IMG_0110,/content/BSM-Project/data/raw/BSM/Ilmenite/55.jpg,GRP_0110,/content/BSM-Project/data/augmented/train/Ilmenite/55__r45_f0.jpg,True,45,False,224,224,3,18421,7467d20c3778e712da6e06440bfff6b14a24af0e75f1c7e6b5e9e57f281bdef0
IMG_0110_r45_f1,train,Ilmenite,0,IMG_0110,/content/BSM-Project/data/raw/BSM/Ilmenite/55.jpg,GRP_0110,/content/BSM-Project/data/augmented/train/Ilmenite/55__r45_f1.jpg,True,45,True,224,224,3,18432,5fcb965e66e1828033cbc2a43e1165d7f8b2722d7c805b4f48f0bdf8f31f8ca0
IMG_0110_r90_f0,train,Ilmenite,0,IMG_0110,/content/BSM-Project/data/raw/BSM/Ilmenite/55.jpg,GRP_0110,/content/BSM-Project/data/augmented/train/Ilmenite/55__r90_f0.jpg,True,90,False,224,224,3,16878,619ac7adf8781ef19566d8407df70bfe3668b76267400b17939ff61e88dd77f5
IMG_0110_r90_f1,train,Ilmenite,0,IMG_0110,/content/BSM-Project/data/raw/BSM/Ilmenite/55.jpg,GRP_0110,/content/BSM-Project/data/augmented/train/Ilmenite/55__r90_f1.jpg,True,90,True,224,224,3,16864,eaf6cec8f5c9c4754263c852473a7203c48b78adb3a927221dc6e3bc6d23b4db
IMG_0111_r0_f0,train,Ilmenite,0,IMG_0111,/content/BSM-Project/data/raw/BSM/Ilmenite/56.jpg,GRP_0111,/content/BSM-Project/data/augmented/train/Ilmenite/56__r0_f0.jpg,True,0,False,224,224,3,18330,0933be00f49a3b70a05772db5288db8a6a949e9d118e6cae2caa915b084420a1
IMG_0111_r0_f1,train,Ilmenite,0,IMG_0111,/content/BSM-Project/data/raw/BSM/Ilmenite/56.jpg,GRP_0111,/content/BSM-Project/data/augmented/train/Ilmenite/56__r0_f1.jpg,True,0,True,224,224,3,18334,56de1b22c75841a0de25e1fedf678efec02ed03e00afe4b4414295eec65a5e38
IMG_0111_r180_f0,train,Ilmenite,0,IMG_0111,/content/BSM-Project/data/raw/BSM/Ilmenite/56.jpg,GRP_0111,/content/BSM-Project/data/augmented/train/Ilmenite/56__r180_f0.jpg,True,180,False,224,224,3,18321,8a292f2cb23a0ea9f779fdbd755ad23bf1022ac8a1f0237e89982798ac37fb54
IMG_0111_r180_f1,train,Ilmenite,0,IMG_0111,/content/BSM-Project/data/raw/BSM/Ilmenite/56.jpg,GRP_0111,/content/BSM-Project/data/augmented/train/Ilmenite/56__r180_f1.jpg,True,180,True,224,224,3,18337,64e8aacc89c8c614a8a3046c86965c6021334edd074e4da7a078a113f12c21dd
IMG_0111_r270_f0,train,Ilmenite,0,IMG_0111,/content/BSM-Project/data/raw/BSM/Ilmenite/56.jpg,GRP_0111,/content/BSM-Project/data/augmented/train/Ilmenite/56__r270_f0.jpg,True,270,False,224,224,3,18583,aaa24f12ff919e5326119d1924a1eb678798bf48b2a693f0010e0dff195b64ae
IMG_0111_r270_f1,train,Ilmenite,0,IMG_0111,/content/BSM-Project/data/raw/BSM/Ilmenite/56.jpg,GRP_0111,/content/BSM-Project/data/augmented/train/Ilmenite/56__r270_f1.jpg,True,270,True,224,224,3,18576,f8e6e0fed34769f85253f88e96f5c4c56a2b6d5405b43439dd9fff9c05918010
IMG_0111_r30_f0,train,Ilmenite,0,IMG_0111,/content/BSM-Project/data/raw/BSM/Ilmenite/56.jpg,GRP_0111,/content/BSM-Project/data/augmented/train/Ilmenite/56__r30_f0.jpg,True,30,False,224,224,3,20497,556c3fbbd73a89a9f32fdd624266fb0c1cceeb37871aa8298239c3dd990533aa
IMG_0111_r30_f1,train,Ilmenite,0,IMG_0111,/content/BSM-Project/data/raw/BSM/Ilmenite/56.jpg,GRP_0111,/content/BSM-Project/data/augmented/train/Ilmenite/56__r30_f1.jpg,True,30,True,224,224,3,20479,5f2a5e03a6bf52d8d21accc77a69d8e01057f10fd5f4d35f869ca8dab9eb9d6a
IMG_0111_r45_f0,train,Ilmenite,0,IMG_0111,/content/BSM-Project/data/raw/BSM/Ilmenite/56.jpg,GRP_0111,/content/BSM-Project/data/augmented/train/Ilmenite/56__r45_f0.jpg,True,45,False,224,224,3,20206,ae6da8645e6206a793c0b1259e9f04f210b872a1b4580a1b1d5670ac42a091d5
IMG_0111_r45_f1,train,Ilmenite,0,IMG_0111,/content/BSM-Project/data/raw/BSM/Ilmenite/56.jpg,GRP_0111,/content/BSM-Project/data/augmented/train/Ilmenite/56__r45_f1.jpg,True,45,True,224,224,3,20185,8cc574892123db969c22344ec3bb43f9984d41f47aba818286940ed823817f2e
IMG_0111_r90_f0,train,Ilmenite,0,IMG_0111,/content/BSM-Project/data/raw/BSM/Ilmenite/56.jpg,GRP_0111,/content/BSM-Project/data/augmented/train/Ilmenite/56__r90_f0.jpg,True,90,False,224,224,3,18574,687641b3cff37a7742a5e913b9826404337dfaa7a1216277b70ae4d653bdf127
IMG_0111_r90_f1,train,Ilmenite,0,IMG_0111,/content/BSM-Project/data/raw/BSM/Ilmenite/56.jpg,GRP_0111,/content/BSM-Project/data/augmented/train/Ilmenite/56__r90_f1.jpg,True,90,True,224,224,3,18567,5829266cee2cf89ea669e6009d3278e2b726c96e1eb1867bd41ad0af994f23da
IMG_0116_r0_f0,train,Ilmenite,0,IMG_0116,/content/BSM-Project/data/raw/BSM/Ilmenite/60.jpg,GRP_0116,/content/BSM-Project/data/augmented/train/Ilmenite/60__r0_f0.jpg,True,0,False,224,224,3,22354,9f14bd2d0bdead87a1375468a94efcde042a4cf68c66f4d4e23fee20cd4f0e95
IMG_0116_r0_f1,train,Ilmenite,0,IMG_0116,/content/BSM-Project/data/raw/BSM/Ilmenite/60.jpg,GRP_0116,/content/BSM-Project/data/augmented/train/Ilmenite/60__r0_f1.jpg,True,0,True,224,224,3,22343,da314a7ad518a1a8f70d03bf361f6d3635ca9ab672baf48e3c0f146c0b1d861b
IMG_0116_r180_f0,train,Ilmenite,0,IMG_0116,/content/BSM-Project/data/raw/BSM/Ilmenite/60.jpg,GRP_0116,/content/BSM-Project/data/augmented/train/Ilmenite/60__r180_f0.jpg,True,180,False,224,224,3,22332,a7937f38e9dd56bd062dbcaa7da232167843f5cdda2e88d28076c8d255ef79e2
IMG_0116_r180_f1,train,Ilmenite,0,IMG_0116,/content/BSM-Project/data/raw/BSM/Ilmenite/60.jpg,GRP_0116,/content/BSM-Project/data/augmented/train/Ilmenite/60__r180_f1.jpg,True,180,True,224,224,3,22336,dea0fd22b3aa6d4ed2574001771f7bdf1f01ea307fdabab9c911d5422b32adea
IMG_0116_r270_f0,train,Ilmenite,0,IMG_0116,/content/BSM-Project/data/raw/BSM/Ilmenite/60.jpg,GRP_0116,/content/BSM-Project/data/augmented/train/Ilmenite/60__r270_f0.jpg,True,270,False,224,224,3,16890,0378ddcde38b9aa51f4f7ca4253dff5dd423812c8a522e2b2ea8ae07f2d737a2
IMG_0116_r270_f1,train,Ilmenite,0,IMG_0116,/content/BSM-Project/data/raw/BSM/Ilmenite/60.jpg,GRP_0116,/content/BSM-Project/data/augmented/train/Ilmenite/60__r270_f1.jpg,True,270,True,224,224,3,16889,3502761def2669e8ea40b2e102e8f1c9662ac8ab7e088cfbed9a37ab972cf08d
IMG_0116_r30_f0,train,Ilmenite,0,IMG_0116,/content/BSM-Project/data/raw/BSM/Ilmenite/60.jpg,GRP_0116,/content/BSM-Project/data/augmented/train/Ilmenite/60__r30_f0.jpg,True,30,False,224,224,3,23437,376e46f0547c037eeb2b5c6ef7e887aa266ef4725aca28243b9189eff2941d67
IMG_0116_r30_f1,train,Ilmenite,0,IMG_0116,/content/BSM-Project/data/raw/BSM/Ilmenite/60.jpg,GRP_0116,/content/BSM-Project/data/augmented/train/Ilmenite/60__r30_f1.jpg,True,30,True,224,224,3,23500,02e622a7677f617da4e293f3176c2cb2c622a2837d8c3b4c48a2af2b2f6cb807
IMG_0116_r45_f0,train,Ilmenite,0,IMG_0116,/content/BSM-Project/data/raw/BSM/Ilmenite/60.jpg,GRP_0116,/content/BSM-Project/data/augmented/train/Ilmenite/60__r45_f0.jpg,True,45,False,224,224,3,21562,f6abca95a68e3f724392e16e7b505e88de9bd817740c76eb8011b200fba7e67b
IMG_0116_r45_f1,train,Ilmenite,0,IMG_0116,/content/BSM-Project/data/raw/BSM/Ilmenite/60.jpg,GRP_0116,/content/BSM-Project/data/augmented/train/Ilmenite/60__r45_f1.jpg,True,45,True,224,224,3,21585,5c25c65b76ca68cd696dac775e8d4055034320b32ec4136241e621c9068936b9
IMG_0116_r90_f0,train,Ilmenite,0,IMG_0116,/content/BSM-Project/data/raw/BSM/Ilmenite/60.jpg,GRP_0116,/content/BSM-Project/data/augmented/train/Ilmenite/60__r90_f0.jpg,True,90,False,224,224,3,16876,41184606e6674e8e72e77d5da930e4a942e35f30a08f489d2a941b32ec4d35cf
IMG_0116_r90_f1,train,Ilmenite,0,IMG_0116,/content/BSM-Project/data/raw/BSM/Ilmenite/60.jpg,GRP_0116,/content/BSM-Project/data/augmented/train/Ilmenite/60__r90_f1.jpg,True,90,True,224,224,3,16903,9f9e858d05c9cd51ba80f442715aeb4690ec2b1946ebcaf9a004581f278b8403
IMG_0117_r0_f0,train,Ilmenite,0,IMG_0117,/content/BSM-Project/data/raw/BSM/Ilmenite/61.jpg,GRP_0117,/content/BSM-Project/data/augmented/train/Ilmenite/61__r0_f0.jpg,True,0,False,224,224,3,17032,4c042163e21775ebe551b50baa8882a6d26a67378b682857717f7c08944b6ed3
IMG_0117_r0_f1,train,Ilmenite,0,IMG_0117,/content/BSM-Project/data/raw/BSM/Ilmenite/61.jpg,GRP_0117,/content/BSM-Project/data/augmented/train/Ilmenite/61__r0_f1.jpg,True,0,True,224,224,3,17046,f393348106738893210ea18c5e590d45d144ea5c0c9493f864b0aab52024f9d6
IMG_0117_r180_f0,train,Ilmenite,0,IMG_0117,/content/BSM-Project/data/raw/BSM/Ilmenite/61.jpg,GRP_0117,/content/BSM-Project/data/augmented/train/Ilmenite/61__r180_f0.jpg,True,180,False,224,224,3,17027,af6117fe1dc025d2dbce8bdba80feeee7763ee9d67c7fd11aba9a02143563a0f
IMG_0117_r180_f1,train,Ilmenite,0,IMG_0117,/content/BSM-Project/data/raw/BSM/Ilmenite/61.jpg,GRP_0117,/content/BSM-Project/data/augmented/train/Ilmenite/61__r180_f1.jpg,True,180,True,224,224,3,17037,30d7964178cdbfd6fcd33f0ff3825ba2d721ff86f84b3fb7a9dc53ec849761a2
IMG_0117_r270_f0,train,Ilmenite,0,IMG_0117,/content/BSM-Project/data/raw/BSM/Ilmenite/61.jpg,GRP_0117,/content/BSM-Project/data/augmented/train/Ilmenite/61__r270_f0.jpg,True,270,False,224,224,3,17213,5c003820a7a7a93005427da13cf63345eff7a9f36986db987467d8f8b3d12c92
IMG_0117_r270_f1,train,Ilmenite,0,IMG_0117,/content/BSM-Project/data/raw/BSM/Ilmenite/61.jpg,GRP_0117,/content/BSM-Project/data/augmented/train/Ilmenite/61__r270_f1.jpg,True,270,True,224,224,3,17218,8dcf8f0ff87395ebe0d178f1ddf2914bd79de0d1ad9c9b7864e9cc0bc8a32500
IMG_0117_r30_f0,train,Ilmenite,0,IMG_0117,/content/BSM-Project/data/raw/BSM/Ilmenite/61.jpg,GRP_0117,/content/BSM-Project/data/augmented/train/Ilmenite/61__r30_f0.jpg,True,30,False,224,224,3,19666,91bcbcf6500acf7307c714b4e0581ef94419f5cfb7fe281b39018610158ffac6
IMG_0117_r30_f1,train,Ilmenite,0,IMG_0117,/content/BSM-Project/data/raw/BSM/Ilmenite/61.jpg,GRP_0117,/content/BSM-Project/data/augmented/train/Ilmenite/61__r30_f1.jpg,True,30,True,224,224,3,19692,67366f133d6a532605450fcaaaaff521276f8219325ba8d8953399e0789b68ab
IMG_0117_r45_f0,train,Ilmenite,0,IMG_0117,/content/BSM-Project/data/raw/BSM/Ilmenite/61.jpg,GRP_0117,/content/BSM-Project/data/augmented/train/Ilmenite/61__r45_f0.jpg,True,45,False,224,224,3,19394,ff67e51e45de3a2cb2b53fe8b8222c85476507a853c22079bce347191d4aa659
IMG_0117_r45_f1,train,Ilmenite,0,IMG_0117,/content/BSM-Project/data/raw/BSM/Ilmenite/61.jpg,GRP_0117,/content/BSM-Project/data/augmented/train/Ilmenite/61__r45_f1.jpg,True,45,True,224,224,3,19413,ffed8e3988208977ea5085fede76ed589e880ec79a7eff88df4008e21f3285f3
IMG_0117_r90_f0,train,Ilmenite,0,IMG_0117,/content/BSM-Project/data/raw/BSM/Ilmenite/61.jpg,GRP_0117,/content/BSM-Project/data/augmented/train/Ilmenite/61__r90_f0.jpg,True,90,False,224,224,3,17205,28e7a25e14f6b567436d5cac61177e6f1ebb3a5ff3d14635e3affc847efbcdce
IMG_0117_r90_f1,train,Ilmenite,0,IMG_0117,/content/BSM-Project/data/raw/BSM/Ilmenite/61.jpg,GRP_0117,/content/BSM-Project/data/augmented/train/Ilmenite/61__r90_f1.jpg,True,90,True,224,224,3,17230,72e2d1a476effb490ab935b8a37bd939ecd1627e4cf0109f2ac3dd07119bbe6b
IMG_0121_r0_f0,train,Ilmenite,0,IMG_0121,/content/BSM-Project/data/raw/BSM/Ilmenite/9.jpg,GRP_0121,/content/BSM-Project/data/augmented/train/Ilmenite/9__r0_f0.jpg,True,0,False,224,224,3,19516,929075423a424a34f947c575b71f387dd3a62618587717629eb3d246304a8a02
IMG_0121_r0_f1,train,Ilmenite,0,IMG_0121,/content/BSM-Project/data/raw/BSM/Ilmenite/9.jpg,GRP_0121,/content/BSM-Project/data/augmented/train/Ilmenite/9__r0_f1.jpg,True,0,True,224,224,3,19500,bb2a28946a27c0127c5dd79cea8927022714a1815f40c0503cf8baea649bed77
IMG_0121_r180_f0,train,Ilmenite,0,IMG_0121,/content/BSM-Project/data/raw/BSM/Ilmenite/9.jpg,GRP_0121,/content/BSM-Project/data/augmented/train/Ilmenite/9__r180_f0.jpg,True,180,False,224,224,3,19513,9da50c756a09428bdd41afacbb823b0fe2b9f59d7749b52f47ea000c8ad18646
IMG_0121_r180_f1,train,Ilmenite,0,IMG_0121,/content/BSM-Project/data/raw/BSM/Ilmenite/9.jpg,GRP_0121,/content/BSM-Project/data/augmented/train/Ilmenite/9__r180_f1.jpg,True,180,True,224,224,3,19490,458d64b1a6798021f24701bc6589840f9b4f82b7549cdb7b2e9315ec2ad3040c
IMG_0121_r270_f0,train,Ilmenite,0,IMG_0121,/content/BSM-Project/data/raw/BSM/Ilmenite/9.jpg,GRP_0121,/content/BSM-Project/data/augmented/train/Ilmenite/9__r270_f0.jpg,True,270,False,224,224,3,17001,5152fc2e0924c1221a657418b7bad06e8f66483aaa2cfee6e9d20c8207710041
IMG_0121_r270_f1,train,Ilmenite,0,IMG_0121,/content/BSM-Project/data/raw/BSM/Ilmenite/9.jpg,GRP_0121,/content/BSM-Project/data/augmented/train/Ilmenite/9__r270_f1.jpg,True,270,True,224,224,3,16988,28874bf63457a613b8feb164f481f09ca2d51e6cfd3ce040fb6b971ae2696e4e
IMG_0121_r30_f0,train,Ilmenite,0,IMG_0121,/content/BSM-Project/data/raw/BSM/Ilmenite/9.jpg,GRP_0121,/content/BSM-Project/data/augmented/train/Ilmenite/9__r30_f0.jpg,True,30,False,224,224,3,21604,a64370ad7bdc3b11a06a72308374d777422e58d82117f6cdd965f610d8eeb1e2
IMG_0121_r30_f1,train,Ilmenite,0,IMG_0121,/content/BSM-Project/data/raw/BSM/Ilmenite/9.jpg,GRP_0121,/content/BSM-Project/data/augmented/train/Ilmenite/9__r30_f1.jpg,True,30,True,224,224,3,21635,8f0a8f946ebc27ad8bebf869417657a22a8a9de83b5b7ac8d74de832da6d49eb
IMG_0121_r45_f0,train,Ilmenite,0,IMG_0121,/content/BSM-Project/data/raw/BSM/Ilmenite/9.jpg,GRP_0121,/content/BSM-Project/data/augmented/train/Ilmenite/9__r45_f0.jpg,True,45,False,224,224,3,21192,2dabbc5ca952dd3166ab157bb556a732b9c312233d0ebf35e45964b52222542e
IMG_0121_r45_f1,train,Ilmenite,0,IMG_0121,/content/BSM-Project/data/raw/BSM/Ilmenite/9.jpg,GRP_0121,/content/BSM-Project/data/augmented/train/Ilmenite/9__r45_f1.jpg,True,45,True,224,224,3,21239,23c7054cf932c9f69e5e443776f33ea7b630ed6285680fd3ec50222789e79d6a
IMG_0121_r90_f0,train,Ilmenite,0,IMG_0121,/content/BSM-Project/data/raw/BSM/Ilmenite/9.jpg,GRP_0121,/content/BSM-Project/data/augmented/train/Ilmenite/9__r90_f0.jpg,True,90,False,224,224,3,16967,a197a76eddebbc2557cd1589000b9a48d963bd05ce0b90ecbfc31d976bd7d8f0
IMG_0121_r90_f1,train,Ilmenite,0,IMG_0121,/content/BSM-Project/data/raw/BSM/Ilmenite/9.jpg,GRP_0121,/content/BSM-Project/data/augmented/train/Ilmenite/9__r90_f1.jpg,True,90,True,224,224,3,16988,08f26074141fb428b885d0f6ecb90e5223ed7eacc96d963fd2782ac8bcd99a79
IMG_0123_r0_f0,train,Monazite,4,IMG_0123,/content/BSM-Project/data/raw/BSM/Monazite/10.jpg,GRP_0123,/content/BSM-Project/data/augmented/train/Monazite/10__r0_f0.jpg,True,0,False,224,224,3,17066,5ab16e7e24ce15b3d2b8c1fe939cdb8a601a4c9cb48c9bb3efcafa8eeaa1bf5b
IMG_0123_r0_f1,train,Monazite,4,IMG_0123,/content/BSM-Project/data/raw/BSM/Monazite/10.jpg,GRP_0123,/content/BSM-Project/data/augmented/train/Monazite/10__r0_f1.jpg,True,0,True,224,224,3,17095,b6a5ae2cf2fdb6ac397206cd5bc98c857cdf41ca46cbc8b26a757c0820ccbadd
IMG_0123_r180_f0,train,Monazite,4,IMG_0123,/content/BSM-Project/data/raw/BSM/Monazite/10.jpg,GRP_0123,/content/BSM-Project/data/augmented/train/Monazite/10__r180_f0.jpg,True,180,False,224,224,3,17088,64d50e3d4995868d8eafdfbf89564a52c94c9594de9cf779a849cc0725f9704e
IMG_0123_r180_f1,train,Monazite,4,IMG_0123,/content/BSM-Project/data/raw/BSM/Monazite/10.jpg,GRP_0123,/content/BSM-Project/data/augmented/train/Monazite/10__r180_f1.jpg,True,180,True,224,224,3,17073,45213fce3e73e1bc995dd040330c77e61fbeae818e5467195d113721e9227dc9
IMG_0123_r270_f0,train,Monazite,4,IMG_0123,/content/BSM-Project/data/raw/BSM/Monazite/10.jpg,GRP_0123,/content/BSM-Project/data/augmented/train/Monazite/10__r270_f0.jpg,True,270,False,224,224,3,16006,42fcc750d6814e11cfabdad9b15b98c4ab2676a05f739396ef464ffcdeed4c9a
IMG_0123_r270_f1,train,Monazite,4,IMG_0123,/content/BSM-Project/data/raw/BSM/Monazite/10.jpg,GRP_0123,/content/BSM-Project/data/augmented/train/Monazite/10__r270_f1.jpg,True,270,True,224,224,3,15995,2b37993e28fd21156700053e938a181b4e195f9f93fa7cb0e0607318c66f0344
IMG_0123_r30_f0,train,Monazite,4,IMG_0123,/content/BSM-Project/data/raw/BSM/Monazite/10.jpg,GRP_0123,/content/BSM-Project/data/augmented/train/Monazite/10__r30_f0.jpg,True,30,False,224,224,3,17278,e606b9a132dca4c95384b3bd92735190b96e5542ccd9db99aa27b2d335316577
IMG_0123_r30_f1,train,Monazite,4,IMG_0123,/content/BSM-Project/data/raw/BSM/Monazite/10.jpg,GRP_0123,/content/BSM-Project/data/augmented/train/Monazite/10__r30_f1.jpg,True,30,True,224,224,3,17333,1ec39c16ed025322d1df39d1418e294e6102e12df2ae590fb23c5edbf151a12d
IMG_0123_r45_f0,train,Monazite,4,IMG_0123,/content/BSM-Project/data/raw/BSM/Monazite/10.jpg,GRP_0123,/content/BSM-Project/data/augmented/train/Monazite/10__r45_f0.jpg,True,45,False,224,224,3,17022,c2c6b54e7374fe0d4bf980643d347b3cfb6d1561f5ad1b6750fc7b9a58cbd9b7
IMG_0123_r45_f1,train,Monazite,4,IMG_0123,/content/BSM-Project/data/raw/BSM/Monazite/10.jpg,GRP_0123,/content/BSM-Project/data/augmented/train/Monazite/10__r45_f1.jpg,True,45,True,224,224,3,17051,4d180abfcb8d18c3951822e8e6b9861e04fc5115f1ffe2b9abd6ab810bcb3876
IMG_0123_r90_f0,train,Monazite,4,IMG_0123,/content/BSM-Project/data/raw/BSM/Monazite/10.jpg,GRP_0123,/content/BSM-Project/data/augmented/train/Monazite/10__r90_f0.jpg,True,90,False,224,224,3,15983,3e12b5f31ea350c3be40f80ac496aa09b41a511ce81befa8f04cf43fc16ac890
IMG_0123_r90_f1,train,Monazite,4,IMG_0123,/content/BSM-Project/data/raw/BSM/Monazite/10.jpg,GRP_0123,/content/BSM-Project/data/augmented/train/Monazite/10__r90_f1.jpg,True,90,True,224,224,3,16001,d9a70575927ed9ff6f5564e7a98c7eadf06320f36434905af3a88c819045d36e
IMG_0125_r0_f0,train,Monazite,4,IMG_0125,/content/BSM-Project/data/raw/BSM/Monazite/12.jpg,GRP_0125,/content/BSM-Project/data/augmented/train/Monazite/12__r0_f0.jpg,True,0,False,224,224,3,17596,d1797ba2e4e83a78f0e51c2d7210da0a50414b4ea62c1b8f9728bd1138a5d1d0
IMG_0125_r0_f1,train,Monazite,4,IMG_0125,/content/BSM-Project/data/raw/BSM/Monazite/12.jpg,GRP_0125,/content/BSM-Project/data/augmented/train/Monazite/12__r0_f1.jpg,True,0,True,224,224,3,17613,0d5fc4d55453adc2232e51b209ab7785db4ab907005fab315e2fa0187ee2ece5
IMG_0125_r180_f0,train,Monazite,4,IMG_0125,/content/BSM-Project/data/raw/BSM/Monazite/12.jpg,GRP_0125,/content/BSM-Project/data/augmented/train/Monazite/12__r180_f0.jpg,True,180,False,224,224,3,17590,6691917a173603a292e15db62af907eccaf724502a74e41ac7372ad3abd6a422
IMG_0125_r180_f1,train,Monazite,4,IMG_0125,/content/BSM-Project/data/raw/BSM/Monazite/12.jpg,GRP_0125,/content/BSM-Project/data/augmented/train/Monazite/12__r180_f1.jpg,True,180,True,224,224,3,17604,b6cc1f8819edcfd120209b07d2144e970ce259d92e6b77ceb9ebd1315df00ea7
IMG_0125_r270_f0,train,Monazite,4,IMG_0125,/content/BSM-Project/data/raw/BSM/Monazite/12.jpg,GRP_0125,/content/BSM-Project/data/augmented/train/Monazite/12__r270_f0.jpg,True,270,False,224,224,3,16067,035dd0f08bf1f9be992188be1db08f32d381481a22a5860c6061f6634a42c971
IMG_0125_r270_f1,train,Monazite,4,IMG_0125,/content/BSM-Project/data/raw/BSM/Monazite/12.jpg,GRP_0125,/content/BSM-Project/data/augmented/train/Monazite/12__r270_f1.jpg,True,270,True,224,224,3,16050,a23e9148c06903eda25118fd7e82061c22e2058b10a71f99d6c32ca2eaa3a041
IMG_0125_r30_f0,train,Monazite,4,IMG_0125,/content/BSM-Project/data/raw/BSM/Monazite/12.jpg,GRP_0125,/content/BSM-Project/data/augmented/train/Monazite/12__r30_f0.jpg,True,30,False,224,224,3,18615,f529e7b8839d63299e9581c810361f392c898e22bb4382e7f6873aa456646600
IMG_0125_r30_f1,train,Monazite,4,IMG_0125,/content/BSM-Project/data/raw/BSM/Monazite/12.jpg,GRP_0125,/content/BSM-Project/data/augmented/train/Monazite/12__r30_f1.jpg,True,30,True,224,224,3,18596,f97bfa97aeaefe877fcf5eee933677837175da6c236f264929f49734dce006b5
IMG_0125_r45_f0,train,Monazite,4,IMG_0125,/content/BSM-Project/data/raw/BSM/Monazite/12.jpg,GRP_0125,/content/BSM-Project/data/augmented/train/Monazite/12__r45_f0.jpg,True,45,False,224,224,3,18212,69470aba2e360d91bf828e1bed30fa71d4019ad36b726224426ca3dc26fbec6d
IMG_0125_r45_f1,train,Monazite,4,IMG_0125,/content/BSM-Project/data/raw/BSM/Monazite/12.jpg,GRP_0125,/content/BSM-Project/data/augmented/train/Monazite/12__r45_f1.jpg,True,45,True,224,224,3,18203,615e53eb8f5df90d8cebabfa7fd6403e485dada14619b882ba485923fb523263
IMG_0125_r90_f0,train,Monazite,4,IMG_0125,/content/BSM-Project/data/raw/BSM/Monazite/12.jpg,GRP_0125,/content/BSM-Project/data/augmented/train/Monazite/12__r90_f0.jpg,True,90,False,224,224,3,16046,be573b58910a68e54dd1b2b970ae244509426d8f770d3fb5e4c5f3a189310042
IMG_0125_r90_f1,train,Monazite,4,IMG_0125,/content/BSM-Project/data/raw/BSM/Monazite/12.jpg,GRP_0125,/content/BSM-Project/data/augmented/train/Monazite/12__r90_f1.jpg,True,90,True,224,224,3,16054,6d50c33888f0032e1dc7489067c2412e8e8c908388e027e92dfdd4f4e77e59f0
IMG_0126_r0_f0,train,Monazite,4,IMG_0126,/content/BSM-Project/data/raw/BSM/Monazite/13.jpg,GRP_0126,/content/BSM-Project/data/augmented/train/Monazite/13__r0_f0.jpg,True,0,False,224,224,3,12591,ea048b444001c9151c9c25665d70d915c85ba6039101988049663d128e46c0a1
IMG_0126_r0_f1,train,Monazite,4,IMG_0126,/content/BSM-Project/data/raw/BSM/Monazite/13.jpg,GRP_0126,/content/BSM-Project/data/augmented/train/Monazite/13__r0_f1.jpg,True,0,True,224,224,3,12594,7ea62c43acccb58a3d0547c6e1368d0c213ee70cd48bf8d24ac94777b4842abc
IMG_0126_r180_f0,train,Monazite,4,IMG_0126,/content/BSM-Project/data/raw/BSM/Monazite/13.jpg,GRP_0126,/content/BSM-Project/data/augmented/train/Monazite/13__r180_f0.jpg,True,180,False,224,224,3,12590,927bda65d4eb71acfe6478c8072c9cd35468f425ee7aba73a3c9003d29d6ce71
IMG_0126_r180_f1,train,Monazite,4,IMG_0126,/content/BSM-Project/data/raw/BSM/Monazite/13.jpg,GRP_0126,/content/BSM-Project/data/augmented/train/Monazite/13__r180_f1.jpg,True,180,True,224,224,3,12599,cb1ecb251a35cded72617fc18a92e01514d87a287e89ccaed18d84901e657df4
IMG_0126_r270_f0,train,Monazite,4,IMG_0126,/content/BSM-Project/data/raw/BSM/Monazite/13.jpg,GRP_0126,/content/BSM-Project/data/augmented/train/Monazite/13__r270_f0.jpg,True,270,False,224,224,3,10555,a7d614c5bf9e03b0885496b1fbf294513ef354755cce06c729052d9e905bae74
IMG_0126_r270_f1,train,Monazite,4,IMG_0126,/content/BSM-Project/data/raw/BSM/Monazite/13.jpg,GRP_0126,/content/BSM-Project/data/augmented/train/Monazite/13__r270_f1.jpg,True,270,True,224,224,3,10539,4e0fce3cec0b0d899fb7b7973b516c014919e69570e2ea0597d199a2fce2c4c2
IMG_0126_r30_f0,train,Monazite,4,IMG_0126,/content/BSM-Project/data/raw/BSM/Monazite/13.jpg,GRP_0126,/content/BSM-Project/data/augmented/train/Monazite/13__r30_f0.jpg,True,30,False,224,224,3,15810,50a6475e11206f0b9cdf96196741c4ccded25dfa1feda564fff1382b67e5fd96
IMG_0126_r30_f1,train,Monazite,4,IMG_0126,/content/BSM-Project/data/raw/BSM/Monazite/13.jpg,GRP_0126,/content/BSM-Project/data/augmented/train/Monazite/13__r30_f1.jpg,True,30,True,224,224,3,15730,91278da907d899e99e6c510ce942646183cf864d39d6432ff09d676f83c79976
IMG_0126_r45_f0,train,Monazite,4,IMG_0126,/content/BSM-Project/data/raw/BSM/Monazite/13.jpg,GRP_0126,/content/BSM-Project/data/augmented/train/Monazite/13__r45_f0.jpg,True,45,False,224,224,3,15072,e9680253f0b3f5aee3c1d87d11fecdb949335a36102bb43811e90e4335531a65
IMG_0126_r45_f1,train,Monazite,4,IMG_0126,/content/BSM-Project/data/raw/BSM/Monazite/13.jpg,GRP_0126,/content/BSM-Project/data/augmented/train/Monazite/13__r45_f1.jpg,True,45,True,224,224,3,15010,3986d2994b8e109e38953e1b431fabf5a4d4897fafa721fc97210c9f5339beeb
IMG_0126_r90_f0,train,Monazite,4,IMG_0126,/content/BSM-Project/data/raw/BSM/Monazite/13.jpg,GRP_0126,/content/BSM-Project/data/augmented/train/Monazite/13__r90_f0.jpg,True,90,False,224,224,3,10546,24bfd33e7d06995282874409d672a3953125b0dd735fd450725916c4809a9b11
IMG_0126_r90_f1,train,Monazite,4,IMG_0126,/content/BSM-Project/data/raw/BSM/Monazite/13.jpg,GRP_0126,/content/BSM-Project/data/augmented/train/Monazite/13__r90_f1.jpg,True,90,True,224,224,3,10559,d706ef8cb5a3e84d0cac4d99691abd7e34daffcf2b6018eb580810f4c0a03f4b
IMG_0127_r0_f0,train,Monazite,4,IMG_0127,/content/BSM-Project/data/raw/BSM/Monazite/14.jpg,GRP_0127,/content/BSM-Project/data/augmented/train/Monazite/14__r0_f0.jpg,True,0,False,224,224,3,16338,1793890758d995112e87360ffab90ed75aa9ce3bcbbaee3210d9c5ef7249089f
IMG_0127_r0_f1,train,Monazite,4,IMG_0127,/content/BSM-Project/data/raw/BSM/Monazite/14.jpg,GRP_0127,/content/BSM-Project/data/augmented/train/Monazite/14__r0_f1.jpg,True,0,True,224,224,3,16311,2202ac65ae00bfd72bf09a8623098bc1f657ff805f40fe15e8df0b29630d77dc
IMG_0127_r180_f0,train,Monazite,4,IMG_0127,/content/BSM-Project/data/raw/BSM/Monazite/14.jpg,GRP_0127,/content/BSM-Project/data/augmented/train/Monazite/14__r180_f0.jpg,True,180,False,224,224,3,16335,b6ab0c932962524f946f4ae92b39017c9e458e1b580e2e5ff19d9d7e5a203330
IMG_0127_r180_f1,train,Monazite,4,IMG_0127,/content/BSM-Project/data/raw/BSM/Monazite/14.jpg,GRP_0127,/content/BSM-Project/data/augmented/train/Monazite/14__r180_f1.jpg,True,180,True,224,224,3,16316,4dd39c6875b614bdb8c53670edc4953a23f7b834112f26714ae2aeb7ac78a389
IMG_0127_r270_f0,train,Monazite,4,IMG_0127,/content/BSM-Project/data/raw/BSM/Monazite/14.jpg,GRP_0127,/content/BSM-Project/data/augmented/train/Monazite/14__r270_f0.jpg,True,270,False,224,224,3,14695,4c7bf1bd159c37f4cbdd5925e5078ddfb65e61519872d3e9fecd74d5f52e6322
IMG_0127_r270_f1,train,Monazite,4,IMG_0127,/content/BSM-Project/data/raw/BSM/Monazite/14.jpg,GRP_0127,/content/BSM-Project/data/augmented/train/Monazite/14__r270_f1.jpg,True,270,True,224,224,3,14698,104561afa667c8a100027ab69054edb94e8a33accf134c682128b3fb828dd9ba
IMG_0127_r30_f0,train,Monazite,4,IMG_0127,/content/BSM-Project/data/raw/BSM/Monazite/14.jpg,GRP_0127,/content/BSM-Project/data/augmented/train/Monazite/14__r30_f0.jpg,True,30,False,224,224,3,16745,42ec7b24b48b3b0341289cabfcf4b57f30b903f72610e83842b46367ce575b4d
IMG_0127_r30_f1,train,Monazite,4,IMG_0127,/content/BSM-Project/data/raw/BSM/Monazite/14.jpg,GRP_0127,/content/BSM-Project/data/augmented/train/Monazite/14__r30_f1.jpg,True,30,True,224,224,3,16813,b964ccd0c8ae94865729e26cac2a2573a64959cfb869705b4aafbd3392d8b363
IMG_0127_r45_f0,train,Monazite,4,IMG_0127,/content/BSM-Project/data/raw/BSM/Monazite/14.jpg,GRP_0127,/content/BSM-Project/data/augmented/train/Monazite/14__r45_f0.jpg,True,45,False,224,224,3,16248,09ce57e8e9d067175fc1c9cf6014389d134dad8817ec7e1c3ec9be732742cda1
IMG_0127_r45_f1,train,Monazite,4,IMG_0127,/content/BSM-Project/data/raw/BSM/Monazite/14.jpg,GRP_0127,/content/BSM-Project/data/augmented/train/Monazite/14__r45_f1.jpg,True,45,True,224,224,3,16325,e4a0a3cfa67eade8bc67cdf79b966c25ee5189d0b4912ef00ca656c761b71a14
IMG_0127_r90_f0,train,Monazite,4,IMG_0127,/content/BSM-Project/data/raw/BSM/Monazite/14.jpg,GRP_0127,/content/BSM-Project/data/augmented/train/Monazite/14__r90_f0.jpg,True,90,False,224,224,3,14707,a9208a83acafcad96361b3dd81b86c9527b611842c662e9683820b1792fb325f
IMG_0127_r90_f1,train,Monazite,4,IMG_0127,/content/BSM-Project/data/raw/BSM/Monazite/14.jpg,GRP_0127,/content/BSM-Project/data/augmented/train/Monazite/14__r90_f1.jpg,True,90,True,224,224,3,14711,ec8603ea4472a7d8be76d0d9fb89fc7a30448b6bf5a7be54ef30076deadffec7
IMG_0128_r0_f0,train,Monazite,4,IMG_0128,/content/BSM-Project/data/raw/BSM/Monazite/15.jpg,GRP_0128,/content/BSM-Project/data/augmented/train/Monazite/15__r0_f0.jpg,True,0,False,224,224,3,16773,cca71255597b1df286e76b6c52b035019ba982fa0905a5dc29ed4f2f5b52c6ef
IMG_0128_r0_f1,train,Monazite,4,IMG_0128,/content/BSM-Project/data/raw/BSM/Monazite/15.jpg,GRP_0128,/content/BSM-Project/data/augmented/train/Monazite/15__r0_f1.jpg,True,0,True,224,224,3,16759,6a7c5004abd9f3811969bfd679999d2b5829714bf0eca9b591824f0a9dfa87ae
IMG_0128_r180_f0,train,Monazite,4,IMG_0128,/content/BSM-Project/data/raw/BSM/Monazite/15.jpg,GRP_0128,/content/BSM-Project/data/augmented/train/Monazite/15__r180_f0.jpg,True,180,False,224,224,3,16763,f9c2b91c351581a43763784c20e7f93226df925a7d7a64512fe6804096dab3de
IMG_0128_r180_f1,train,Monazite,4,IMG_0128,/content/BSM-Project/data/raw/BSM/Monazite/15.jpg,GRP_0128,/content/BSM-Project/data/augmented/train/Monazite/15__r180_f1.jpg,True,180,True,224,224,3,16766,3a1468ee9fefce6a2a70850535728a1e5a49265c0c6f0fd941262beae0e6ba88
IMG_0128_r270_f0,train,Monazite,4,IMG_0128,/content/BSM-Project/data/raw/BSM/Monazite/15.jpg,GRP_0128,/content/BSM-Project/data/augmented/train/Monazite/15__r270_f0.jpg,True,270,False,224,224,3,12278,ca9af786ac06d8e8ead190db2d9a01310af3eee1fb7966fa1df9b3d9a8854463
IMG_0128_r270_f1,train,Monazite,4,IMG_0128,/content/BSM-Project/data/raw/BSM/Monazite/15.jpg,GRP_0128,/content/BSM-Project/data/augmented/train/Monazite/15__r270_f1.jpg,True,270,True,224,224,3,12275,3f513f08e3ac83f2d832a1535e5b06dc46cb2922af3847ad5426ffa6ed6c5e8f
IMG_0128_r30_f0,train,Monazite,4,IMG_0128,/content/BSM-Project/data/raw/BSM/Monazite/15.jpg,GRP_0128,/content/BSM-Project/data/augmented/train/Monazite/15__r30_f0.jpg,True,30,False,224,224,3,16590,5eb5442d04f40dcd77a6e81e367933f02038fa1e2f3d1d3cf5bb9b90663608df
IMG_0128_r30_f1,train,Monazite,4,IMG_0128,/content/BSM-Project/data/raw/BSM/Monazite/15.jpg,GRP_0128,/content/BSM-Project/data/augmented/train/Monazite/15__r30_f1.jpg,True,30,True,224,224,3,16567,80fb24de41175799fa727b938c9dd5280e910d8c811a564eb17e91ea3ff2d3fc
IMG_0128_r45_f0,train,Monazite,4,IMG_0128,/content/BSM-Project/data/raw/BSM/Monazite/15.jpg,GRP_0128,/content/BSM-Project/data/augmented/train/Monazite/15__r45_f0.jpg,True,45,False,224,224,3,15783,72a40002fa207c57403f339eb7a789e2e12bf63399aa060f0b6242ad43b73ea0
IMG_0128_r45_f1,train,Monazite,4,IMG_0128,/content/BSM-Project/data/raw/BSM/Monazite/15.jpg,GRP_0128,/content/BSM-Project/data/augmented/train/Monazite/15__r45_f1.jpg,True,45,True,224,224,3,15762,3339a3198d075076bdc48c5a2cd2c201932dccce01ca5695d037c3615723146a
IMG_0128_r90_f0,train,Monazite,4,IMG_0128,/content/BSM-Project/data/raw/BSM/Monazite/15.jpg,GRP_0128,/content/BSM-Project/data/augmented/train/Monazite/15__r90_f0.jpg,True,90,False,224,224,3,12284,a7ad61122d5ca512dadecab63b969a4d9e52c0ff4f4c559ff79ac75fab51fa3e
IMG_0128_r90_f1,train,Monazite,4,IMG_0128,/content/BSM-Project/data/raw/BSM/Monazite/15.jpg,GRP_0128,/content/BSM-Project/data/augmented/train/Monazite/15__r90_f1.jpg,True,90,True,224,224,3,12266,5234487bb8e43dec689d902495942953728482fef9971d7e1940c2cd01613072
IMG_0129_r0_f0,train,Monazite,4,IMG_0129,/content/BSM-Project/data/raw/BSM/Monazite/16.jpg,GRP_0129,/content/BSM-Project/data/augmented/train/Monazite/16__r0_f0.jpg,True,0,False,224,224,3,15539,d898b6dd160c65667ee24ee2baefd18827950912205d8e475829639ab803d3de
IMG_0129_r0_f1,train,Monazite,4,IMG_0129,/content/BSM-Project/data/raw/BSM/Monazite/16.jpg,GRP_0129,/content/BSM-Project/data/augmented/train/Monazite/16__r0_f1.jpg,True,0,True,224,224,3,15535,c30fc3b1747c62c0d09fab5f1b7cc6dfe4828a6099be7d6863e99ab631986719
IMG_0129_r180_f0,train,Monazite,4,IMG_0129,/content/BSM-Project/data/raw/BSM/Monazite/16.jpg,GRP_0129,/content/BSM-Project/data/augmented/train/Monazite/16__r180_f0.jpg,True,180,False,224,224,3,15529,731646735731d645c85ff22e94dcb9cce870f0cf27179a4579816ce5f1d13338
IMG_0129_r180_f1,train,Monazite,4,IMG_0129,/content/BSM-Project/data/raw/BSM/Monazite/16.jpg,GRP_0129,/content/BSM-Project/data/augmented/train/Monazite/16__r180_f1.jpg,True,180,True,224,224,3,15530,811a0481e0d14417242c734f27fe2477bf1604f367a15d4fe4d2edc9e203eb59
IMG_0129_r270_f0,train,Monazite,4,IMG_0129,/content/BSM-Project/data/raw/BSM/Monazite/16.jpg,GRP_0129,/content/BSM-Project/data/augmented/train/Monazite/16__r270_f0.jpg,True,270,False,224,224,3,15767,764d0ed10ff06bb02c38e67d8bb287d14a3cafc0c9b1f34bb4b7d1f579c67773
IMG_0129_r270_f1,train,Monazite,4,IMG_0129,/content/BSM-Project/data/raw/BSM/Monazite/16.jpg,GRP_0129,/content/BSM-Project/data/augmented/train/Monazite/16__r270_f1.jpg,True,270,True,224,224,3,15775,d95fe3dfbfcddc5f701e274d96b87d2ae49e3b86b92e60086d2edfdcd3c15d58
IMG_0129_r30_f0,train,Monazite,4,IMG_0129,/content/BSM-Project/data/raw/BSM/Monazite/16.jpg,GRP_0129,/content/BSM-Project/data/augmented/train/Monazite/16__r30_f0.jpg,True,30,False,224,224,3,16109,40c437694bb43ab441cb8e431841979df38c27ce32c5a237a5593047eaae7d24
IMG_0129_r30_f1,train,Monazite,4,IMG_0129,/content/BSM-Project/data/raw/BSM/Monazite/16.jpg,GRP_0129,/content/BSM-Project/data/augmented/train/Monazite/16__r30_f1.jpg,True,30,True,224,224,3,16141,acb25d01b8c2e2165dab35c3c6013e8d1cfd49251d7307de01b520be13b1a26d
IMG_0129_r45_f0,train,Monazite,4,IMG_0129,/content/BSM-Project/data/raw/BSM/Monazite/16.jpg,GRP_0129,/content/BSM-Project/data/augmented/train/Monazite/16__r45_f0.jpg,True,45,False,224,224,3,15957,89c88fc3dd91371a271e75f410d09cc5605d94f8d20413338a26beb7d374804e
IMG_0129_r45_f1,train,Monazite,4,IMG_0129,/content/BSM-Project/data/raw/BSM/Monazite/16.jpg,GRP_0129,/content/BSM-Project/data/augmented/train/Monazite/16__r45_f1.jpg,True,45,True,224,224,3,16014,6d5f49f1af552a1eeb18d50769da7b7e595e6b64c136ae813225bbced0519847
IMG_0129_r90_f0,train,Monazite,4,IMG_0129,/content/BSM-Project/data/raw/BSM/Monazite/16.jpg,GRP_0129,/content/BSM-Project/data/augmented/train/Monazite/16__r90_f0.jpg,True,90,False,224,224,3,15759,f28c87566af7339fc5da0fc53af906e983e27e74c7750d2f0dd6d88893db2722
IMG_0129_r90_f1,train,Monazite,4,IMG_0129,/content/BSM-Project/data/raw/BSM/Monazite/16.jpg,GRP_0129,/content/BSM-Project/data/augmented/train/Monazite/16__r90_f1.jpg,True,90,True,224,224,3,15769,3a52f73ded2b32481c85c3b6ed7296b431d5938e9477d349fcf3668e7f219758
IMG_0130_r0_f0,train,Monazite,4,IMG_0130,/content/BSM-Project/data/raw/BSM/Monazite/17.jpg,GRP_0130,/content/BSM-Project/data/augmented/train/Monazite/17__r0_f0.jpg,True,0,False,224,224,3,25162,c12d4b0990fb7ba8ce45c97df410fae9385c3a51d4d93799d9b3f490db2a28b5
IMG_0130_r0_f1,train,Monazite,4,IMG_0130,/content/BSM-Project/data/raw/BSM/Monazite/17.jpg,GRP_0130,/content/BSM-Project/data/augmented/train/Monazite/17__r0_f1.jpg,True,0,True,224,224,3,25161,4c46768d90bec8d546a25baa87d2ee453c651356e500da632be4aa8a921edcfc
IMG_0130_r180_f0,train,Monazite,4,IMG_0130,/content/BSM-Project/data/raw/BSM/Monazite/17.jpg,GRP_0130,/content/BSM-Project/data/augmented/train/Monazite/17__r180_f0.jpg,True,180,False,224,224,3,25149,506bda3409dcae75a42cd442e4798af40417ab979e698b3fbe01a4d9c674b419
IMG_0130_r180_f1,train,Monazite,4,IMG_0130,/content/BSM-Project/data/raw/BSM/Monazite/17.jpg,GRP_0130,/content/BSM-Project/data/augmented/train/Monazite/17__r180_f1.jpg,True,180,True,224,224,3,25191,62f69fbd5e02af159d385404c09ce142122815fec82a9118a83dd55713f2820f
IMG_0130_r270_f0,train,Monazite,4,IMG_0130,/content/BSM-Project/data/raw/BSM/Monazite/17.jpg,GRP_0130,/content/BSM-Project/data/augmented/train/Monazite/17__r270_f0.jpg,True,270,False,224,224,3,19436,45badf6905e8ce19bdc5649be842d2f57af6a3efed24fe2f2016bcec9c3d5d53
IMG_0130_r270_f1,train,Monazite,4,IMG_0130,/content/BSM-Project/data/raw/BSM/Monazite/17.jpg,GRP_0130,/content/BSM-Project/data/augmented/train/Monazite/17__r270_f1.jpg,True,270,True,224,224,3,19431,85eb5122c89c575dabe75c891f3e846ac035c5611d399d374c43574d735bf33d
IMG_0130_r30_f0,train,Monazite,4,IMG_0130,/content/BSM-Project/data/raw/BSM/Monazite/17.jpg,GRP_0130,/content/BSM-Project/data/augmented/train/Monazite/17__r30_f0.jpg,True,30,False,224,224,3,23532,00ec093b97dd5c270b69cddbda39e0d69acad74bac1db0e83c511463336e7239
IMG_0130_r30_f1,train,Monazite,4,IMG_0130,/content/BSM-Project/data/raw/BSM/Monazite/17.jpg,GRP_0130,/content/BSM-Project/data/augmented/train/Monazite/17__r30_f1.jpg,True,30,True,224,224,3,23528,bab81202d1ac83de490a2c5c5cc5a1ffb9498c5dd4107ef5b543109f62da9585
IMG_0130_r45_f0,train,Monazite,4,IMG_0130,/content/BSM-Project/data/raw/BSM/Monazite/17.jpg,GRP_0130,/content/BSM-Project/data/augmented/train/Monazite/17__r45_f0.jpg,True,45,False,224,224,3,22964,3d41130e32eae8b50c4b57595c3831f558dbc0f34829778cf1e74009d8d2f51d
IMG_0130_r45_f1,train,Monazite,4,IMG_0130,/content/BSM-Project/data/raw/BSM/Monazite/17.jpg,GRP_0130,/content/BSM-Project/data/augmented/train/Monazite/17__r45_f1.jpg,True,45,True,224,224,3,22974,47eda8538dd3bdd326ff6fd8273116bcffa8b50ce554d54158604cae237a4ba0
IMG_0130_r90_f0,train,Monazite,4,IMG_0130,/content/BSM-Project/data/raw/BSM/Monazite/17.jpg,GRP_0130,/content/BSM-Project/data/augmented/train/Monazite/17__r90_f0.jpg,True,90,False,224,224,3,19433,c1483c10f7c0397f6db0233c1f9e0efa5f667369c7d631abbe296d43998dbdd8
IMG_0130_r90_f1,train,Monazite,4,IMG_0130,/content/BSM-Project/data/raw/BSM/Monazite/17.jpg,GRP_0130,/content/BSM-Project/data/augmented/train/Monazite/17__r90_f1.jpg,True,90,True,224,224,3,19427,322934a56647619546a878f408bf69dcd84de0962814bf00dd74ee3b06f9a8b5
IMG_0131_r0_f0,train,Monazite,4,IMG_0131,/content/BSM-Project/data/raw/BSM/Monazite/18.jpg,GRP_0131,/content/BSM-Project/data/augmented/train/Monazite/18__r0_f0.jpg,True,0,False,224,224,3,19951,af4f829c062f0411cf64f4b0df9fcbe67d71eda15296709addf7024d9fabfe28
IMG_0131_r0_f1,train,Monazite,4,IMG_0131,/content/BSM-Project/data/raw/BSM/Monazite/18.jpg,GRP_0131,/content/BSM-Project/data/augmented/train/Monazite/18__r0_f1.jpg,True,0,True,224,224,3,19936,3c9db890b0d0dfa60d60d576f152b8ba30ca5ecc5b13d2b6f6e387eef4129904
IMG_0131_r180_f0,train,Monazite,4,IMG_0131,/content/BSM-Project/data/raw/BSM/Monazite/18.jpg,GRP_0131,/content/BSM-Project/data/augmented/train/Monazite/18__r180_f0.jpg,True,180,False,224,224,3,19939,48531a9e0f91283373f5a49c1cd56c01170f0c16a719fc572328c71ac520d2fa
IMG_0131_r180_f1,train,Monazite,4,IMG_0131,/content/BSM-Project/data/raw/BSM/Monazite/18.jpg,GRP_0131,/content/BSM-Project/data/augmented/train/Monazite/18__r180_f1.jpg,True,180,True,224,224,3,19920,de5792e81a6158ea5d1427deabac3153bf455d67cf9f4fd0d48479f67f8497f6
IMG_0131_r270_f0,train,Monazite,4,IMG_0131,/content/BSM-Project/data/raw/BSM/Monazite/18.jpg,GRP_0131,/content/BSM-Project/data/augmented/train/Monazite/18__r270_f0.jpg,True,270,False,224,224,3,15922,790a1d81604238e295df82100bcbd21500b86417258c80659f60bdbbdbdb35a0
IMG_0131_r270_f1,train,Monazite,4,IMG_0131,/content/BSM-Project/data/raw/BSM/Monazite/18.jpg,GRP_0131,/content/BSM-Project/data/augmented/train/Monazite/18__r270_f1.jpg,True,270,True,224,224,3,15930,3b17255f2df0caf8fb837112a7d3d1c69613cfb9ce2774b5de8619adc4e7fddf
IMG_0131_r30_f0,train,Monazite,4,IMG_0131,/content/BSM-Project/data/raw/BSM/Monazite/18.jpg,GRP_0131,/content/BSM-Project/data/augmented/train/Monazite/18__r30_f0.jpg,True,30,False,224,224,3,19143,e1749090b3ef4ab2092f08aafba3bbc415259e71c30e3e0d5a842ae154fec4cd
IMG_0131_r30_f1,train,Monazite,4,IMG_0131,/content/BSM-Project/data/raw/BSM/Monazite/18.jpg,GRP_0131,/content/BSM-Project/data/augmented/train/Monazite/18__r30_f1.jpg,True,30,True,224,224,3,19167,30a55de2dbc30526d1a2724f66c34c304a6fabc0199bcf5614889266bedce1ed
IMG_0131_r45_f0,train,Monazite,4,IMG_0131,/content/BSM-Project/data/raw/BSM/Monazite/18.jpg,GRP_0131,/content/BSM-Project/data/augmented/train/Monazite/18__r45_f0.jpg,True,45,False,224,224,3,18634,418068c0114d8fe97233077143a17432b67c228950f63615022c79bdfffa1055
IMG_0131_r45_f1,train,Monazite,4,IMG_0131,/content/BSM-Project/data/raw/BSM/Monazite/18.jpg,GRP_0131,/content/BSM-Project/data/augmented/train/Monazite/18__r45_f1.jpg,True,45,True,224,224,3,18624,30a57e23cf90488c5aeec9c34fb39e2f1eaa457ed8fb5af864914434589c43a3
IMG_0131_r90_f0,train,Monazite,4,IMG_0131,/content/BSM-Project/data/raw/BSM/Monazite/18.jpg,GRP_0131,/content/BSM-Project/data/augmented/train/Monazite/18__r90_f0.jpg,True,90,False,224,224,3,15926,ea4e50eee32e8b7b65d220fd42592a317390b2bb3205a238715c008f7f558eca
IMG_0131_r90_f1,train,Monazite,4,IMG_0131,/content/BSM-Project/data/raw/BSM/Monazite/18.jpg,GRP_0131,/content/BSM-Project/data/augmented/train/Monazite/18__r90_f1.jpg,True,90,True,224,224,3,15923,94261dcb4b2cc50d771063906eb87ccf4eedfcccedd6ec3ebbd4e3be7ce48d9a
IMG_0135_r0_f0,train,Monazite,4,IMG_0135,/content/BSM-Project/data/raw/BSM/Monazite/21.jpg,GRP_0135,/content/BSM-Project/data/augmented/train/Monazite/21__r0_f0.jpg,True,0,False,224,224,3,22005,190f6f5ce7fbc7bf2457a7c02c361c64f3337763fb4d47c3d50eefe145765b27
IMG_0135_r0_f1,train,Monazite,4,IMG_0135,/content/BSM-Project/data/raw/BSM/Monazite/21.jpg,GRP_0135,/content/BSM-Project/data/augmented/train/Monazite/21__r0_f1.jpg,True,0,True,224,224,3,22006,b1169480b4d7438d4db9b902b0a8ee9db4a90f08d5570b7400313acfe0acdc7b
IMG_0135_r180_f0,train,Monazite,4,IMG_0135,/content/BSM-Project/data/raw/BSM/Monazite/21.jpg,GRP_0135,/content/BSM-Project/data/augmented/train/Monazite/21__r180_f0.jpg,True,180,False,224,224,3,22024,ae2e239084c3a8ea83dde34f47d94700960b5b5f35eed94ab2f566d0c69feef8
IMG_0135_r180_f1,train,Monazite,4,IMG_0135,/content/BSM-Project/data/raw/BSM/Monazite/21.jpg,GRP_0135,/content/BSM-Project/data/augmented/train/Monazite/21__r180_f1.jpg,True,180,True,224,224,3,21980,95aead14dda7c67a531b4570830bb8b097c09855a8acf1cc2c476a74eae339b8
IMG_0135_r270_f0,train,Monazite,4,IMG_0135,/content/BSM-Project/data/raw/BSM/Monazite/21.jpg,GRP_0135,/content/BSM-Project/data/augmented/train/Monazite/21__r270_f0.jpg,True,270,False,224,224,3,16542,80e9b9e2a231d675e128176192af594455a7113f1214f30170d55a06dbbda126
IMG_0135_r270_f1,train,Monazite,4,IMG_0135,/content/BSM-Project/data/raw/BSM/Monazite/21.jpg,GRP_0135,/content/BSM-Project/data/augmented/train/Monazite/21__r270_f1.jpg,True,270,True,224,224,3,16553,495934c7289753668c52c667b65101b7a765d37a48ee054108f9acba3a9b13de
IMG_0135_r30_f0,train,Monazite,4,IMG_0135,/content/BSM-Project/data/raw/BSM/Monazite/21.jpg,GRP_0135,/content/BSM-Project/data/augmented/train/Monazite/21__r30_f0.jpg,True,30,False,224,224,3,20109,018a3a9537346d8683722e8d2483c1ea9fa09bf845dee5c434dce42e205507a8
IMG_0135_r30_f1,train,Monazite,4,IMG_0135,/content/BSM-Project/data/raw/BSM/Monazite/21.jpg,GRP_0135,/content/BSM-Project/data/augmented/train/Monazite/21__r30_f1.jpg,True,30,True,224,224,3,20162,5c8830e347a9a7f864cda244c016eba1fb920e37a63e467145a104d76e6069fe
IMG_0135_r45_f0,train,Monazite,4,IMG_0135,/content/BSM-Project/data/raw/BSM/Monazite/21.jpg,GRP_0135,/content/BSM-Project/data/augmented/train/Monazite/21__r45_f0.jpg,True,45,False,224,224,3,19413,d91a5ede31401255e9b1f8a73968b48c77b006f62d292362ac335e964ed7fb71
IMG_0135_r45_f1,train,Monazite,4,IMG_0135,/content/BSM-Project/data/raw/BSM/Monazite/21.jpg,GRP_0135,/content/BSM-Project/data/augmented/train/Monazite/21__r45_f1.jpg,True,45,True,224,224,3,19449,c46ddc9e064e069c90bf6adac3c43a0011c1262fa7703cea6e974ef7de70b65a
IMG_0135_r90_f0,train,Monazite,4,IMG_0135,/content/BSM-Project/data/raw/BSM/Monazite/21.jpg,GRP_0135,/content/BSM-Project/data/augmented/train/Monazite/21__r90_f0.jpg,True,90,False,224,224,3,16546,382f1d531bb2f2d29f9773fa41f24017404a175832f48677f557f399e0edd536
IMG_0135_r90_f1,train,Monazite,4,IMG_0135,/content/BSM-Project/data/raw/BSM/Monazite/21.jpg,GRP_0135,/content/BSM-Project/data/augmented/train/Monazite/21__r90_f1.jpg,True,90,True,224,224,3,16552,07328446b80bff2fdd52ebc93ae7fc63d51ae60eba82eeb1e47904d0c0ed2c50
IMG_0137_r0_f0,train,Monazite,4,IMG_0137,/content/BSM-Project/data/raw/BSM/Monazite/23.jpg,GRP_0137,/content/BSM-Project/data/augmented/train/Monazite/23__r0_f0.jpg,True,0,False,224,224,3,16370,a18dabecf1b4dd803cbeeed10b2055f8c59c3ea1d024a8cc3414bab308281462
IMG_0137_r0_f1,train,Monazite,4,IMG_0137,/content/BSM-Project/data/raw/BSM/Monazite/23.jpg,GRP_0137,/content/BSM-Project/data/augmented/train/Monazite/23__r0_f1.jpg,True,0,True,224,224,3,16339,dca7139b28c2938e7e268e88b3e59709c295f548016b740f33013249010ed41c
IMG_0137_r180_f0,train,Monazite,4,IMG_0137,/content/BSM-Project/data/raw/BSM/Monazite/23.jpg,GRP_0137,/content/BSM-Project/data/augmented/train/Monazite/23__r180_f0.jpg,True,180,False,224,224,3,16366,d0905810901676947f45cba2e773055b7d684a49c6b9eda2639f957b73235a99
IMG_0137_r180_f1,train,Monazite,4,IMG_0137,/content/BSM-Project/data/raw/BSM/Monazite/23.jpg,GRP_0137,/content/BSM-Project/data/augmented/train/Monazite/23__r180_f1.jpg,True,180,True,224,224,3,16344,9c60e13c877615dd64c296987956422a2dd888c310f8c8b218ada464d30c9fca
IMG_0137_r270_f0,train,Monazite,4,IMG_0137,/content/BSM-Project/data/raw/BSM/Monazite/23.jpg,GRP_0137,/content/BSM-Project/data/augmented/train/Monazite/23__r270_f0.jpg,True,270,False,224,224,3,17047,61f3a597376cdd9a75686e037cb6c822c1cd7a74eec81395a00671fce2e73d08
IMG_0137_r270_f1,train,Monazite,4,IMG_0137,/content/BSM-Project/data/raw/BSM/Monazite/23.jpg,GRP_0137,/content/BSM-Project/data/augmented/train/Monazite/23__r270_f1.jpg,True,270,True,224,224,3,17034,ae1d46a57b8c074a593a9317e7f8bd78b5ca9a44c37e78d22b7fd1d9534f31a2
IMG_0137_r30_f0,train,Monazite,4,IMG_0137,/content/BSM-Project/data/raw/BSM/Monazite/23.jpg,GRP_0137,/content/BSM-Project/data/augmented/train/Monazite/23__r30_f0.jpg,True,30,False,224,224,3,18991,31ec73e28cd3d6d1704d0e6a233028f23ef4da88c5aacefab2901923f9550810
IMG_0137_r30_f1,train,Monazite,4,IMG_0137,/content/BSM-Project/data/raw/BSM/Monazite/23.jpg,GRP_0137,/content/BSM-Project/data/augmented/train/Monazite/23__r30_f1.jpg,True,30,True,224,224,3,19006,cf867849f6e0c1af4fe96857505f7cdf7367d90c33730cf947f069e4c218c679
IMG_0137_r45_f0,train,Monazite,4,IMG_0137,/content/BSM-Project/data/raw/BSM/Monazite/23.jpg,GRP_0137,/content/BSM-Project/data/augmented/train/Monazite/23__r45_f0.jpg,True,45,False,224,224,3,18962,b1ebcbe670a0f232cd7883cde9c53d0c58aa7356ca66255c5b0b3730092f23c0
IMG_0137_r45_f1,train,Monazite,4,IMG_0137,/content/BSM-Project/data/raw/BSM/Monazite/23.jpg,GRP_0137,/content/BSM-Project/data/augmented/train/Monazite/23__r45_f1.jpg,True,45,True,224,224,3,18984,292892c6b74973bd6049f42119dee44a3a55dab28f80ca9fea404be9d27cd320
IMG_0137_r90_f0,train,Monazite,4,IMG_0137,/content/BSM-Project/data/raw/BSM/Monazite/23.jpg,GRP_0137,/content/BSM-Project/data/augmented/train/Monazite/23__r90_f0.jpg,True,90,False,224,224,3,17021,968fd729675dbd064b7a904ced1dd70305e33d81b57ca77b3be7f0db4998b739
IMG_0137_r90_f1,train,Monazite,4,IMG_0137,/content/BSM-Project/data/raw/BSM/Monazite/23.jpg,GRP_0137,/content/BSM-Project/data/augmented/train/Monazite/23__r90_f1.jpg,True,90,True,224,224,3,17054,ab0da1f9d661e16b55f43d8d8959c030661c3f4cb68a6301b3da402cd1fb722a
IMG_0138_r0_f0,train,Monazite,4,IMG_0138,/content/BSM-Project/data/raw/BSM/Monazite/24.jpg,GRP_0138,/content/BSM-Project/data/augmented/train/Monazite/24__r0_f0.jpg,True,0,False,224,224,3,33914,f4dbb6c2cedad2c4105f6fb34e7385cd03a7bc7a1e6c221029d6cbfb053580f3
IMG_0138_r0_f1,train,Monazite,4,IMG_0138,/content/BSM-Project/data/raw/BSM/Monazite/24.jpg,GRP_0138,/content/BSM-Project/data/augmented/train/Monazite/24__r0_f1.jpg,True,0,True,224,224,3,33906,a389a8293ed51f1c54fe49efff1a6f16358dd6507ff32f1628346f7355592aba
IMG_0138_r180_f0,train,Monazite,4,IMG_0138,/content/BSM-Project/data/raw/BSM/Monazite/24.jpg,GRP_0138,/content/BSM-Project/data/augmented/train/Monazite/24__r180_f0.jpg,True,180,False,224,224,3,33911,dfb643bf16f9c7ce396a030c11381090c752b0bc852d5e10e5aab296508c44cb
IMG_0138_r180_f1,train,Monazite,4,IMG_0138,/content/BSM-Project/data/raw/BSM/Monazite/24.jpg,GRP_0138,/content/BSM-Project/data/augmented/train/Monazite/24__r180_f1.jpg,True,180,True,224,224,3,33907,c6e85e2f5220c5f105fbf51dee619bb8233cb875ad76ce5461234b9d0fc4c951
IMG_0138_r270_f0,train,Monazite,4,IMG_0138,/content/BSM-Project/data/raw/BSM/Monazite/24.jpg,GRP_0138,/content/BSM-Project/data/augmented/train/Monazite/24__r270_f0.jpg,True,270,False,224,224,3,24096,678790b19d2a100405c84295f502b5328777ad74ac3e7e5df37248832f60be06
IMG_0138_r270_f1,train,Monazite,4,IMG_0138,/content/BSM-Project/data/raw/BSM/Monazite/24.jpg,GRP_0138,/content/BSM-Project/data/augmented/train/Monazite/24__r270_f1.jpg,True,270,True,224,224,3,24088,0e2f5d3789c6f0e8215830620d273bf14c68098b75601234af1710bf8c888d83
IMG_0138_r30_f0,train,Monazite,4,IMG_0138,/content/BSM-Project/data/raw/BSM/Monazite/24.jpg,GRP_0138,/content/BSM-Project/data/augmented/train/Monazite/24__r30_f0.jpg,True,30,False,224,224,3,30717,e3846d7f580909e06be8fdeabaf080207eb7fb8e58820ed65a063277750727bf
IMG_0138_r30_f1,train,Monazite,4,IMG_0138,/content/BSM-Project/data/raw/BSM/Monazite/24.jpg,GRP_0138,/content/BSM-Project/data/augmented/train/Monazite/24__r30_f1.jpg,True,30,True,224,224,3,30778,35403dc89e9ae86a298d8490b6a4b8f25a4cb9160a37d9de532a96741cd6bf40
IMG_0138_r45_f0,train,Monazite,4,IMG_0138,/content/BSM-Project/data/raw/BSM/Monazite/24.jpg,GRP_0138,/content/BSM-Project/data/augmented/train/Monazite/24__r45_f0.jpg,True,45,False,224,224,3,29631,aea4d12a91f5f47f5cf432afac34777989b21dd24343d9d282a07e6850b7d37c
IMG_0138_r45_f1,train,Monazite,4,IMG_0138,/content/BSM-Project/data/raw/BSM/Monazite/24.jpg,GRP_0138,/content/BSM-Project/data/augmented/train/Monazite/24__r45_f1.jpg,True,45,True,224,224,3,29648,0d978f50f3c9927dc91977d626f24d84eb7e66a4c28bd18e58c3eda54da8bd9f
IMG_0138_r90_f0,train,Monazite,4,IMG_0138,/content/BSM-Project/data/raw/BSM/Monazite/24.jpg,GRP_0138,/content/BSM-Project/data/augmented/train/Monazite/24__r90_f0.jpg,True,90,False,224,224,3,24101,ae86ce5b7a46f341e817ebd4e6cc4ea89c1b3466759b2455897fbff99d9b7e12
IMG_0138_r90_f1,train,Monazite,4,IMG_0138,/content/BSM-Project/data/raw/BSM/Monazite/24.jpg,GRP_0138,/content/BSM-Project/data/augmented/train/Monazite/24__r90_f1.jpg,True,90,True,224,224,3,24087,ee4a7eafb4ff49245da1444d4917feecadd3cf27678c72c1339ffd6f2659e655
IMG_0141_r0_f0,train,Monazite,4,IMG_0141,/content/BSM-Project/data/raw/BSM/Monazite/27.jpg,GRP_0141,/content/BSM-Project/data/augmented/train/Monazite/27__r0_f0.jpg,True,0,False,224,224,3,22194,8f947be892881a1ce09aeec34eb6aa924e422d6ad4c9dd6ccd1f872cc706078a
IMG_0141_r0_f1,train,Monazite,4,IMG_0141,/content/BSM-Project/data/raw/BSM/Monazite/27.jpg,GRP_0141,/content/BSM-Project/data/augmented/train/Monazite/27__r0_f1.jpg,True,0,True,224,224,3,22210,cf213a424d60158f1a0fcab9b5cf8f6b621bf256eab0fb3e8d09d53f3ffb2101
IMG_0141_r180_f0,train,Monazite,4,IMG_0141,/content/BSM-Project/data/raw/BSM/Monazite/27.jpg,GRP_0141,/content/BSM-Project/data/augmented/train/Monazite/27__r180_f0.jpg,True,180,False,224,224,3,22209,4bab8a5023cb716f1e71fb028e54b25a18cc1a9ab4eedc31d8f4d3ccbf234a78
IMG_0141_r180_f1,train,Monazite,4,IMG_0141,/content/BSM-Project/data/raw/BSM/Monazite/27.jpg,GRP_0141,/content/BSM-Project/data/augmented/train/Monazite/27__r180_f1.jpg,True,180,True,224,224,3,22178,1e698dd05888f98f9a8bfa9f37b8a59b5e99d36c88c67f0a5e6b21556097aae6
IMG_0141_r270_f0,train,Monazite,4,IMG_0141,/content/BSM-Project/data/raw/BSM/Monazite/27.jpg,GRP_0141,/content/BSM-Project/data/augmented/train/Monazite/27__r270_f0.jpg,True,270,False,224,224,3,19751,7e0d20fc2792888891274c2756ed18a90f8210e454f548929a9d61206af49300
IMG_0141_r270_f1,train,Monazite,4,IMG_0141,/content/BSM-Project/data/raw/BSM/Monazite/27.jpg,GRP_0141,/content/BSM-Project/data/augmented/train/Monazite/27__r270_f1.jpg,True,270,True,224,224,3,19767,e78dda3d7f0a31899f735ef0db8945e8310be0547063dc2e3635ac55e9334c82
IMG_0141_r30_f0,train,Monazite,4,IMG_0141,/content/BSM-Project/data/raw/BSM/Monazite/27.jpg,GRP_0141,/content/BSM-Project/data/augmented/train/Monazite/27__r30_f0.jpg,True,30,False,224,224,3,21264,23eefde682800fd87a1947bf7124faaafc17ebbd82eadcc11c44ab4c10ff9212
IMG_0141_r30_f1,train,Monazite,4,IMG_0141,/content/BSM-Project/data/raw/BSM/Monazite/27.jpg,GRP_0141,/content/BSM-Project/data/augmented/train/Monazite/27__r30_f1.jpg,True,30,True,224,224,3,21260,c7f8f4492875b83bd0d79005dd2563ee9e80a0d6fbc9b40eef5573cdb4e9ad1e
IMG_0141_r45_f0,train,Monazite,4,IMG_0141,/content/BSM-Project/data/raw/BSM/Monazite/27.jpg,GRP_0141,/content/BSM-Project/data/augmented/train/Monazite/27__r45_f0.jpg,True,45,False,224,224,3,20823,d70c505398b16ebaa2e17604dc8c28045caa1fb120073393b6f712e7a2cf1b8b
IMG_0141_r45_f1,train,Monazite,4,IMG_0141,/content/BSM-Project/data/raw/BSM/Monazite/27.jpg,GRP_0141,/content/BSM-Project/data/augmented/train/Monazite/27__r45_f1.jpg,True,45,True,224,224,3,20847,5ee14789ceecfa7ec4e1b5b1a2e0861393f7aecc595d81076fe83adfecb970a3
IMG_0141_r90_f0,train,Monazite,4,IMG_0141,/content/BSM-Project/data/raw/BSM/Monazite/27.jpg,GRP_0141,/content/BSM-Project/data/augmented/train/Monazite/27__r90_f0.jpg,True,90,False,224,224,3,19748,e2a24bbb0aa28ea943f5df2d3ff1c2a48665516d79be11b74b1dd01a9bf35f2f
IMG_0141_r90_f1,train,Monazite,4,IMG_0141,/content/BSM-Project/data/raw/BSM/Monazite/27.jpg,GRP_0141,/content/BSM-Project/data/augmented/train/Monazite/27__r90_f1.jpg,True,90,True,224,224,3,19750,3bd1f4734e5bdbe77cd53e9e1b6003bb40a84d7daddf43f42e39b0c966ba435b
IMG_0142_r0_f0,train,Monazite,4,IMG_0142,/content/BSM-Project/data/raw/BSM/Monazite/28.jpg,GRP_0142,/content/BSM-Project/data/augmented/train/Monazite/28__r0_f0.jpg,True,0,False,224,224,3,12631,d80586a893a225ed54cf864e14958aa6d70d1224bcd21f97e4410207e6ef4734
IMG_0142_r0_f1,train,Monazite,4,IMG_0142,/content/BSM-Project/data/raw/BSM/Monazite/28.jpg,GRP_0142,/content/BSM-Project/data/augmented/train/Monazite/28__r0_f1.jpg,True,0,True,224,224,3,12620,a999cfee205efd2b812c418abf8a721f34ccbc9d6801c9e9a84c1092b0901339
IMG_0142_r180_f0,train,Monazite,4,IMG_0142,/content/BSM-Project/data/raw/BSM/Monazite/28.jpg,GRP_0142,/content/BSM-Project/data/augmented/train/Monazite/28__r180_f0.jpg,True,180,False,224,224,3,12614,9cac895cb9602075fd8c3d9b2fcc2567b9e1494b92e614caad7ca61ee621c2cb
IMG_0142_r180_f1,train,Monazite,4,IMG_0142,/content/BSM-Project/data/raw/BSM/Monazite/28.jpg,GRP_0142,/content/BSM-Project/data/augmented/train/Monazite/28__r180_f1.jpg,True,180,True,224,224,3,12617,626c26e4cd9afd4f81557042937e7e554cef5d48f7f532d50d6e00be3a79c86e
IMG_0142_r270_f0,train,Monazite,4,IMG_0142,/content/BSM-Project/data/raw/BSM/Monazite/28.jpg,GRP_0142,/content/BSM-Project/data/augmented/train/Monazite/28__r270_f0.jpg,True,270,False,224,224,3,12565,917af1bdcb79c74b6867036ef2d098fd03dfd458f4fa633d00600828af968490
IMG_0142_r270_f1,train,Monazite,4,IMG_0142,/content/BSM-Project/data/raw/BSM/Monazite/28.jpg,GRP_0142,/content/BSM-Project/data/augmented/train/Monazite/28__r270_f1.jpg,True,270,True,224,224,3,12583,44bd6ec78eb238e4a3b492abbe186c2c55f97003579c7e94adc1c4ca82779905
IMG_0142_r30_f0,train,Monazite,4,IMG_0142,/content/BSM-Project/data/raw/BSM/Monazite/28.jpg,GRP_0142,/content/BSM-Project/data/augmented/train/Monazite/28__r30_f0.jpg,True,30,False,224,224,3,15009,1f7b04b299c7b5d2d5105320f89826155f520580375c8ae846db382aba1cfde2
IMG_0142_r30_f1,train,Monazite,4,IMG_0142,/content/BSM-Project/data/raw/BSM/Monazite/28.jpg,GRP_0142,/content/BSM-Project/data/augmented/train/Monazite/28__r30_f1.jpg,True,30,True,224,224,3,14970,cd0976b4500989bd98c7e462ef8377ebaf2dc7c90ad1228181129b49558145a6
IMG_0142_r45_f0,train,Monazite,4,IMG_0142,/content/BSM-Project/data/raw/BSM/Monazite/28.jpg,GRP_0142,/content/BSM-Project/data/augmented/train/Monazite/28__r45_f0.jpg,True,45,False,224,224,3,14912,f8cf8e249da6bf51e52d9bcb01d30fa8b2245b6d2a8d2426ebab081b3d4a8dac
IMG_0142_r45_f1,train,Monazite,4,IMG_0142,/content/BSM-Project/data/raw/BSM/Monazite/28.jpg,GRP_0142,/content/BSM-Project/data/augmented/train/Monazite/28__r45_f1.jpg,True,45,True,224,224,3,14838,b89656499173550e726dfc4206d6eb9671f4a229bc329e62cb6471e46b947cff
IMG_0142_r90_f0,train,Monazite,4,IMG_0142,/content/BSM-Project/data/raw/BSM/Monazite/28.jpg,GRP_0142,/content/BSM-Project/data/augmented/train/Monazite/28__r90_f0.jpg,True,90,False,224,224,3,12567,c36d3ad3ee687c83aa0566eaf21737a80d7be774e62894f93237047a4b7b9d09
IMG_0142_r90_f1,train,Monazite,4,IMG_0142,/content/BSM-Project/data/raw/BSM/Monazite/28.jpg,GRP_0142,/content/BSM-Project/data/augmented/train/Monazite/28__r90_f1.jpg,True,90,True,224,224,3,12554,f68d3c4081a04358a3497c5955e2fa13e79820cfe4304e450f1e74c3b798a84d
IMG_0145_r0_f0,train,Monazite,4,IMG_0145,/content/BSM-Project/data/raw/BSM/Monazite/30.jpg,GRP_0145,/content/BSM-Project/data/augmented/train/Monazite/30__r0_f0.jpg,True,0,False,224,224,3,18871,d7ddd0282401597e87b15677ae1022c9c863fc6f84502cfd0875c3343ce7ffc3
IMG_0145_r0_f1,train,Monazite,4,IMG_0145,/content/BSM-Project/data/raw/BSM/Monazite/30.jpg,GRP_0145,/content/BSM-Project/data/augmented/train/Monazite/30__r0_f1.jpg,True,0,True,224,224,3,18873,aa0c95354f9115c2ed06964feaae00690e8f0bd1863b0515d0ca8137969bcd51
IMG_0145_r180_f0,train,Monazite,4,IMG_0145,/content/BSM-Project/data/raw/BSM/Monazite/30.jpg,GRP_0145,/content/BSM-Project/data/augmented/train/Monazite/30__r180_f0.jpg,True,180,False,224,224,3,18872,59da9a836de8ac1ad7cb2eab0ce41087c110e4eb31a3eabb158ed21ac75b22ae
IMG_0145_r180_f1,train,Monazite,4,IMG_0145,/content/BSM-Project/data/raw/BSM/Monazite/30.jpg,GRP_0145,/content/BSM-Project/data/augmented/train/Monazite/30__r180_f1.jpg,True,180,True,224,224,3,18856,b0aa1fb0f0837fdcdc37b286ec2db6c39036eb448868703337f1291ef42e26ad
IMG_0145_r270_f0,train,Monazite,4,IMG_0145,/content/BSM-Project/data/raw/BSM/Monazite/30.jpg,GRP_0145,/content/BSM-Project/data/augmented/train/Monazite/30__r270_f0.jpg,True,270,False,224,224,3,18662,6d2493b506ca217d32510942baf49b1f7df56ce219aaed2882e346ea3a4201fc
IMG_0145_r270_f1,train,Monazite,4,IMG_0145,/content/BSM-Project/data/raw/BSM/Monazite/30.jpg,GRP_0145,/content/BSM-Project/data/augmented/train/Monazite/30__r270_f1.jpg,True,270,True,224,224,3,18676,a5571c60fd4cdc19b497ec3c46d854fbbd2ed40de9b5a891b639882a9eb9ad93
IMG_0145_r30_f0,train,Monazite,4,IMG_0145,/content/BSM-Project/data/raw/BSM/Monazite/30.jpg,GRP_0145,/content/BSM-Project/data/augmented/train/Monazite/30__r30_f0.jpg,True,30,False,224,224,3,19870,87658d2d4aec30822e4bb6b225475a19f7ac04bce118f05da7d916d6e9577635
IMG_0145_r30_f1,train,Monazite,4,IMG_0145,/content/BSM-Project/data/raw/BSM/Monazite/30.jpg,GRP_0145,/content/BSM-Project/data/augmented/train/Monazite/30__r30_f1.jpg,True,30,True,224,224,3,19923,0ef8195c2c211c406064e19a7312875527bd602a7a7d91df9c24023febaa2625
IMG_0145_r45_f0,train,Monazite,4,IMG_0145,/content/BSM-Project/data/raw/BSM/Monazite/30.jpg,GRP_0145,/content/BSM-Project/data/augmented/train/Monazite/30__r45_f0.jpg,True,45,False,224,224,3,19909,dcaa90f60451f3653e572200823746c50fd6d446fa1b94cbc7d687f8c7202c59
IMG_0145_r45_f1,train,Monazite,4,IMG_0145,/content/BSM-Project/data/raw/BSM/Monazite/30.jpg,GRP_0145,/content/BSM-Project/data/augmented/train/Monazite/30__r45_f1.jpg,True,45,True,224,224,3,19924,d1aa35cf1341bc2533b148bab662eb601aabe0c520152db7f162d41dab49400b
IMG_0145_r90_f0,train,Monazite,4,IMG_0145,/content/BSM-Project/data/raw/BSM/Monazite/30.jpg,GRP_0145,/content/BSM-Project/data/augmented/train/Monazite/30__r90_f0.jpg,True,90,False,224,224,3,18678,fe4935c43049d81edf28f3de187936c5773178c969e951247bbd8c5ad2bdd9b2
IMG_0145_r90_f1,train,Monazite,4,IMG_0145,/content/BSM-Project/data/raw/BSM/Monazite/30.jpg,GRP_0145,/content/BSM-Project/data/augmented/train/Monazite/30__r90_f1.jpg,True,90,True,224,224,3,18677,e99a88d630f8afce6e39c95cea7e817e21d0132e95a58df35fdd3bd1636fa842
IMG_0146_r0_f0,train,Monazite,4,IMG_0146,/content/BSM-Project/data/raw/BSM/Monazite/31.jpg,GRP_0146,/content/BSM-Project/data/augmented/train/Monazite/31__r0_f0.jpg,True,0,False,224,224,3,13789,030e59023ab9d734da8001d5341b7666843f3bba85bb099ea6b9ae44a6a4fc1f
IMG_0146_r0_f1,train,Monazite,4,IMG_0146,/content/BSM-Project/data/raw/BSM/Monazite/31.jpg,GRP_0146,/content/BSM-Project/data/augmented/train/Monazite/31__r0_f1.jpg,True,0,True,224,224,3,13811,62de81ca0ea25820af692b7a8b3f593c0f5e2db8a9786bdfd11c25e84fec80ed
IMG_0146_r180_f0,train,Monazite,4,IMG_0146,/content/BSM-Project/data/raw/BSM/Monazite/31.jpg,GRP_0146,/content/BSM-Project/data/augmented/train/Monazite/31__r180_f0.jpg,True,180,False,224,224,3,13821,a2e1602aa045609e20abe917706e47af1804037f95a143e0fd0d9874b6236849
IMG_0146_r180_f1,train,Monazite,4,IMG_0146,/content/BSM-Project/data/raw/BSM/Monazite/31.jpg,GRP_0146,/content/BSM-Project/data/augmented/train/Monazite/31__r180_f1.jpg,True,180,True,224,224,3,13819,0ef5626c4360d0922e989912e7291adb8ec241d188bcd4cd869d17639949b60f
IMG_0146_r270_f0,train,Monazite,4,IMG_0146,/content/BSM-Project/data/raw/BSM/Monazite/31.jpg,GRP_0146,/content/BSM-Project/data/augmented/train/Monazite/31__r270_f0.jpg,True,270,False,224,224,3,10396,16c3b6c4dc57354b1a5946f1ba4e678dbd7463db9fab89aca059f6e6f323cd2a
IMG_0146_r270_f1,train,Monazite,4,IMG_0146,/content/BSM-Project/data/raw/BSM/Monazite/31.jpg,GRP_0146,/content/BSM-Project/data/augmented/train/Monazite/31__r270_f1.jpg,True,270,True,224,224,3,10359,5eeeb3f87fb690b59c0655d5c856f6e516a1536093ee5b2f48e33b7c0b32cc49
IMG_0146_r30_f0,train,Monazite,4,IMG_0146,/content/BSM-Project/data/raw/BSM/Monazite/31.jpg,GRP_0146,/content/BSM-Project/data/augmented/train/Monazite/31__r30_f0.jpg,True,30,False,224,224,3,16950,f161aa6e6498de1b8d93cdfeaad222efa0a303898bfff59314eed8d5649f5c52
IMG_0146_r30_f1,train,Monazite,4,IMG_0146,/content/BSM-Project/data/raw/BSM/Monazite/31.jpg,GRP_0146,/content/BSM-Project/data/augmented/train/Monazite/31__r30_f1.jpg,True,30,True,224,224,3,16860,982edce7e20b758f041b4ff0f88e7db1ab3a2ab1301ddcb9c5a6cac2395991ba
IMG_0146_r45_f0,train,Monazite,4,IMG_0146,/content/BSM-Project/data/raw/BSM/Monazite/31.jpg,GRP_0146,/content/BSM-Project/data/augmented/train/Monazite/31__r45_f0.jpg,True,45,False,224,224,3,16682,6e467677bf600c1c076ac9f7bf3788ba469d50667520e13a392ed0bf448b6acc
IMG_0146_r45_f1,train,Monazite,4,IMG_0146,/content/BSM-Project/data/raw/BSM/Monazite/31.jpg,GRP_0146,/content/BSM-Project/data/augmented/train/Monazite/31__r45_f1.jpg,True,45,True,224,224,3,16588,450ac23df331457d66c734bf8b016860d82ff30d01c350121415bc44f1ace62f
IMG_0146_r90_f0,train,Monazite,4,IMG_0146,/content/BSM-Project/data/raw/BSM/Monazite/31.jpg,GRP_0146,/content/BSM-Project/data/augmented/train/Monazite/31__r90_f0.jpg,True,90,False,224,224,3,10419,be84dbfd83060f4d7b5ef87b8497ecaa29a67ef3a7c184ac333502fd82c8d7e8
IMG_0146_r90_f1,train,Monazite,4,IMG_0146,/content/BSM-Project/data/raw/BSM/Monazite/31.jpg,GRP_0146,/content/BSM-Project/data/augmented/train/Monazite/31__r90_f1.jpg,True,90,True,224,224,3,10380,83dbda1aeabe0a93ed6060b81fc5a3bc83af52ca33fd8b0e3f848bd5dbd90dac
IMG_0147_r0_f0,train,Monazite,4,IMG_0147,/content/BSM-Project/data/raw/BSM/Monazite/32.jpg,GRP_0147,/content/BSM-Project/data/augmented/train/Monazite/32__r0_f0.jpg,True,0,False,224,224,3,25119,9bd8bf78665c2efa8757471e7113d4df498130e43ebe7a79a59e6e063aaa0c04
IMG_0147_r0_f1,train,Monazite,4,IMG_0147,/content/BSM-Project/data/raw/BSM/Monazite/32.jpg,GRP_0147,/content/BSM-Project/data/augmented/train/Monazite/32__r0_f1.jpg,True,0,True,224,224,3,25122,7febd7247c5538705f97c32a7c27c6f1f225e0fc130d6c94fbcad6bdcbc0c3ab
IMG_0147_r180_f0,train,Monazite,4,IMG_0147,/content/BSM-Project/data/raw/BSM/Monazite/32.jpg,GRP_0147,/content/BSM-Project/data/augmented/train/Monazite/32__r180_f0.jpg,True,180,False,224,224,3,25140,f608d579b9a6691dcb8de0df2aad9bd0c5673e23aae374300135e075150c26a7
IMG_0147_r180_f1,train,Monazite,4,IMG_0147,/content/BSM-Project/data/raw/BSM/Monazite/32.jpg,GRP_0147,/content/BSM-Project/data/augmented/train/Monazite/32__r180_f1.jpg,True,180,True,224,224,3,25122,70f4af78a5f0eb1683789be330333436db6e71f6cddac38d85a7fd52848668d5
IMG_0147_r270_f0,train,Monazite,4,IMG_0147,/content/BSM-Project/data/raw/BSM/Monazite/32.jpg,GRP_0147,/content/BSM-Project/data/augmented/train/Monazite/32__r270_f0.jpg,True,270,False,224,224,3,23172,7638d3831aed1223afeadcd71f6c4997c9b4958675649bd6087b5c05b79f26ad
IMG_0147_r270_f1,train,Monazite,4,IMG_0147,/content/BSM-Project/data/raw/BSM/Monazite/32.jpg,GRP_0147,/content/BSM-Project/data/augmented/train/Monazite/32__r270_f1.jpg,True,270,True,224,224,3,23213,1e1a8afb2a0bcda68b235e1fe124d7338597388891d49984c61ad337bd3bba16
IMG_0147_r30_f0,train,Monazite,4,IMG_0147,/content/BSM-Project/data/raw/BSM/Monazite/32.jpg,GRP_0147,/content/BSM-Project/data/augmented/train/Monazite/32__r30_f0.jpg,True,30,False,224,224,3,24437,1be25336f183f419e29db4279cb1abb94a98530a96f02b3e66d976fb11b6abc3
IMG_0147_r30_f1,train,Monazite,4,IMG_0147,/content/BSM-Project/data/raw/BSM/Monazite/32.jpg,GRP_0147,/content/BSM-Project/data/augmented/train/Monazite/32__r30_f1.jpg,True,30,True,224,224,3,24440,d6eebd5764e3e99506951ee62dc821deefa7e9c5f1a8e31dbef187c33058918a
IMG_0147_r45_f0,train,Monazite,4,IMG_0147,/content/BSM-Project/data/raw/BSM/Monazite/32.jpg,GRP_0147,/content/BSM-Project/data/augmented/train/Monazite/32__r45_f0.jpg,True,45,False,224,224,3,24525,b9fba7319a60b1f86ecd0736255bb66452e037df3d390da187dc2f0d8e714fd5
IMG_0147_r45_f1,train,Monazite,4,IMG_0147,/content/BSM-Project/data/raw/BSM/Monazite/32.jpg,GRP_0147,/content/BSM-Project/data/augmented/train/Monazite/32__r45_f1.jpg,True,45,True,224,224,3,24517,122c49942ebef5eb57ddfdd5cdf2a4286dc7fc3493cd8de27f06b20e6c43be18
IMG_0147_r90_f0,train,Monazite,4,IMG_0147,/content/BSM-Project/data/raw/BSM/Monazite/32.jpg,GRP_0147,/content/BSM-Project/data/augmented/train/Monazite/32__r90_f0.jpg,True,90,False,224,224,3,23203,3bd730dfe220f249b2ee75220229e557f9ca2579abafaddd75be3697bfb784fa
IMG_0147_r90_f1,train,Monazite,4,IMG_0147,/content/BSM-Project/data/raw/BSM/Monazite/32.jpg,GRP_0147,/content/BSM-Project/data/augmented/train/Monazite/32__r90_f1.jpg,True,90,True,224,224,3,23191,7e250e51973a86f9c51dcd8e1fbcfa84d9e61998f7e1cbb97b2d9c28fa891578
IMG_0151_r0_f0,train,Monazite,4,IMG_0151,/content/BSM-Project/data/raw/BSM/Monazite/36.jpg,GRP_0151,/content/BSM-Project/data/augmented/train/Monazite/36__r0_f0.jpg,True,0,False,224,224,3,14507,573762d5ae0a9e502bd392f9f10db1ab9248fabdae60493e7a4829f8045c68b2
IMG_0151_r0_f1,train,Monazite,4,IMG_0151,/content/BSM-Project/data/raw/BSM/Monazite/36.jpg,GRP_0151,/content/BSM-Project/data/augmented/train/Monazite/36__r0_f1.jpg,True,0,True,224,224,3,14540,1399b2726d29649a64c1dfde8b12747ffedfbb15afc71cc984ea26c85861ab54
IMG_0151_r180_f0,train,Monazite,4,IMG_0151,/content/BSM-Project/data/raw/BSM/Monazite/36.jpg,GRP_0151,/content/BSM-Project/data/augmented/train/Monazite/36__r180_f0.jpg,True,180,False,224,224,3,14510,4787ae6a662745ece3fc711d0f86c49cbca4b6a91041621595991763fa938d18
IMG_0151_r180_f1,train,Monazite,4,IMG_0151,/content/BSM-Project/data/raw/BSM/Monazite/36.jpg,GRP_0151,/content/BSM-Project/data/augmented/train/Monazite/36__r180_f1.jpg,True,180,True,224,224,3,14536,195b288040eaab6e6f9cad026de973bc3545bbd43f58d804ac0852cad5984b85
IMG_0151_r270_f0,train,Monazite,4,IMG_0151,/content/BSM-Project/data/raw/BSM/Monazite/36.jpg,GRP_0151,/content/BSM-Project/data/augmented/train/Monazite/36__r270_f0.jpg,True,270,False,224,224,3,13564,21b8731a90eebf1d6f7229ff1330ae6d2488f14c416ed1fd6ec7c910c8fe0277
IMG_0151_r270_f1,train,Monazite,4,IMG_0151,/content/BSM-Project/data/raw/BSM/Monazite/36.jpg,GRP_0151,/content/BSM-Project/data/augmented/train/Monazite/36__r270_f1.jpg,True,270,True,224,224,3,13515,925bd65a560204c95ca47a055eb6081463dee5816c52a812a7f71e1cb4e3239d
IMG_0151_r30_f0,train,Monazite,4,IMG_0151,/content/BSM-Project/data/raw/BSM/Monazite/36.jpg,GRP_0151,/content/BSM-Project/data/augmented/train/Monazite/36__r30_f0.jpg,True,30,False,224,224,3,16406,ddbdc414ee19c2f9e92a0fe4ca5a698175a06d522508ac7a8a48abeb3b633a75
IMG_0151_r30_f1,train,Monazite,4,IMG_0151,/content/BSM-Project/data/raw/BSM/Monazite/36.jpg,GRP_0151,/content/BSM-Project/data/augmented/train/Monazite/36__r30_f1.jpg,True,30,True,224,224,3,16469,e73f43a3774993d777eee62be409cada8b51da19860873dae6abceb962dfc0d8
IMG_0151_r45_f0,train,Monazite,4,IMG_0151,/content/BSM-Project/data/raw/BSM/Monazite/36.jpg,GRP_0151,/content/BSM-Project/data/augmented/train/Monazite/36__r45_f0.jpg,True,45,False,224,224,3,15938,59c98d2b49f9921f2348fda8e6510e0d1eb97d0d2d195b60e15d5b7a7b734a9b
IMG_0151_r45_f1,train,Monazite,4,IMG_0151,/content/BSM-Project/data/raw/BSM/Monazite/36.jpg,GRP_0151,/content/BSM-Project/data/augmented/train/Monazite/36__r45_f1.jpg,True,45,True,224,224,3,15996,5c39d13cf0fe5f754af1355932e2d9a32281611a8d5e0828187c835f263567db
IMG_0151_r90_f0,train,Monazite,4,IMG_0151,/content/BSM-Project/data/raw/BSM/Monazite/36.jpg,GRP_0151,/content/BSM-Project/data/augmented/train/Monazite/36__r90_f0.jpg,True,90,False,224,224,3,13543,11662e0fbe1659dd370f91a4195578d684ccdff18ac434788e822f8a959927cd
IMG_0151_r90_f1,train,Monazite,4,IMG_0151,/content/BSM-Project/data/raw/BSM/Monazite/36.jpg,GRP_0151,/content/BSM-Project/data/augmented/train/Monazite/36__r90_f1.jpg,True,90,True,224,224,3,13550,8057a147a207bddefce606690c3eae881f15a7ca9602b160714bf232a06a45dd
IMG_0152_r0_f0,train,Monazite,4,IMG_0152,/content/BSM-Project/data/raw/BSM/Monazite/37.jpg,GRP_0152,/content/BSM-Project/data/augmented/train/Monazite/37__r0_f0.jpg,True,0,False,224,224,3,20818,66dba43e1b565a2e6e74b6e3691d79c802436d1f34cbd35c1c071c0f9c433e03
IMG_0152_r0_f1,train,Monazite,4,IMG_0152,/content/BSM-Project/data/raw/BSM/Monazite/37.jpg,GRP_0152,/content/BSM-Project/data/augmented/train/Monazite/37__r0_f1.jpg,True,0,True,224,224,3,20829,502aec6de2b428f2881fac77343fecea8aaff07cf28630efa04ddf11b451d526
IMG_0152_r180_f0,train,Monazite,4,IMG_0152,/content/BSM-Project/data/raw/BSM/Monazite/37.jpg,GRP_0152,/content/BSM-Project/data/augmented/train/Monazite/37__r180_f0.jpg,True,180,False,224,224,3,20799,4456cc745fd76a0ce2d926dfc5963d15d4cc6fef3ad6b0df10d624167f9fd4b5
IMG_0152_r180_f1,train,Monazite,4,IMG_0152,/content/BSM-Project/data/raw/BSM/Monazite/37.jpg,GRP_0152,/content/BSM-Project/data/augmented/train/Monazite/37__r180_f1.jpg,True,180,True,224,224,3,20827,8e4bff0fe0a2366386d8f42065ec9649fc5bd75089cde3f7878312e6f9142cc9
IMG_0152_r270_f0,train,Monazite,4,IMG_0152,/content/BSM-Project/data/raw/BSM/Monazite/37.jpg,GRP_0152,/content/BSM-Project/data/augmented/train/Monazite/37__r270_f0.jpg,True,270,False,224,224,3,13655,026ea4126a97b5bd50dd013dd9fbe8b5c0c7de0f49048b228a825f33d4d399e0
IMG_0152_r270_f1,train,Monazite,4,IMG_0152,/content/BSM-Project/data/raw/BSM/Monazite/37.jpg,GRP_0152,/content/BSM-Project/data/augmented/train/Monazite/37__r270_f1.jpg,True,270,True,224,224,3,13661,2ad713b484997ff691ff8dbc885a647266a8599bc760e2350c07fb478197a4b2
IMG_0152_r30_f0,train,Monazite,4,IMG_0152,/content/BSM-Project/data/raw/BSM/Monazite/37.jpg,GRP_0152,/content/BSM-Project/data/augmented/train/Monazite/37__r30_f0.jpg,True,30,False,224,224,3,18412,3f67654996abb47e6ce335ac06a222ebd34db74e561b71045c1cad041930ad80
IMG_0152_r30_f1,train,Monazite,4,IMG_0152,/content/BSM-Project/data/raw/BSM/Monazite/37.jpg,GRP_0152,/content/BSM-Project/data/augmented/train/Monazite/37__r30_f1.jpg,True,30,True,224,224,3,18458,500450049c88fe2284b4c78acb58066f3387398a029a2395b8622f1ae2687d99
IMG_0152_r45_f0,train,Monazite,4,IMG_0152,/content/BSM-Project/data/raw/BSM/Monazite/37.jpg,GRP_0152,/content/BSM-Project/data/augmented/train/Monazite/37__r45_f0.jpg,True,45,False,224,224,3,16802,ae91a4e82a2178090ebdefb0a343ab193e39349880ecd4444f26c53b0bcb8714
IMG_0152_r45_f1,train,Monazite,4,IMG_0152,/content/BSM-Project/data/raw/BSM/Monazite/37.jpg,GRP_0152,/content/BSM-Project/data/augmented/train/Monazite/37__r45_f1.jpg,True,45,True,224,224,3,16772,2e81078360337a6856de2f9f97ffaf724d236b3bbde4cfc8b53de79aed14b7ab
IMG_0152_r90_f0,train,Monazite,4,IMG_0152,/content/BSM-Project/data/raw/BSM/Monazite/37.jpg,GRP_0152,/content/BSM-Project/data/augmented/train/Monazite/37__r90_f0.jpg,True,90,False,224,224,3,13665,169f25c4261c2c190b181c0f560a458d77237efaebaca8b54128a54098ac46bb
IMG_0152_r90_f1,train,Monazite,4,IMG_0152,/content/BSM-Project/data/raw/BSM/Monazite/37.jpg,GRP_0152,/content/BSM-Project/data/augmented/train/Monazite/37__r90_f1.jpg,True,90,True,224,224,3,13646,e38f82cd20234779c81052f4e54b833deaee0661d81b21460acbb562231943d5
IMG_0153_r0_f0,train,Monazite,4,IMG_0153,/content/BSM-Project/data/raw/BSM/Monazite/38.jpg,GRP_0153,/content/BSM-Project/data/augmented/train/Monazite/38__r0_f0.jpg,True,0,False,224,224,3,13742,003f552f433b6a7ae8200b003324274011de8dd03d15e7cee5e1f8f2201002b1
IMG_0153_r0_f1,train,Monazite,4,IMG_0153,/content/BSM-Project/data/raw/BSM/Monazite/38.jpg,GRP_0153,/content/BSM-Project/data/augmented/train/Monazite/38__r0_f1.jpg,True,0,True,224,224,3,13770,7682db4d72ed0a28833f307e3740f2522bbf56291b4f108ef7834139231bf875
IMG_0153_r180_f0,train,Monazite,4,IMG_0153,/content/BSM-Project/data/raw/BSM/Monazite/38.jpg,GRP_0153,/content/BSM-Project/data/augmented/train/Monazite/38__r180_f0.jpg,True,180,False,224,224,3,13757,dcc8e441443a35306bf940302c2d70dc177a9a4e5d4a16d5f186892f4cc2f0da
IMG_0153_r180_f1,train,Monazite,4,IMG_0153,/content/BSM-Project/data/raw/BSM/Monazite/38.jpg,GRP_0153,/content/BSM-Project/data/augmented/train/Monazite/38__r180_f1.jpg,True,180,True,224,224,3,13763,321b2712341bd3e2e1076fa3b45a035af87288097b4d0d9572762ab5c810ea2e
IMG_0153_r270_f0,train,Monazite,4,IMG_0153,/content/BSM-Project/data/raw/BSM/Monazite/38.jpg,GRP_0153,/content/BSM-Project/data/augmented/train/Monazite/38__r270_f0.jpg,True,270,False,224,224,3,9176,257bf12eb7d5b5ffa7c8b44a11438fa707e440ddff82fb03d5095a2b45345339
IMG_0153_r270_f1,train,Monazite,4,IMG_0153,/content/BSM-Project/data/raw/BSM/Monazite/38.jpg,GRP_0153,/content/BSM-Project/data/augmented/train/Monazite/38__r270_f1.jpg,True,270,True,224,224,3,9187,a88934f4a6ef9635d661780a769047a7c94fd4a606396913f669179b3079a392
IMG_0153_r30_f0,train,Monazite,4,IMG_0153,/content/BSM-Project/data/raw/BSM/Monazite/38.jpg,GRP_0153,/content/BSM-Project/data/augmented/train/Monazite/38__r30_f0.jpg,True,30,False,224,224,3,13155,d0ab013c711a05879d3268804d7e93cb584e869a3fee33cd81a14a9145eae860
IMG_0153_r30_f1,train,Monazite,4,IMG_0153,/content/BSM-Project/data/raw/BSM/Monazite/38.jpg,GRP_0153,/content/BSM-Project/data/augmented/train/Monazite/38__r30_f1.jpg,True,30,True,224,224,3,13165,b80bee1d7bf31fb633ce567a094cbac5557953899cca99cfda3af39f898a4bee
IMG_0153_r45_f0,train,Monazite,4,IMG_0153,/content/BSM-Project/data/raw/BSM/Monazite/38.jpg,GRP_0153,/content/BSM-Project/data/augmented/train/Monazite/38__r45_f0.jpg,True,45,False,224,224,3,12202,e5112d472760e7b82b256988e28b77a6b00733ffd30a3a31f321558cf61880e3
IMG_0153_r45_f1,train,Monazite,4,IMG_0153,/content/BSM-Project/data/raw/BSM/Monazite/38.jpg,GRP_0153,/content/BSM-Project/data/augmented/train/Monazite/38__r45_f1.jpg,True,45,True,224,224,3,12228,f12b9db9d860319df5715217862068251798ccc0cf6d1adcfbc9f27f68c589f2
IMG_0153_r90_f0,train,Monazite,4,IMG_0153,/content/BSM-Project/data/raw/BSM/Monazite/38.jpg,GRP_0153,/content/BSM-Project/data/augmented/train/Monazite/38__r90_f0.jpg,True,90,False,224,224,3,9178,dc9e547952c7404ced6a4533778a706d50c34f09f29367dc3112e8201adeb7e6
IMG_0153_r90_f1,train,Monazite,4,IMG_0153,/content/BSM-Project/data/raw/BSM/Monazite/38.jpg,GRP_0153,/content/BSM-Project/data/augmented/train/Monazite/38__r90_f1.jpg,True,90,True,224,224,3,9183,c0a2683ef72a30a7e128b0eca23be2f191c0a6c61b3f362740d51ba6b4fe9573
IMG_0154_r0_f0,train,Monazite,4,IMG_0154,/content/BSM-Project/data/raw/BSM/Monazite/39.jpg,GRP_0154,/content/BSM-Project/data/augmented/train/Monazite/39__r0_f0.jpg,True,0,False,224,224,3,21494,64f3c14aa4169dcdcbdb4702f8f51931cbd7b4f79921ce3e8b1b4ba4f9b296a9
IMG_0154_r0_f1,train,Monazite,4,IMG_0154,/content/BSM-Project/data/raw/BSM/Monazite/39.jpg,GRP_0154,/content/BSM-Project/data/augmented/train/Monazite/39__r0_f1.jpg,True,0,True,224,224,3,21477,a5a31056877193f9b4c25b1c35b5dcec6968847f19befd8b628cc3eef4e11440
IMG_0154_r180_f0,train,Monazite,4,IMG_0154,/content/BSM-Project/data/raw/BSM/Monazite/39.jpg,GRP_0154,/content/BSM-Project/data/augmented/train/Monazite/39__r180_f0.jpg,True,180,False,224,224,3,21493,0178a31f44ebd6a4ee1b3d03d8895051953e276efb079dfe4199ac5a0f8d0a41
IMG_0154_r180_f1,train,Monazite,4,IMG_0154,/content/BSM-Project/data/raw/BSM/Monazite/39.jpg,GRP_0154,/content/BSM-Project/data/augmented/train/Monazite/39__r180_f1.jpg,True,180,True,224,224,3,21489,ddb842369a163a9d41dbcdba2b26866c36dd1d0fef7de5769c40135d6c5b8df0
IMG_0154_r270_f0,train,Monazite,4,IMG_0154,/content/BSM-Project/data/raw/BSM/Monazite/39.jpg,GRP_0154,/content/BSM-Project/data/augmented/train/Monazite/39__r270_f0.jpg,True,270,False,224,224,3,18922,16d38fbc987fe6696d462c49862e8970285c77e3da90114a4a2a29da877e70e4
IMG_0154_r270_f1,train,Monazite,4,IMG_0154,/content/BSM-Project/data/raw/BSM/Monazite/39.jpg,GRP_0154,/content/BSM-Project/data/augmented/train/Monazite/39__r270_f1.jpg,True,270,True,224,224,3,18932,e63a8d2862fd73d0ae60d61f5dc36f63e744c136b5eaeb9db0e581f35db1f0eb
IMG_0154_r30_f0,train,Monazite,4,IMG_0154,/content/BSM-Project/data/raw/BSM/Monazite/39.jpg,GRP_0154,/content/BSM-Project/data/augmented/train/Monazite/39__r30_f0.jpg,True,30,False,224,224,3,22065,c86c4b25eeda95bc529f7c1ff5f221b3855d0905567aad6a88ba18e59d2d39d9
IMG_0154_r30_f1,train,Monazite,4,IMG_0154,/content/BSM-Project/data/raw/BSM/Monazite/39.jpg,GRP_0154,/content/BSM-Project/data/augmented/train/Monazite/39__r30_f1.jpg,True,30,True,224,224,3,22052,4c885ef38333364764ace95c43981a9eb00986e1a604dcdbe5843bc76e1feb9a
IMG_0154_r45_f0,train,Monazite,4,IMG_0154,/content/BSM-Project/data/raw/BSM/Monazite/39.jpg,GRP_0154,/content/BSM-Project/data/augmented/train/Monazite/39__r45_f0.jpg,True,45,False,224,224,3,21545,68394e73dfcc5d39b8478b40384a86fa861da5db0b34ae354e913b12a3912960
IMG_0154_r45_f1,train,Monazite,4,IMG_0154,/content/BSM-Project/data/raw/BSM/Monazite/39.jpg,GRP_0154,/content/BSM-Project/data/augmented/train/Monazite/39__r45_f1.jpg,True,45,True,224,224,3,21528,c266920ab2e0e55f5ec5489166de243dfbdc1900aab84ea233191c9392821cdd
IMG_0154_r90_f0,train,Monazite,4,IMG_0154,/content/BSM-Project/data/raw/BSM/Monazite/39.jpg,GRP_0154,/content/BSM-Project/data/augmented/train/Monazite/39__r90_f0.jpg,True,90,False,224,224,3,18921,7611c32ea96394c7e7d48e7e6fa738c0f30f4ce5f6ab830a74fd1e648f682aa3
IMG_0154_r90_f1,train,Monazite,4,IMG_0154,/content/BSM-Project/data/raw/BSM/Monazite/39.jpg,GRP_0154,/content/BSM-Project/data/augmented/train/Monazite/39__r90_f1.jpg,True,90,True,224,224,3,18928,2afe7149f68b78dabd64ef5ddca3741f8326425b3ffe938bb22f5ba991464a45
IMG_0155_r0_f0,train,Monazite,4,IMG_0155,/content/BSM-Project/data/raw/BSM/Monazite/4.jpg,GRP_0155,/content/BSM-Project/data/augmented/train/Monazite/4__r0_f0.jpg,True,0,False,224,224,3,12644,0b733b7fef4d0e60ac17f333ae18cf48a173512691adcf270717da94c732be8f
IMG_0155_r0_f1,train,Monazite,4,IMG_0155,/content/BSM-Project/data/raw/BSM/Monazite/4.jpg,GRP_0155,/content/BSM-Project/data/augmented/train/Monazite/4__r0_f1.jpg,True,0,True,224,224,3,12650,a64b41fffb03fb560c5ad0430837951936bab28d5fd8dba1ae453557582ebeef
IMG_0155_r180_f0,train,Monazite,4,IMG_0155,/content/BSM-Project/data/raw/BSM/Monazite/4.jpg,GRP_0155,/content/BSM-Project/data/augmented/train/Monazite/4__r180_f0.jpg,True,180,False,224,224,3,12653,1f8c91c204e55fd85bd0246529d1f649e3ffcfad1537cf196d30eea36de7fb72
IMG_0155_r180_f1,train,Monazite,4,IMG_0155,/content/BSM-Project/data/raw/BSM/Monazite/4.jpg,GRP_0155,/content/BSM-Project/data/augmented/train/Monazite/4__r180_f1.jpg,True,180,True,224,224,3,12627,18fe75c725a154bd388ce6cd531d0874c3ae46e6a512363d6131266ed7c0a5c9
IMG_0155_r270_f0,train,Monazite,4,IMG_0155,/content/BSM-Project/data/raw/BSM/Monazite/4.jpg,GRP_0155,/content/BSM-Project/data/augmented/train/Monazite/4__r270_f0.jpg,True,270,False,224,224,3,12327,77f18b829c970db93307922a07256eb48415e13b71c6bd6568add036380f3aea
IMG_0155_r270_f1,train,Monazite,4,IMG_0155,/content/BSM-Project/data/raw/BSM/Monazite/4.jpg,GRP_0155,/content/BSM-Project/data/augmented/train/Monazite/4__r270_f1.jpg,True,270,True,224,224,3,12330,418528332f303dd725812625f26e9f083ae7ed80995d211ee3730ba003c52eb8
IMG_0155_r30_f0,train,Monazite,4,IMG_0155,/content/BSM-Project/data/raw/BSM/Monazite/4.jpg,GRP_0155,/content/BSM-Project/data/augmented/train/Monazite/4__r30_f0.jpg,True,30,False,224,224,3,12701,d32e9399740b3ab0cf01584725a37408b4daaf26f3e3bab91bbc281193c8774a
IMG_0155_r30_f1,train,Monazite,4,IMG_0155,/content/BSM-Project/data/raw/BSM/Monazite/4.jpg,GRP_0155,/content/BSM-Project/data/augmented/train/Monazite/4__r30_f1.jpg,True,30,True,224,224,3,12738,f8955b1369ff7c358bff08b492ed432638aecba37b88dde4a610ebd299ea7fcb
IMG_0155_r45_f0,train,Monazite,4,IMG_0155,/content/BSM-Project/data/raw/BSM/Monazite/4.jpg,GRP_0155,/content/BSM-Project/data/augmented/train/Monazite/4__r45_f0.jpg,True,45,False,224,224,3,12804,faa6d75bc2ba1d19d47b67f0367fda4212c52eea34b5231e83f311fce31f82a3
IMG_0155_r45_f1,train,Monazite,4,IMG_0155,/content/BSM-Project/data/raw/BSM/Monazite/4.jpg,GRP_0155,/content/BSM-Project/data/augmented/train/Monazite/4__r45_f1.jpg,True,45,True,224,224,3,12823,e6e671fd9a601152b8b45ee5f23ec80bb0885aaf706179e5c2cad90f0b9efbf9
IMG_0155_r90_f0,train,Monazite,4,IMG_0155,/content/BSM-Project/data/raw/BSM/Monazite/4.jpg,GRP_0155,/content/BSM-Project/data/augmented/train/Monazite/4__r90_f0.jpg,True,90,False,224,224,3,12312,2c4d21f15175912203003eef0bd6dd56607b355bc0e8d4d205e8821ab7786956
IMG_0155_r90_f1,train,Monazite,4,IMG_0155,/content/BSM-Project/data/raw/BSM/Monazite/4.jpg,GRP_0155,/content/BSM-Project/data/augmented/train/Monazite/4__r90_f1.jpg,True,90,True,224,224,3,12335,413800bcaca8bba1df8beca8c0820d2c0228fb542f9f4febeae29505bbff721a
IMG_0156_r0_f0,train,Monazite,4,IMG_0156,/content/BSM-Project/data/raw/BSM/Monazite/40.jpg,GRP_0156,/content/BSM-Project/data/augmented/train/Monazite/40__r0_f0.jpg,True,0,False,224,224,3,18308,a68eef9c7f95c17b63b8643843102bf7ce2d412b5a6de1a90a79510d3d244dbd
IMG_0156_r0_f1,train,Monazite,4,IMG_0156,/content/BSM-Project/data/raw/BSM/Monazite/40.jpg,GRP_0156,/content/BSM-Project/data/augmented/train/Monazite/40__r0_f1.jpg,True,0,True,224,224,3,18298,e5f1c4d12129fb19f54773aeb9ac4fb31a21bcd4f50abee07412bcc2062f0e21
IMG_0156_r180_f0,train,Monazite,4,IMG_0156,/content/BSM-Project/data/raw/BSM/Monazite/40.jpg,GRP_0156,/content/BSM-Project/data/augmented/train/Monazite/40__r180_f0.jpg,True,180,False,224,224,3,18292,8892d20c02c6bc36aeaa87f171ed1debdd38c7e6e95838d070d3197137581c36
IMG_0156_r180_f1,train,Monazite,4,IMG_0156,/content/BSM-Project/data/raw/BSM/Monazite/40.jpg,GRP_0156,/content/BSM-Project/data/augmented/train/Monazite/40__r180_f1.jpg,True,180,True,224,224,3,18317,00bd2ac0fea27b615a6904df36608bf35a02d937d0e17ab58eb6835ff8573470
IMG_0156_r270_f0,train,Monazite,4,IMG_0156,/content/BSM-Project/data/raw/BSM/Monazite/40.jpg,GRP_0156,/content/BSM-Project/data/augmented/train/Monazite/40__r270_f0.jpg,True,270,False,224,224,3,16718,43effbf7bc33ce95c3ef055af99ce108284c2661158c106324d0193f11518a0f
IMG_0156_r270_f1,train,Monazite,4,IMG_0156,/content/BSM-Project/data/raw/BSM/Monazite/40.jpg,GRP_0156,/content/BSM-Project/data/augmented/train/Monazite/40__r270_f1.jpg,True,270,True,224,224,3,16712,e1609ec11fbbcc7095f6362f57451bd37d127ed78e3c4e71f6c14d4c6e30e049
IMG_0156_r30_f0,train,Monazite,4,IMG_0156,/content/BSM-Project/data/raw/BSM/Monazite/40.jpg,GRP_0156,/content/BSM-Project/data/augmented/train/Monazite/40__r30_f0.jpg,True,30,False,224,224,3,18819,cff7b61f51c21581e640f6c377b74104b8b1e5c039bdc3d616f697a39259d70c
IMG_0156_r30_f1,train,Monazite,4,IMG_0156,/content/BSM-Project/data/raw/BSM/Monazite/40.jpg,GRP_0156,/content/BSM-Project/data/augmented/train/Monazite/40__r30_f1.jpg,True,30,True,224,224,3,18832,2553dad09f6c035e2726a1deca36503287fea671a50cf36fb98dbd02907e191e
IMG_0156_r45_f0,train,Monazite,4,IMG_0156,/content/BSM-Project/data/raw/BSM/Monazite/40.jpg,GRP_0156,/content/BSM-Project/data/augmented/train/Monazite/40__r45_f0.jpg,True,45,False,224,224,3,18217,1144a903acf5a9ca118d12419728ad904ae680eb77b3d15b9872b07264f5b5c5
IMG_0156_r45_f1,train,Monazite,4,IMG_0156,/content/BSM-Project/data/raw/BSM/Monazite/40.jpg,GRP_0156,/content/BSM-Project/data/augmented/train/Monazite/40__r45_f1.jpg,True,45,True,224,224,3,18249,d3cf7d3274a6edc3a7e4f8a74126837552c0993f8381e760fa063a78eb151ce1
IMG_0156_r90_f0,train,Monazite,4,IMG_0156,/content/BSM-Project/data/raw/BSM/Monazite/40.jpg,GRP_0156,/content/BSM-Project/data/augmented/train/Monazite/40__r90_f0.jpg,True,90,False,224,224,3,16723,b07d1bf156525480f1be1defb2dbb02d4aa87d9850bcba74e5c9c9a91fef58dd
IMG_0156_r90_f1,train,Monazite,4,IMG_0156,/content/BSM-Project/data/raw/BSM/Monazite/40.jpg,GRP_0156,/content/BSM-Project/data/augmented/train/Monazite/40__r90_f1.jpg,True,90,True,224,224,3,16715,5f0f7bc0d2ee0cbc175224d0747a894f8497d9b35446d519eb174cb99c9024c1
IMG_0157_r0_f0,train,Monazite,4,IMG_0157,/content/BSM-Project/data/raw/BSM/Monazite/41.jpg,GRP_0157,/content/BSM-Project/data/augmented/train/Monazite/41__r0_f0.jpg,True,0,False,224,224,3,18576,9d2e2792a8de28bf1d9d623f7913c97014f56d8f94c5d609eeb77eb766f1198b
IMG_0157_r0_f1,train,Monazite,4,IMG_0157,/content/BSM-Project/data/raw/BSM/Monazite/41.jpg,GRP_0157,/content/BSM-Project/data/augmented/train/Monazite/41__r0_f1.jpg,True,0,True,224,224,3,18577,2c699eb43452ec9b2242e2a0fc509aa3deb854402af37bb58633e01cf806f715
IMG_0157_r180_f0,train,Monazite,4,IMG_0157,/content/BSM-Project/data/raw/BSM/Monazite/41.jpg,GRP_0157,/content/BSM-Project/data/augmented/train/Monazite/41__r180_f0.jpg,True,180,False,224,224,3,18576,71bde88cf77fa8d91fd9c6507c07dce9fe191bd59fbda3830a1161f49062afe2
IMG_0157_r180_f1,train,Monazite,4,IMG_0157,/content/BSM-Project/data/raw/BSM/Monazite/41.jpg,GRP_0157,/content/BSM-Project/data/augmented/train/Monazite/41__r180_f1.jpg,True,180,True,224,224,3,18585,3eb521447388bb451014fae926d83b80e1e9651e5d9e346ec640051e1177a851
IMG_0157_r270_f0,train,Monazite,4,IMG_0157,/content/BSM-Project/data/raw/BSM/Monazite/41.jpg,GRP_0157,/content/BSM-Project/data/augmented/train/Monazite/41__r270_f0.jpg,True,270,False,224,224,3,18497,efb18945592a78c39f376badbf03ae08192a36670b5b32959219d5fb86f1876e
IMG_0157_r270_f1,train,Monazite,4,IMG_0157,/content/BSM-Project/data/raw/BSM/Monazite/41.jpg,GRP_0157,/content/BSM-Project/data/augmented/train/Monazite/41__r270_f1.jpg,True,270,True,224,224,3,18476,370fba9d529b054c1cf11e9ad2d4fab6dd3b28534c8d19507d8a56892620731f
IMG_0157_r30_f0,train,Monazite,4,IMG_0157,/content/BSM-Project/data/raw/BSM/Monazite/41.jpg,GRP_0157,/content/BSM-Project/data/augmented/train/Monazite/41__r30_f0.jpg,True,30,False,224,224,3,18910,d29a8d707cf462964d73fc74ad41a52652d95840633ac5569c247eaa4231a4d6
IMG_0157_r30_f1,train,Monazite,4,IMG_0157,/content/BSM-Project/data/raw/BSM/Monazite/41.jpg,GRP_0157,/content/BSM-Project/data/augmented/train/Monazite/41__r30_f1.jpg,True,30,True,224,224,3,18902,ad9be99a30a928344274063ea5a2485250d1d1d4ebbf21aa20a8d1e5751f0873
IMG_0157_r45_f0,train,Monazite,4,IMG_0157,/content/BSM-Project/data/raw/BSM/Monazite/41.jpg,GRP_0157,/content/BSM-Project/data/augmented/train/Monazite/41__r45_f0.jpg,True,45,False,224,224,3,18528,3063491f29d68ddb8b665e1a828101c91fd00c97b0b278b848643ebb4f9f844e
IMG_0157_r45_f1,train,Monazite,4,IMG_0157,/content/BSM-Project/data/raw/BSM/Monazite/41.jpg,GRP_0157,/content/BSM-Project/data/augmented/train/Monazite/41__r45_f1.jpg,True,45,True,224,224,3,18503,24401ab1943a8d8f521b3ab6f1c38508448b8d369bfebe3449747ea8c90acbee
IMG_0157_r90_f0,train,Monazite,4,IMG_0157,/content/BSM-Project/data/raw/BSM/Monazite/41.jpg,GRP_0157,/content/BSM-Project/data/augmented/train/Monazite/41__r90_f0.jpg,True,90,False,224,224,3,18477,c17c9e27910753c0c3e8cf58306af29ba7e0b997ff8cf2e88aaa85343d1a7365
IMG_0157_r90_f1,train,Monazite,4,IMG_0157,/content/BSM-Project/data/raw/BSM/Monazite/41.jpg,GRP_0157,/content/BSM-Project/data/augmented/train/Monazite/41__r90_f1.jpg,True,90,True,224,224,3,18473,1b2a65f5dd67d0a68ea34c5fa87d7868202b8d213b1ed5370cb23bb52095d820
IMG_0158_r0_f0,train,Monazite,4,IMG_0158,/content/BSM-Project/data/raw/BSM/Monazite/42.jpg,GRP_0158,/content/BSM-Project/data/augmented/train/Monazite/42__r0_f0.jpg,True,0,False,224,224,3,17572,c5cc2e18954e5d69ccaf722cbf55557c7071ce4555165d680c6858dbfda6fef5
IMG_0158_r0_f1,train,Monazite,4,IMG_0158,/content/BSM-Project/data/raw/BSM/Monazite/42.jpg,GRP_0158,/content/BSM-Project/data/augmented/train/Monazite/42__r0_f1.jpg,True,0,True,224,224,3,17566,f36c02981497a942b2d7ff0cdaccf6443af9eab60c529458d87aaeb3134adc97
IMG_0158_r180_f0,train,Monazite,4,IMG_0158,/content/BSM-Project/data/raw/BSM/Monazite/42.jpg,GRP_0158,/content/BSM-Project/data/augmented/train/Monazite/42__r180_f0.jpg,True,180,False,224,224,3,17582,2dd54b638207652c206e35a07369d1b015a4f687528fde125b70da5dbdeee3da
IMG_0158_r180_f1,train,Monazite,4,IMG_0158,/content/BSM-Project/data/raw/BSM/Monazite/42.jpg,GRP_0158,/content/BSM-Project/data/augmented/train/Monazite/42__r180_f1.jpg,True,180,True,224,224,3,17586,efcb55e4be6eb24a84519ade9d869eadb23625f5ac4b46298c70d81d4e971558
IMG_0158_r270_f0,train,Monazite,4,IMG_0158,/content/BSM-Project/data/raw/BSM/Monazite/42.jpg,GRP_0158,/content/BSM-Project/data/augmented/train/Monazite/42__r270_f0.jpg,True,270,False,224,224,3,16694,6899cb74e54a058f882d4c9c26067623155afd80bd3e900c4b7539f94c554a96
IMG_0158_r270_f1,train,Monazite,4,IMG_0158,/content/BSM-Project/data/raw/BSM/Monazite/42.jpg,GRP_0158,/content/BSM-Project/data/augmented/train/Monazite/42__r270_f1.jpg,True,270,True,224,224,3,16682,57a9ee85a5adbbc825dece5cc5b1c1a9f462ed21e0a5b96442758e7255d26239
IMG_0158_r30_f0,train,Monazite,4,IMG_0158,/content/BSM-Project/data/raw/BSM/Monazite/42.jpg,GRP_0158,/content/BSM-Project/data/augmented/train/Monazite/42__r30_f0.jpg,True,30,False,224,224,3,17482,689c38719ee329d04a34a41436691ea0362ae686b234e7c7e1338344013ea236
IMG_0158_r30_f1,train,Monazite,4,IMG_0158,/content/BSM-Project/data/raw/BSM/Monazite/42.jpg,GRP_0158,/content/BSM-Project/data/augmented/train/Monazite/42__r30_f1.jpg,True,30,True,224,224,3,17485,1a78333c419ef34ab9f9404acb228ff19fe088c57c4be9035b8aa7958027aa5a
IMG_0158_r45_f0,train,Monazite,4,IMG_0158,/content/BSM-Project/data/raw/BSM/Monazite/42.jpg,GRP_0158,/content/BSM-Project/data/augmented/train/Monazite/42__r45_f0.jpg,True,45,False,224,224,3,17388,33ac095e8a011882173c96617abc2ce6fa9cb6fef0318639707e16a5eb228009
IMG_0158_r45_f1,train,Monazite,4,IMG_0158,/content/BSM-Project/data/raw/BSM/Monazite/42.jpg,GRP_0158,/content/BSM-Project/data/augmented/train/Monazite/42__r45_f1.jpg,True,45,True,224,224,3,17395,43f9f36c78705ad53968accd59057a49e5b568264fd12520e25863656548a106
IMG_0158_r90_f0,train,Monazite,4,IMG_0158,/content/BSM-Project/data/raw/BSM/Monazite/42.jpg,GRP_0158,/content/BSM-Project/data/augmented/train/Monazite/42__r90_f0.jpg,True,90,False,224,224,3,16681,bf8a9931da5dc3fc715dd50008b7ffbfb9d3b37aab97e49cea456dc2a1686425
IMG_0158_r90_f1,train,Monazite,4,IMG_0158,/content/BSM-Project/data/raw/BSM/Monazite/42.jpg,GRP_0158,/content/BSM-Project/data/augmented/train/Monazite/42__r90_f1.jpg,True,90,True,224,224,3,16678,5894c78704c67fe677984cc93a0448f0344545f52d9367584385cdcec841c367
IMG_0159_r0_f0,train,Monazite,4,IMG_0159,/content/BSM-Project/data/raw/BSM/Monazite/43.jpg,GRP_0159,/content/BSM-Project/data/augmented/train/Monazite/43__r0_f0.jpg,True,0,False,224,224,3,14508,5ada480aa7fc265f0309ccc70a18be6b44c22f568fe12fc3347483cff499abd0
IMG_0159_r0_f1,train,Monazite,4,IMG_0159,/content/BSM-Project/data/raw/BSM/Monazite/43.jpg,GRP_0159,/content/BSM-Project/data/augmented/train/Monazite/43__r0_f1.jpg,True,0,True,224,224,3,14539,c476bad61f0ac50ee58df451afe5353439298a7fdd8ce7206b9776df7970258b
IMG_0159_r180_f0,train,Monazite,4,IMG_0159,/content/BSM-Project/data/raw/BSM/Monazite/43.jpg,GRP_0159,/content/BSM-Project/data/augmented/train/Monazite/43__r180_f0.jpg,True,180,False,224,224,3,14520,0950671b103986d2a3300b1485fc98596ecbf40e280879c2f9ebcbbe36c40e37
IMG_0159_r180_f1,train,Monazite,4,IMG_0159,/content/BSM-Project/data/raw/BSM/Monazite/43.jpg,GRP_0159,/content/BSM-Project/data/augmented/train/Monazite/43__r180_f1.jpg,True,180,True,224,224,3,14537,db25248952b9c5423532b79344c37588586443cea24bb932c0ca5ec5e0046b47
IMG_0159_r270_f0,train,Monazite,4,IMG_0159,/content/BSM-Project/data/raw/BSM/Monazite/43.jpg,GRP_0159,/content/BSM-Project/data/augmented/train/Monazite/43__r270_f0.jpg,True,270,False,224,224,3,14068,9ad8eacf6bcf27ebfa408a2bf3fd29f2b909f8c20b0e997efc0a5e9ee4c9e4c3
IMG_0159_r270_f1,train,Monazite,4,IMG_0159,/content/BSM-Project/data/raw/BSM/Monazite/43.jpg,GRP_0159,/content/BSM-Project/data/augmented/train/Monazite/43__r270_f1.jpg,True,270,True,224,224,3,14046,8214749d1022fa02c4a9d1a429836f1ab8a2a4760a410cece0399c5ff777b9ee
IMG_0159_r30_f0,train,Monazite,4,IMG_0159,/content/BSM-Project/data/raw/BSM/Monazite/43.jpg,GRP_0159,/content/BSM-Project/data/augmented/train/Monazite/43__r30_f0.jpg,True,30,False,224,224,3,15857,36e2c5e1a2c0cf43012c605bfc4e93629cbf68ba2c81be5f794e006286c5356d
IMG_0159_r30_f1,train,Monazite,4,IMG_0159,/content/BSM-Project/data/raw/BSM/Monazite/43.jpg,GRP_0159,/content/BSM-Project/data/augmented/train/Monazite/43__r30_f1.jpg,True,30,True,224,224,3,15872,e741f2aa372121f112a278b6ddab2207310e54034823ac1d2ab641ad57ee7b35
IMG_0159_r45_f0,train,Monazite,4,IMG_0159,/content/BSM-Project/data/raw/BSM/Monazite/43.jpg,GRP_0159,/content/BSM-Project/data/augmented/train/Monazite/43__r45_f0.jpg,True,45,False,224,224,3,15473,f900963db9cea971b00904f39ec81fabcc8e7f25e004d060891af884f7410aa7
IMG_0159_r45_f1,train,Monazite,4,IMG_0159,/content/BSM-Project/data/raw/BSM/Monazite/43.jpg,GRP_0159,/content/BSM-Project/data/augmented/train/Monazite/43__r45_f1.jpg,True,45,True,224,224,3,15504,ca9042a781eb456eed9151ec0e7388563110ec8da3e63ed4b112580034eb4a60
IMG_0159_r90_f0,train,Monazite,4,IMG_0159,/content/BSM-Project/data/raw/BSM/Monazite/43.jpg,GRP_0159,/content/BSM-Project/data/augmented/train/Monazite/43__r90_f0.jpg,True,90,False,224,224,3,14052,7990c66935c1bdea867fa218141f889856be7485d3f642bbcba467e6b6b1753d
IMG_0159_r90_f1,train,Monazite,4,IMG_0159,/content/BSM-Project/data/raw/BSM/Monazite/43.jpg,GRP_0159,/content/BSM-Project/data/augmented/train/Monazite/43__r90_f1.jpg,True,90,True,224,224,3,14043,e6ef7a3b210b5a70667ff2f365e9a7dff44b29beaba08855811602bd893b5844
IMG_0160_r0_f0,train,Monazite,4,IMG_0160,/content/BSM-Project/data/raw/BSM/Monazite/44.jpg,GRP_0160,/content/BSM-Project/data/augmented/train/Monazite/44__r0_f0.jpg,True,0,False,224,224,3,17427,c6aff18971d50c7dc09adb8648e40bf482fb43dd392bb0335767831d225fcd2d
IMG_0160_r0_f1,train,Monazite,4,IMG_0160,/content/BSM-Project/data/raw/BSM/Monazite/44.jpg,GRP_0160,/content/BSM-Project/data/augmented/train/Monazite/44__r0_f1.jpg,True,0,True,224,224,3,17420,73d7bd1771117055e96fe60990d5c195d52c81c712f328c84723c3c715b64361
IMG_0160_r180_f0,train,Monazite,4,IMG_0160,/content/BSM-Project/data/raw/BSM/Monazite/44.jpg,GRP_0160,/content/BSM-Project/data/augmented/train/Monazite/44__r180_f0.jpg,True,180,False,224,224,3,17432,89c9f7333ca8131b2caa811105024b7250ab2d83a90473d7511091be593c5b16
IMG_0160_r180_f1,train,Monazite,4,IMG_0160,/content/BSM-Project/data/raw/BSM/Monazite/44.jpg,GRP_0160,/content/BSM-Project/data/augmented/train/Monazite/44__r180_f1.jpg,True,180,True,224,224,3,17441,2eeada77312a4160b50b75393087d9e0541738e3c028fb63534beed4011cf4ac
IMG_0160_r270_f0,train,Monazite,4,IMG_0160,/content/BSM-Project/data/raw/BSM/Monazite/44.jpg,GRP_0160,/content/BSM-Project/data/augmented/train/Monazite/44__r270_f0.jpg,True,270,False,224,224,3,15289,d4b83cf5ef7657e971b614a583db9de4031e730cd2900f1fdb0b5f282a5c02a9
IMG_0160_r270_f1,train,Monazite,4,IMG_0160,/content/BSM-Project/data/raw/BSM/Monazite/44.jpg,GRP_0160,/content/BSM-Project/data/augmented/train/Monazite/44__r270_f1.jpg,True,270,True,224,224,3,15272,fcf0af3c7a595569503b34b40b8a320235eeda713065ebb81199bd5020be76d6
IMG_0160_r30_f0,train,Monazite,4,IMG_0160,/content/BSM-Project/data/raw/BSM/Monazite/44.jpg,GRP_0160,/content/BSM-Project/data/augmented/train/Monazite/44__r30_f0.jpg,True,30,False,224,224,3,17696,268cf076e2aed64cd9b452b892faaf2059a1a7cf559170e63191c467a3d0934c
IMG_0160_r30_f1,train,Monazite,4,IMG_0160,/content/BSM-Project/data/raw/BSM/Monazite/44.jpg,GRP_0160,/content/BSM-Project/data/augmented/train/Monazite/44__r30_f1.jpg,True,30,True,224,224,3,17674,06497ef50c44d1a8f33eab3544b4dbc9cb35cc50c78388b73c0ca859d407e687
IMG_0160_r45_f0,train,Monazite,4,IMG_0160,/content/BSM-Project/data/raw/BSM/Monazite/44.jpg,GRP_0160,/content/BSM-Project/data/augmented/train/Monazite/44__r45_f0.jpg,True,45,False,224,224,3,17093,36189bb0a44efd226f714af13b6e6e9a3ffbe8c36c03745740623e41a01a9b45
IMG_0160_r45_f1,train,Monazite,4,IMG_0160,/content/BSM-Project/data/raw/BSM/Monazite/44.jpg,GRP_0160,/content/BSM-Project/data/augmented/train/Monazite/44__r45_f1.jpg,True,45,True,224,224,3,17053,8ebdaa74dc7419c642eb854ededf30918128254d24e274cdbe7f39b4cba1c989
IMG_0160_r90_f0,train,Monazite,4,IMG_0160,/content/BSM-Project/data/raw/BSM/Monazite/44.jpg,GRP_0160,/content/BSM-Project/data/augmented/train/Monazite/44__r90_f0.jpg,True,90,False,224,224,3,15282,adabdb60666972d22b59330fbb05cf91d2439f23adf64b8f6516d7d03425e3af
IMG_0160_r90_f1,train,Monazite,4,IMG_0160,/content/BSM-Project/data/raw/BSM/Monazite/44.jpg,GRP_0160,/content/BSM-Project/data/augmented/train/Monazite/44__r90_f1.jpg,True,90,True,224,224,3,15269,7963f662fa1932e45434a81553102a6c4bd851a24ada15899e46ab19b68ff14d
IMG_0162_r0_f0,train,Monazite,4,IMG_0162,/content/BSM-Project/data/raw/BSM/Monazite/46.jpg,GRP_0162,/content/BSM-Project/data/augmented/train/Monazite/46__r0_f0.jpg,True,0,False,224,224,3,17599,759d19ba96c3244d80bc3c217dc8d4d6594db13c212a2a78da397825b762285e
IMG_0162_r0_f1,train,Monazite,4,IMG_0162,/content/BSM-Project/data/raw/BSM/Monazite/46.jpg,GRP_0162,/content/BSM-Project/data/augmented/train/Monazite/46__r0_f1.jpg,True,0,True,224,224,3,17602,072651f27052ed4abe1f7cf384152d5c5b8ed5dfacce9f96c39c923dfaa08b2d
IMG_0162_r180_f0,train,Monazite,4,IMG_0162,/content/BSM-Project/data/raw/BSM/Monazite/46.jpg,GRP_0162,/content/BSM-Project/data/augmented/train/Monazite/46__r180_f0.jpg,True,180,False,224,224,3,17605,4a69875377442b3db0a1496b839a38cef4208879f4d5e8aea9fe917784d103d6
IMG_0162_r180_f1,train,Monazite,4,IMG_0162,/content/BSM-Project/data/raw/BSM/Monazite/46.jpg,GRP_0162,/content/BSM-Project/data/augmented/train/Monazite/46__r180_f1.jpg,True,180,True,224,224,3,17613,ad8fb4d70607370bca03170188a79776ba1728014ac235b933569da426e636c2
IMG_0162_r270_f0,train,Monazite,4,IMG_0162,/content/BSM-Project/data/raw/BSM/Monazite/46.jpg,GRP_0162,/content/BSM-Project/data/augmented/train/Monazite/46__r270_f0.jpg,True,270,False,224,224,3,17577,359302b8843cca48a3facb7677c301abcc569ec1b707a4551159d9a26d90e589
IMG_0162_r270_f1,train,Monazite,4,IMG_0162,/content/BSM-Project/data/raw/BSM/Monazite/46.jpg,GRP_0162,/content/BSM-Project/data/augmented/train/Monazite/46__r270_f1.jpg,True,270,True,224,224,3,17584,437cc138edfdbaee059115c352e5a5d390ef6e331d3d5f5e7074e0358f1a756b
IMG_0162_r30_f0,train,Monazite,4,IMG_0162,/content/BSM-Project/data/raw/BSM/Monazite/46.jpg,GRP_0162,/content/BSM-Project/data/augmented/train/Monazite/46__r30_f0.jpg,True,30,False,224,224,3,19604,b963eab08306d5c86672f55f5458e6b16f3a00bb9d28628c0e55874371b43190
IMG_0162_r30_f1,train,Monazite,4,IMG_0162,/content/BSM-Project/data/raw/BSM/Monazite/46.jpg,GRP_0162,/content/BSM-Project/data/augmented/train/Monazite/46__r30_f1.jpg,True,30,True,224,224,3,19627,d59f2bd81820af0f9adee9cf857ce080f3d1e955624da71c9701d5c9414d6974
IMG_0162_r45_f0,train,Monazite,4,IMG_0162,/content/BSM-Project/data/raw/BSM/Monazite/46.jpg,GRP_0162,/content/BSM-Project/data/augmented/train/Monazite/46__r45_f0.jpg,True,45,False,224,224,3,19341,292dbc58688c173fe36b32c06806dd4b4fd5e498f1d613d13228cdbd254350fd
IMG_0162_r45_f1,train,Monazite,4,IMG_0162,/content/BSM-Project/data/raw/BSM/Monazite/46.jpg,GRP_0162,/content/BSM-Project/data/augmented/train/Monazite/46__r45_f1.jpg,True,45,True,224,224,3,19395,4358c17cd8cc374b23550fc3257e34232f02b19def844a225237a054c030db40
IMG_0162_r90_f0,train,Monazite,4,IMG_0162,/content/BSM-Project/data/raw/BSM/Monazite/46.jpg,GRP_0162,/content/BSM-Project/data/augmented/train/Monazite/46__r90_f0.jpg,True,90,False,224,224,3,17575,bf71dff5e24df2080889b1d6fd2656dcfb6c8a7ed901fedffbf40b5e423d93c0
IMG_0162_r90_f1,train,Monazite,4,IMG_0162,/content/BSM-Project/data/raw/BSM/Monazite/46.jpg,GRP_0162,/content/BSM-Project/data/augmented/train/Monazite/46__r90_f1.jpg,True,90,True,224,224,3,17566,f3b838db7c08469b2b672635cc5769c600d1429222156990fb759baf41134b57
IMG_0165_r0_f0,train,Monazite,4,IMG_0165,/content/BSM-Project/data/raw/BSM/Monazite/49.jpg,GRP_0165,/content/BSM-Project/data/augmented/train/Monazite/49__r0_f0.jpg,True,0,False,224,224,3,27603,d6e19aeed0898ea692254037c851d0569da26cc340c27fecfaab44f0fd694059
IMG_0165_r0_f1,train,Monazite,4,IMG_0165,/content/BSM-Project/data/raw/BSM/Monazite/49.jpg,GRP_0165,/content/BSM-Project/data/augmented/train/Monazite/49__r0_f1.jpg,True,0,True,224,224,3,27636,b68910d3a8ae17899d003d71f94df5e019f333d92ba3fc370424ce8e74ef511a
IMG_0165_r180_f0,train,Monazite,4,IMG_0165,/content/BSM-Project/data/raw/BSM/Monazite/49.jpg,GRP_0165,/content/BSM-Project/data/augmented/train/Monazite/49__r180_f0.jpg,True,180,False,224,224,3,27634,5503f97820821ba5218f15cf46454ee14a295a84a35a52c34536551247df7028
IMG_0165_r180_f1,train,Monazite,4,IMG_0165,/content/BSM-Project/data/raw/BSM/Monazite/49.jpg,GRP_0165,/content/BSM-Project/data/augmented/train/Monazite/49__r180_f1.jpg,True,180,True,224,224,3,27632,bb773a646b0dc33afe7632d0f5ed4e0c1dd0569ae810773b2471b323134ad216
IMG_0165_r270_f0,train,Monazite,4,IMG_0165,/content/BSM-Project/data/raw/BSM/Monazite/49.jpg,GRP_0165,/content/BSM-Project/data/augmented/train/Monazite/49__r270_f0.jpg,True,270,False,224,224,3,22405,c2bad13f9e273639e526b6b23a1f617751d1c92fdea2bfc4a2261bd434b4d3ed
IMG_0165_r270_f1,train,Monazite,4,IMG_0165,/content/BSM-Project/data/raw/BSM/Monazite/49.jpg,GRP_0165,/content/BSM-Project/data/augmented/train/Monazite/49__r270_f1.jpg,True,270,True,224,224,3,22401,1382210d43b3b14f8fcb34386687a38caf3a3260efab29c9db956566e19006c5
IMG_0165_r30_f0,train,Monazite,4,IMG_0165,/content/BSM-Project/data/raw/BSM/Monazite/49.jpg,GRP_0165,/content/BSM-Project/data/augmented/train/Monazite/49__r30_f0.jpg,True,30,False,224,224,3,25255,b57195acc11d7aa6111b859d0ab522547f450524eadc12b690568571cc42ae6d
IMG_0165_r30_f1,train,Monazite,4,IMG_0165,/content/BSM-Project/data/raw/BSM/Monazite/49.jpg,GRP_0165,/content/BSM-Project/data/augmented/train/Monazite/49__r30_f1.jpg,True,30,True,224,224,3,25274,99339eb20f0b5d5e770e43e6c8a7392b6b340ddad3f0e297090a1497c84ed6cd
IMG_0165_r45_f0,train,Monazite,4,IMG_0165,/content/BSM-Project/data/raw/BSM/Monazite/49.jpg,GRP_0165,/content/BSM-Project/data/augmented/train/Monazite/49__r45_f0.jpg,True,45,False,224,224,3,24465,18382ac4f924b691301b9931aa2a4222eac40f6f9ef81e6dcd52f209dcacd402
IMG_0165_r45_f1,train,Monazite,4,IMG_0165,/content/BSM-Project/data/raw/BSM/Monazite/49.jpg,GRP_0165,/content/BSM-Project/data/augmented/train/Monazite/49__r45_f1.jpg,True,45,True,224,224,3,24476,06a8ad9bdbe24b4971855fe11aca165e775025a11850c3f0efb06e2c96f6051a
IMG_0165_r90_f0,train,Monazite,4,IMG_0165,/content/BSM-Project/data/raw/BSM/Monazite/49.jpg,GRP_0165,/content/BSM-Project/data/augmented/train/Monazite/49__r90_f0.jpg,True,90,False,224,224,3,22411,34471b9fd813d6a5544384be81e4e8b114104567b9708c6403ce555235c332f6
IMG_0165_r90_f1,train,Monazite,4,IMG_0165,/content/BSM-Project/data/raw/BSM/Monazite/49.jpg,GRP_0165,/content/BSM-Project/data/augmented/train/Monazite/49__r90_f1.jpg,True,90,True,224,224,3,22410,a3c50d412cc749f74b14547f7a9a637da8a0522000270b250e05cf2b933d8ecf
IMG_0166_r0_f0,train,Monazite,4,IMG_0166,/content/BSM-Project/data/raw/BSM/Monazite/5.jpg,GRP_0166,/content/BSM-Project/data/augmented/train/Monazite/5__r0_f0.jpg,True,0,False,224,224,3,16194,a47149769bfbedc3061a313ea5af636171b9b88f9c4e70075d731db286d2c190
IMG_0166_r0_f1,train,Monazite,4,IMG_0166,/content/BSM-Project/data/raw/BSM/Monazite/5.jpg,GRP_0166,/content/BSM-Project/data/augmented/train/Monazite/5__r0_f1.jpg,True,0,True,224,224,3,16183,0ceb359770b47ddd8fc5bff0b346c38bc62e734915a92d6fe7e7fca6e351fd0f
IMG_0166_r180_f0,train,Monazite,4,IMG_0166,/content/BSM-Project/data/raw/BSM/Monazite/5.jpg,GRP_0166,/content/BSM-Project/data/augmented/train/Monazite/5__r180_f0.jpg,True,180,False,224,224,3,16207,48271e43ae15ba7ff64c3675d46dc2c5fed8e86d0acbe63f6796650bf2a6f297
IMG_0166_r180_f1,train,Monazite,4,IMG_0166,/content/BSM-Project/data/raw/BSM/Monazite/5.jpg,GRP_0166,/content/BSM-Project/data/augmented/train/Monazite/5__r180_f1.jpg,True,180,True,224,224,3,16173,ecab0067c41e7ced63787f3fa823bdd6c4045cfdde08d85b1bdd52d6f18c341b
IMG_0166_r270_f0,train,Monazite,4,IMG_0166,/content/BSM-Project/data/raw/BSM/Monazite/5.jpg,GRP_0166,/content/BSM-Project/data/augmented/train/Monazite/5__r270_f0.jpg,True,270,False,224,224,3,17224,92f0ac0ca6e6d63e2385ecb0e252cc24b31de03e8700f4e58075795ea5429e96
IMG_0166_r270_f1,train,Monazite,4,IMG_0166,/content/BSM-Project/data/raw/BSM/Monazite/5.jpg,GRP_0166,/content/BSM-Project/data/augmented/train/Monazite/5__r270_f1.jpg,True,270,True,224,224,3,17235,3710facbc6cf5162a82fbf6e89290afa2cc2b8e9a52de1ef4718993407f4e720
IMG_0166_r30_f0,train,Monazite,4,IMG_0166,/content/BSM-Project/data/raw/BSM/Monazite/5.jpg,GRP_0166,/content/BSM-Project/data/augmented/train/Monazite/5__r30_f0.jpg,True,30,False,224,224,3,18995,1837ee2d71e0fac0387cda5cf13e6cc4bade2f24f80445a0c2f8f76f9f695074
IMG_0166_r30_f1,train,Monazite,4,IMG_0166,/content/BSM-Project/data/raw/BSM/Monazite/5.jpg,GRP_0166,/content/BSM-Project/data/augmented/train/Monazite/5__r30_f1.jpg,True,30,True,224,224,3,19001,88814616947ac6d866a5f84f97b97b47c7b4e768e328c229043a61be672b2c0a
IMG_0166_r45_f0,train,Monazite,4,IMG_0166,/content/BSM-Project/data/raw/BSM/Monazite/5.jpg,GRP_0166,/content/BSM-Project/data/augmented/train/Monazite/5__r45_f0.jpg,True,45,False,224,224,3,18691,463537378248f8ad3c53e9b736dce51523dcb6a80466081342a7e8bb4410a4e9
IMG_0166_r45_f1,train,Monazite,4,IMG_0166,/content/BSM-Project/data/raw/BSM/Monazite/5.jpg,GRP_0166,/content/BSM-Project/data/augmented/train/Monazite/5__r45_f1.jpg,True,45,True,224,224,3,18737,65e486db9900923565ec38ae5a841d6f63a32e66ef86fc2be69a607accfa0aa9
IMG_0166_r90_f0,train,Monazite,4,IMG_0166,/content/BSM-Project/data/raw/BSM/Monazite/5.jpg,GRP_0166,/content/BSM-Project/data/augmented/train/Monazite/5__r90_f0.jpg,True,90,False,224,224,3,17219,260cd20f17a666e5170e982808b440bcf638f988fca61983cc2c8c3752492730
IMG_0166_r90_f1,train,Monazite,4,IMG_0166,/content/BSM-Project/data/raw/BSM/Monazite/5.jpg,GRP_0166,/content/BSM-Project/data/augmented/train/Monazite/5__r90_f1.jpg,True,90,True,224,224,3,17263,0287133044be679e7490f8db483bb61c9df41d14d6d7ce2effef739ae4b597a9
IMG_0167_r0_f0,train,Monazite,4,IMG_0167,/content/BSM-Project/data/raw/BSM/Monazite/50.jpg,GRP_0167,/content/BSM-Project/data/augmented/train/Monazite/50__r0_f0.jpg,True,0,False,224,224,3,25867,37a38ceaf02dead7aa01d3f50236b9bd2849efd613b5f4fe68bad6f7892ed61a
IMG_0167_r0_f1,train,Monazite,4,IMG_0167,/content/BSM-Project/data/raw/BSM/Monazite/50.jpg,GRP_0167,/content/BSM-Project/data/augmented/train/Monazite/50__r0_f1.jpg,True,0,True,224,224,3,25893,4d9bf1910a053d5813cdbf8ef56d713fbe5837abc5affbe2a9bd1281df8d8e4b
IMG_0167_r180_f0,train,Monazite,4,IMG_0167,/content/BSM-Project/data/raw/BSM/Monazite/50.jpg,GRP_0167,/content/BSM-Project/data/augmented/train/Monazite/50__r180_f0.jpg,True,180,False,224,224,3,25896,94607a7958947e17639b28b1da5739785bb193037ba6cb1b9adbc636badc2e51
IMG_0167_r180_f1,train,Monazite,4,IMG_0167,/content/BSM-Project/data/raw/BSM/Monazite/50.jpg,GRP_0167,/content/BSM-Project/data/augmented/train/Monazite/50__r180_f1.jpg,True,180,True,224,224,3,25876,28c03b9a8698105cb570a5e40fc9b16f992571a9ad2e90c641b85806deb3174b
IMG_0167_r270_f0,train,Monazite,4,IMG_0167,/content/BSM-Project/data/raw/BSM/Monazite/50.jpg,GRP_0167,/content/BSM-Project/data/augmented/train/Monazite/50__r270_f0.jpg,True,270,False,224,224,3,24113,9a3fe47184f45bde39ae130e44010d49050a1b25abbdab8ffb010a2d30fe053c
IMG_0167_r270_f1,train,Monazite,4,IMG_0167,/content/BSM-Project/data/raw/BSM/Monazite/50.jpg,GRP_0167,/content/BSM-Project/data/augmented/train/Monazite/50__r270_f1.jpg,True,270,True,224,224,3,24099,afbafd4e9ae7b5c37b41e564dfacc252be1efd54136ecb07555254a4024e82c7
IMG_0167_r30_f0,train,Monazite,4,IMG_0167,/content/BSM-Project/data/raw/BSM/Monazite/50.jpg,GRP_0167,/content/BSM-Project/data/augmented/train/Monazite/50__r30_f0.jpg,True,30,False,224,224,3,25251,cb83bab58eb139956f689ea9e8e9caf09a52fe3c630381c358721ae04070bed7
IMG_0167_r30_f1,train,Monazite,4,IMG_0167,/content/BSM-Project/data/raw/BSM/Monazite/50.jpg,GRP_0167,/content/BSM-Project/data/augmented/train/Monazite/50__r30_f1.jpg,True,30,True,224,224,3,25223,e57d787a2f049fc04566ba98fdd09e22953b24af356c06b50ed112e9e5398b83
IMG_0167_r45_f0,train,Monazite,4,IMG_0167,/content/BSM-Project/data/raw/BSM/Monazite/50.jpg,GRP_0167,/content/BSM-Project/data/augmented/train/Monazite/50__r45_f0.jpg,True,45,False,224,224,3,24993,769db5b738eaa4ebec903a571f70dac87d58dcec13f821e39d6927af9100b193
IMG_0167_r45_f1,train,Monazite,4,IMG_0167,/content/BSM-Project/data/raw/BSM/Monazite/50.jpg,GRP_0167,/content/BSM-Project/data/augmented/train/Monazite/50__r45_f1.jpg,True,45,True,224,224,3,24979,dff6eb32117b0667d18317f859b3738132715c5dee6c948977d6286f7609b384
IMG_0167_r90_f0,train,Monazite,4,IMG_0167,/content/BSM-Project/data/raw/BSM/Monazite/50.jpg,GRP_0167,/content/BSM-Project/data/augmented/train/Monazite/50__r90_f0.jpg,True,90,False,224,224,3,24116,1760b97dd716a03d6ff367a20746ae0532dacf027ed86a462b8808438c8d0ca8
IMG_0167_r90_f1,train,Monazite,4,IMG_0167,/content/BSM-Project/data/raw/BSM/Monazite/50.jpg,GRP_0167,/content/BSM-Project/data/augmented/train/Monazite/50__r90_f1.jpg,True,90,True,224,224,3,24107,3814078b4f22560e8fa5185d56d8d0857febce90892085f6f41ee4fa454a8e9f
IMG_0168_r0_f0,train,Monazite,4,IMG_0168,/content/BSM-Project/data/raw/BSM/Monazite/51.jpg,GRP_0168,/content/BSM-Project/data/augmented/train/Monazite/51__r0_f0.jpg,True,0,False,224,224,3,23257,49334749faff2be56d4ddf33833fb5b2ce787151cb0ca40b49806d3b46236c75
IMG_0168_r0_f1,train,Monazite,4,IMG_0168,/content/BSM-Project/data/raw/BSM/Monazite/51.jpg,GRP_0168,/content/BSM-Project/data/augmented/train/Monazite/51__r0_f1.jpg,True,0,True,224,224,3,23257,74cd7a3652af25753d2fd0cff8e8c14453b91b56cbc541b21166e66179f9c322
IMG_0168_r180_f0,train,Monazite,4,IMG_0168,/content/BSM-Project/data/raw/BSM/Monazite/51.jpg,GRP_0168,/content/BSM-Project/data/augmented/train/Monazite/51__r180_f0.jpg,True,180,False,224,224,3,23259,5775d1c77da8c7005a285fccd4e162c0bfc7f3aba33489bc3af0953cfcb2f7e1
IMG_0168_r180_f1,train,Monazite,4,IMG_0168,/content/BSM-Project/data/raw/BSM/Monazite/51.jpg,GRP_0168,/content/BSM-Project/data/augmented/train/Monazite/51__r180_f1.jpg,True,180,True,224,224,3,23249,f04b9c0a2e46c78df048af4ea8a9a8133f7e48c44bb1af8a1d3531692d292e4d
IMG_0168_r270_f0,train,Monazite,4,IMG_0168,/content/BSM-Project/data/raw/BSM/Monazite/51.jpg,GRP_0168,/content/BSM-Project/data/augmented/train/Monazite/51__r270_f0.jpg,True,270,False,224,224,3,13056,9214e381459d88ebe8ed0a0b2dfd467a4e633df4083651113ec48822e35da759
IMG_0168_r270_f1,train,Monazite,4,IMG_0168,/content/BSM-Project/data/raw/BSM/Monazite/51.jpg,GRP_0168,/content/BSM-Project/data/augmented/train/Monazite/51__r270_f1.jpg,True,270,True,224,224,3,13056,ad0eceb8e99ed56476910faa4a2a2390b102e8c1b5bf6ffb0d75e6ab4029289e
IMG_0168_r30_f0,train,Monazite,4,IMG_0168,/content/BSM-Project/data/raw/BSM/Monazite/51.jpg,GRP_0168,/content/BSM-Project/data/augmented/train/Monazite/51__r30_f0.jpg,True,30,False,224,224,3,21073,6540881231776cc6b767782f1dab7b088073c4083542f9203cde353a4cc344e6
IMG_0168_r30_f1,train,Monazite,4,IMG_0168,/content/BSM-Project/data/raw/BSM/Monazite/51.jpg,GRP_0168,/content/BSM-Project/data/augmented/train/Monazite/51__r30_f1.jpg,True,30,True,224,224,3,21113,d360ae7c71d1823d59ed4a5931dc1f0327cdb38e991045a9ab4a270caf2b3961
IMG_0168_r45_f0,train,Monazite,4,IMG_0168,/content/BSM-Project/data/raw/BSM/Monazite/51.jpg,GRP_0168,/content/BSM-Project/data/augmented/train/Monazite/51__r45_f0.jpg,True,45,False,224,224,3,19194,1b680c70ab188d1f1520f207356dfb363fbb706fec02d759c2b15fea30471016
IMG_0168_r45_f1,train,Monazite,4,IMG_0168,/content/BSM-Project/data/raw/BSM/Monazite/51.jpg,GRP_0168,/content/BSM-Project/data/augmented/train/Monazite/51__r45_f1.jpg,True,45,True,224,224,3,19243,ede1a35044aad36686d6706718b32a3b33375fe41046fba2feca8f98cec4747d
IMG_0168_r90_f0,train,Monazite,4,IMG_0168,/content/BSM-Project/data/raw/BSM/Monazite/51.jpg,GRP_0168,/content/BSM-Project/data/augmented/train/Monazite/51__r90_f0.jpg,True,90,False,224,224,3,13044,34779768c7c23bd403fa56592dadc43049cdfb0faa2550589788ab05f2b4ce87
IMG_0168_r90_f1,train,Monazite,4,IMG_0168,/content/BSM-Project/data/raw/BSM/Monazite/51.jpg,GRP_0168,/content/BSM-Project/data/augmented/train/Monazite/51__r90_f1.jpg,True,90,True,224,224,3,13061,1958265c288c2e0b7bcd245d6f106b7d905a254a4fb1410c15e0c90ce4ea6ec5
IMG_0169_r0_f0,train,Monazite,4,IMG_0169,/content/BSM-Project/data/raw/BSM/Monazite/52.jpg,GRP_0169,/content/BSM-Project/data/augmented/train/Monazite/52__r0_f0.jpg,True,0,False,224,224,3,17603,9b2ea925e09d45c3a6e5ffacdd35bc99073f04e56eec2e513fa486f242dff976
IMG_0169_r0_f1,train,Monazite,4,IMG_0169,/content/BSM-Project/data/raw/BSM/Monazite/52.jpg,GRP_0169,/content/BSM-Project/data/augmented/train/Monazite/52__r0_f1.jpg,True,0,True,224,224,3,17616,52120bdda696b404f4e27f2961889155a12a22b566c11a8712dd06d84431b06b
IMG_0169_r180_f0,train,Monazite,4,IMG_0169,/content/BSM-Project/data/raw/BSM/Monazite/52.jpg,GRP_0169,/content/BSM-Project/data/augmented/train/Monazite/52__r180_f0.jpg,True,180,False,224,224,3,17613,4643a717f72eda7651d6f0f4f26e4f0c4fd81376d0e52298c30a980437468aaf
IMG_0169_r180_f1,train,Monazite,4,IMG_0169,/content/BSM-Project/data/raw/BSM/Monazite/52.jpg,GRP_0169,/content/BSM-Project/data/augmented/train/Monazite/52__r180_f1.jpg,True,180,True,224,224,3,17597,94e7c4141292643087c8bf9e988c6871f1be217dab6bbbf46413db7f1ed91625
IMG_0169_r270_f0,train,Monazite,4,IMG_0169,/content/BSM-Project/data/raw/BSM/Monazite/52.jpg,GRP_0169,/content/BSM-Project/data/augmented/train/Monazite/52__r270_f0.jpg,True,270,False,224,224,3,16012,58c15fa743fad1f4aa6a39235cf8822e6c8d193f91a9f387dfc9cec0ec5567a5
IMG_0169_r270_f1,train,Monazite,4,IMG_0169,/content/BSM-Project/data/raw/BSM/Monazite/52.jpg,GRP_0169,/content/BSM-Project/data/augmented/train/Monazite/52__r270_f1.jpg,True,270,True,224,224,3,15984,3d62830ff6a830fc0634698ff8bb8832aa1881f2692adb0003db9d2128d8a7ea
IMG_0169_r30_f0,train,Monazite,4,IMG_0169,/content/BSM-Project/data/raw/BSM/Monazite/52.jpg,GRP_0169,/content/BSM-Project/data/augmented/train/Monazite/52__r30_f0.jpg,True,30,False,224,224,3,18869,cc3e1ee758258527089fb7b8296186a77c77251158ce1f37160c0a1a600a338f
IMG_0169_r30_f1,train,Monazite,4,IMG_0169,/content/BSM-Project/data/raw/BSM/Monazite/52.jpg,GRP_0169,/content/BSM-Project/data/augmented/train/Monazite/52__r30_f1.jpg,True,30,True,224,224,3,18906,129191297bea5ee8307abdf788d90c1218c336c0943bb115302f8b39f8bce28e
IMG_0169_r45_f0,train,Monazite,4,IMG_0169,/content/BSM-Project/data/raw/BSM/Monazite/52.jpg,GRP_0169,/content/BSM-Project/data/augmented/train/Monazite/52__r45_f0.jpg,True,45,False,224,224,3,18337,e49bda97f85cbaf8034595720279eb3f6086b6b6ef867e314daf3f94109e0717
IMG_0169_r45_f1,train,Monazite,4,IMG_0169,/content/BSM-Project/data/raw/BSM/Monazite/52.jpg,GRP_0169,/content/BSM-Project/data/augmented/train/Monazite/52__r45_f1.jpg,True,45,True,224,224,3,18351,6acd03219fba8b3bdb85ac6994f3cbff3662770487a119e53614fc1ee0a83217
IMG_0169_r90_f0,train,Monazite,4,IMG_0169,/content/BSM-Project/data/raw/BSM/Monazite/52.jpg,GRP_0169,/content/BSM-Project/data/augmented/train/Monazite/52__r90_f0.jpg,True,90,False,224,224,3,16002,106f659b30ed6e68096a02ea883caa3c598bbb0c3ecfddaf52599c4c965d78c3
IMG_0169_r90_f1,train,Monazite,4,IMG_0169,/content/BSM-Project/data/raw/BSM/Monazite/52.jpg,GRP_0169,/content/BSM-Project/data/augmented/train/Monazite/52__r90_f1.jpg,True,90,True,224,224,3,16003,e0f3fb7b3a7c83c1634a524d9d3457a39f3e97f4d20e57eb2a32e0a716b7fa47
IMG_0170_r0_f0,train,Monazite,4,IMG_0170,/content/BSM-Project/data/raw/BSM/Monazite/53.jpg,GRP_0170,/content/BSM-Project/data/augmented/train/Monazite/53__r0_f0.jpg,True,0,False,224,224,3,21955,f1da7863453a450ef4a204bb458bbf8118ba6faf8e7406b0857b57a1052d704c
IMG_0170_r0_f1,train,Monazite,4,IMG_0170,/content/BSM-Project/data/raw/BSM/Monazite/53.jpg,GRP_0170,/content/BSM-Project/data/augmented/train/Monazite/53__r0_f1.jpg,True,0,True,224,224,3,21962,81f82572e3dfbcfd40d2b806fa7288b975881776c503b549694833ca3e48cfb4
IMG_0170_r180_f0,train,Monazite,4,IMG_0170,/content/BSM-Project/data/raw/BSM/Monazite/53.jpg,GRP_0170,/content/BSM-Project/data/augmented/train/Monazite/53__r180_f0.jpg,True,180,False,224,224,3,21956,ca8dae3e9c3e303d48c05b706d605074c80d17ea5c6d8af12855b29f043415d6
IMG_0170_r180_f1,train,Monazite,4,IMG_0170,/content/BSM-Project/data/raw/BSM/Monazite/53.jpg,GRP_0170,/content/BSM-Project/data/augmented/train/Monazite/53__r180_f1.jpg,True,180,True,224,224,3,21966,3753a5cd39a0daafb0519ed9409baad3fc0f5d1a67347eba2fcb2a47011d6c54
IMG_0170_r270_f0,train,Monazite,4,IMG_0170,/content/BSM-Project/data/raw/BSM/Monazite/53.jpg,GRP_0170,/content/BSM-Project/data/augmented/train/Monazite/53__r270_f0.jpg,True,270,False,224,224,3,22628,3bc58ca50d21d00f9d486486c6393d3d09ba2b793c837fba11f38060ec525d8d
IMG_0170_r270_f1,train,Monazite,4,IMG_0170,/content/BSM-Project/data/raw/BSM/Monazite/53.jpg,GRP_0170,/content/BSM-Project/data/augmented/train/Monazite/53__r270_f1.jpg,True,270,True,224,224,3,22609,fdd30aff28aa1d05ef1c6397fe405301910f0d26b4a3edf1c5ad3ca1d321f022
IMG_0170_r30_f0,train,Monazite,4,IMG_0170,/content/BSM-Project/data/raw/BSM/Monazite/53.jpg,GRP_0170,/content/BSM-Project/data/augmented/train/Monazite/53__r30_f0.jpg,True,30,False,224,224,3,21856,08ae0d91741c7b8aa69dfde2d08090223afee46f6a01e0c3c6f4eecbf27170ef
IMG_0170_r30_f1,train,Monazite,4,IMG_0170,/content/BSM-Project/data/raw/BSM/Monazite/53.jpg,GRP_0170,/content/BSM-Project/data/augmented/train/Monazite/53__r30_f1.jpg,True,30,True,224,224,3,21823,989d6cbc8665b760b1289132cf48ef6713218b935fa314c93f7be5bf8ca5570f
IMG_0170_r45_f0,train,Monazite,4,IMG_0170,/content/BSM-Project/data/raw/BSM/Monazite/53.jpg,GRP_0170,/content/BSM-Project/data/augmented/train/Monazite/53__r45_f0.jpg,True,45,False,224,224,3,21576,fd16e80c510865f7b3c863d465c6c5aa2479ccce38009bc96db63ade0f91a168
IMG_0170_r45_f1,train,Monazite,4,IMG_0170,/content/BSM-Project/data/raw/BSM/Monazite/53.jpg,GRP_0170,/content/BSM-Project/data/augmented/train/Monazite/53__r45_f1.jpg,True,45,True,224,224,3,21548,0340139954cebb76405457399e483212569cd30099b3b1116e14c2d4fbf357a0
IMG_0170_r90_f0,train,Monazite,4,IMG_0170,/content/BSM-Project/data/raw/BSM/Monazite/53.jpg,GRP_0170,/content/BSM-Project/data/augmented/train/Monazite/53__r90_f0.jpg,True,90,False,224,224,3,22629,4eea189fd79d8fb485a67056b397c299fc37ecd413c120fd60937f75fcdc182a
IMG_0170_r90_f1,train,Monazite,4,IMG_0170,/content/BSM-Project/data/raw/BSM/Monazite/53.jpg,GRP_0170,/content/BSM-Project/data/augmented/train/Monazite/53__r90_f1.jpg,True,90,True,224,224,3,22625,170eb080c31d8b6b6b9ac56a3c6c8b24111ef71834b6ab2d4b0a8cc4dd5304bd
IMG_0171_r0_f0,train,Monazite,4,IMG_0171,/content/BSM-Project/data/raw/BSM/Monazite/54.jpg,GRP_0171,/content/BSM-Project/data/augmented/train/Monazite/54__r0_f0.jpg,True,0,False,224,224,3,29416,5fb0813b1e4767c6eff60df6f7db2f206a6e8ea47b2560cc018edc321583c0e5
IMG_0171_r0_f1,train,Monazite,4,IMG_0171,/content/BSM-Project/data/raw/BSM/Monazite/54.jpg,GRP_0171,/content/BSM-Project/data/augmented/train/Monazite/54__r0_f1.jpg,True,0,True,224,224,3,29401,fc897ddca1c7cfb22eda4fd1e2a32e837ef24893287704fbbcc52510374f9322
IMG_0171_r180_f0,train,Monazite,4,IMG_0171,/content/BSM-Project/data/raw/BSM/Monazite/54.jpg,GRP_0171,/content/BSM-Project/data/augmented/train/Monazite/54__r180_f0.jpg,True,180,False,224,224,3,29405,4e99f4f0d98e14947d7cd5d652abb85b304cb77fdba7bbd388e0d02c6ca5c31a
IMG_0171_r180_f1,train,Monazite,4,IMG_0171,/content/BSM-Project/data/raw/BSM/Monazite/54.jpg,GRP_0171,/content/BSM-Project/data/augmented/train/Monazite/54__r180_f1.jpg,True,180,True,224,224,3,29403,f40cf99a07bdaa564f287a77fa2512defe40b8b7153a4f9879b95335d746e190
IMG_0171_r270_f0,train,Monazite,4,IMG_0171,/content/BSM-Project/data/raw/BSM/Monazite/54.jpg,GRP_0171,/content/BSM-Project/data/augmented/train/Monazite/54__r270_f0.jpg,True,270,False,224,224,3,25852,5fdd7a63662716b2e879021fee69de3356584faef9f070d38fb6b6dcfe5d3593
IMG_0171_r270_f1,train,Monazite,4,IMG_0171,/content/BSM-Project/data/raw/BSM/Monazite/54.jpg,GRP_0171,/content/BSM-Project/data/augmented/train/Monazite/54__r270_f1.jpg,True,270,True,224,224,3,25895,d6e3c43f15f3ceb981711ec78e6d184f9e488377e15428c1c60d39097566774e
IMG_0171_r30_f0,train,Monazite,4,IMG_0171,/content/BSM-Project/data/raw/BSM/Monazite/54.jpg,GRP_0171,/content/BSM-Project/data/augmented/train/Monazite/54__r30_f0.jpg,True,30,False,224,224,3,27223,d628fcec2f408afaa00f4cddcc8259b30a40d6f30df6dd7a579eeeda11fb2b0e
IMG_0171_r30_f1,train,Monazite,4,IMG_0171,/content/BSM-Project/data/raw/BSM/Monazite/54.jpg,GRP_0171,/content/BSM-Project/data/augmented/train/Monazite/54__r30_f1.jpg,True,30,True,224,224,3,27224,8c1a86df05c11bba3f26e985a9fe46a5bed1e4d0210d4fad2a0076459aca91e2
IMG_0171_r45_f0,train,Monazite,4,IMG_0171,/content/BSM-Project/data/raw/BSM/Monazite/54.jpg,GRP_0171,/content/BSM-Project/data/augmented/train/Monazite/54__r45_f0.jpg,True,45,False,224,224,3,26904,43bc3f9cde489129f5ee98101e5b793a9a5f3dbb461e64f08b8acefab71e34df
IMG_0171_r45_f1,train,Monazite,4,IMG_0171,/content/BSM-Project/data/raw/BSM/Monazite/54.jpg,GRP_0171,/content/BSM-Project/data/augmented/train/Monazite/54__r45_f1.jpg,True,45,True,224,224,3,26900,73db7b7e376f493c0e627c2b10320e37b199f0f8507e93a42dc4f567d40d8543
IMG_0171_r90_f0,train,Monazite,4,IMG_0171,/content/BSM-Project/data/raw/BSM/Monazite/54.jpg,GRP_0171,/content/BSM-Project/data/augmented/train/Monazite/54__r90_f0.jpg,True,90,False,224,224,3,25838,50d1f5074f67a29addff54736afadcc8469c1d66ed719c8d2103bf7a3542c465
IMG_0171_r90_f1,train,Monazite,4,IMG_0171,/content/BSM-Project/data/raw/BSM/Monazite/54.jpg,GRP_0171,/content/BSM-Project/data/augmented/train/Monazite/54__r90_f1.jpg,True,90,True,224,224,3,25882,a9f47376badbeca2a192a6e60351728efefe41671d162edc8ac032710a728927
IMG_0172_r0_f0,train,Monazite,4,IMG_0172,/content/BSM-Project/data/raw/BSM/Monazite/55.jpg,GRP_0172,/content/BSM-Project/data/augmented/train/Monazite/55__r0_f0.jpg,True,0,False,224,224,3,24648,68f261443a4c8662c22f7568d5cecd78e827b4d68815e42d89a9c015f297565e
IMG_0172_r0_f1,train,Monazite,4,IMG_0172,/content/BSM-Project/data/raw/BSM/Monazite/55.jpg,GRP_0172,/content/BSM-Project/data/augmented/train/Monazite/55__r0_f1.jpg,True,0,True,224,224,3,24653,8c4d7ef245a7f0ba8387bb057075a9897f1fb95ef1c4047b20c15615c1d1769f
IMG_0172_r180_f0,train,Monazite,4,IMG_0172,/content/BSM-Project/data/raw/BSM/Monazite/55.jpg,GRP_0172,/content/BSM-Project/data/augmented/train/Monazite/55__r180_f0.jpg,True,180,False,224,224,3,24633,f1652c2fccfac5007af032792b1a51402f83f6d631fa1be6aa07aedbc0d38c2d
IMG_0172_r180_f1,train,Monazite,4,IMG_0172,/content/BSM-Project/data/raw/BSM/Monazite/55.jpg,GRP_0172,/content/BSM-Project/data/augmented/train/Monazite/55__r180_f1.jpg,True,180,True,224,224,3,24647,d49ea17b894585431544abd219ca74cae9d154b504271ae59de2f0a4511cee12
IMG_0172_r270_f0,train,Monazite,4,IMG_0172,/content/BSM-Project/data/raw/BSM/Monazite/55.jpg,GRP_0172,/content/BSM-Project/data/augmented/train/Monazite/55__r270_f0.jpg,True,270,False,224,224,3,23992,e3fc504f4887ad2917f00f69d5c09821b86373c942effd7a4649cd51ce1ad916
IMG_0172_r270_f1,train,Monazite,4,IMG_0172,/content/BSM-Project/data/raw/BSM/Monazite/55.jpg,GRP_0172,/content/BSM-Project/data/augmented/train/Monazite/55__r270_f1.jpg,True,270,True,224,224,3,23977,af37125ae1e055e672f6cb723d7d8e5c131be46bff59d8f23dd69192eca33ec2
IMG_0172_r30_f0,train,Monazite,4,IMG_0172,/content/BSM-Project/data/raw/BSM/Monazite/55.jpg,GRP_0172,/content/BSM-Project/data/augmented/train/Monazite/55__r30_f0.jpg,True,30,False,224,224,3,25033,fff7b99537ad77fee24d90b48ff88f2af0835f8ab228b1245045a29a86389675
IMG_0172_r30_f1,train,Monazite,4,IMG_0172,/content/BSM-Project/data/raw/BSM/Monazite/55.jpg,GRP_0172,/content/BSM-Project/data/augmented/train/Monazite/55__r30_f1.jpg,True,30,True,224,224,3,25020,67ecb96f0336df000310088d73f31356f3cf055fa6373e984d52de900148088b
IMG_0172_r45_f0,train,Monazite,4,IMG_0172,/content/BSM-Project/data/raw/BSM/Monazite/55.jpg,GRP_0172,/content/BSM-Project/data/augmented/train/Monazite/55__r45_f0.jpg,True,45,False,224,224,3,24986,885cdbf08dc925e49c3dad778edd42155e5e08521ee1056f28b8b7e60db1a4a6
IMG_0172_r45_f1,train,Monazite,4,IMG_0172,/content/BSM-Project/data/raw/BSM/Monazite/55.jpg,GRP_0172,/content/BSM-Project/data/augmented/train/Monazite/55__r45_f1.jpg,True,45,True,224,224,3,24993,549a0599af08b5de591dac09e44694aaae09d251ef8f0a7a1e6cedfcc7aa025e
IMG_0172_r90_f0,train,Monazite,4,IMG_0172,/content/BSM-Project/data/raw/BSM/Monazite/55.jpg,GRP_0172,/content/BSM-Project/data/augmented/train/Monazite/55__r90_f0.jpg,True,90,False,224,224,3,23963,1eeb4a2cdc0103f355b9bffcc82230cb2452911fe166be8243fc6504f06e2f4b
IMG_0172_r90_f1,train,Monazite,4,IMG_0172,/content/BSM-Project/data/raw/BSM/Monazite/55.jpg,GRP_0172,/content/BSM-Project/data/augmented/train/Monazite/55__r90_f1.jpg,True,90,True,224,224,3,23983,96ed472df66742f9719d2c309c285e9b4a15ca66b9199644406c855ed16363e8
IMG_0173_r0_f0,train,Monazite,4,IMG_0173,/content/BSM-Project/data/raw/BSM/Monazite/56.jpg,GRP_0173,/content/BSM-Project/data/augmented/train/Monazite/56__r0_f0.jpg,True,0,False,224,224,3,17739,ade266f60363bd5cea011481cd0065307516870dde648a6185a1bde7c38a8aa0
IMG_0173_r0_f1,train,Monazite,4,IMG_0173,/content/BSM-Project/data/raw/BSM/Monazite/56.jpg,GRP_0173,/content/BSM-Project/data/augmented/train/Monazite/56__r0_f1.jpg,True,0,True,224,224,3,17756,573d0cf41f44f843029f4cf68760ab4cf629ad0bdd925daeac14b8592550654d
IMG_0173_r180_f0,train,Monazite,4,IMG_0173,/content/BSM-Project/data/raw/BSM/Monazite/56.jpg,GRP_0173,/content/BSM-Project/data/augmented/train/Monazite/56__r180_f0.jpg,True,180,False,224,224,3,17739,3eb52af74d9a1848b1b34c949cb56daa00b8d25aecbc319b22174e5496452063
IMG_0173_r180_f1,train,Monazite,4,IMG_0173,/content/BSM-Project/data/raw/BSM/Monazite/56.jpg,GRP_0173,/content/BSM-Project/data/augmented/train/Monazite/56__r180_f1.jpg,True,180,True,224,224,3,17771,0abe7caf1c9fb65964699049a1b52edf326126c00bdc342e8802c7e33ba19fda
IMG_0173_r270_f0,train,Monazite,4,IMG_0173,/content/BSM-Project/data/raw/BSM/Monazite/56.jpg,GRP_0173,/content/BSM-Project/data/augmented/train/Monazite/56__r270_f0.jpg,True,270,False,224,224,3,12264,256c7aa2102e6a521e0cdcb625d1fb2e34075e11120979cbc118813946c5af33
IMG_0173_r270_f1,train,Monazite,4,IMG_0173,/content/BSM-Project/data/raw/BSM/Monazite/56.jpg,GRP_0173,/content/BSM-Project/data/augmented/train/Monazite/56__r270_f1.jpg,True,270,True,224,224,3,12282,293e74e72e3f3348eb6c10866630deae9177dc981f0f531e95a5af67915b6f56
IMG_0173_r30_f0,train,Monazite,4,IMG_0173,/content/BSM-Project/data/raw/BSM/Monazite/56.jpg,GRP_0173,/content/BSM-Project/data/augmented/train/Monazite/56__r30_f0.jpg,True,30,False,224,224,3,16457,369089d667c8eed8ab911e97db8a198909d1bbb279ff36723a2decbb8b1e463e
IMG_0173_r30_f1,train,Monazite,4,IMG_0173,/content/BSM-Project/data/raw/BSM/Monazite/56.jpg,GRP_0173,/content/BSM-Project/data/augmented/train/Monazite/56__r30_f1.jpg,True,30,True,224,224,3,16510,30af3eabf5c62adead60ecab132de99634b29de0cb44b2862c45f42bd897908e
IMG_0173_r45_f0,train,Monazite,4,IMG_0173,/content/BSM-Project/data/raw/BSM/Monazite/56.jpg,GRP_0173,/content/BSM-Project/data/augmented/train/Monazite/56__r45_f0.jpg,True,45,False,224,224,3,15321,4316f244b5e228a00f759df22eeaadfc3c4376ee4ee658d25eba78114ed6a7e0
IMG_0173_r45_f1,train,Monazite,4,IMG_0173,/content/BSM-Project/data/raw/BSM/Monazite/56.jpg,GRP_0173,/content/BSM-Project/data/augmented/train/Monazite/56__r45_f1.jpg,True,45,True,224,224,3,15368,e14da77c8232147e54d64b9a5550e212e0309d071c50538196cab958b2d025a7
IMG_0173_r90_f0,train,Monazite,4,IMG_0173,/content/BSM-Project/data/raw/BSM/Monazite/56.jpg,GRP_0173,/content/BSM-Project/data/augmented/train/Monazite/56__r90_f0.jpg,True,90,False,224,224,3,12282,a1e61a02a4646f9939bdccb82b3a51924b627bbab20d18cf7cc3783fd8b91c3a
IMG_0173_r90_f1,train,Monazite,4,IMG_0173,/content/BSM-Project/data/raw/BSM/Monazite/56.jpg,GRP_0173,/content/BSM-Project/data/augmented/train/Monazite/56__r90_f1.jpg,True,90,True,224,224,3,12273,bbf008ee90ddb7d9d15f8fbed88020cee9f6450596e358cfd6f0bbeac8dbd1eb
IMG_0174_r0_f0,train,Monazite,4,IMG_0174,/content/BSM-Project/data/raw/BSM/Monazite/57.jpg,GRP_0174,/content/BSM-Project/data/augmented/train/Monazite/57__r0_f0.jpg,True,0,False,224,224,3,22620,8ae0241fb8c1949e8e61329850e8af3ffefcad91f7b5dec60311872a8581ad87
IMG_0174_r0_f1,train,Monazite,4,IMG_0174,/content/BSM-Project/data/raw/BSM/Monazite/57.jpg,GRP_0174,/content/BSM-Project/data/augmented/train/Monazite/57__r0_f1.jpg,True,0,True,224,224,3,22609,66c96b3045d5be99fd5ef794c22879f8721c5c67395f7e38b13a9934ccc01f90
IMG_0174_r180_f0,train,Monazite,4,IMG_0174,/content/BSM-Project/data/raw/BSM/Monazite/57.jpg,GRP_0174,/content/BSM-Project/data/augmented/train/Monazite/57__r180_f0.jpg,True,180,False,224,224,3,22622,dd244ad54047b97c2c21a725980926c0cccdbfafb53131ed7ee668d72662b9f5
IMG_0174_r180_f1,train,Monazite,4,IMG_0174,/content/BSM-Project/data/raw/BSM/Monazite/57.jpg,GRP_0174,/content/BSM-Project/data/augmented/train/Monazite/57__r180_f1.jpg,True,180,True,224,224,3,22613,e9c57708410b839d54d360aaa21fd43456282a95ff1fcabafa0eebe49ad030f0
IMG_0174_r270_f0,train,Monazite,4,IMG_0174,/content/BSM-Project/data/raw/BSM/Monazite/57.jpg,GRP_0174,/content/BSM-Project/data/augmented/train/Monazite/57__r270_f0.jpg,True,270,False,224,224,3,22066,033f3f95eb8f49b6ffcd26754c0594cb5514c720e1f4bf29edb26ffbcb6f8a50
IMG_0174_r270_f1,train,Monazite,4,IMG_0174,/content/BSM-Project/data/raw/BSM/Monazite/57.jpg,GRP_0174,/content/BSM-Project/data/augmented/train/Monazite/57__r270_f1.jpg,True,270,True,224,224,3,22038,06467bc98063d33ffbf461a44fe1f46ef850080318bab3d4d901089aac624253
IMG_0174_r30_f0,train,Monazite,4,IMG_0174,/content/BSM-Project/data/raw/BSM/Monazite/57.jpg,GRP_0174,/content/BSM-Project/data/augmented/train/Monazite/57__r30_f0.jpg,True,30,False,224,224,3,24043,2fa11d07ca497a3f3a07f3322820709ff9f5ab674ece3ce98fc2cd4b7ae0f79e
IMG_0174_r30_f1,train,Monazite,4,IMG_0174,/content/BSM-Project/data/raw/BSM/Monazite/57.jpg,GRP_0174,/content/BSM-Project/data/augmented/train/Monazite/57__r30_f1.jpg,True,30,True,224,224,3,24025,b2927c9748495da748aa2ed9d9f313f0617fff339b513d3c95005a4926dc5d5f
IMG_0174_r45_f0,train,Monazite,4,IMG_0174,/content/BSM-Project/data/raw/BSM/Monazite/57.jpg,GRP_0174,/content/BSM-Project/data/augmented/train/Monazite/57__r45_f0.jpg,True,45,False,224,224,3,23835,4ac0ad57876cae360004492bc31933b48a556b31f3a9bf8a065e5da2545c9c16
IMG_0174_r45_f1,train,Monazite,4,IMG_0174,/content/BSM-Project/data/raw/BSM/Monazite/57.jpg,GRP_0174,/content/BSM-Project/data/augmented/train/Monazite/57__r45_f1.jpg,True,45,True,224,224,3,23835,fd06878ce63819b1ed9ccd4d79a59260f24c990ae4e7f7b1ec4ba327049d231d
IMG_0174_r90_f0,train,Monazite,4,IMG_0174,/content/BSM-Project/data/raw/BSM/Monazite/57.jpg,GRP_0174,/content/BSM-Project/data/augmented/train/Monazite/57__r90_f0.jpg,True,90,False,224,224,3,22036,0b4f040f378cab723a0073e82b364bfb4a7b4a675d903ba82505617ea8a20a7d
IMG_0174_r90_f1,train,Monazite,4,IMG_0174,/content/BSM-Project/data/raw/BSM/Monazite/57.jpg,GRP_0174,/content/BSM-Project/data/augmented/train/Monazite/57__r90_f1.jpg,True,90,True,224,224,3,22084,0ad082c96b5947b5574b9c7448726ba72727b43994115ac1417082ec8a1c254e
IMG_0175_r0_f0,train,Monazite,4,IMG_0175,/content/BSM-Project/data/raw/BSM/Monazite/58.jpg,GRP_0175,/content/BSM-Project/data/augmented/train/Monazite/58__r0_f0.jpg,True,0,False,224,224,3,29031,a34035c34b2143d0f1a93ac53b87704683a67a10d1e93b48f379efb5ed619383
IMG_0175_r0_f1,train,Monazite,4,IMG_0175,/content/BSM-Project/data/raw/BSM/Monazite/58.jpg,GRP_0175,/content/BSM-Project/data/augmented/train/Monazite/58__r0_f1.jpg,True,0,True,224,224,3,29014,23229f12fc50fd89f1b5ea88da43573493170d26241ea2fa81cba5af8a23beb8
IMG_0175_r180_f0,train,Monazite,4,IMG_0175,/content/BSM-Project/data/raw/BSM/Monazite/58.jpg,GRP_0175,/content/BSM-Project/data/augmented/train/Monazite/58__r180_f0.jpg,True,180,False,224,224,3,29035,272011b595754b44b42e9bfc6b4e30a79d1f0c93258f425675a46e2d23c64299
IMG_0175_r180_f1,train,Monazite,4,IMG_0175,/content/BSM-Project/data/raw/BSM/Monazite/58.jpg,GRP_0175,/content/BSM-Project/data/augmented/train/Monazite/58__r180_f1.jpg,True,180,True,224,224,3,28996,3e2ab8f1b4ce07fdc29927dd17d7d31b4fd693cb0aaea6dc2c418442b7d72b4d
IMG_0175_r270_f0,train,Monazite,4,IMG_0175,/content/BSM-Project/data/raw/BSM/Monazite/58.jpg,GRP_0175,/content/BSM-Project/data/augmented/train/Monazite/58__r270_f0.jpg,True,270,False,224,224,3,24022,c3d279ab1263ff9996336a82f5759039b6029dd366d3ba4a45e32a9df0766a0d
IMG_0175_r270_f1,train,Monazite,4,IMG_0175,/content/BSM-Project/data/raw/BSM/Monazite/58.jpg,GRP_0175,/content/BSM-Project/data/augmented/train/Monazite/58__r270_f1.jpg,True,270,True,224,224,3,24031,cd7615416fd1013351e94e56ad4f4d93341b1062ec94e97a32f1f54a6317b6ee
IMG_0175_r30_f0,train,Monazite,4,IMG_0175,/content/BSM-Project/data/raw/BSM/Monazite/58.jpg,GRP_0175,/content/BSM-Project/data/augmented/train/Monazite/58__r30_f0.jpg,True,30,False,224,224,3,27663,6a4e309d6cfe5bc1308a36376906baa94f2b1c8a0695b57b3d3e0853b759a1a0
IMG_0175_r30_f1,train,Monazite,4,IMG_0175,/content/BSM-Project/data/raw/BSM/Monazite/58.jpg,GRP_0175,/content/BSM-Project/data/augmented/train/Monazite/58__r30_f1.jpg,True,30,True,224,224,3,27732,eeb3752ed3b8c977a34e04cd50ab8c4bce251b536c00643e86b80801efb3f03a
IMG_0175_r45_f0,train,Monazite,4,IMG_0175,/content/BSM-Project/data/raw/BSM/Monazite/58.jpg,GRP_0175,/content/BSM-Project/data/augmented/train/Monazite/58__r45_f0.jpg,True,45,False,224,224,3,27019,9d34bba141ddd7b18661af17c3505b11a7b2d66952220eeb7aee076eb5719739
IMG_0175_r45_f1,train,Monazite,4,IMG_0175,/content/BSM-Project/data/raw/BSM/Monazite/58.jpg,GRP_0175,/content/BSM-Project/data/augmented/train/Monazite/58__r45_f1.jpg,True,45,True,224,224,3,27098,00e7eb51148ea3e6a07cb72dd4afe6c18d3e6d55bde636740de30f5800554bac
IMG_0175_r90_f0,train,Monazite,4,IMG_0175,/content/BSM-Project/data/raw/BSM/Monazite/58.jpg,GRP_0175,/content/BSM-Project/data/augmented/train/Monazite/58__r90_f0.jpg,True,90,False,224,224,3,24015,473c7db8dab7590478905fdb893adc2e17d683684c87b72f362978084e6c46c6
IMG_0175_r90_f1,train,Monazite,4,IMG_0175,/content/BSM-Project/data/raw/BSM/Monazite/58.jpg,GRP_0175,/content/BSM-Project/data/augmented/train/Monazite/58__r90_f1.jpg,True,90,True,224,224,3,24044,f8512c908de5eb87ee1f9491eeb8f63a866c83fe1b6d359dada50679be6cf614
IMG_0176_r0_f0,train,Monazite,4,IMG_0176,/content/BSM-Project/data/raw/BSM/Monazite/59.jpg,GRP_0176,/content/BSM-Project/data/augmented/train/Monazite/59__r0_f0.jpg,True,0,False,224,224,3,18094,5ad8574451c4a2a2d7056598256c001884bb113cfb4e64ab564476a00b56b347
IMG_0176_r0_f1,train,Monazite,4,IMG_0176,/content/BSM-Project/data/raw/BSM/Monazite/59.jpg,GRP_0176,/content/BSM-Project/data/augmented/train/Monazite/59__r0_f1.jpg,True,0,True,224,224,3,18096,937c95a9ae2de9cc6bd3c176f6673ec7f78460ef8819ff5991d13db1b04ef426
IMG_0176_r180_f0,train,Monazite,4,IMG_0176,/content/BSM-Project/data/raw/BSM/Monazite/59.jpg,GRP_0176,/content/BSM-Project/data/augmented/train/Monazite/59__r180_f0.jpg,True,180,False,224,224,3,18097,f4338d8f3211005c66019e06ffd93656e359334a9529e603e4bd3b42988fa1dd
IMG_0176_r180_f1,train,Monazite,4,IMG_0176,/content/BSM-Project/data/raw/BSM/Monazite/59.jpg,GRP_0176,/content/BSM-Project/data/augmented/train/Monazite/59__r180_f1.jpg,True,180,True,224,224,3,18081,b522b43131804b37b110c3014f6fb56a6ab7687a33fa5d92e47d8004cbc2cdae
IMG_0176_r270_f0,train,Monazite,4,IMG_0176,/content/BSM-Project/data/raw/BSM/Monazite/59.jpg,GRP_0176,/content/BSM-Project/data/augmented/train/Monazite/59__r270_f0.jpg,True,270,False,224,224,3,17903,80fee3b9ea21b329120b592616df588428bf3c73c1c18cc3ff9f25fc72193b75
IMG_0176_r270_f1,train,Monazite,4,IMG_0176,/content/BSM-Project/data/raw/BSM/Monazite/59.jpg,GRP_0176,/content/BSM-Project/data/augmented/train/Monazite/59__r270_f1.jpg,True,270,True,224,224,3,17937,5e7d49286d88be158e2875fa080382175f5329e697a1c27345a59f6f91b3b4b7
IMG_0176_r30_f0,train,Monazite,4,IMG_0176,/content/BSM-Project/data/raw/BSM/Monazite/59.jpg,GRP_0176,/content/BSM-Project/data/augmented/train/Monazite/59__r30_f0.jpg,True,30,False,224,224,3,16838,5f3d7bb7d146c0476e76ec0292186c288b57518dff1855dd16790beaf818bdfa
IMG_0176_r30_f1,train,Monazite,4,IMG_0176,/content/BSM-Project/data/raw/BSM/Monazite/59.jpg,GRP_0176,/content/BSM-Project/data/augmented/train/Monazite/59__r30_f1.jpg,True,30,True,224,224,3,16820,7bac9a9d6bfccfe64bd45f6dad32fecfd86b3e4e06e12e26f3a81d418a7cc14f
IMG_0176_r45_f0,train,Monazite,4,IMG_0176,/content/BSM-Project/data/raw/BSM/Monazite/59.jpg,GRP_0176,/content/BSM-Project/data/augmented/train/Monazite/59__r45_f0.jpg,True,45,False,224,224,3,16684,6134942d9452015ac6698c96d1effbc31b64650712d7f12af25c518f8b463ed3
IMG_0176_r45_f1,train,Monazite,4,IMG_0176,/content/BSM-Project/data/raw/BSM/Monazite/59.jpg,GRP_0176,/content/BSM-Project/data/augmented/train/Monazite/59__r45_f1.jpg,True,45,True,224,224,3,16730,82cca02b9d492566fb72b491af0f4287102d95f9976759ce029746c3c7b70a23
IMG_0176_r90_f0,train,Monazite,4,IMG_0176,/content/BSM-Project/data/raw/BSM/Monazite/59.jpg,GRP_0176,/content/BSM-Project/data/augmented/train/Monazite/59__r90_f0.jpg,True,90,False,224,224,3,17893,32774819d8e8e375dcfb93b2f9490d5054505c8b2966e01d81f38f752fb80daa
IMG_0176_r90_f1,train,Monazite,4,IMG_0176,/content/BSM-Project/data/raw/BSM/Monazite/59.jpg,GRP_0176,/content/BSM-Project/data/augmented/train/Monazite/59__r90_f1.jpg,True,90,True,224,224,3,17916,720b3a8e3568999b18b2c3898dc6edb7c3007a031a9aee6312b097332211358e
IMG_0178_r0_f0,train,Monazite,4,IMG_0178,/content/BSM-Project/data/raw/BSM/Monazite/60.jpg,GRP_0178,/content/BSM-Project/data/augmented/train/Monazite/60__r0_f0.jpg,True,0,False,224,224,3,25603,3bafcb0ebf56eea6e0e3f1182c68ba7e4bcec41e482f071ae06ab30e7fd0c6e4
IMG_0178_r0_f1,train,Monazite,4,IMG_0178,/content/BSM-Project/data/raw/BSM/Monazite/60.jpg,GRP_0178,/content/BSM-Project/data/augmented/train/Monazite/60__r0_f1.jpg,True,0,True,224,224,3,25618,b793358f3e2477e24ec0a0159a95b409fe801a268ae5a1d0d4871dbc2504eb77
IMG_0178_r180_f0,train,Monazite,4,IMG_0178,/content/BSM-Project/data/raw/BSM/Monazite/60.jpg,GRP_0178,/content/BSM-Project/data/augmented/train/Monazite/60__r180_f0.jpg,True,180,False,224,224,3,25604,47a6d5d1c49455a6252b4981d090909c79ab07133f61f70f092b624e825066f5
IMG_0178_r180_f1,train,Monazite,4,IMG_0178,/content/BSM-Project/data/raw/BSM/Monazite/60.jpg,GRP_0178,/content/BSM-Project/data/augmented/train/Monazite/60__r180_f1.jpg,True,180,True,224,224,3,25646,5b1343695d78e4a8e787f476f9c7b4465f08ce85a7e9cf4996625c99de10325d
IMG_0178_r270_f0,train,Monazite,4,IMG_0178,/content/BSM-Project/data/raw/BSM/Monazite/60.jpg,GRP_0178,/content/BSM-Project/data/augmented/train/Monazite/60__r270_f0.jpg,True,270,False,224,224,3,22620,e5d076c72f345b9f58d13388c1986fd5f1f50f54fee52e9b3673a08773fc2d0b
IMG_0178_r270_f1,train,Monazite,4,IMG_0178,/content/BSM-Project/data/raw/BSM/Monazite/60.jpg,GRP_0178,/content/BSM-Project/data/augmented/train/Monazite/60__r270_f1.jpg,True,270,True,224,224,3,22598,8dcf8255d2378360ad436e7f609c255e82c59dfa7890e50de764d860f44cc110
IMG_0178_r30_f0,train,Monazite,4,IMG_0178,/content/BSM-Project/data/raw/BSM/Monazite/60.jpg,GRP_0178,/content/BSM-Project/data/augmented/train/Monazite/60__r30_f0.jpg,True,30,False,224,224,3,26226,6f7b3437216ee2062af31f38e638790c185fe5d5271c9dd7c86e631c5fb738f8
IMG_0178_r30_f1,train,Monazite,4,IMG_0178,/content/BSM-Project/data/raw/BSM/Monazite/60.jpg,GRP_0178,/content/BSM-Project/data/augmented/train/Monazite/60__r30_f1.jpg,True,30,True,224,224,3,26287,ce1200a597b5c5b0216d380595ac1c7c895357e8d59282a8b6f62a6bab24e4fd
IMG_0178_r45_f0,train,Monazite,4,IMG_0178,/content/BSM-Project/data/raw/BSM/Monazite/60.jpg,GRP_0178,/content/BSM-Project/data/augmented/train/Monazite/60__r45_f0.jpg,True,45,False,224,224,3,25641,84a06566a3c71b4495b662d25079b27a7212e7312389e608fc3fb8b382dca9cd
IMG_0178_r45_f1,train,Monazite,4,IMG_0178,/content/BSM-Project/data/raw/BSM/Monazite/60.jpg,GRP_0178,/content/BSM-Project/data/augmented/train/Monazite/60__r45_f1.jpg,True,45,True,224,224,3,25690,9c275a6b35e1350ff2156459cd0216edc79d6ce5849e2af954a911d618be9ed8
IMG_0178_r90_f0,train,Monazite,4,IMG_0178,/content/BSM-Project/data/raw/BSM/Monazite/60.jpg,GRP_0178,/content/BSM-Project/data/augmented/train/Monazite/60__r90_f0.jpg,True,90,False,224,224,3,22620,5645e3455611b18c107afee397ccf50d365d2d07fb77ec60a37cbf4c64196363
IMG_0178_r90_f1,train,Monazite,4,IMG_0178,/content/BSM-Project/data/raw/BSM/Monazite/60.jpg,GRP_0178,/content/BSM-Project/data/augmented/train/Monazite/60__r90_f1.jpg,True,90,True,224,224,3,22604,e6471513230acad4d0f9fc7330caff8409723f7d04747e63aa93ab7694439a5a
IMG_0179_r0_f0,train,Monazite,4,IMG_0179,/content/BSM-Project/data/raw/BSM/Monazite/7.jpg,GRP_0179,/content/BSM-Project/data/augmented/train/Monazite/7__r0_f0.jpg,True,0,False,224,224,3,23016,d08b020a2a9cc567fe91f28a4e60cac3ade0ec300e1141fbf174697652e2ee6d
IMG_0179_r0_f1,train,Monazite,4,IMG_0179,/content/BSM-Project/data/raw/BSM/Monazite/7.jpg,GRP_0179,/content/BSM-Project/data/augmented/train/Monazite/7__r0_f1.jpg,True,0,True,224,224,3,22998,53f3e7ae488bfdda3e43f2799651f0cff7a78d11ec184a6f1014f5486f1e1ec5
IMG_0179_r180_f0,train,Monazite,4,IMG_0179,/content/BSM-Project/data/raw/BSM/Monazite/7.jpg,GRP_0179,/content/BSM-Project/data/augmented/train/Monazite/7__r180_f0.jpg,True,180,False,224,224,3,23012,2cfa5c30b53f86386503ed41e68c26c945bf913a70f539de1227597d8c85af9b
IMG_0179_r180_f1,train,Monazite,4,IMG_0179,/content/BSM-Project/data/raw/BSM/Monazite/7.jpg,GRP_0179,/content/BSM-Project/data/augmented/train/Monazite/7__r180_f1.jpg,True,180,True,224,224,3,22995,e01dced56d8089fce88a6e2d3ac275bec36c28086d61dbda78e93c1aaf291c81
IMG_0179_r270_f0,train,Monazite,4,IMG_0179,/content/BSM-Project/data/raw/BSM/Monazite/7.jpg,GRP_0179,/content/BSM-Project/data/augmented/train/Monazite/7__r270_f0.jpg,True,270,False,224,224,3,13843,9238731af4e00a0bf48636e81edc7524282cb3858e1d9fa9a603894d3a2324a1
IMG_0179_r270_f1,train,Monazite,4,IMG_0179,/content/BSM-Project/data/raw/BSM/Monazite/7.jpg,GRP_0179,/content/BSM-Project/data/augmented/train/Monazite/7__r270_f1.jpg,True,270,True,224,224,3,13833,b377611487799a61fc9e2f5a34aa336e2f2eff6a43299e8b86b81908e1206dd5
IMG_0179_r30_f0,train,Monazite,4,IMG_0179,/content/BSM-Project/data/raw/BSM/Monazite/7.jpg,GRP_0179,/content/BSM-Project/data/augmented/train/Monazite/7__r30_f0.jpg,True,30,False,224,224,3,21218,d2f881d1e4a1fe5239d2f29bec5fbf73bbc354117de85f344c1ef770a0b17d54
IMG_0179_r30_f1,train,Monazite,4,IMG_0179,/content/BSM-Project/data/raw/BSM/Monazite/7.jpg,GRP_0179,/content/BSM-Project/data/augmented/train/Monazite/7__r30_f1.jpg,True,30,True,224,224,3,21342,f307605b96794886a5f578cffa77062546bdfff33208efbf75ef4c49cb7b0a57
IMG_0179_r45_f0,train,Monazite,4,IMG_0179,/content/BSM-Project/data/raw/BSM/Monazite/7.jpg,GRP_0179,/content/BSM-Project/data/augmented/train/Monazite/7__r45_f0.jpg,True,45,False,224,224,3,19496,255ca706e38eef1a1a26c2b4a0c4ad2ed067111a196e7aad22c16cb94c47c948
IMG_0179_r45_f1,train,Monazite,4,IMG_0179,/content/BSM-Project/data/raw/BSM/Monazite/7.jpg,GRP_0179,/content/BSM-Project/data/augmented/train/Monazite/7__r45_f1.jpg,True,45,True,224,224,3,19588,b1052fb6b9212bd4f5424a8c380d2cb4b6c57ab9c9176e8ab4a4d6ff740a1659
IMG_0179_r90_f0,train,Monazite,4,IMG_0179,/content/BSM-Project/data/raw/BSM/Monazite/7.jpg,GRP_0179,/content/BSM-Project/data/augmented/train/Monazite/7__r90_f0.jpg,True,90,False,224,224,3,13847,07e180653a0aad4a69fb6ea92133d2b389ef55fbd6b6b0fbfa12fe5b44e6319c
IMG_0179_r90_f1,train,Monazite,4,IMG_0179,/content/BSM-Project/data/raw/BSM/Monazite/7.jpg,GRP_0179,/content/BSM-Project/data/augmented/train/Monazite/7__r90_f1.jpg,True,90,True,224,224,3,13838,22713fe777d2691ecdb3fed87f2e920fc0177a298328dbb3aac10a930e1e1fab
IMG_0180_r0_f0,train,Monazite,4,IMG_0180,/content/BSM-Project/data/raw/BSM/Monazite/8.jpg,GRP_0180,/content/BSM-Project/data/augmented/train/Monazite/8__r0_f0.jpg,True,0,False,224,224,3,12108,e49f58c64d15856a8c70a7e13ef61e4dff52c0d36efc89c802366ea9889cc76e
IMG_0180_r0_f1,train,Monazite,4,IMG_0180,/content/BSM-Project/data/raw/BSM/Monazite/8.jpg,GRP_0180,/content/BSM-Project/data/augmented/train/Monazite/8__r0_f1.jpg,True,0,True,224,224,3,12138,f703bd27bf97e72cf5974ab4139a86e562a256430b7c490f17c68ecdc0c615fc
IMG_0180_r180_f0,train,Monazite,4,IMG_0180,/content/BSM-Project/data/raw/BSM/Monazite/8.jpg,GRP_0180,/content/BSM-Project/data/augmented/train/Monazite/8__r180_f0.jpg,True,180,False,224,224,3,12110,4e2f9fd5e5292c5b0c738c313d2866446f8407cbecf03a267715907298779cc8
IMG_0180_r180_f1,train,Monazite,4,IMG_0180,/content/BSM-Project/data/raw/BSM/Monazite/8.jpg,GRP_0180,/content/BSM-Project/data/augmented/train/Monazite/8__r180_f1.jpg,True,180,True,224,224,3,12143,2972bfaabc28cb78a89566381ca0f0025bca77bfe7ed7538c64845a3d58f2eed
IMG_0180_r270_f0,train,Monazite,4,IMG_0180,/content/BSM-Project/data/raw/BSM/Monazite/8.jpg,GRP_0180,/content/BSM-Project/data/augmented/train/Monazite/8__r270_f0.jpg,True,270,False,224,224,3,12539,0867cfa7fd9ef6e4b287135f04288dd2a399808c17b9012ffca70bd140aeb88f
IMG_0180_r270_f1,train,Monazite,4,IMG_0180,/content/BSM-Project/data/raw/BSM/Monazite/8.jpg,GRP_0180,/content/BSM-Project/data/augmented/train/Monazite/8__r270_f1.jpg,True,270,True,224,224,3,12531,714bb0440abc30196b4935bcc51e91c25146b44fc36813b6cea60cb7bf4adf17
IMG_0180_r30_f0,train,Monazite,4,IMG_0180,/content/BSM-Project/data/raw/BSM/Monazite/8.jpg,GRP_0180,/content/BSM-Project/data/augmented/train/Monazite/8__r30_f0.jpg,True,30,False,224,224,3,14699,7c6c649701649d29ca21c99ffc58fcfb68b6685e5df4085903125a37a723ea09
IMG_0180_r30_f1,train,Monazite,4,IMG_0180,/content/BSM-Project/data/raw/BSM/Monazite/8.jpg,GRP_0180,/content/BSM-Project/data/augmented/train/Monazite/8__r30_f1.jpg,True,30,True,224,224,3,14646,41e9671cccc620cdbb34293552f2e82c26684e189a984968f260f482e040e3f3
IMG_0180_r45_f0,train,Monazite,4,IMG_0180,/content/BSM-Project/data/raw/BSM/Monazite/8.jpg,GRP_0180,/content/BSM-Project/data/augmented/train/Monazite/8__r45_f0.jpg,True,45,False,224,224,3,14725,be1960a0381fa59a01334a4395609fe9e250b9b54beb038fac0112b9ccadf2db
IMG_0180_r45_f1,train,Monazite,4,IMG_0180,/content/BSM-Project/data/raw/BSM/Monazite/8.jpg,GRP_0180,/content/BSM-Project/data/augmented/train/Monazite/8__r45_f1.jpg,True,45,True,224,224,3,14694,2081c8e7f16b69482b39dd9f63b21e887081180e9b71a7dff8b715db38b80f88
IMG_0180_r90_f0,train,Monazite,4,IMG_0180,/content/BSM-Project/data/raw/BSM/Monazite/8.jpg,GRP_0180,/content/BSM-Project/data/augmented/train/Monazite/8__r90_f0.jpg,True,90,False,224,224,3,12524,76fd1775c681e9886caf1d92b1fab1b98f798460d3b566e426d7120ad4a1c9b9
IMG_0180_r90_f1,train,Monazite,4,IMG_0180,/content/BSM-Project/data/raw/BSM/Monazite/8.jpg,GRP_0180,/content/BSM-Project/data/augmented/train/Monazite/8__r90_f1.jpg,True,90,True,224,224,3,12496,5a61f82392e8d5cc8ecda5bf6b1d5d9cf17efe93d7fb2e16c1f7f321bd9bd258
IMG_0182_r0_f0,train,Rutile,1,IMG_0182,/content/BSM-Project/data/raw/BSM/Rutile/10.jpg,GRP_0182,/content/BSM-Project/data/augmented/train/Rutile/10__r0_f0.jpg,True,0,False,224,224,3,19123,02be52eec8c9305c37d4403bc8da3c6cad78458cfa8b4561da1445bc4e438dc7
IMG_0182_r0_f1,train,Rutile,1,IMG_0182,/content/BSM-Project/data/raw/BSM/Rutile/10.jpg,GRP_0182,/content/BSM-Project/data/augmented/train/Rutile/10__r0_f1.jpg,True,0,True,224,224,3,19106,c9caa871880936c11a81f047b750d28be1213edd595b075a3959b5927747818e
IMG_0182_r180_f0,train,Rutile,1,IMG_0182,/content/BSM-Project/data/raw/BSM/Rutile/10.jpg,GRP_0182,/content/BSM-Project/data/augmented/train/Rutile/10__r180_f0.jpg,True,180,False,224,224,3,19119,e7e4fc9da9fcea22315c836b1d2512c458f58d36f636affe47281d1ce8ccbebc
IMG_0182_r180_f1,train,Rutile,1,IMG_0182,/content/BSM-Project/data/raw/BSM/Rutile/10.jpg,GRP_0182,/content/BSM-Project/data/augmented/train/Rutile/10__r180_f1.jpg,True,180,True,224,224,3,19116,ef010bd6eaa1331b57e2e64d853c00d7d978620a03d7681ba9adaf633fe03269
IMG_0182_r270_f0,train,Rutile,1,IMG_0182,/content/BSM-Project/data/raw/BSM/Rutile/10.jpg,GRP_0182,/content/BSM-Project/data/augmented/train/Rutile/10__r270_f0.jpg,True,270,False,224,224,3,19801,b2bd65d537f0a27328d1efdf2b4300462226e456c0cdf8ac5e9e1ac118ffc796
IMG_0182_r270_f1,train,Rutile,1,IMG_0182,/content/BSM-Project/data/raw/BSM/Rutile/10.jpg,GRP_0182,/content/BSM-Project/data/augmented/train/Rutile/10__r270_f1.jpg,True,270,True,224,224,3,19778,43852079667b23f878325ceface24c479cce7dc82c31bd1d5dc3a120713200db
IMG_0182_r30_f0,train,Rutile,1,IMG_0182,/content/BSM-Project/data/raw/BSM/Rutile/10.jpg,GRP_0182,/content/BSM-Project/data/augmented/train/Rutile/10__r30_f0.jpg,True,30,False,224,224,3,22240,0a1dda22cd555fb027b322994c3dd85e2a023cbaa5485df805c578d32d4faa71
IMG_0182_r30_f1,train,Rutile,1,IMG_0182,/content/BSM-Project/data/raw/BSM/Rutile/10.jpg,GRP_0182,/content/BSM-Project/data/augmented/train/Rutile/10__r30_f1.jpg,True,30,True,224,224,3,22257,b65a84175887a50611890d24f613ed60cdf0a19f5aba4a861638b68fd92fb8fa
IMG_0182_r45_f0,train,Rutile,1,IMG_0182,/content/BSM-Project/data/raw/BSM/Rutile/10.jpg,GRP_0182,/content/BSM-Project/data/augmented/train/Rutile/10__r45_f0.jpg,True,45,False,224,224,3,22078,94ad2e1490ee93edc537b235fe7b6f31bca2d67bf07690d14ef98378067872cb
IMG_0182_r45_f1,train,Rutile,1,IMG_0182,/content/BSM-Project/data/raw/BSM/Rutile/10.jpg,GRP_0182,/content/BSM-Project/data/augmented/train/Rutile/10__r45_f1.jpg,True,45,True,224,224,3,22091,a3385b8ba62bb32b10b1b6cb932bac69142bb510b044ad4d2ca1dad83eb8c824
IMG_0182_r90_f0,train,Rutile,1,IMG_0182,/content/BSM-Project/data/raw/BSM/Rutile/10.jpg,GRP_0182,/content/BSM-Project/data/augmented/train/Rutile/10__r90_f0.jpg,True,90,False,224,224,3,19800,49914722b76cd3ada2dc7c8e57600c7f536feae3c0c65b3acb37fa4acb9df188
IMG_0182_r90_f1,train,Rutile,1,IMG_0182,/content/BSM-Project/data/raw/BSM/Rutile/10.jpg,GRP_0182,/content/BSM-Project/data/augmented/train/Rutile/10__r90_f1.jpg,True,90,True,224,224,3,19818,65d9dede59f05ddf4f4e25bb03246d8f4fd570f42402e8a342f7aa1fc5823f9a
IMG_0183_r0_f0,train,Rutile,1,IMG_0183,/content/BSM-Project/data/raw/BSM/Rutile/11.jpg,GRP_0183,/content/BSM-Project/data/augmented/train/Rutile/11__r0_f0.jpg,True,0,False,224,224,3,16637,2b6927d766087197f6cd5ac5881aaaa58f01d57120da31f5d1a904b2fca44948
IMG_0183_r0_f1,train,Rutile,1,IMG_0183,/content/BSM-Project/data/raw/BSM/Rutile/11.jpg,GRP_0183,/content/BSM-Project/data/augmented/train/Rutile/11__r0_f1.jpg,True,0,True,224,224,3,16624,54a3278903d2cd01ac449d9e8057344ec4d25b89db99922994602c2f7ad96dbf
IMG_0183_r180_f0,train,Rutile,1,IMG_0183,/content/BSM-Project/data/raw/BSM/Rutile/11.jpg,GRP_0183,/content/BSM-Project/data/augmented/train/Rutile/11__r180_f0.jpg,True,180,False,224,224,3,16631,8f571898f860d4e1c6548f71ec0e7ade37f021ee357f1c5d607d8a8e4f2d51e3
IMG_0183_r180_f1,train,Rutile,1,IMG_0183,/content/BSM-Project/data/raw/BSM/Rutile/11.jpg,GRP_0183,/content/BSM-Project/data/augmented/train/Rutile/11__r180_f1.jpg,True,180,True,224,224,3,16618,38bee87984f3cf75613290ade99749342434d1bbfd0133c0f463d97f767fe84d
IMG_0183_r270_f0,train,Rutile,1,IMG_0183,/content/BSM-Project/data/raw/BSM/Rutile/11.jpg,GRP_0183,/content/BSM-Project/data/augmented/train/Rutile/11__r270_f0.jpg,True,270,False,224,224,3,16215,c0931637d158bcdfb0ec3960b4d92ec833c6c0ca7da33b8583cfb147c7785fac
IMG_0183_r270_f1,train,Rutile,1,IMG_0183,/content/BSM-Project/data/raw/BSM/Rutile/11.jpg,GRP_0183,/content/BSM-Project/data/augmented/train/Rutile/11__r270_f1.jpg,True,270,True,224,224,3,16208,9eede00a69e30bf9c666093943eee420a202f9f67ee76509e50585a797174ffb
IMG_0183_r30_f0,train,Rutile,1,IMG_0183,/content/BSM-Project/data/raw/BSM/Rutile/11.jpg,GRP_0183,/content/BSM-Project/data/augmented/train/Rutile/11__r30_f0.jpg,True,30,False,224,224,3,16594,4133617174e441732df1fcd9080e6e9f411405841b8053e344ef7d5fecd03e7c
IMG_0183_r30_f1,train,Rutile,1,IMG_0183,/content/BSM-Project/data/raw/BSM/Rutile/11.jpg,GRP_0183,/content/BSM-Project/data/augmented/train/Rutile/11__r30_f1.jpg,True,30,True,224,224,3,16578,90d578dc1cf3be682ae133946e96a8b2119884eb3fb55f74f1f46aa41c04ea08
IMG_0183_r45_f0,train,Rutile,1,IMG_0183,/content/BSM-Project/data/raw/BSM/Rutile/11.jpg,GRP_0183,/content/BSM-Project/data/augmented/train/Rutile/11__r45_f0.jpg,True,45,False,224,224,3,16612,0ea2728b424d27413b679651293c019d2e01e933a132ab62443739940422bfba
IMG_0183_r45_f1,train,Rutile,1,IMG_0183,/content/BSM-Project/data/raw/BSM/Rutile/11.jpg,GRP_0183,/content/BSM-Project/data/augmented/train/Rutile/11__r45_f1.jpg,True,45,True,224,224,3,16582,4f05516091700fa64d33ad2a8712a358c9f293d521128ab99b3b72ea1066305c
IMG_0183_r90_f0,train,Rutile,1,IMG_0183,/content/BSM-Project/data/raw/BSM/Rutile/11.jpg,GRP_0183,/content/BSM-Project/data/augmented/train/Rutile/11__r90_f0.jpg,True,90,False,224,224,3,16239,8018a32792a6fc37864776a99f3354761649cdec20e3c623f1f6a6d24cd5f425
IMG_0183_r90_f1,train,Rutile,1,IMG_0183,/content/BSM-Project/data/raw/BSM/Rutile/11.jpg,GRP_0183,/content/BSM-Project/data/augmented/train/Rutile/11__r90_f1.jpg,True,90,True,224,224,3,16210,d85df5e1e8616cb3f2376a2681ae4074ca577e7f86dc8c9a0b037b3a6c2de55d
IMG_0184_r0_f0,train,Rutile,1,IMG_0184,/content/BSM-Project/data/raw/BSM/Rutile/12.jpg,GRP_0184,/content/BSM-Project/data/augmented/train/Rutile/12__r0_f0.jpg,True,0,False,224,224,3,13822,8833b5d446d1ebf60bcba8393876da71dd1da6ccea2e58d401efba9dcb47824b
IMG_0184_r0_f1,train,Rutile,1,IMG_0184,/content/BSM-Project/data/raw/BSM/Rutile/12.jpg,GRP_0184,/content/BSM-Project/data/augmented/train/Rutile/12__r0_f1.jpg,True,0,True,224,224,3,13781,649fdc3fc2e3944977079bccb3b2422255fd852fae50d2ba9d375f1868f08a35
IMG_0184_r180_f0,train,Rutile,1,IMG_0184,/content/BSM-Project/data/raw/BSM/Rutile/12.jpg,GRP_0184,/content/BSM-Project/data/augmented/train/Rutile/12__r180_f0.jpg,True,180,False,224,224,3,13800,b418af0765e990220788b6e991f98558a684ff44782df90c5993c3a418563cb9
IMG_0184_r180_f1,train,Rutile,1,IMG_0184,/content/BSM-Project/data/raw/BSM/Rutile/12.jpg,GRP_0184,/content/BSM-Project/data/augmented/train/Rutile/12__r180_f1.jpg,True,180,True,224,224,3,13792,c0c7b5297b0a0ff679304470b5e8efa59aa4b1413a8b2032132b6033e8a6f8a0
IMG_0184_r270_f0,train,Rutile,1,IMG_0184,/content/BSM-Project/data/raw/BSM/Rutile/12.jpg,GRP_0184,/content/BSM-Project/data/augmented/train/Rutile/12__r270_f0.jpg,True,270,False,224,224,3,13980,0f5bf5682a07fbe28ac53d22c237f5fd3d1e231c2c1bb1a09161ac264d31ece7
IMG_0184_r270_f1,train,Rutile,1,IMG_0184,/content/BSM-Project/data/raw/BSM/Rutile/12.jpg,GRP_0184,/content/BSM-Project/data/augmented/train/Rutile/12__r270_f1.jpg,True,270,True,224,224,3,13970,c729d2121ca424a694af439470e78e9e5a0f19c30bae3a3c41067f65a72f0258
IMG_0184_r30_f0,train,Rutile,1,IMG_0184,/content/BSM-Project/data/raw/BSM/Rutile/12.jpg,GRP_0184,/content/BSM-Project/data/augmented/train/Rutile/12__r30_f0.jpg,True,30,False,224,224,3,16770,e5c63cff497969119e163f1bc9988db1a9b9d027eaca431d2c49f5c620d987dd
IMG_0184_r30_f1,train,Rutile,1,IMG_0184,/content/BSM-Project/data/raw/BSM/Rutile/12.jpg,GRP_0184,/content/BSM-Project/data/augmented/train/Rutile/12__r30_f1.jpg,True,30,True,224,224,3,16752,28b6f92e0ae437068b7d0b2f3e39bb60428fdccaa2952bc6bc5fc509cda50040
IMG_0184_r45_f0,train,Rutile,1,IMG_0184,/content/BSM-Project/data/raw/BSM/Rutile/12.jpg,GRP_0184,/content/BSM-Project/data/augmented/train/Rutile/12__r45_f0.jpg,True,45,False,224,224,3,16625,605c55bd8b6035edbb3881138fb7c0251f4a48a51e529cbf8826f835f67e150b
IMG_0184_r45_f1,train,Rutile,1,IMG_0184,/content/BSM-Project/data/raw/BSM/Rutile/12.jpg,GRP_0184,/content/BSM-Project/data/augmented/train/Rutile/12__r45_f1.jpg,True,45,True,224,224,3,16610,177aa6cb075145fb3de9ae395d728989a94615c0bdfad46b206ec55b627aa230
IMG_0184_r90_f0,train,Rutile,1,IMG_0184,/content/BSM-Project/data/raw/BSM/Rutile/12.jpg,GRP_0184,/content/BSM-Project/data/augmented/train/Rutile/12__r90_f0.jpg,True,90,False,224,224,3,13974,334c781c8bc3e0a600f7e98a3d26db42585412f0adb1ab075c3bf4742068ef2c
IMG_0184_r90_f1,train,Rutile,1,IMG_0184,/content/BSM-Project/data/raw/BSM/Rutile/12.jpg,GRP_0184,/content/BSM-Project/data/augmented/train/Rutile/12__r90_f1.jpg,True,90,True,224,224,3,13981,6b6a44a0058a8f90f9c80a124c05e6a3d68e8e0afb49681d59c110c91309e3a3
IMG_0185_r0_f0,train,Rutile,1,IMG_0185,/content/BSM-Project/data/raw/BSM/Rutile/13.jpg,GRP_0185,/content/BSM-Project/data/augmented/train/Rutile/13__r0_f0.jpg,True,0,False,224,224,3,22172,ded1bf9e8f055f58b5e59503255933154f0c458ed358c77fbce462059ba495f4
IMG_0185_r0_f1,train,Rutile,1,IMG_0185,/content/BSM-Project/data/raw/BSM/Rutile/13.jpg,GRP_0185,/content/BSM-Project/data/augmented/train/Rutile/13__r0_f1.jpg,True,0,True,224,224,3,22207,c412b8d8303a282e7423b9df2226782886c5c581702da396f766001f24b900af
IMG_0185_r180_f0,train,Rutile,1,IMG_0185,/content/BSM-Project/data/raw/BSM/Rutile/13.jpg,GRP_0185,/content/BSM-Project/data/augmented/train/Rutile/13__r180_f0.jpg,True,180,False,224,224,3,22185,ef378caf27bdb71533cf82a62db34d30dc8620075df139f9859edc12c710de00
IMG_0185_r180_f1,train,Rutile,1,IMG_0185,/content/BSM-Project/data/raw/BSM/Rutile/13.jpg,GRP_0185,/content/BSM-Project/data/augmented/train/Rutile/13__r180_f1.jpg,True,180,True,224,224,3,22181,53e5de302bba0ade5e5439e44b14b177fe5e260f5d8963587ee0a8d7ac668f9e
IMG_0185_r270_f0,train,Rutile,1,IMG_0185,/content/BSM-Project/data/raw/BSM/Rutile/13.jpg,GRP_0185,/content/BSM-Project/data/augmented/train/Rutile/13__r270_f0.jpg,True,270,False,224,224,3,19945,58529e37583ab7e3f3c2c96656cd47bbebbf71d277cb99644d71f7f4166d0c35
IMG_0185_r270_f1,train,Rutile,1,IMG_0185,/content/BSM-Project/data/raw/BSM/Rutile/13.jpg,GRP_0185,/content/BSM-Project/data/augmented/train/Rutile/13__r270_f1.jpg,True,270,True,224,224,3,19950,f306ec886e2bb19833757100aac40f3edc9c785948dbe36f0f828ff71210b92c
IMG_0185_r30_f0,train,Rutile,1,IMG_0185,/content/BSM-Project/data/raw/BSM/Rutile/13.jpg,GRP_0185,/content/BSM-Project/data/augmented/train/Rutile/13__r30_f0.jpg,True,30,False,224,224,3,22465,d8f10b80530ed4afc96c8f6045f7bd95eeb4d5c25f838ab320d9c8ab5e360d4e
IMG_0185_r30_f1,train,Rutile,1,IMG_0185,/content/BSM-Project/data/raw/BSM/Rutile/13.jpg,GRP_0185,/content/BSM-Project/data/augmented/train/Rutile/13__r30_f1.jpg,True,30,True,224,224,3,22465,6704ae1eb014b141b9480f131d45911ed4b650eacedf9e88534472ecddda4a61
IMG_0185_r45_f0,train,Rutile,1,IMG_0185,/content/BSM-Project/data/raw/BSM/Rutile/13.jpg,GRP_0185,/content/BSM-Project/data/augmented/train/Rutile/13__r45_f0.jpg,True,45,False,224,224,3,22113,f208507f4905f6aaa4aa97e3ce8375c2989e595004fca59b73452ff40163bac6
IMG_0185_r45_f1,train,Rutile,1,IMG_0185,/content/BSM-Project/data/raw/BSM/Rutile/13.jpg,GRP_0185,/content/BSM-Project/data/augmented/train/Rutile/13__r45_f1.jpg,True,45,True,224,224,3,22153,3b322807b0d8d286a173907fe5fa536f64781d2fa174e3d3771f483d0d380236
IMG_0185_r90_f0,train,Rutile,1,IMG_0185,/content/BSM-Project/data/raw/BSM/Rutile/13.jpg,GRP_0185,/content/BSM-Project/data/augmented/train/Rutile/13__r90_f0.jpg,True,90,False,224,224,3,19940,9ca40f77fd5249e7438fbc3c9a5b178d0fbc36516b29a1a62b5ea98dc64a77e0
IMG_0185_r90_f1,train,Rutile,1,IMG_0185,/content/BSM-Project/data/raw/BSM/Rutile/13.jpg,GRP_0185,/content/BSM-Project/data/augmented/train/Rutile/13__r90_f1.jpg,True,90,True,224,224,3,19960,52607d165c088111c8592e3aa6ad54ad2947ac5552db5232fc10171023a55ee8
IMG_0186_r0_f0,train,Rutile,1,IMG_0186,/content/BSM-Project/data/raw/BSM/Rutile/14.jpg,GRP_0186,/content/BSM-Project/data/augmented/train/Rutile/14__r0_f0.jpg,True,0,False,224,224,3,10687,01738b99aed7c62d0107ffcb964f71ffa93bf46bbf6426e1d024261ac4ea07aa
IMG_0186_r0_f1,train,Rutile,1,IMG_0186,/content/BSM-Project/data/raw/BSM/Rutile/14.jpg,GRP_0186,/content/BSM-Project/data/augmented/train/Rutile/14__r0_f1.jpg,True,0,True,224,224,3,10674,e458f2826929b8234a31896a43763dff3d43fc389eeea676321daf53402f7e42
IMG_0186_r180_f0,train,Rutile,1,IMG_0186,/content/BSM-Project/data/raw/BSM/Rutile/14.jpg,GRP_0186,/content/BSM-Project/data/augmented/train/Rutile/14__r180_f0.jpg,True,180,False,224,224,3,10676,4387df9c8714153da6b9ff5a0623831ec6171e03f68a30c47a79df9c5453fb07
IMG_0186_r180_f1,train,Rutile,1,IMG_0186,/content/BSM-Project/data/raw/BSM/Rutile/14.jpg,GRP_0186,/content/BSM-Project/data/augmented/train/Rutile/14__r180_f1.jpg,True,180,True,224,224,3,10662,16fed8aaed24a369a366e95248d3f53af0125d2759c36035257d54c3d1bb88a8
IMG_0186_r270_f0,train,Rutile,1,IMG_0186,/content/BSM-Project/data/raw/BSM/Rutile/14.jpg,GRP_0186,/content/BSM-Project/data/augmented/train/Rutile/14__r270_f0.jpg,True,270,False,224,224,3,10983,a4bea81a05a4f7d6b18d510fd6b3d96ac0661ab3ea500465bd12859e6741dd7a
IMG_0186_r270_f1,train,Rutile,1,IMG_0186,/content/BSM-Project/data/raw/BSM/Rutile/14.jpg,GRP_0186,/content/BSM-Project/data/augmented/train/Rutile/14__r270_f1.jpg,True,270,True,224,224,3,11044,d4e71c7924c31419800171c4e333a2bc0c6fe04a5beb5085d7802834e5bd0e3b
IMG_0186_r30_f0,train,Rutile,1,IMG_0186,/content/BSM-Project/data/raw/BSM/Rutile/14.jpg,GRP_0186,/content/BSM-Project/data/augmented/train/Rutile/14__r30_f0.jpg,True,30,False,224,224,3,13984,36ffaa6a423c261c12d02084d6be03ad14bc142f843c19e9348a4f1dd7708051
IMG_0186_r30_f1,train,Rutile,1,IMG_0186,/content/BSM-Project/data/raw/BSM/Rutile/14.jpg,GRP_0186,/content/BSM-Project/data/augmented/train/Rutile/14__r30_f1.jpg,True,30,True,224,224,3,14049,611f10ace2a78aee8a34a43b9b444e05125953ca9c1fe91b5a4c58089b6a167a
IMG_0186_r45_f0,train,Rutile,1,IMG_0186,/content/BSM-Project/data/raw/BSM/Rutile/14.jpg,GRP_0186,/content/BSM-Project/data/augmented/train/Rutile/14__r45_f0.jpg,True,45,False,224,224,3,13916,fb228dc65bda44665682e2be7d23b1c9fb9172e41191771a3fc7b7b12ce7fdc6
IMG_0186_r45_f1,train,Rutile,1,IMG_0186,/content/BSM-Project/data/raw/BSM/Rutile/14.jpg,GRP_0186,/content/BSM-Project/data/augmented/train/Rutile/14__r45_f1.jpg,True,45,True,224,224,3,13996,30cfbf7ea49899e1a4582418841f848cb2ca5efb9959ee50ff66ac7f2194e35d
IMG_0186_r90_f0,train,Rutile,1,IMG_0186,/content/BSM-Project/data/raw/BSM/Rutile/14.jpg,GRP_0186,/content/BSM-Project/data/augmented/train/Rutile/14__r90_f0.jpg,True,90,False,224,224,3,11036,036b3689f84d38d7c5c3f556ed31ad7938bc6b1b9ecc63dca72dc35765511538
IMG_0186_r90_f1,train,Rutile,1,IMG_0186,/content/BSM-Project/data/raw/BSM/Rutile/14.jpg,GRP_0186,/content/BSM-Project/data/augmented/train/Rutile/14__r90_f1.jpg,True,90,True,224,224,3,11008,db25d549f076f6b2338939b995dcd7285a751121ba45953967dab62f24ef449e
IMG_0187_r0_f0,train,Rutile,1,IMG_0187,/content/BSM-Project/data/raw/BSM/Rutile/15.jpg,GRP_0187,/content/BSM-Project/data/augmented/train/Rutile/15__r0_f0.jpg,True,0,False,224,224,3,17709,90cd9ea77096c90862216e5d4ae8c9c13c368a02fceee5a28f97a5f8c3184eb0
IMG_0187_r0_f1,train,Rutile,1,IMG_0187,/content/BSM-Project/data/raw/BSM/Rutile/15.jpg,GRP_0187,/content/BSM-Project/data/augmented/train/Rutile/15__r0_f1.jpg,True,0,True,224,224,3,17685,65ae62174d1eeadad5e8b1d2def7fb309fe8f8ec406c792bae89c7e192a676eb
IMG_0187_r180_f0,train,Rutile,1,IMG_0187,/content/BSM-Project/data/raw/BSM/Rutile/15.jpg,GRP_0187,/content/BSM-Project/data/augmented/train/Rutile/15__r180_f0.jpg,True,180,False,224,224,3,17697,94f0f65ecaf79e8e7c7de142ad4dfe02ef7a2478d41bfc1d674b594cf0fbbee0
IMG_0187_r180_f1,train,Rutile,1,IMG_0187,/content/BSM-Project/data/raw/BSM/Rutile/15.jpg,GRP_0187,/content/BSM-Project/data/augmented/train/Rutile/15__r180_f1.jpg,True,180,True,224,224,3,17690,9ad435b74c5e8494e89679ff5ac1d2a5639c15f117507a008bec30a1c06c8c06
IMG_0187_r270_f0,train,Rutile,1,IMG_0187,/content/BSM-Project/data/raw/BSM/Rutile/15.jpg,GRP_0187,/content/BSM-Project/data/augmented/train/Rutile/15__r270_f0.jpg,True,270,False,224,224,3,16611,47543ae00357306c861789aae91a7519bd2d4524612f860069f22db4113d65bc
IMG_0187_r270_f1,train,Rutile,1,IMG_0187,/content/BSM-Project/data/raw/BSM/Rutile/15.jpg,GRP_0187,/content/BSM-Project/data/augmented/train/Rutile/15__r270_f1.jpg,True,270,True,224,224,3,16624,369997ee1f16437fdd5ab066457310bea32a040460ab1fa974865bd20e4540eb
IMG_0187_r30_f0,train,Rutile,1,IMG_0187,/content/BSM-Project/data/raw/BSM/Rutile/15.jpg,GRP_0187,/content/BSM-Project/data/augmented/train/Rutile/15__r30_f0.jpg,True,30,False,224,224,3,20044,a0676ac93852f7bd486968972d664c445fef22d7f19e31f652b4cef4d0f995c1
IMG_0187_r30_f1,train,Rutile,1,IMG_0187,/content/BSM-Project/data/raw/BSM/Rutile/15.jpg,GRP_0187,/content/BSM-Project/data/augmented/train/Rutile/15__r30_f1.jpg,True,30,True,224,224,3,20082,42e1d2060a131a3e1cf850182f3d1dd74b4a7f19accd4df61196fc50cedeeaec
IMG_0187_r45_f0,train,Rutile,1,IMG_0187,/content/BSM-Project/data/raw/BSM/Rutile/15.jpg,GRP_0187,/content/BSM-Project/data/augmented/train/Rutile/15__r45_f0.jpg,True,45,False,224,224,3,20098,7c8100756b328fd333713744edc48b325aaa691432b0b55272cefd46ce79d3d4
IMG_0187_r45_f1,train,Rutile,1,IMG_0187,/content/BSM-Project/data/raw/BSM/Rutile/15.jpg,GRP_0187,/content/BSM-Project/data/augmented/train/Rutile/15__r45_f1.jpg,True,45,True,224,224,3,20138,5a142925dcbd399d6d9186be8ab98784661ad118bcbf7a765058844f891bd94d
IMG_0187_r90_f0,train,Rutile,1,IMG_0187,/content/BSM-Project/data/raw/BSM/Rutile/15.jpg,GRP_0187,/content/BSM-Project/data/augmented/train/Rutile/15__r90_f0.jpg,True,90,False,224,224,3,16617,aea09bcdf0155a0347383b0f19075e1f7eac1b2f7576448af8a75ed2263dcac0
IMG_0187_r90_f1,train,Rutile,1,IMG_0187,/content/BSM-Project/data/raw/BSM/Rutile/15.jpg,GRP_0187,/content/BSM-Project/data/augmented/train/Rutile/15__r90_f1.jpg,True,90,True,224,224,3,16602,371926b432ed81f7c0539b6811f88712045a8ea3c215f5b66cb536c780eb5704
IMG_0188_r0_f0,train,Rutile,1,IMG_0188,/content/BSM-Project/data/raw/BSM/Rutile/16.jpg,GRP_0188,/content/BSM-Project/data/augmented/train/Rutile/16__r0_f0.jpg,True,0,False,224,224,3,12147,b64295c51bd4c3e0cfcf6bf0bd73f29a49a55beb7497cfb99f6a38c7a404e9ed
IMG_0188_r0_f1,train,Rutile,1,IMG_0188,/content/BSM-Project/data/raw/BSM/Rutile/16.jpg,GRP_0188,/content/BSM-Project/data/augmented/train/Rutile/16__r0_f1.jpg,True,0,True,224,224,3,12163,38551c7a603d856c7b90dc69a8a2d519d3d59052561ea482e7348f5f3b893e7c
IMG_0188_r180_f0,train,Rutile,1,IMG_0188,/content/BSM-Project/data/raw/BSM/Rutile/16.jpg,GRP_0188,/content/BSM-Project/data/augmented/train/Rutile/16__r180_f0.jpg,True,180,False,224,224,3,12158,1b55d79eb490773895a3424ca34bd12798591fefe3441654c7c5ee584b34bdc1
IMG_0188_r180_f1,train,Rutile,1,IMG_0188,/content/BSM-Project/data/raw/BSM/Rutile/16.jpg,GRP_0188,/content/BSM-Project/data/augmented/train/Rutile/16__r180_f1.jpg,True,180,True,224,224,3,12156,f872d850f1a076ddb327632ead379e732528bdc682f7bd41172464b16d54f2f8
IMG_0188_r270_f0,train,Rutile,1,IMG_0188,/content/BSM-Project/data/raw/BSM/Rutile/16.jpg,GRP_0188,/content/BSM-Project/data/augmented/train/Rutile/16__r270_f0.jpg,True,270,False,224,224,3,11224,be44612997449faaec8332adbcbf3e716db5fdb097b99f464149257ca4b13c6a
IMG_0188_r270_f1,train,Rutile,1,IMG_0188,/content/BSM-Project/data/raw/BSM/Rutile/16.jpg,GRP_0188,/content/BSM-Project/data/augmented/train/Rutile/16__r270_f1.jpg,True,270,True,224,224,3,11236,059585ce54baeb9110a4c89086235b02929c2f313ce74ab7fd8553132f7f3416
IMG_0188_r30_f0,train,Rutile,1,IMG_0188,/content/BSM-Project/data/raw/BSM/Rutile/16.jpg,GRP_0188,/content/BSM-Project/data/augmented/train/Rutile/16__r30_f0.jpg,True,30,False,224,224,3,14532,5577d8ed0dde442efc0e6f0856ec8885f9a447b1752123e18699557cf69d0c5a
IMG_0188_r30_f1,train,Rutile,1,IMG_0188,/content/BSM-Project/data/raw/BSM/Rutile/16.jpg,GRP_0188,/content/BSM-Project/data/augmented/train/Rutile/16__r30_f1.jpg,True,30,True,224,224,3,14565,417b824ec87201c86880fc1b76ccb3b10c4dfeedd2d2f5e46e57c80644dbd75b
IMG_0188_r45_f0,train,Rutile,1,IMG_0188,/content/BSM-Project/data/raw/BSM/Rutile/16.jpg,GRP_0188,/content/BSM-Project/data/augmented/train/Rutile/16__r45_f0.jpg,True,45,False,224,224,3,14333,0bed9c8796443eb42d17ab3dce03bcc049e653a49c0dea0a42966b0d6c3ba70b
IMG_0188_r45_f1,train,Rutile,1,IMG_0188,/content/BSM-Project/data/raw/BSM/Rutile/16.jpg,GRP_0188,/content/BSM-Project/data/augmented/train/Rutile/16__r45_f1.jpg,True,45,True,224,224,3,14346,fae3c2bf7541b95987c3efdda7d71e5cea2631796e48b0fade5e4dc6a2b0d3da
IMG_0188_r90_f0,train,Rutile,1,IMG_0188,/content/BSM-Project/data/raw/BSM/Rutile/16.jpg,GRP_0188,/content/BSM-Project/data/augmented/train/Rutile/16__r90_f0.jpg,True,90,False,224,224,3,11224,5622b18edbda068d64c24862b51d5f3f54ae4627afcd20495f657246a2b71ddd
IMG_0188_r90_f1,train,Rutile,1,IMG_0188,/content/BSM-Project/data/raw/BSM/Rutile/16.jpg,GRP_0188,/content/BSM-Project/data/augmented/train/Rutile/16__r90_f1.jpg,True,90,True,224,224,3,11237,81f4ca403aec5a7847764c79bae19947fd2b62f8c25aeab43ccc0178e683426a
IMG_0189_r0_f0,train,Rutile,1,IMG_0189,/content/BSM-Project/data/raw/BSM/Rutile/17.jpg,GRP_0189,/content/BSM-Project/data/augmented/train/Rutile/17__r0_f0.jpg,True,0,False,224,224,3,18674,4f33b861b2c360af4363812aa4403917f54f83796c16f2f19c7370bc10fd7277
IMG_0189_r0_f1,train,Rutile,1,IMG_0189,/content/BSM-Project/data/raw/BSM/Rutile/17.jpg,GRP_0189,/content/BSM-Project/data/augmented/train/Rutile/17__r0_f1.jpg,True,0,True,224,224,3,18684,06462bcafc4d06bbd3980775c372721ee275d53d5a07af30c1a54c0ae026449f
IMG_0189_r180_f0,train,Rutile,1,IMG_0189,/content/BSM-Project/data/raw/BSM/Rutile/17.jpg,GRP_0189,/content/BSM-Project/data/augmented/train/Rutile/17__r180_f0.jpg,True,180,False,224,224,3,18673,b564d9585fd13b9b0062d0b18c14d6ae80a3be3c1a4547d36bf3e7622b768a34
IMG_0189_r180_f1,train,Rutile,1,IMG_0189,/content/BSM-Project/data/raw/BSM/Rutile/17.jpg,GRP_0189,/content/BSM-Project/data/augmented/train/Rutile/17__r180_f1.jpg,True,180,True,224,224,3,18688,3c8266eff00539f75218d1cd79dc45a78903e9a70daac5664eeac714e0dfbad9
IMG_0189_r270_f0,train,Rutile,1,IMG_0189,/content/BSM-Project/data/raw/BSM/Rutile/17.jpg,GRP_0189,/content/BSM-Project/data/augmented/train/Rutile/17__r270_f0.jpg,True,270,False,224,224,3,19323,b51799ea4a079a5c63912a510cc5043569ca82067d1c49f1b4b6311d25aaf885
IMG_0189_r270_f1,train,Rutile,1,IMG_0189,/content/BSM-Project/data/raw/BSM/Rutile/17.jpg,GRP_0189,/content/BSM-Project/data/augmented/train/Rutile/17__r270_f1.jpg,True,270,True,224,224,3,19305,97b8701f7a6d091424843a696ff6fc2ecf0d62f582a5961b864fd6fa3e1516ec
IMG_0189_r30_f0,train,Rutile,1,IMG_0189,/content/BSM-Project/data/raw/BSM/Rutile/17.jpg,GRP_0189,/content/BSM-Project/data/augmented/train/Rutile/17__r30_f0.jpg,True,30,False,224,224,3,21619,97c8801aa25e4d4e6c532bf39757eb8f36111ad90f3b9e7cc3e81942019a4e9c
IMG_0189_r30_f1,train,Rutile,1,IMG_0189,/content/BSM-Project/data/raw/BSM/Rutile/17.jpg,GRP_0189,/content/BSM-Project/data/augmented/train/Rutile/17__r30_f1.jpg,True,30,True,224,224,3,21619,2ef185259a562d83caf34c0535a9448190c8566fd59e59a871ac98ef8c06d136
IMG_0189_r45_f0,train,Rutile,1,IMG_0189,/content/BSM-Project/data/raw/BSM/Rutile/17.jpg,GRP_0189,/content/BSM-Project/data/augmented/train/Rutile/17__r45_f0.jpg,True,45,False,224,224,3,21291,c208d64f7249695bf865b0e16fdef4766dae0929a330f34ba8a1d078e1b3c46c
IMG_0189_r45_f1,train,Rutile,1,IMG_0189,/content/BSM-Project/data/raw/BSM/Rutile/17.jpg,GRP_0189,/content/BSM-Project/data/augmented/train/Rutile/17__r45_f1.jpg,True,45,True,224,224,3,21301,4cd52b1983d30017d612dafc72abc1e7ac180f7992c6d295c43c7f8e1a4c1a84
IMG_0189_r90_f0,train,Rutile,1,IMG_0189,/content/BSM-Project/data/raw/BSM/Rutile/17.jpg,GRP_0189,/content/BSM-Project/data/augmented/train/Rutile/17__r90_f0.jpg,True,90,False,224,224,3,19328,e4f090b169a439b9d04e9f279547c79884b28f3bf4b7ba053bc4c5b7fa5daf61
IMG_0189_r90_f1,train,Rutile,1,IMG_0189,/content/BSM-Project/data/raw/BSM/Rutile/17.jpg,GRP_0189,/content/BSM-Project/data/augmented/train/Rutile/17__r90_f1.jpg,True,90,True,224,224,3,19274,a04e26c5423d4bd5325745794784294135bf486d0aa7391c3fb1ca4f55c1f6bd
IMG_0190_r0_f0,train,Rutile,1,IMG_0190,/content/BSM-Project/data/raw/BSM/Rutile/18.jpg,GRP_0190,/content/BSM-Project/data/augmented/train/Rutile/18__r0_f0.jpg,True,0,False,224,224,3,12335,30cd44b99361e3770acaf1efa870b84d340652cb86eefe71d9beb12a8442eeb2
IMG_0190_r0_f1,train,Rutile,1,IMG_0190,/content/BSM-Project/data/raw/BSM/Rutile/18.jpg,GRP_0190,/content/BSM-Project/data/augmented/train/Rutile/18__r0_f1.jpg,True,0,True,224,224,3,12340,e44fe0d6f7171859cb3dad89c337ce3c5175015ddd05496d4bdaccccc1ce43ad
IMG_0190_r180_f0,train,Rutile,1,IMG_0190,/content/BSM-Project/data/raw/BSM/Rutile/18.jpg,GRP_0190,/content/BSM-Project/data/augmented/train/Rutile/18__r180_f0.jpg,True,180,False,224,224,3,12343,800dab865b56460dd50b2454e570825fd2e7d514711eb2c3dc7031644bd7ebb9
IMG_0190_r180_f1,train,Rutile,1,IMG_0190,/content/BSM-Project/data/raw/BSM/Rutile/18.jpg,GRP_0190,/content/BSM-Project/data/augmented/train/Rutile/18__r180_f1.jpg,True,180,True,224,224,3,12319,4914e76ca9cbb8cfc2e3c5cf169a6d7e19a640534b85b136eedfdd1aae89e740
IMG_0190_r270_f0,train,Rutile,1,IMG_0190,/content/BSM-Project/data/raw/BSM/Rutile/18.jpg,GRP_0190,/content/BSM-Project/data/augmented/train/Rutile/18__r270_f0.jpg,True,270,False,224,224,3,12826,0022b51e7a11964fa1296f16e25e18175720e7479272d65401faffd818c67c97
IMG_0190_r270_f1,train,Rutile,1,IMG_0190,/content/BSM-Project/data/raw/BSM/Rutile/18.jpg,GRP_0190,/content/BSM-Project/data/augmented/train/Rutile/18__r270_f1.jpg,True,270,True,224,224,3,12816,a19d8f9e28137a2440c4f853c30c4c6f77a499814ed7f811b40bfbb9330088b3
IMG_0190_r30_f0,train,Rutile,1,IMG_0190,/content/BSM-Project/data/raw/BSM/Rutile/18.jpg,GRP_0190,/content/BSM-Project/data/augmented/train/Rutile/18__r30_f0.jpg,True,30,False,224,224,3,15548,217c8332f2f7f383ae4e0c38ca53c0a7dec171c3910265548b3ec29049530e85
IMG_0190_r30_f1,train,Rutile,1,IMG_0190,/content/BSM-Project/data/raw/BSM/Rutile/18.jpg,GRP_0190,/content/BSM-Project/data/augmented/train/Rutile/18__r30_f1.jpg,True,30,True,224,224,3,15602,6c5affa56402de96796364c3ad39b529f2350a4c445922e932f3f551a6928c4e
IMG_0190_r45_f0,train,Rutile,1,IMG_0190,/content/BSM-Project/data/raw/BSM/Rutile/18.jpg,GRP_0190,/content/BSM-Project/data/augmented/train/Rutile/18__r45_f0.jpg,True,45,False,224,224,3,15239,c831dc6be8d9a3a1096a0c9477b0a1f7880757515740ac1537ee5e3f413aaf61
IMG_0190_r45_f1,train,Rutile,1,IMG_0190,/content/BSM-Project/data/raw/BSM/Rutile/18.jpg,GRP_0190,/content/BSM-Project/data/augmented/train/Rutile/18__r45_f1.jpg,True,45,True,224,224,3,15296,c2dd1a2b6471a93111d34de30e8786ee9d77d3fdffe3e8b8688d7f3f8a4b5d11
IMG_0190_r90_f0,train,Rutile,1,IMG_0190,/content/BSM-Project/data/raw/BSM/Rutile/18.jpg,GRP_0190,/content/BSM-Project/data/augmented/train/Rutile/18__r90_f0.jpg,True,90,False,224,224,3,12797,13bf907ce7e5f13d231ce2322a280442f834fc0bca0980ada288fa56b961fcc9
IMG_0190_r90_f1,train,Rutile,1,IMG_0190,/content/BSM-Project/data/raw/BSM/Rutile/18.jpg,GRP_0190,/content/BSM-Project/data/augmented/train/Rutile/18__r90_f1.jpg,True,90,True,224,224,3,12831,4f01e2578e2990170d011393f02e9c0acf20db942bb3e4d5257e1e4219085862
IMG_0191_r0_f0,train,Rutile,1,IMG_0191,/content/BSM-Project/data/raw/BSM/Rutile/19.jpg,GRP_0191,/content/BSM-Project/data/augmented/train/Rutile/19__r0_f0.jpg,True,0,False,224,224,3,12229,8a3e2668ae515c71e8104e28afe2d039ec89c3b4fda9d9cf6d1fff0af84e0bf4
IMG_0191_r0_f1,train,Rutile,1,IMG_0191,/content/BSM-Project/data/raw/BSM/Rutile/19.jpg,GRP_0191,/content/BSM-Project/data/augmented/train/Rutile/19__r0_f1.jpg,True,0,True,224,224,3,12208,bdd586b8c124e8562797b6bd23ca550e527d9da8f178540bb05f57d4e38337b8
IMG_0191_r180_f0,train,Rutile,1,IMG_0191,/content/BSM-Project/data/raw/BSM/Rutile/19.jpg,GRP_0191,/content/BSM-Project/data/augmented/train/Rutile/19__r180_f0.jpg,True,180,False,224,224,3,12212,4f22f038550d6e425552344a52c75fc8ed6bf5a0e7644fb5132a796ad9cf5726
IMG_0191_r180_f1,train,Rutile,1,IMG_0191,/content/BSM-Project/data/raw/BSM/Rutile/19.jpg,GRP_0191,/content/BSM-Project/data/augmented/train/Rutile/19__r180_f1.jpg,True,180,True,224,224,3,12195,430ccc91e68774ed69a8a04b1085bd01b4752f60f3218d0d7cc7c9682ce25027
IMG_0191_r270_f0,train,Rutile,1,IMG_0191,/content/BSM-Project/data/raw/BSM/Rutile/19.jpg,GRP_0191,/content/BSM-Project/data/augmented/train/Rutile/19__r270_f0.jpg,True,270,False,224,224,3,11777,d8e0329a10359e13395d27b40fc14eb27dcb7a59389330c06b7d2ef7c1a5582b
IMG_0191_r270_f1,train,Rutile,1,IMG_0191,/content/BSM-Project/data/raw/BSM/Rutile/19.jpg,GRP_0191,/content/BSM-Project/data/augmented/train/Rutile/19__r270_f1.jpg,True,270,True,224,224,3,11781,ffbd84b46b1f71b3af59b1ca2fca527e19ccf2c88d30935e5b7dda56e75f1161
IMG_0191_r30_f0,train,Rutile,1,IMG_0191,/content/BSM-Project/data/raw/BSM/Rutile/19.jpg,GRP_0191,/content/BSM-Project/data/augmented/train/Rutile/19__r30_f0.jpg,True,30,False,224,224,3,14018,c9eb85338f2224f6cf6f7003606bc59df7c850963f35697f6b208206a6e392e9
IMG_0191_r30_f1,train,Rutile,1,IMG_0191,/content/BSM-Project/data/raw/BSM/Rutile/19.jpg,GRP_0191,/content/BSM-Project/data/augmented/train/Rutile/19__r30_f1.jpg,True,30,True,224,224,3,14070,05213ff021585f8f5518c179b10b5114c4ca42cef88045bce42441559cdc4f66
IMG_0191_r45_f0,train,Rutile,1,IMG_0191,/content/BSM-Project/data/raw/BSM/Rutile/19.jpg,GRP_0191,/content/BSM-Project/data/augmented/train/Rutile/19__r45_f0.jpg,True,45,False,224,224,3,13786,8aa3f8a83814ec318050bbb6a12e6cb1bb9327f484e383f00c1770677906e226
IMG_0191_r45_f1,train,Rutile,1,IMG_0191,/content/BSM-Project/data/raw/BSM/Rutile/19.jpg,GRP_0191,/content/BSM-Project/data/augmented/train/Rutile/19__r45_f1.jpg,True,45,True,224,224,3,13799,8fe8cab610bc59275a2a8cc629953ba8d45152a9f64d844eec2d503a80ff4448
IMG_0191_r90_f0,train,Rutile,1,IMG_0191,/content/BSM-Project/data/raw/BSM/Rutile/19.jpg,GRP_0191,/content/BSM-Project/data/augmented/train/Rutile/19__r90_f0.jpg,True,90,False,224,224,3,11785,36abbbd08f1dcd8b7858247743c2cba5b067ef1ef196d253888830e32f38e1db
IMG_0191_r90_f1,train,Rutile,1,IMG_0191,/content/BSM-Project/data/raw/BSM/Rutile/19.jpg,GRP_0191,/content/BSM-Project/data/augmented/train/Rutile/19__r90_f1.jpg,True,90,True,224,224,3,11776,58f6f1a160adbcbc12c6f551481a0dafb126f7faf4a14ddf482008c390897642
IMG_0192_r0_f0,train,Rutile,1,IMG_0192,/content/BSM-Project/data/raw/BSM/Rutile/2.jpg,GRP_0192,/content/BSM-Project/data/augmented/train/Rutile/2__r0_f0.jpg,True,0,False,224,224,3,16807,b46d15245ccdbdc5f3de0ffecd2ac1494bc2f590096e36c5135e57156dd2bdd9
IMG_0192_r0_f1,train,Rutile,1,IMG_0192,/content/BSM-Project/data/raw/BSM/Rutile/2.jpg,GRP_0192,/content/BSM-Project/data/augmented/train/Rutile/2__r0_f1.jpg,True,0,True,224,224,3,16778,4b914111f9253ffada749195636d5548095a080fa0d66a4b094328f238856b06
IMG_0192_r180_f0,train,Rutile,1,IMG_0192,/content/BSM-Project/data/raw/BSM/Rutile/2.jpg,GRP_0192,/content/BSM-Project/data/augmented/train/Rutile/2__r180_f0.jpg,True,180,False,224,224,3,16780,546b5d332fd188909a098ba905f8f55a7dd24dc0f8d385f47336c91c6ecb84d8
IMG_0192_r180_f1,train,Rutile,1,IMG_0192,/content/BSM-Project/data/raw/BSM/Rutile/2.jpg,GRP_0192,/content/BSM-Project/data/augmented/train/Rutile/2__r180_f1.jpg,True,180,True,224,224,3,16788,9f30a30057cd25468de1fc5d20b3cea1e1d2eb9cc8403adaf88deb3b80e3ce54
IMG_0192_r270_f0,train,Rutile,1,IMG_0192,/content/BSM-Project/data/raw/BSM/Rutile/2.jpg,GRP_0192,/content/BSM-Project/data/augmented/train/Rutile/2__r270_f0.jpg,True,270,False,224,224,3,17579,1fa7dad2564c755ce16027d066c3f880107d4608d8d38c0c2169c10a828c5c54
IMG_0192_r270_f1,train,Rutile,1,IMG_0192,/content/BSM-Project/data/raw/BSM/Rutile/2.jpg,GRP_0192,/content/BSM-Project/data/augmented/train/Rutile/2__r270_f1.jpg,True,270,True,224,224,3,17598,dbc8251d4e2eb7214b3f87555c59989c0b82a69d8aa6d19410c86bd6b99def90
IMG_0192_r30_f0,train,Rutile,1,IMG_0192,/content/BSM-Project/data/raw/BSM/Rutile/2.jpg,GRP_0192,/content/BSM-Project/data/augmented/train/Rutile/2__r30_f0.jpg,True,30,False,224,224,3,20193,98ff527f8d2fbd295f069bb34e7229ff73dfa9cc7ecd5bdc4cb62ad1638516c4
IMG_0192_r30_f1,train,Rutile,1,IMG_0192,/content/BSM-Project/data/raw/BSM/Rutile/2.jpg,GRP_0192,/content/BSM-Project/data/augmented/train/Rutile/2__r30_f1.jpg,True,30,True,224,224,3,20169,6b035229f7a4f1b9c9a4aa3525804d452eda969815f09cf557da9d25880973af
IMG_0192_r45_f0,train,Rutile,1,IMG_0192,/content/BSM-Project/data/raw/BSM/Rutile/2.jpg,GRP_0192,/content/BSM-Project/data/augmented/train/Rutile/2__r45_f0.jpg,True,45,False,224,224,3,19725,7d5f0884222689890c44b5cea29c5e4be54bd30fa4932b346a76885755e96bb7
IMG_0192_r45_f1,train,Rutile,1,IMG_0192,/content/BSM-Project/data/raw/BSM/Rutile/2.jpg,GRP_0192,/content/BSM-Project/data/augmented/train/Rutile/2__r45_f1.jpg,True,45,True,224,224,3,19762,2ac6f050f3eaec444075ab911e40f3bdbac56fa4d28d4dc0f8cf030ef2f608bb
IMG_0192_r90_f0,train,Rutile,1,IMG_0192,/content/BSM-Project/data/raw/BSM/Rutile/2.jpg,GRP_0192,/content/BSM-Project/data/augmented/train/Rutile/2__r90_f0.jpg,True,90,False,224,224,3,17592,3c3007b0a603d157f58478f29f6bc94265fe1623a557835cffb8db91d4a9b8f5
IMG_0192_r90_f1,train,Rutile,1,IMG_0192,/content/BSM-Project/data/raw/BSM/Rutile/2.jpg,GRP_0192,/content/BSM-Project/data/augmented/train/Rutile/2__r90_f1.jpg,True,90,True,224,224,3,17592,9367dfb3f799d3c68783cfaaae73e8db377e407c93d57a11208e56bf9fd62549
IMG_0193_r0_f0,train,Rutile,1,IMG_0193,/content/BSM-Project/data/raw/BSM/Rutile/20.jpg,GRP_0193,/content/BSM-Project/data/augmented/train/Rutile/20__r0_f0.jpg,True,0,False,224,224,3,14951,11cd52204ffe611cbb9ad41bd7f22b91e787130946dcfcacc415361e4defdb88
IMG_0193_r0_f1,train,Rutile,1,IMG_0193,/content/BSM-Project/data/raw/BSM/Rutile/20.jpg,GRP_0193,/content/BSM-Project/data/augmented/train/Rutile/20__r0_f1.jpg,True,0,True,224,224,3,14974,d0936e0ee4e2f38f9ab190e57b6e5848ffbbcde716dd0d981f18178bf7630a96
IMG_0193_r180_f0,train,Rutile,1,IMG_0193,/content/BSM-Project/data/raw/BSM/Rutile/20.jpg,GRP_0193,/content/BSM-Project/data/augmented/train/Rutile/20__r180_f0.jpg,True,180,False,224,224,3,14947,47c0139569b0ef77e86f52ca4f2cb05078e07a5826e22a50a2388aa11fa3e21e
IMG_0193_r180_f1,train,Rutile,1,IMG_0193,/content/BSM-Project/data/raw/BSM/Rutile/20.jpg,GRP_0193,/content/BSM-Project/data/augmented/train/Rutile/20__r180_f1.jpg,True,180,True,224,224,3,14965,55966964e23e6d5236292e4afa3d696fcf3a76ff208e612ca8b07b0a6e08fdbf
IMG_0193_r270_f0,train,Rutile,1,IMG_0193,/content/BSM-Project/data/raw/BSM/Rutile/20.jpg,GRP_0193,/content/BSM-Project/data/augmented/train/Rutile/20__r270_f0.jpg,True,270,False,224,224,3,14222,bd81ec45ff58aacbd3aac26ede0abc013a8ad5c670293f6602fd24031838e0c4
IMG_0193_r270_f1,train,Rutile,1,IMG_0193,/content/BSM-Project/data/raw/BSM/Rutile/20.jpg,GRP_0193,/content/BSM-Project/data/augmented/train/Rutile/20__r270_f1.jpg,True,270,True,224,224,3,14207,c03a7680c9897474f0dcc5de9dba029f7bca6bcd7baf488e49c16a21c9766064
IMG_0193_r30_f0,train,Rutile,1,IMG_0193,/content/BSM-Project/data/raw/BSM/Rutile/20.jpg,GRP_0193,/content/BSM-Project/data/augmented/train/Rutile/20__r30_f0.jpg,True,30,False,224,224,3,17125,1fef9e23cc6aa32903d602801b9d8d82ae9b9b6a040caa599cd2a3a8bd5ca223
IMG_0193_r30_f1,train,Rutile,1,IMG_0193,/content/BSM-Project/data/raw/BSM/Rutile/20.jpg,GRP_0193,/content/BSM-Project/data/augmented/train/Rutile/20__r30_f1.jpg,True,30,True,224,224,3,17165,fdf08944a7b99cf5ce91b3e9265b1c5f87a6b2db701b92212a53157b1e32f082
IMG_0193_r45_f0,train,Rutile,1,IMG_0193,/content/BSM-Project/data/raw/BSM/Rutile/20.jpg,GRP_0193,/content/BSM-Project/data/augmented/train/Rutile/20__r45_f0.jpg,True,45,False,224,224,3,16712,fec425954ff9ac44492aebb5a2cf980c33b3fafa97f06484c6de8a3c23e558ac
IMG_0193_r45_f1,train,Rutile,1,IMG_0193,/content/BSM-Project/data/raw/BSM/Rutile/20.jpg,GRP_0193,/content/BSM-Project/data/augmented/train/Rutile/20__r45_f1.jpg,True,45,True,224,224,3,16721,f80c0680edd29d0f52acc0833dfecbc1e7a59e8c101f64bdebd3bf8dc9c7d291
IMG_0193_r90_f0,train,Rutile,1,IMG_0193,/content/BSM-Project/data/raw/BSM/Rutile/20.jpg,GRP_0193,/content/BSM-Project/data/augmented/train/Rutile/20__r90_f0.jpg,True,90,False,224,224,3,14221,1ef16afc5bc522a4efb1c2b8a057ce99210057039d653304f535f8ccdeb0dd87
IMG_0193_r90_f1,train,Rutile,1,IMG_0193,/content/BSM-Project/data/raw/BSM/Rutile/20.jpg,GRP_0193,/content/BSM-Project/data/augmented/train/Rutile/20__r90_f1.jpg,True,90,True,224,224,3,14187,efd3ed19bfd73dff78153706dddd9f53392e2f07be83240c43eddde3197e9a70
IMG_0197_r0_f0,train,Rutile,1,IMG_0197,/content/BSM-Project/data/raw/BSM/Rutile/24.jpg,GRP_0197,/content/BSM-Project/data/augmented/train/Rutile/24__r0_f0.jpg,True,0,False,224,224,3,25058,df3263db5fc626e5eab55bb9baf8a4436fbee04ca890c2c6b0557bebf8f625dd
IMG_0197_r0_f1,train,Rutile,1,IMG_0197,/content/BSM-Project/data/raw/BSM/Rutile/24.jpg,GRP_0197,/content/BSM-Project/data/augmented/train/Rutile/24__r0_f1.jpg,True,0,True,224,224,3,25014,6fba21a6c4fe999fce5688f4376d32675c15b089c468bc060acb320a1f6e629c
IMG_0197_r180_f0,train,Rutile,1,IMG_0197,/content/BSM-Project/data/raw/BSM/Rutile/24.jpg,GRP_0197,/content/BSM-Project/data/augmented/train/Rutile/24__r180_f0.jpg,True,180,False,224,224,3,25045,b24c42f7dc34ba5e6c55a59b7de677a0d92ab6d43e2d9533b1c23072fd84a098
IMG_0197_r180_f1,train,Rutile,1,IMG_0197,/content/BSM-Project/data/raw/BSM/Rutile/24.jpg,GRP_0197,/content/BSM-Project/data/augmented/train/Rutile/24__r180_f1.jpg,True,180,True,224,224,3,25038,f772bf6e98a7eb8dc98f3a804cc666616d90e8864024aa0575edc2ce24dca865
IMG_0197_r270_f0,train,Rutile,1,IMG_0197,/content/BSM-Project/data/raw/BSM/Rutile/24.jpg,GRP_0197,/content/BSM-Project/data/augmented/train/Rutile/24__r270_f0.jpg,True,270,False,224,224,3,18063,d5c819ea8cfa1ce579c8c79d7aec66100d3afc4a378a6507f4c8e742c83be33b
IMG_0197_r270_f1,train,Rutile,1,IMG_0197,/content/BSM-Project/data/raw/BSM/Rutile/24.jpg,GRP_0197,/content/BSM-Project/data/augmented/train/Rutile/24__r270_f1.jpg,True,270,True,224,224,3,18098,9126095aab8885d6a2c5cb81c91c367e284fdd869ffd5f33d4b3e4529f2da411
IMG_0197_r30_f0,train,Rutile,1,IMG_0197,/content/BSM-Project/data/raw/BSM/Rutile/24.jpg,GRP_0197,/content/BSM-Project/data/augmented/train/Rutile/24__r30_f0.jpg,True,30,False,224,224,3,25212,9606d792dcb9f1453b922126d8e9fc6b9b7076611658a4f9793d9ca27e956712
IMG_0197_r30_f1,train,Rutile,1,IMG_0197,/content/BSM-Project/data/raw/BSM/Rutile/24.jpg,GRP_0197,/content/BSM-Project/data/augmented/train/Rutile/24__r30_f1.jpg,True,30,True,224,224,3,25240,3cab314ff1438073822314df610126729fb953130e6c6fdd8764485a9d85d170
IMG_0197_r45_f0,train,Rutile,1,IMG_0197,/content/BSM-Project/data/raw/BSM/Rutile/24.jpg,GRP_0197,/content/BSM-Project/data/augmented/train/Rutile/24__r45_f0.jpg,True,45,False,224,224,3,24167,b49df42f343667a4cb1ee541f36faee3fd07f0a3ade08e6a3cc1ef639bb903ed
IMG_0197_r45_f1,train,Rutile,1,IMG_0197,/content/BSM-Project/data/raw/BSM/Rutile/24.jpg,GRP_0197,/content/BSM-Project/data/augmented/train/Rutile/24__r45_f1.jpg,True,45,True,224,224,3,24207,193b415997a82cd9c1727075509b0ae823405086991ba6a2e46068fed6bab9c0
IMG_0197_r90_f0,train,Rutile,1,IMG_0197,/content/BSM-Project/data/raw/BSM/Rutile/24.jpg,GRP_0197,/content/BSM-Project/data/augmented/train/Rutile/24__r90_f0.jpg,True,90,False,224,224,3,18104,95cfe263561b479c3b7b8717c703e63df09ffcb9c30ccdf88a9b5f129d19902d
IMG_0197_r90_f1,train,Rutile,1,IMG_0197,/content/BSM-Project/data/raw/BSM/Rutile/24.jpg,GRP_0197,/content/BSM-Project/data/augmented/train/Rutile/24__r90_f1.jpg,True,90,True,224,224,3,18097,a03c5112fdb3eaabe77df225b3b31cd7d9ada38feffb1cdc8a519311b3f274be
IMG_0198_r0_f0,train,Rutile,1,IMG_0198,/content/BSM-Project/data/raw/BSM/Rutile/25.jpg,GRP_0198,/content/BSM-Project/data/augmented/train/Rutile/25__r0_f0.jpg,True,0,False,224,224,3,9862,c55a82f060c625526c8c7edc42f43d62a7eb466220b2cf8496dc4b3c8525b201
IMG_0198_r0_f1,train,Rutile,1,IMG_0198,/content/BSM-Project/data/raw/BSM/Rutile/25.jpg,GRP_0198,/content/BSM-Project/data/augmented/train/Rutile/25__r0_f1.jpg,True,0,True,224,224,3,9873,289f7d3362ba236fddd5b171301ecafa5c8f9e7e7463e132dcade652b35c5565
IMG_0198_r180_f0,train,Rutile,1,IMG_0198,/content/BSM-Project/data/raw/BSM/Rutile/25.jpg,GRP_0198,/content/BSM-Project/data/augmented/train/Rutile/25__r180_f0.jpg,True,180,False,224,224,3,9863,260f8cf4d6fc14616757b24b32e08c069b6d82e88c2b7f6b69c0850d470a20cc
IMG_0198_r180_f1,train,Rutile,1,IMG_0198,/content/BSM-Project/data/raw/BSM/Rutile/25.jpg,GRP_0198,/content/BSM-Project/data/augmented/train/Rutile/25__r180_f1.jpg,True,180,True,224,224,3,9866,4f6cc033e00ea8d6cd07c6d743ddf98c33c91a0a7cad444e81487c5e219a70c5
IMG_0198_r270_f0,train,Rutile,1,IMG_0198,/content/BSM-Project/data/raw/BSM/Rutile/25.jpg,GRP_0198,/content/BSM-Project/data/augmented/train/Rutile/25__r270_f0.jpg,True,270,False,224,224,3,11009,0bf7a373db4f57874ce70b5973cb7f600b8f244f546ce0ad27cb748356b1d71a
IMG_0198_r270_f1,train,Rutile,1,IMG_0198,/content/BSM-Project/data/raw/BSM/Rutile/25.jpg,GRP_0198,/content/BSM-Project/data/augmented/train/Rutile/25__r270_f1.jpg,True,270,True,224,224,3,11009,dd6430bbcd08dc5ff580322d33233a97967c122d293b0e368b7ce54b37c1bcf9
IMG_0198_r30_f0,train,Rutile,1,IMG_0198,/content/BSM-Project/data/raw/BSM/Rutile/25.jpg,GRP_0198,/content/BSM-Project/data/augmented/train/Rutile/25__r30_f0.jpg,True,30,False,224,224,3,13374,957010f08850cea2d6f400106e88edcf804a4e2d177fe4e488466b49f2acf116
IMG_0198_r30_f1,train,Rutile,1,IMG_0198,/content/BSM-Project/data/raw/BSM/Rutile/25.jpg,GRP_0198,/content/BSM-Project/data/augmented/train/Rutile/25__r30_f1.jpg,True,30,True,224,224,3,13344,9ab3e78b6818ffe6a36149f8512979e9d28b48dc74c885a60117513e7ec592c3
IMG_0198_r45_f0,train,Rutile,1,IMG_0198,/content/BSM-Project/data/raw/BSM/Rutile/25.jpg,GRP_0198,/content/BSM-Project/data/augmented/train/Rutile/25__r45_f0.jpg,True,45,False,224,224,3,13230,38cb3c77651b7240e23bbc5f690de3491128834c51976096461b93dc2c435dd1
IMG_0198_r45_f1,train,Rutile,1,IMG_0198,/content/BSM-Project/data/raw/BSM/Rutile/25.jpg,GRP_0198,/content/BSM-Project/data/augmented/train/Rutile/25__r45_f1.jpg,True,45,True,224,224,3,13229,a35b53b9cf20266d06f2e2015ab041528b9da942c18c458fee0c67b277a68974
IMG_0198_r90_f0,train,Rutile,1,IMG_0198,/content/BSM-Project/data/raw/BSM/Rutile/25.jpg,GRP_0198,/content/BSM-Project/data/augmented/train/Rutile/25__r90_f0.jpg,True,90,False,224,224,3,11024,453ed627d58f3c442486204c84792fccccaebe27b2a6f18b56ded7d3fd22574b
IMG_0198_r90_f1,train,Rutile,1,IMG_0198,/content/BSM-Project/data/raw/BSM/Rutile/25.jpg,GRP_0198,/content/BSM-Project/data/augmented/train/Rutile/25__r90_f1.jpg,True,90,True,224,224,3,11016,5d1d11a19ad2d07186d60c1aa70f51b421c6267c829b82e6c8f9f7e5f4dabaec
IMG_0200_r0_f0,train,Rutile,1,IMG_0200,/content/BSM-Project/data/raw/BSM/Rutile/27.jpg,GRP_0200,/content/BSM-Project/data/augmented/train/Rutile/27__r0_f0.jpg,True,0,False,224,224,3,17473,d9a3543a8afb4a0590aa834d32ed8ce76e8cdf34303a40273361f37afc9afd07
IMG_0200_r0_f1,train,Rutile,1,IMG_0200,/content/BSM-Project/data/raw/BSM/Rutile/27.jpg,GRP_0200,/content/BSM-Project/data/augmented/train/Rutile/27__r0_f1.jpg,True,0,True,224,224,3,17464,d54fda889475dab2e174e7c29c2862e266e6f7e6c03505e4c61b67c8435793c5
IMG_0200_r180_f0,train,Rutile,1,IMG_0200,/content/BSM-Project/data/raw/BSM/Rutile/27.jpg,GRP_0200,/content/BSM-Project/data/augmented/train/Rutile/27__r180_f0.jpg,True,180,False,224,224,3,17476,addcc01b8f7eac3b5ea175297e478220913b0abd94d544d3e2f99d7c40cb7a40
IMG_0200_r180_f1,train,Rutile,1,IMG_0200,/content/BSM-Project/data/raw/BSM/Rutile/27.jpg,GRP_0200,/content/BSM-Project/data/augmented/train/Rutile/27__r180_f1.jpg,True,180,True,224,224,3,17468,58d54fff54fb6c620aa705e4e3832e8e76af877be8aa42301955d6e63456c27c
IMG_0200_r270_f0,train,Rutile,1,IMG_0200,/content/BSM-Project/data/raw/BSM/Rutile/27.jpg,GRP_0200,/content/BSM-Project/data/augmented/train/Rutile/27__r270_f0.jpg,True,270,False,224,224,3,18632,e0a6da75c8181dc46149261e1cb6edbae9b57225035b025012303a0a5faf20b9
IMG_0200_r270_f1,train,Rutile,1,IMG_0200,/content/BSM-Project/data/raw/BSM/Rutile/27.jpg,GRP_0200,/content/BSM-Project/data/augmented/train/Rutile/27__r270_f1.jpg,True,270,True,224,224,3,18645,6de20af384e8134d675bae95cf148f8c463f8a13fc0f06e5f73224f727d66020
IMG_0200_r30_f0,train,Rutile,1,IMG_0200,/content/BSM-Project/data/raw/BSM/Rutile/27.jpg,GRP_0200,/content/BSM-Project/data/augmented/train/Rutile/27__r30_f0.jpg,True,30,False,224,224,3,20760,fd11f2b3a85574eb071127ee1839d31cba28695d791990df1957a878152affad
IMG_0200_r30_f1,train,Rutile,1,IMG_0200,/content/BSM-Project/data/raw/BSM/Rutile/27.jpg,GRP_0200,/content/BSM-Project/data/augmented/train/Rutile/27__r30_f1.jpg,True,30,True,224,224,3,20769,10b77a0053bb34beb9fdbbe2a4a9f1e368b39b73c7d20ec937c0262a3e1207d0
IMG_0200_r45_f0,train,Rutile,1,IMG_0200,/content/BSM-Project/data/raw/BSM/Rutile/27.jpg,GRP_0200,/content/BSM-Project/data/augmented/train/Rutile/27__r45_f0.jpg,True,45,False,224,224,3,20444,bc904673b23cef43b972720f2abb069e43ef4481809e6a4e2d98c23676f7cbce
IMG_0200_r45_f1,train,Rutile,1,IMG_0200,/content/BSM-Project/data/raw/BSM/Rutile/27.jpg,GRP_0200,/content/BSM-Project/data/augmented/train/Rutile/27__r45_f1.jpg,True,45,True,224,224,3,20448,9985a80526868fc7c2417e30dbf68a6f815b8dea8187178be28ae568a5b1847e
IMG_0200_r90_f0,train,Rutile,1,IMG_0200,/content/BSM-Project/data/raw/BSM/Rutile/27.jpg,GRP_0200,/content/BSM-Project/data/augmented/train/Rutile/27__r90_f0.jpg,True,90,False,224,224,3,18631,60c582e4b79452a6ef2323acd75abb8d41ebd4e3cb6df1599d84afce1e089a92
IMG_0200_r90_f1,train,Rutile,1,IMG_0200,/content/BSM-Project/data/raw/BSM/Rutile/27.jpg,GRP_0200,/content/BSM-Project/data/augmented/train/Rutile/27__r90_f1.jpg,True,90,True,224,224,3,18646,d6068f4c517330645b02bc009669f6a47f0136885e3c44aae0e5c4688ef2cc8d
IMG_0201_r0_f0,train,Rutile,1,IMG_0201,/content/BSM-Project/data/raw/BSM/Rutile/29.jpg,GRP_0201,/content/BSM-Project/data/augmented/train/Rutile/29__r0_f0.jpg,True,0,False,224,224,3,13317,3a243f5bf21f23b73fa0f9cfa5050b1447ce25a45e2cdf8d01bcdb96136ef3ef
IMG_0201_r0_f1,train,Rutile,1,IMG_0201,/content/BSM-Project/data/raw/BSM/Rutile/29.jpg,GRP_0201,/content/BSM-Project/data/augmented/train/Rutile/29__r0_f1.jpg,True,0,True,224,224,3,13302,46bb5805d6b75e27191a8f2f9666639be1f58c629800e9ed64b656d7cd3111bc
IMG_0201_r180_f0,train,Rutile,1,IMG_0201,/content/BSM-Project/data/raw/BSM/Rutile/29.jpg,GRP_0201,/content/BSM-Project/data/augmented/train/Rutile/29__r180_f0.jpg,True,180,False,224,224,3,13297,0ade1388e811689b643a500e9bced7fcd8d3171fab646a410717e97158c5b13b
IMG_0201_r180_f1,train,Rutile,1,IMG_0201,/content/BSM-Project/data/raw/BSM/Rutile/29.jpg,GRP_0201,/content/BSM-Project/data/augmented/train/Rutile/29__r180_f1.jpg,True,180,True,224,224,3,13307,c375af0fa90696897defe318826793e121d56b91cd1c14ebed60d9ceb84febaa
IMG_0201_r270_f0,train,Rutile,1,IMG_0201,/content/BSM-Project/data/raw/BSM/Rutile/29.jpg,GRP_0201,/content/BSM-Project/data/augmented/train/Rutile/29__r270_f0.jpg,True,270,False,224,224,3,14183,d406fe700aff2bc0aed62ca8d6f6ff4e328b1400a663f39c5423c9cd0a6e3be1
IMG_0201_r270_f1,train,Rutile,1,IMG_0201,/content/BSM-Project/data/raw/BSM/Rutile/29.jpg,GRP_0201,/content/BSM-Project/data/augmented/train/Rutile/29__r270_f1.jpg,True,270,True,224,224,3,14196,40edefe4801e17caf79de2d0c6e07af3bc0444fbce638e757df2e9d93472fe77
IMG_0201_r30_f0,train,Rutile,1,IMG_0201,/content/BSM-Project/data/raw/BSM/Rutile/29.jpg,GRP_0201,/content/BSM-Project/data/augmented/train/Rutile/29__r30_f0.jpg,True,30,False,224,224,3,16607,f9dbfaebf84acb9cdfb5a2a9b722c56fcf83d29fe4941ae12d112a8ef63e2568
IMG_0201_r30_f1,train,Rutile,1,IMG_0201,/content/BSM-Project/data/raw/BSM/Rutile/29.jpg,GRP_0201,/content/BSM-Project/data/augmented/train/Rutile/29__r30_f1.jpg,True,30,True,224,224,3,16598,3afd0fde5890d5e61c9c5dc89969206b8fde65730b398559c0ea98f46af4342e
IMG_0201_r45_f0,train,Rutile,1,IMG_0201,/content/BSM-Project/data/raw/BSM/Rutile/29.jpg,GRP_0201,/content/BSM-Project/data/augmented/train/Rutile/29__r45_f0.jpg,True,45,False,224,224,3,16295,6657f937573a753ef48880c88858cfd141623013f361018f3f0dd5126af65d54
IMG_0201_r45_f1,train,Rutile,1,IMG_0201,/content/BSM-Project/data/raw/BSM/Rutile/29.jpg,GRP_0201,/content/BSM-Project/data/augmented/train/Rutile/29__r45_f1.jpg,True,45,True,224,224,3,16249,743c7b7d429534384e3f82e679170d36eb8a9a3d85d94dfc2739de8f709afb33
IMG_0201_r90_f0,train,Rutile,1,IMG_0201,/content/BSM-Project/data/raw/BSM/Rutile/29.jpg,GRP_0201,/content/BSM-Project/data/augmented/train/Rutile/29__r90_f0.jpg,True,90,False,224,224,3,14190,94a2be7ac97521eeb3bd5078a9dc88a1abf9808f7844fd8bbdc964f94185c5b1
IMG_0201_r90_f1,train,Rutile,1,IMG_0201,/content/BSM-Project/data/raw/BSM/Rutile/29.jpg,GRP_0201,/content/BSM-Project/data/augmented/train/Rutile/29__r90_f1.jpg,True,90,True,224,224,3,14187,c6412b6f0cff9907427b052d100a5538426f7f3acdbf5b47f5a76f30c41c9b67
IMG_0203_r0_f0,train,Rutile,1,IMG_0203,/content/BSM-Project/data/raw/BSM/Rutile/30.jpg,GRP_0203,/content/BSM-Project/data/augmented/train/Rutile/30__r0_f0.jpg,True,0,False,224,224,3,18876,769bdd0f56aa0e3ec78884c2f5c83c8d206b9c2a573d0f9e2e017621d453f682
IMG_0203_r0_f1,train,Rutile,1,IMG_0203,/content/BSM-Project/data/raw/BSM/Rutile/30.jpg,GRP_0203,/content/BSM-Project/data/augmented/train/Rutile/30__r0_f1.jpg,True,0,True,224,224,3,18863,f541e66a966e5c549e1404fc068c225021d97eb5bc1af06427e613e6d2bd31ea
IMG_0203_r180_f0,train,Rutile,1,IMG_0203,/content/BSM-Project/data/raw/BSM/Rutile/30.jpg,GRP_0203,/content/BSM-Project/data/augmented/train/Rutile/30__r180_f0.jpg,True,180,False,224,224,3,18899,38dac2bb7e9894700ceb3346a693855b2757ee3d7735403a80c960049fd340eb
IMG_0203_r180_f1,train,Rutile,1,IMG_0203,/content/BSM-Project/data/raw/BSM/Rutile/30.jpg,GRP_0203,/content/BSM-Project/data/augmented/train/Rutile/30__r180_f1.jpg,True,180,True,224,224,3,18877,cb235b5edbcdded21911dfbccfa7da866475cf065b2312c5e3cb1e5125a0c134
IMG_0203_r270_f0,train,Rutile,1,IMG_0203,/content/BSM-Project/data/raw/BSM/Rutile/30.jpg,GRP_0203,/content/BSM-Project/data/augmented/train/Rutile/30__r270_f0.jpg,True,270,False,224,224,3,17117,584d40448dde78407b49b8d714b20a7002ed9c7fa95cde327f3ebe64c3ff6a03
IMG_0203_r270_f1,train,Rutile,1,IMG_0203,/content/BSM-Project/data/raw/BSM/Rutile/30.jpg,GRP_0203,/content/BSM-Project/data/augmented/train/Rutile/30__r270_f1.jpg,True,270,True,224,224,3,17146,b7cf95bbfa89dd1d3fa400116b9ab4965ccafdcd28621eedccec88ffd329c371
IMG_0203_r30_f0,train,Rutile,1,IMG_0203,/content/BSM-Project/data/raw/BSM/Rutile/30.jpg,GRP_0203,/content/BSM-Project/data/augmented/train/Rutile/30__r30_f0.jpg,True,30,False,224,224,3,18566,4a1e446716ead2f73617c3903ceadf9e3dde74cc02ca6f3c01a6feacb490f89d
IMG_0203_r30_f1,train,Rutile,1,IMG_0203,/content/BSM-Project/data/raw/BSM/Rutile/30.jpg,GRP_0203,/content/BSM-Project/data/augmented/train/Rutile/30__r30_f1.jpg,True,30,True,224,224,3,18559,3924b7f8005aa362f6417253ef89a1299ad88b835f0f867b6d9f2f4c0a4bfa1c
IMG_0203_r45_f0,train,Rutile,1,IMG_0203,/content/BSM-Project/data/raw/BSM/Rutile/30.jpg,GRP_0203,/content/BSM-Project/data/augmented/train/Rutile/30__r45_f0.jpg,True,45,False,224,224,3,18254,0fb887b8caff86fe541a79563e7ef941a337e783c7de50c8430ed545926ed2d6
IMG_0203_r45_f1,train,Rutile,1,IMG_0203,/content/BSM-Project/data/raw/BSM/Rutile/30.jpg,GRP_0203,/content/BSM-Project/data/augmented/train/Rutile/30__r45_f1.jpg,True,45,True,224,224,3,18288,02e65cda8a5866f3776cdefa26bd1027225fae713cf18d5a4bb6561d87d8f355
IMG_0203_r90_f0,train,Rutile,1,IMG_0203,/content/BSM-Project/data/raw/BSM/Rutile/30.jpg,GRP_0203,/content/BSM-Project/data/augmented/train/Rutile/30__r90_f0.jpg,True,90,False,224,224,3,17139,f924107be3f73259796f0d4d9f3f0cb2447ee5e2bf80ee61b8cf0f90312b47b8
IMG_0203_r90_f1,train,Rutile,1,IMG_0203,/content/BSM-Project/data/raw/BSM/Rutile/30.jpg,GRP_0203,/content/BSM-Project/data/augmented/train/Rutile/30__r90_f1.jpg,True,90,True,224,224,3,17140,415f79173d46d656b955c7c785a7692312a3b38e75900407f7d5f4a1997d4401
IMG_0207_r0_f0,train,Rutile,1,IMG_0207,/content/BSM-Project/data/raw/BSM/Rutile/35.jpg,GRP_0207,/content/BSM-Project/data/augmented/train/Rutile/35__r0_f0.jpg,True,0,False,224,224,3,23997,2144510d79fdcd525e7561c84aeeb4f76517bd707c30d04110697712cb8b00fa
IMG_0207_r0_f1,train,Rutile,1,IMG_0207,/content/BSM-Project/data/raw/BSM/Rutile/35.jpg,GRP_0207,/content/BSM-Project/data/augmented/train/Rutile/35__r0_f1.jpg,True,0,True,224,224,3,23995,51800a713b29f2e7bc637b83709b8db05268d8e53e1ada772c51b0ff99f33033
IMG_0207_r180_f0,train,Rutile,1,IMG_0207,/content/BSM-Project/data/raw/BSM/Rutile/35.jpg,GRP_0207,/content/BSM-Project/data/augmented/train/Rutile/35__r180_f0.jpg,True,180,False,224,224,3,23994,d1f3c57c6e1e4f9d1a3d87eb05ad676b50fbb04ed2efc09af667d526d5b9e147
IMG_0207_r180_f1,train,Rutile,1,IMG_0207,/content/BSM-Project/data/raw/BSM/Rutile/35.jpg,GRP_0207,/content/BSM-Project/data/augmented/train/Rutile/35__r180_f1.jpg,True,180,True,224,224,3,24020,5029a6a77c4fe6381a4b3a4b1121ce7ef8f8c1b8e2fe0e6a25475ed45eee06f1
IMG_0207_r270_f0,train,Rutile,1,IMG_0207,/content/BSM-Project/data/raw/BSM/Rutile/35.jpg,GRP_0207,/content/BSM-Project/data/augmented/train/Rutile/35__r270_f0.jpg,True,270,False,224,224,3,12132,d5ffe5928472d42dabc9a67a381e8670a500d7d76cd7f954a125fc791641c133
IMG_0207_r270_f1,train,Rutile,1,IMG_0207,/content/BSM-Project/data/raw/BSM/Rutile/35.jpg,GRP_0207,/content/BSM-Project/data/augmented/train/Rutile/35__r270_f1.jpg,True,270,True,224,224,3,12141,a6c3ac73aac10a2a0f43ef7b44be23929418ae9f13cfd6be1ebef9e21d429d14
IMG_0207_r30_f0,train,Rutile,1,IMG_0207,/content/BSM-Project/data/raw/BSM/Rutile/35.jpg,GRP_0207,/content/BSM-Project/data/augmented/train/Rutile/35__r30_f0.jpg,True,30,False,224,224,3,19248,b71c0e9bcd63d764a28105663f778e365543c7dcc072a2b2d6d2a89838ab3431
IMG_0207_r30_f1,train,Rutile,1,IMG_0207,/content/BSM-Project/data/raw/BSM/Rutile/35.jpg,GRP_0207,/content/BSM-Project/data/augmented/train/Rutile/35__r30_f1.jpg,True,30,True,224,224,3,19270,9f00340a5eb8aa1beeeb3f2f16c47ff0f69e7912a59aac51e183e35719650c1d
IMG_0207_r45_f0,train,Rutile,1,IMG_0207,/content/BSM-Project/data/raw/BSM/Rutile/35.jpg,GRP_0207,/content/BSM-Project/data/augmented/train/Rutile/35__r45_f0.jpg,True,45,False,224,224,3,16206,fef19f723b486f02335bc6981a2d7bab1c9b4343c9f61a1039d398b3d5f3ca10
IMG_0207_r45_f1,train,Rutile,1,IMG_0207,/content/BSM-Project/data/raw/BSM/Rutile/35.jpg,GRP_0207,/content/BSM-Project/data/augmented/train/Rutile/35__r45_f1.jpg,True,45,True,224,224,3,16237,d648ee02c46af68576f630486f27ec8cc4fb178e3dba4cf862a3f8c7eb93f1e1
IMG_0207_r90_f0,train,Rutile,1,IMG_0207,/content/BSM-Project/data/raw/BSM/Rutile/35.jpg,GRP_0207,/content/BSM-Project/data/augmented/train/Rutile/35__r90_f0.jpg,True,90,False,224,224,3,12139,7cc679d20dcfea8d9efc3e784dc88a42cc3a46ee78ecbda8a62bbbde026ae6ae
IMG_0207_r90_f1,train,Rutile,1,IMG_0207,/content/BSM-Project/data/raw/BSM/Rutile/35.jpg,GRP_0207,/content/BSM-Project/data/augmented/train/Rutile/35__r90_f1.jpg,True,90,True,224,224,3,12134,df4c71f4210a45aa5b63341e3175a45fe934036592843df4f6c271e41722ea7c
IMG_0209_r0_f0,train,Rutile,1,IMG_0209,/content/BSM-Project/data/raw/BSM/Rutile/37.jpg,GRP_0209,/content/BSM-Project/data/augmented/train/Rutile/37__r0_f0.jpg,True,0,False,224,224,3,18063,4191df75ed0ed2123f3320b0db9fd9ff3f9b0853d7045d10f382ddc986ac4b79
IMG_0209_r0_f1,train,Rutile,1,IMG_0209,/content/BSM-Project/data/raw/BSM/Rutile/37.jpg,GRP_0209,/content/BSM-Project/data/augmented/train/Rutile/37__r0_f1.jpg,True,0,True,224,224,3,18103,4b56e70277a54e5417e615cdba431cfc3de4656cc4f053ba04c8356f52ea387d
IMG_0209_r180_f0,train,Rutile,1,IMG_0209,/content/BSM-Project/data/raw/BSM/Rutile/37.jpg,GRP_0209,/content/BSM-Project/data/augmented/train/Rutile/37__r180_f0.jpg,True,180,False,224,224,3,18079,e0c26b0827ccb3ab329cfddbd73646da7129c98c173eb7b038b202973e65cc3c
IMG_0209_r180_f1,train,Rutile,1,IMG_0209,/content/BSM-Project/data/raw/BSM/Rutile/37.jpg,GRP_0209,/content/BSM-Project/data/augmented/train/Rutile/37__r180_f1.jpg,True,180,True,224,224,3,18113,50907476ad9e0d2f5aa44e3f740c7b9829c9e45f74ac1099a428f09119b00361
IMG_0209_r270_f0,train,Rutile,1,IMG_0209,/content/BSM-Project/data/raw/BSM/Rutile/37.jpg,GRP_0209,/content/BSM-Project/data/augmented/train/Rutile/37__r270_f0.jpg,True,270,False,224,224,3,16001,3fa709922eb5e1989c15060d37eb79e52e81a934f08e9530791e006a25d23659
IMG_0209_r270_f1,train,Rutile,1,IMG_0209,/content/BSM-Project/data/raw/BSM/Rutile/37.jpg,GRP_0209,/content/BSM-Project/data/augmented/train/Rutile/37__r270_f1.jpg,True,270,True,224,224,3,15985,e004a9515a332259c684c88f272b598fcef02f7e5861537522184930534b5575
IMG_0209_r30_f0,train,Rutile,1,IMG_0209,/content/BSM-Project/data/raw/BSM/Rutile/37.jpg,GRP_0209,/content/BSM-Project/data/augmented/train/Rutile/37__r30_f0.jpg,True,30,False,224,224,3,17840,e4b7c2f7fca1950e87a9a5d36f94453659623cf9bc3afef724d2fb33c2b515bb
IMG_0209_r30_f1,train,Rutile,1,IMG_0209,/content/BSM-Project/data/raw/BSM/Rutile/37.jpg,GRP_0209,/content/BSM-Project/data/augmented/train/Rutile/37__r30_f1.jpg,True,30,True,224,224,3,17865,5a3682e82ea055f1f81c1295aefa90d023e547cf6ec3a9856564aee0bb3d480e
IMG_0209_r45_f0,train,Rutile,1,IMG_0209,/content/BSM-Project/data/raw/BSM/Rutile/37.jpg,GRP_0209,/content/BSM-Project/data/augmented/train/Rutile/37__r45_f0.jpg,True,45,False,224,224,3,17410,97e3aa04bd09b8ece60fc7af6ccafee25fabdbec3cf83c4f6d2ae5cdfec75c26
IMG_0209_r45_f1,train,Rutile,1,IMG_0209,/content/BSM-Project/data/raw/BSM/Rutile/37.jpg,GRP_0209,/content/BSM-Project/data/augmented/train/Rutile/37__r45_f1.jpg,True,45,True,224,224,3,17413,49e931eff71c060dbcf8bf887e2796bb6bedede2e97b75e71c9b5c623b98dc92
IMG_0209_r90_f0,train,Rutile,1,IMG_0209,/content/BSM-Project/data/raw/BSM/Rutile/37.jpg,GRP_0209,/content/BSM-Project/data/augmented/train/Rutile/37__r90_f0.jpg,True,90,False,224,224,3,16007,7b139fd943dee85d2f3693b94963e1a2aee04fb53a972528c71bfe502b3a7b35
IMG_0209_r90_f1,train,Rutile,1,IMG_0209,/content/BSM-Project/data/raw/BSM/Rutile/37.jpg,GRP_0209,/content/BSM-Project/data/augmented/train/Rutile/37__r90_f1.jpg,True,90,True,224,224,3,15979,4f98d7fb90955cecdfbf367d8f36d85b67203013c57ca0b7dfcf3af49a2f97e8
IMG_0210_r0_f0,train,Rutile,1,IMG_0210,/content/BSM-Project/data/raw/BSM/Rutile/38.jpg,GRP_0210,/content/BSM-Project/data/augmented/train/Rutile/38__r0_f0.jpg,True,0,False,224,224,3,20883,46fa4b6c2d7125d2aa531a6f43bdb0b70149b8987ce5499b066bf6490501840d
IMG_0210_r0_f1,train,Rutile,1,IMG_0210,/content/BSM-Project/data/raw/BSM/Rutile/38.jpg,GRP_0210,/content/BSM-Project/data/augmented/train/Rutile/38__r0_f1.jpg,True,0,True,224,224,3,20885,013c1e94af948e96680bcdfaf8faf57f06c2a6a2e8e4719c9d3277e78d62830e
IMG_0210_r180_f0,train,Rutile,1,IMG_0210,/content/BSM-Project/data/raw/BSM/Rutile/38.jpg,GRP_0210,/content/BSM-Project/data/augmented/train/Rutile/38__r180_f0.jpg,True,180,False,224,224,3,20914,052848ae21d36b60d31ca5a2ab5aa486625d0174fc6ba60e9f5fad35352d562f
IMG_0210_r180_f1,train,Rutile,1,IMG_0210,/content/BSM-Project/data/raw/BSM/Rutile/38.jpg,GRP_0210,/content/BSM-Project/data/augmented/train/Rutile/38__r180_f1.jpg,True,180,True,224,224,3,20902,48bfafbd21217500b2659f0a54489f07edc60638edff529d33aae582bbcb0431
IMG_0210_r270_f0,train,Rutile,1,IMG_0210,/content/BSM-Project/data/raw/BSM/Rutile/38.jpg,GRP_0210,/content/BSM-Project/data/augmented/train/Rutile/38__r270_f0.jpg,True,270,False,224,224,3,21381,5cbbbd10da5fea3390f618ca4559572886dabb11c18812c6fb3442ef58ca65a2
IMG_0210_r270_f1,train,Rutile,1,IMG_0210,/content/BSM-Project/data/raw/BSM/Rutile/38.jpg,GRP_0210,/content/BSM-Project/data/augmented/train/Rutile/38__r270_f1.jpg,True,270,True,224,224,3,21370,145ea2109d20522730bbf96018c24b023f859ccd314f087d4d69ec66034d4639
IMG_0210_r30_f0,train,Rutile,1,IMG_0210,/content/BSM-Project/data/raw/BSM/Rutile/38.jpg,GRP_0210,/content/BSM-Project/data/augmented/train/Rutile/38__r30_f0.jpg,True,30,False,224,224,3,23365,16ed9953458177e5088a59ba17727ab4c267b1301e2973567872868417368ddc
IMG_0210_r30_f1,train,Rutile,1,IMG_0210,/content/BSM-Project/data/raw/BSM/Rutile/38.jpg,GRP_0210,/content/BSM-Project/data/augmented/train/Rutile/38__r30_f1.jpg,True,30,True,224,224,3,23401,006e5d6708329c7fada337f8a78b20456351ce22ac971fa3357227558efe07d4
IMG_0210_r45_f0,train,Rutile,1,IMG_0210,/content/BSM-Project/data/raw/BSM/Rutile/38.jpg,GRP_0210,/content/BSM-Project/data/augmented/train/Rutile/38__r45_f0.jpg,True,45,False,224,224,3,23113,9c053a9f4c358b1ab5107a5b884280ffc7b8bcb4ab7869d2fdc49d8d4c4ec4ef
IMG_0210_r45_f1,train,Rutile,1,IMG_0210,/content/BSM-Project/data/raw/BSM/Rutile/38.jpg,GRP_0210,/content/BSM-Project/data/augmented/train/Rutile/38__r45_f1.jpg,True,45,True,224,224,3,23119,cae9b5d9bb839dc058f2ff2d83660d7a8e2ecf2ff2d66e497f91570fecbe0767
IMG_0210_r90_f0,train,Rutile,1,IMG_0210,/content/BSM-Project/data/raw/BSM/Rutile/38.jpg,GRP_0210,/content/BSM-Project/data/augmented/train/Rutile/38__r90_f0.jpg,True,90,False,224,224,3,21389,0a8da61875c56a084b279e05f05f79e23e3ce621d62f02f10b94828f33a0293f
IMG_0210_r90_f1,train,Rutile,1,IMG_0210,/content/BSM-Project/data/raw/BSM/Rutile/38.jpg,GRP_0210,/content/BSM-Project/data/augmented/train/Rutile/38__r90_f1.jpg,True,90,True,224,224,3,21361,9e98e9c3093bedc1b6a87cb8ad3c7f7cd347b5f86f78441f17a49693275aa2e4
IMG_0211_r0_f0,train,Rutile,1,IMG_0211,/content/BSM-Project/data/raw/BSM/Rutile/39.jpg,GRP_0211,/content/BSM-Project/data/augmented/train/Rutile/39__r0_f0.jpg,True,0,False,224,224,3,6872,aa1f1482e4e4b75bd1cc1a15acbe9d76e02d5434a81d2950225db3bd7f1a16f5
IMG_0211_r0_f1,train,Rutile,1,IMG_0211,/content/BSM-Project/data/raw/BSM/Rutile/39.jpg,GRP_0211,/content/BSM-Project/data/augmented/train/Rutile/39__r0_f1.jpg,True,0,True,224,224,3,6864,0429def842f378e08696a8fa48e8b82eb7bff14255c090afa4496a353a5ca83c
IMG_0211_r180_f0,train,Rutile,1,IMG_0211,/content/BSM-Project/data/raw/BSM/Rutile/39.jpg,GRP_0211,/content/BSM-Project/data/augmented/train/Rutile/39__r180_f0.jpg,True,180,False,224,224,3,6874,fd6f7068aa9c224036ff1387a62ab4187339954f0192a7c02c15b593488d79e1
IMG_0211_r180_f1,train,Rutile,1,IMG_0211,/content/BSM-Project/data/raw/BSM/Rutile/39.jpg,GRP_0211,/content/BSM-Project/data/augmented/train/Rutile/39__r180_f1.jpg,True,180,True,224,224,3,6855,d7a5d38a19cc346258df5eca80d84b6b82c0f343874fdb9d95649f7cb434194d
IMG_0211_r270_f0,train,Rutile,1,IMG_0211,/content/BSM-Project/data/raw/BSM/Rutile/39.jpg,GRP_0211,/content/BSM-Project/data/augmented/train/Rutile/39__r270_f0.jpg,True,270,False,224,224,3,8044,2b1a3f7d002f2bc6b6429925531fb284c60266347865ba9f356d8e76e37a78d2
IMG_0211_r270_f1,train,Rutile,1,IMG_0211,/content/BSM-Project/data/raw/BSM/Rutile/39.jpg,GRP_0211,/content/BSM-Project/data/augmented/train/Rutile/39__r270_f1.jpg,True,270,True,224,224,3,8046,24a69d8f00e26e00a7e752d8763a467b78c05a46b4b73d1b6d096b5d25f2962d
IMG_0211_r30_f0,train,Rutile,1,IMG_0211,/content/BSM-Project/data/raw/BSM/Rutile/39.jpg,GRP_0211,/content/BSM-Project/data/augmented/train/Rutile/39__r30_f0.jpg,True,30,False,224,224,3,10531,fa17ff4ec6e591c0a638c97718894a9e5e68e979f5227a61cbed74b7feafd0af
IMG_0211_r30_f1,train,Rutile,1,IMG_0211,/content/BSM-Project/data/raw/BSM/Rutile/39.jpg,GRP_0211,/content/BSM-Project/data/augmented/train/Rutile/39__r30_f1.jpg,True,30,True,224,224,3,10557,20a6387b51d70d78bf98c710f091c4d4f0fbafe0e4128f3e8e9619753c89a999
IMG_0211_r45_f0,train,Rutile,1,IMG_0211,/content/BSM-Project/data/raw/BSM/Rutile/39.jpg,GRP_0211,/content/BSM-Project/data/augmented/train/Rutile/39__r45_f0.jpg,True,45,False,224,224,3,10367,3167b863747245dbd5d2d51393aa0ce750bd853fc1b6bef1295b2a843aa13435
IMG_0211_r45_f1,train,Rutile,1,IMG_0211,/content/BSM-Project/data/raw/BSM/Rutile/39.jpg,GRP_0211,/content/BSM-Project/data/augmented/train/Rutile/39__r45_f1.jpg,True,45,True,224,224,3,10428,5e649b942242f437d221cf0810d6821064e9648c73b7470ddb4eed907c7259b5
IMG_0211_r90_f0,train,Rutile,1,IMG_0211,/content/BSM-Project/data/raw/BSM/Rutile/39.jpg,GRP_0211,/content/BSM-Project/data/augmented/train/Rutile/39__r90_f0.jpg,True,90,False,224,224,3,8046,01e586d4ef36d6b1c95ab40df8aa7709da6785f724c917bd1c5dd1e33ae72c77
IMG_0211_r90_f1,train,Rutile,1,IMG_0211,/content/BSM-Project/data/raw/BSM/Rutile/39.jpg,GRP_0211,/content/BSM-Project/data/augmented/train/Rutile/39__r90_f1.jpg,True,90,True,224,224,3,8043,98d84d23cd436d310638f514ad383a2b4944a086e09d48e3edd9dbeeb9da5f84
IMG_0212_r0_f0,train,Rutile,1,IMG_0212,/content/BSM-Project/data/raw/BSM/Rutile/4.jpg,GRP_0212,/content/BSM-Project/data/augmented/train/Rutile/4__r0_f0.jpg,True,0,False,224,224,3,7561,4b0ffaf3ed66cbd132d828e4e39588baa9ca9c8647248c6a0053eb17cf640405
IMG_0212_r0_f1,train,Rutile,1,IMG_0212,/content/BSM-Project/data/raw/BSM/Rutile/4.jpg,GRP_0212,/content/BSM-Project/data/augmented/train/Rutile/4__r0_f1.jpg,True,0,True,224,224,3,7558,31aad002eb7a87f07731b1424517fd21a5eac991987c2938f820f5f6f8ce730e
IMG_0212_r180_f0,train,Rutile,1,IMG_0212,/content/BSM-Project/data/raw/BSM/Rutile/4.jpg,GRP_0212,/content/BSM-Project/data/augmented/train/Rutile/4__r180_f0.jpg,True,180,False,224,224,3,7553,acb2d6d960dce7ccf7c8512e661cf7cda825b30b99d428640721206f3b35d9be
IMG_0212_r180_f1,train,Rutile,1,IMG_0212,/content/BSM-Project/data/raw/BSM/Rutile/4.jpg,GRP_0212,/content/BSM-Project/data/augmented/train/Rutile/4__r180_f1.jpg,True,180,True,224,224,3,7551,3696acb1d14c7b41238645f9fe7580968987b90394329c60423226bb4441cf35
IMG_0212_r270_f0,train,Rutile,1,IMG_0212,/content/BSM-Project/data/raw/BSM/Rutile/4.jpg,GRP_0212,/content/BSM-Project/data/augmented/train/Rutile/4__r270_f0.jpg,True,270,False,224,224,3,9075,80e83541cf72d553b7e345f1b647df75372d29b561716ea8b84cc7029ad76d3e
IMG_0212_r270_f1,train,Rutile,1,IMG_0212,/content/BSM-Project/data/raw/BSM/Rutile/4.jpg,GRP_0212,/content/BSM-Project/data/augmented/train/Rutile/4__r270_f1.jpg,True,270,True,224,224,3,9100,74069a6a031e9998078b275463e85aa67303f37f2e533ba1891f2c37f0b07537
IMG_0212_r30_f0,train,Rutile,1,IMG_0212,/content/BSM-Project/data/raw/BSM/Rutile/4.jpg,GRP_0212,/content/BSM-Project/data/augmented/train/Rutile/4__r30_f0.jpg,True,30,False,224,224,3,11279,d5b50f870ca849ff87debddd3880d7a6ca4ece83a45fb7e2b3653218576bc7c1
IMG_0212_r30_f1,train,Rutile,1,IMG_0212,/content/BSM-Project/data/raw/BSM/Rutile/4.jpg,GRP_0212,/content/BSM-Project/data/augmented/train/Rutile/4__r30_f1.jpg,True,30,True,224,224,3,11310,4436e7149a7254c87fd6fac9dcd00faf3f69e807c8f3b9e351b477531c7623d9
IMG_0212_r45_f0,train,Rutile,1,IMG_0212,/content/BSM-Project/data/raw/BSM/Rutile/4.jpg,GRP_0212,/content/BSM-Project/data/augmented/train/Rutile/4__r45_f0.jpg,True,45,False,224,224,3,11170,b6f051ca0a321da83d65d2f19a034a9b49ba27c1a26e5ba104a315a6ed2cb242
IMG_0212_r45_f1,train,Rutile,1,IMG_0212,/content/BSM-Project/data/raw/BSM/Rutile/4.jpg,GRP_0212,/content/BSM-Project/data/augmented/train/Rutile/4__r45_f1.jpg,True,45,True,224,224,3,11184,6b7362b85395ea2388a24aeb3796222fbda2f3469b60158c699758508c0909dd
IMG_0212_r90_f0,train,Rutile,1,IMG_0212,/content/BSM-Project/data/raw/BSM/Rutile/4.jpg,GRP_0212,/content/BSM-Project/data/augmented/train/Rutile/4__r90_f0.jpg,True,90,False,224,224,3,9092,6c4dff393c21c7a2ec2e9793b92cde878e52bb1bf4016f67ca6dba44833454f3
IMG_0212_r90_f1,train,Rutile,1,IMG_0212,/content/BSM-Project/data/raw/BSM/Rutile/4.jpg,GRP_0212,/content/BSM-Project/data/augmented/train/Rutile/4__r90_f1.jpg,True,90,True,224,224,3,9083,228285a60afdc28b32ba20c526788678af420628fefefc7a12cdb6ba07adda0f
IMG_0215_r0_f0,train,Rutile,1,IMG_0215,/content/BSM-Project/data/raw/BSM/Rutile/42.jpg,GRP_0215,/content/BSM-Project/data/augmented/train/Rutile/42__r0_f0.jpg,True,0,False,224,224,3,14752,f8f9261ce1c24ce9c0988458212d389e357aca5e370843442548cf79f72c24ae
IMG_0215_r0_f1,train,Rutile,1,IMG_0215,/content/BSM-Project/data/raw/BSM/Rutile/42.jpg,GRP_0215,/content/BSM-Project/data/augmented/train/Rutile/42__r0_f1.jpg,True,0,True,224,224,3,14710,38f84c325176d606552196113843c7b1b36690a90b33d0b0f9654f9d174deb6f
IMG_0215_r180_f0,train,Rutile,1,IMG_0215,/content/BSM-Project/data/raw/BSM/Rutile/42.jpg,GRP_0215,/content/BSM-Project/data/augmented/train/Rutile/42__r180_f0.jpg,True,180,False,224,224,3,14752,f44e71dc17e3b6617fd8f8b526e07184f5d8fe494bda2f9d513a0c6a4a75dc91
IMG_0215_r180_f1,train,Rutile,1,IMG_0215,/content/BSM-Project/data/raw/BSM/Rutile/42.jpg,GRP_0215,/content/BSM-Project/data/augmented/train/Rutile/42__r180_f1.jpg,True,180,True,224,224,3,14713,faaa23770b45b863d067c227f30b6400ebf091f62488f4497066da560952a03c
IMG_0215_r270_f0,train,Rutile,1,IMG_0215,/content/BSM-Project/data/raw/BSM/Rutile/42.jpg,GRP_0215,/content/BSM-Project/data/augmented/train/Rutile/42__r270_f0.jpg,True,270,False,224,224,3,16037,6c2f63d722e371a609c2aca1efe376f41259734968b9f26b0461b73f4434b804
IMG_0215_r270_f1,train,Rutile,1,IMG_0215,/content/BSM-Project/data/raw/BSM/Rutile/42.jpg,GRP_0215,/content/BSM-Project/data/augmented/train/Rutile/42__r270_f1.jpg,True,270,True,224,224,3,16110,f4d0ec85e895d2a9748ea44f3ccb7f756a0a5affff1d96a253e0f3df4e335400
IMG_0215_r30_f0,train,Rutile,1,IMG_0215,/content/BSM-Project/data/raw/BSM/Rutile/42.jpg,GRP_0215,/content/BSM-Project/data/augmented/train/Rutile/42__r30_f0.jpg,True,30,False,224,224,3,17565,0adc03ce8fb4c91b515abbbd9e0891dd716be6396c3265f3fcfec0f020991eda
IMG_0215_r30_f1,train,Rutile,1,IMG_0215,/content/BSM-Project/data/raw/BSM/Rutile/42.jpg,GRP_0215,/content/BSM-Project/data/augmented/train/Rutile/42__r30_f1.jpg,True,30,True,224,224,3,17556,273464f941888f1414c68295a24ae227bc7f23d99d6d8985f6fa5dce84de5827
IMG_0215_r45_f0,train,Rutile,1,IMG_0215,/content/BSM-Project/data/raw/BSM/Rutile/42.jpg,GRP_0215,/content/BSM-Project/data/augmented/train/Rutile/42__r45_f0.jpg,True,45,False,224,224,3,17317,0a9d6a376ff33b686e274713f8e1e9218204b059bb008163a0df0c4241551350
IMG_0215_r45_f1,train,Rutile,1,IMG_0215,/content/BSM-Project/data/raw/BSM/Rutile/42.jpg,GRP_0215,/content/BSM-Project/data/augmented/train/Rutile/42__r45_f1.jpg,True,45,True,224,224,3,17308,a8ed58d655e7c8430968e729a381442d71b2e2f89226ea2b1a2403ff419ea867
IMG_0215_r90_f0,train,Rutile,1,IMG_0215,/content/BSM-Project/data/raw/BSM/Rutile/42.jpg,GRP_0215,/content/BSM-Project/data/augmented/train/Rutile/42__r90_f0.jpg,True,90,False,224,224,3,16063,e2b7535f9d87e38a3b18e1860d41a197cced811974ed623f53bb48916ce9d970
IMG_0215_r90_f1,train,Rutile,1,IMG_0215,/content/BSM-Project/data/raw/BSM/Rutile/42.jpg,GRP_0215,/content/BSM-Project/data/augmented/train/Rutile/42__r90_f1.jpg,True,90,True,224,224,3,16063,30822c8456118ed93b3517d0b044acd136c881c40c4e8a55a0daafdb519e1540
IMG_0217_r0_f0,train,Rutile,1,IMG_0217,/content/BSM-Project/data/raw/BSM/Rutile/44.jpg,GRP_0217,/content/BSM-Project/data/augmented/train/Rutile/44__r0_f0.jpg,True,0,False,224,224,3,15161,bef362d969d3d7fc3468bc288ed87ca0ad40e21b16840e2150d14f54d8b64163
IMG_0217_r0_f1,train,Rutile,1,IMG_0217,/content/BSM-Project/data/raw/BSM/Rutile/44.jpg,GRP_0217,/content/BSM-Project/data/augmented/train/Rutile/44__r0_f1.jpg,True,0,True,224,224,3,15175,f03917bc616d1afb3242ae5d80031a9ac4e186a39f8aabfbd969bf676e6eaeda
IMG_0217_r180_f0,train,Rutile,1,IMG_0217,/content/BSM-Project/data/raw/BSM/Rutile/44.jpg,GRP_0217,/content/BSM-Project/data/augmented/train/Rutile/44__r180_f0.jpg,True,180,False,224,224,3,15166,79b099ac9dfc3c4476ca468eb7c1b8844f168da6b82e73b38cb43af8c5d5ae54
IMG_0217_r180_f1,train,Rutile,1,IMG_0217,/content/BSM-Project/data/raw/BSM/Rutile/44.jpg,GRP_0217,/content/BSM-Project/data/augmented/train/Rutile/44__r180_f1.jpg,True,180,True,224,224,3,15168,fcb13566852037dc4f012647f68a80af75d90607d1e0e8dbde979533447c7baf
IMG_0217_r270_f0,train,Rutile,1,IMG_0217,/content/BSM-Project/data/raw/BSM/Rutile/44.jpg,GRP_0217,/content/BSM-Project/data/augmented/train/Rutile/44__r270_f0.jpg,True,270,False,224,224,3,13783,a34ea2fab8c5352fe64ab87dacd8684169074e089868b2e66ae09cbce28d501c
IMG_0217_r270_f1,train,Rutile,1,IMG_0217,/content/BSM-Project/data/raw/BSM/Rutile/44.jpg,GRP_0217,/content/BSM-Project/data/augmented/train/Rutile/44__r270_f1.jpg,True,270,True,224,224,3,13772,5dc517f2a4352faf04c4bdd2fdcbccdc0ae6e5cbe9f444a9cc69c2b5c84d5e76
IMG_0217_r30_f0,train,Rutile,1,IMG_0217,/content/BSM-Project/data/raw/BSM/Rutile/44.jpg,GRP_0217,/content/BSM-Project/data/augmented/train/Rutile/44__r30_f0.jpg,True,30,False,224,224,3,16788,79acdd7bc2b449b5f0802e7786f1ea20764dc714cac62ec30288f3eb8b743791
IMG_0217_r30_f1,train,Rutile,1,IMG_0217,/content/BSM-Project/data/raw/BSM/Rutile/44.jpg,GRP_0217,/content/BSM-Project/data/augmented/train/Rutile/44__r30_f1.jpg,True,30,True,224,224,3,16842,78961e973934840d30f82cc1e7294699235963ec03a0dbda26a51e59278b4b80
IMG_0217_r45_f0,train,Rutile,1,IMG_0217,/content/BSM-Project/data/raw/BSM/Rutile/44.jpg,GRP_0217,/content/BSM-Project/data/augmented/train/Rutile/44__r45_f0.jpg,True,45,False,224,224,3,16204,c4fa6d0ecdbf8a91835a23e8895e5b77f9a906194f8a119d10ed30686210c9e8
IMG_0217_r45_f1,train,Rutile,1,IMG_0217,/content/BSM-Project/data/raw/BSM/Rutile/44.jpg,GRP_0217,/content/BSM-Project/data/augmented/train/Rutile/44__r45_f1.jpg,True,45,True,224,224,3,16253,bd1c655bfd2b0a444b9aeeea375affc240a0077f9816576cd54062f093a694ff
IMG_0217_r90_f0,train,Rutile,1,IMG_0217,/content/BSM-Project/data/raw/BSM/Rutile/44.jpg,GRP_0217,/content/BSM-Project/data/augmented/train/Rutile/44__r90_f0.jpg,True,90,False,224,224,3,13779,2eaa0ae9b9eee84eb5b1c9564103b2a69375c034ed48ccc3b8b6dff7f05f7c4d
IMG_0217_r90_f1,train,Rutile,1,IMG_0217,/content/BSM-Project/data/raw/BSM/Rutile/44.jpg,GRP_0217,/content/BSM-Project/data/augmented/train/Rutile/44__r90_f1.jpg,True,90,True,224,224,3,13772,3d533e573d98d62726d8bc8ac57a30c0b34347558b5e508c4f366f687d7add41
IMG_0218_r0_f0,train,Rutile,1,IMG_0218,/content/BSM-Project/data/raw/BSM/Rutile/45.jpg,GRP_0218,/content/BSM-Project/data/augmented/train/Rutile/45__r0_f0.jpg,True,0,False,224,224,3,12456,c1aece2ac38daf3729665fcde9279f21ae40c12accb4921b065e19efa11ec2a7
IMG_0218_r0_f1,train,Rutile,1,IMG_0218,/content/BSM-Project/data/raw/BSM/Rutile/45.jpg,GRP_0218,/content/BSM-Project/data/augmented/train/Rutile/45__r0_f1.jpg,True,0,True,224,224,3,12477,99c4e256a8006de12c36b6ce2dc99ad3764ceedc70525922de0f5a0903df2959
IMG_0218_r180_f0,train,Rutile,1,IMG_0218,/content/BSM-Project/data/raw/BSM/Rutile/45.jpg,GRP_0218,/content/BSM-Project/data/augmented/train/Rutile/45__r180_f0.jpg,True,180,False,224,224,3,12466,91b56fa04ff51a967f32ed5bef79dcecbb2ef68a52c9d9c5f4ec4c8cb7a0ee84
IMG_0218_r180_f1,train,Rutile,1,IMG_0218,/content/BSM-Project/data/raw/BSM/Rutile/45.jpg,GRP_0218,/content/BSM-Project/data/augmented/train/Rutile/45__r180_f1.jpg,True,180,True,224,224,3,12466,f521b34e0816da532497227e2c2ab703175a1aef3940659652ce700045aed7b5
IMG_0218_r270_f0,train,Rutile,1,IMG_0218,/content/BSM-Project/data/raw/BSM/Rutile/45.jpg,GRP_0218,/content/BSM-Project/data/augmented/train/Rutile/45__r270_f0.jpg,True,270,False,224,224,3,11286,165501549f5ad1fb2796eff916b338b4e80a6ab6dc86450cbf1108c48fb5949f
IMG_0218_r270_f1,train,Rutile,1,IMG_0218,/content/BSM-Project/data/raw/BSM/Rutile/45.jpg,GRP_0218,/content/BSM-Project/data/augmented/train/Rutile/45__r270_f1.jpg,True,270,True,224,224,3,11261,739b01cf67cd6ccdbcdd9560e6631c40d25605c97c6ef5541538e66dba4625b9
IMG_0218_r30_f0,train,Rutile,1,IMG_0218,/content/BSM-Project/data/raw/BSM/Rutile/45.jpg,GRP_0218,/content/BSM-Project/data/augmented/train/Rutile/45__r30_f0.jpg,True,30,False,224,224,3,11526,6df68550e5556c3403868fd6eb77b192962c86dbe3a91da2bb0c2aa6e6485062
IMG_0218_r30_f1,train,Rutile,1,IMG_0218,/content/BSM-Project/data/raw/BSM/Rutile/45.jpg,GRP_0218,/content/BSM-Project/data/augmented/train/Rutile/45__r30_f1.jpg,True,30,True,224,224,3,11539,c84b789c18252ecba5e04fbb9261af9082e5c4cac79f90452e0c47d98e11e45b
IMG_0218_r45_f0,train,Rutile,1,IMG_0218,/content/BSM-Project/data/raw/BSM/Rutile/45.jpg,GRP_0218,/content/BSM-Project/data/augmented/train/Rutile/45__r45_f0.jpg,True,45,False,224,224,3,11400,bc1638dba89d6e1d28fbaa9cc82b70334fc663e4fe215e3f098f1873de41e09c
IMG_0218_r45_f1,train,Rutile,1,IMG_0218,/content/BSM-Project/data/raw/BSM/Rutile/45.jpg,GRP_0218,/content/BSM-Project/data/augmented/train/Rutile/45__r45_f1.jpg,True,45,True,224,224,3,11396,c41ec04a908961aa0fdda51398d3a04ee0ce543151881b97bf74ae54d9b75fd4
IMG_0218_r90_f0,train,Rutile,1,IMG_0218,/content/BSM-Project/data/raw/BSM/Rutile/45.jpg,GRP_0218,/content/BSM-Project/data/augmented/train/Rutile/45__r90_f0.jpg,True,90,False,224,224,3,11274,325a2f73f36a30fa03858067aac9696a407518557c48933b2cebe03e250632de
IMG_0218_r90_f1,train,Rutile,1,IMG_0218,/content/BSM-Project/data/raw/BSM/Rutile/45.jpg,GRP_0218,/content/BSM-Project/data/augmented/train/Rutile/45__r90_f1.jpg,True,90,True,224,224,3,11255,cff641333f46ad91fa0714ba336f5d6a5e5d9a090db576a8d4455a80a7a0795e
IMG_0220_r0_f0,train,Rutile,1,IMG_0220,/content/BSM-Project/data/raw/BSM/Rutile/48.jpg,GRP_0220,/content/BSM-Project/data/augmented/train/Rutile/48__r0_f0.jpg,True,0,False,224,224,3,22868,a94c3ef55503807bceeb249b7a3669e23acdfccb09bafb4784824fdcf947492f
IMG_0220_r0_f1,train,Rutile,1,IMG_0220,/content/BSM-Project/data/raw/BSM/Rutile/48.jpg,GRP_0220,/content/BSM-Project/data/augmented/train/Rutile/48__r0_f1.jpg,True,0,True,224,224,3,22861,1b477173851b2615d179283bf0dfaa150c5a08163d4e8819ed1dee9802df122c
IMG_0220_r180_f0,train,Rutile,1,IMG_0220,/content/BSM-Project/data/raw/BSM/Rutile/48.jpg,GRP_0220,/content/BSM-Project/data/augmented/train/Rutile/48__r180_f0.jpg,True,180,False,224,224,3,22893,b89dd0d6916a454148a499823e38e8f0d3e142b605c04b12944612ace3351175
IMG_0220_r180_f1,train,Rutile,1,IMG_0220,/content/BSM-Project/data/raw/BSM/Rutile/48.jpg,GRP_0220,/content/BSM-Project/data/augmented/train/Rutile/48__r180_f1.jpg,True,180,True,224,224,3,22844,a1472165e7ac388bd00593b2eb418e22622434d446421f7c1827e9323c41b41c
IMG_0220_r270_f0,train,Rutile,1,IMG_0220,/content/BSM-Project/data/raw/BSM/Rutile/48.jpg,GRP_0220,/content/BSM-Project/data/augmented/train/Rutile/48__r270_f0.jpg,True,270,False,224,224,3,18403,61a4cea6a3ad079bfee6b3df68d7aebaa42ab4b709f2a16b12de3a1f1d115557
IMG_0220_r270_f1,train,Rutile,1,IMG_0220,/content/BSM-Project/data/raw/BSM/Rutile/48.jpg,GRP_0220,/content/BSM-Project/data/augmented/train/Rutile/48__r270_f1.jpg,True,270,True,224,224,3,18435,655adc55c2cf0d0e86e1f1390fb14e5142d3fbd7108afba434943b106f8a39b9
IMG_0220_r30_f0,train,Rutile,1,IMG_0220,/content/BSM-Project/data/raw/BSM/Rutile/48.jpg,GRP_0220,/content/BSM-Project/data/augmented/train/Rutile/48__r30_f0.jpg,True,30,False,224,224,3,23616,822a44f4d58c87f77dd03a5a3577e5726dbad0eb1e11765659ed93d266ccf5d6
IMG_0220_r30_f1,train,Rutile,1,IMG_0220,/content/BSM-Project/data/raw/BSM/Rutile/48.jpg,GRP_0220,/content/BSM-Project/data/augmented/train/Rutile/48__r30_f1.jpg,True,30,True,224,224,3,23636,a30359b67156281c58e63e9d07bd990346aa925c77f5f7825fb6eccecd87779f
IMG_0220_r45_f0,train,Rutile,1,IMG_0220,/content/BSM-Project/data/raw/BSM/Rutile/48.jpg,GRP_0220,/content/BSM-Project/data/augmented/train/Rutile/48__r45_f0.jpg,True,45,False,224,224,3,22994,1690f1797e818e65961cd29dd60957db868c1987df459c21eb74016f50cac498
IMG_0220_r45_f1,train,Rutile,1,IMG_0220,/content/BSM-Project/data/raw/BSM/Rutile/48.jpg,GRP_0220,/content/BSM-Project/data/augmented/train/Rutile/48__r45_f1.jpg,True,45,True,224,224,3,23047,ea6110031c890c60b2d58679c8f74053a8dd75375dc9dedc02e38899adee88fc
IMG_0220_r90_f0,train,Rutile,1,IMG_0220,/content/BSM-Project/data/raw/BSM/Rutile/48.jpg,GRP_0220,/content/BSM-Project/data/augmented/train/Rutile/48__r90_f0.jpg,True,90,False,224,224,3,18394,689167d56f664ddd62cbbfdac86abdd16579d3d727cc056ef1ce97e1057592c4
IMG_0220_r90_f1,train,Rutile,1,IMG_0220,/content/BSM-Project/data/raw/BSM/Rutile/48.jpg,GRP_0220,/content/BSM-Project/data/augmented/train/Rutile/48__r90_f1.jpg,True,90,True,224,224,3,18415,26fb0bad1eb757652f53429c4b847bf74e7f7920d2b56d1accaae843db660b7c
IMG_0221_r0_f0,train,Rutile,1,IMG_0221,/content/BSM-Project/data/raw/BSM/Rutile/49.jpg,GRP_0221,/content/BSM-Project/data/augmented/train/Rutile/49__r0_f0.jpg,True,0,False,224,224,3,10978,bd9e5b45af0db8ffce55c248f254d49e0efb788f21a520181426fab5255f2a15
IMG_0221_r0_f1,train,Rutile,1,IMG_0221,/content/BSM-Project/data/raw/BSM/Rutile/49.jpg,GRP_0221,/content/BSM-Project/data/augmented/train/Rutile/49__r0_f1.jpg,True,0,True,224,224,3,10932,d34fa6d8a7877b9644866bb7a09a018f2a521d91d33db4acf337032988091daa
IMG_0221_r180_f0,train,Rutile,1,IMG_0221,/content/BSM-Project/data/raw/BSM/Rutile/49.jpg,GRP_0221,/content/BSM-Project/data/augmented/train/Rutile/49__r180_f0.jpg,True,180,False,224,224,3,10982,74f2442c9fde3b7708f0e0982bf9a3a31b228a25a5d99fee829dc26f53f91dcb
IMG_0221_r180_f1,train,Rutile,1,IMG_0221,/content/BSM-Project/data/raw/BSM/Rutile/49.jpg,GRP_0221,/content/BSM-Project/data/augmented/train/Rutile/49__r180_f1.jpg,True,180,True,224,224,3,10938,0ad578774103e64b97c27491a3d8b4aa2c0a58f24ae22c669770f08e5aec9c17
IMG_0221_r270_f0,train,Rutile,1,IMG_0221,/content/BSM-Project/data/raw/BSM/Rutile/49.jpg,GRP_0221,/content/BSM-Project/data/augmented/train/Rutile/49__r270_f0.jpg,True,270,False,224,224,3,9663,b8b480ae667c2c26bd665ebf0bdcfdb99bc09a86072fbd29fecd36e58ff6afd1
IMG_0221_r270_f1,train,Rutile,1,IMG_0221,/content/BSM-Project/data/raw/BSM/Rutile/49.jpg,GRP_0221,/content/BSM-Project/data/augmented/train/Rutile/49__r270_f1.jpg,True,270,True,224,224,3,9681,84d1c5e8e668680305931e4f20d7e49aa928f2952eb81783464e2a6072b5d77d
IMG_0221_r30_f0,train,Rutile,1,IMG_0221,/content/BSM-Project/data/raw/BSM/Rutile/49.jpg,GRP_0221,/content/BSM-Project/data/augmented/train/Rutile/49__r30_f0.jpg,True,30,False,224,224,3,11868,4dae2392dcbd1c997b3f8e161be6547bd21282affeece9de02d7ddbcfec9956e
IMG_0221_r30_f1,train,Rutile,1,IMG_0221,/content/BSM-Project/data/raw/BSM/Rutile/49.jpg,GRP_0221,/content/BSM-Project/data/augmented/train/Rutile/49__r30_f1.jpg,True,30,True,224,224,3,11894,7a20f790d5325b8f4d668f5278bff7d79ca6834a588d8f67d552f5fb0945f82f
IMG_0221_r45_f0,train,Rutile,1,IMG_0221,/content/BSM-Project/data/raw/BSM/Rutile/49.jpg,GRP_0221,/content/BSM-Project/data/augmented/train/Rutile/49__r45_f0.jpg,True,45,False,224,224,3,11629,22ed716c689d68e667783f743eb1557d1bf869a6da370b3cdadfd58d29a827e8
IMG_0221_r45_f1,train,Rutile,1,IMG_0221,/content/BSM-Project/data/raw/BSM/Rutile/49.jpg,GRP_0221,/content/BSM-Project/data/augmented/train/Rutile/49__r45_f1.jpg,True,45,True,224,224,3,11671,d9f9bcc29b44972e33e41118c911d07c2dcd5163d0c96b8b62b2446a805bc41a
IMG_0221_r90_f0,train,Rutile,1,IMG_0221,/content/BSM-Project/data/raw/BSM/Rutile/49.jpg,GRP_0221,/content/BSM-Project/data/augmented/train/Rutile/49__r90_f0.jpg,True,90,False,224,224,3,9642,77e12593978423b1263c7eabd7626d24cc38b2547912d4a3ab0a9645e4c2da9d
IMG_0221_r90_f1,train,Rutile,1,IMG_0221,/content/BSM-Project/data/raw/BSM/Rutile/49.jpg,GRP_0221,/content/BSM-Project/data/augmented/train/Rutile/49__r90_f1.jpg,True,90,True,224,224,3,9671,a8b49068c1cd15d15b5fdd781434e5666db978225f7b7f8b857421d8f07a9ada
IMG_0222_r0_f0,train,Rutile,1,IMG_0222,/content/BSM-Project/data/raw/BSM/Rutile/50.jpg,GRP_0222,/content/BSM-Project/data/augmented/train/Rutile/50__r0_f0.jpg,True,0,False,224,224,3,14324,fdfac06499ce37a8118b80922c228938bd054a26dbb67ba460878a3286648c29
IMG_0222_r0_f1,train,Rutile,1,IMG_0222,/content/BSM-Project/data/raw/BSM/Rutile/50.jpg,GRP_0222,/content/BSM-Project/data/augmented/train/Rutile/50__r0_f1.jpg,True,0,True,224,224,3,14330,fd47f27fd4fd4807d1c3f38fcdc34322ed7cf5b741f6abfd561fc141540aa203
IMG_0222_r180_f0,train,Rutile,1,IMG_0222,/content/BSM-Project/data/raw/BSM/Rutile/50.jpg,GRP_0222,/content/BSM-Project/data/augmented/train/Rutile/50__r180_f0.jpg,True,180,False,224,224,3,14321,a3b342589e52351e69599cb3d10176ee02746a33d082617eb12ffb6358753d35
IMG_0222_r180_f1,train,Rutile,1,IMG_0222,/content/BSM-Project/data/raw/BSM/Rutile/50.jpg,GRP_0222,/content/BSM-Project/data/augmented/train/Rutile/50__r180_f1.jpg,True,180,True,224,224,3,14334,fe586222fa6150ae0bcf84592098b8197c419c162f8cf9fb69a5cc002071c1ae
IMG_0222_r270_f0,train,Rutile,1,IMG_0222,/content/BSM-Project/data/raw/BSM/Rutile/50.jpg,GRP_0222,/content/BSM-Project/data/augmented/train/Rutile/50__r270_f0.jpg,True,270,False,224,224,3,12943,7dbcd067cf58f6287d2488ceb92bd1885344cccd0552b5f4d05a06c44261a9e8
IMG_0222_r270_f1,train,Rutile,1,IMG_0222,/content/BSM-Project/data/raw/BSM/Rutile/50.jpg,GRP_0222,/content/BSM-Project/data/augmented/train/Rutile/50__r270_f1.jpg,True,270,True,224,224,3,12948,b01c49436e17d4262f1ab31028ea990ea3285e67a37f775641ad24cd6ae059d7
IMG_0222_r30_f0,train,Rutile,1,IMG_0222,/content/BSM-Project/data/raw/BSM/Rutile/50.jpg,GRP_0222,/content/BSM-Project/data/augmented/train/Rutile/50__r30_f0.jpg,True,30,False,224,224,3,16366,190761b6744507e620b71ae662b7baa4d075ed5aa47f254676a3c897ea9e3485
IMG_0222_r30_f1,train,Rutile,1,IMG_0222,/content/BSM-Project/data/raw/BSM/Rutile/50.jpg,GRP_0222,/content/BSM-Project/data/augmented/train/Rutile/50__r30_f1.jpg,True,30,True,224,224,3,16391,421a44bf50c14eaa4f17f88e11271a25821784b0757f8e9f74d9eed85daaff2e
IMG_0222_r45_f0,train,Rutile,1,IMG_0222,/content/BSM-Project/data/raw/BSM/Rutile/50.jpg,GRP_0222,/content/BSM-Project/data/augmented/train/Rutile/50__r45_f0.jpg,True,45,False,224,224,3,15749,26bae6a10830ae6d81b949280011a581bcead138d17cc0f01e6315f31c177713
IMG_0222_r45_f1,train,Rutile,1,IMG_0222,/content/BSM-Project/data/raw/BSM/Rutile/50.jpg,GRP_0222,/content/BSM-Project/data/augmented/train/Rutile/50__r45_f1.jpg,True,45,True,224,224,3,15764,81dab3807854cc9c42e7d46501ea751fa8f30ba49873f71292587f94ac99f551
IMG_0222_r90_f0,train,Rutile,1,IMG_0222,/content/BSM-Project/data/raw/BSM/Rutile/50.jpg,GRP_0222,/content/BSM-Project/data/augmented/train/Rutile/50__r90_f0.jpg,True,90,False,224,224,3,12937,85d105e1b09e32e077f24157b9ac20775f7e2cf51fa77b290f87dde1600613db
IMG_0222_r90_f1,train,Rutile,1,IMG_0222,/content/BSM-Project/data/raw/BSM/Rutile/50.jpg,GRP_0222,/content/BSM-Project/data/augmented/train/Rutile/50__r90_f1.jpg,True,90,True,224,224,3,12945,6bd2590a1803cbde11412b9e096a237b30b657055f4d0e1d5e71b39075f557be
IMG_0223_r0_f0,train,Rutile,1,IMG_0223,/content/BSM-Project/data/raw/BSM/Rutile/51.jpg,GRP_0223,/content/BSM-Project/data/augmented/train/Rutile/51__r0_f0.jpg,True,0,False,224,224,3,11357,9b9b3562a20375ba92111b9669ce8be581183f6c53efb9d209bf727ff126078b
IMG_0223_r0_f1,train,Rutile,1,IMG_0223,/content/BSM-Project/data/raw/BSM/Rutile/51.jpg,GRP_0223,/content/BSM-Project/data/augmented/train/Rutile/51__r0_f1.jpg,True,0,True,224,224,3,11374,57a66050c79e2e096045f5d2e5007336ff39cb710d999bec82fd91bc6bd65fa9
IMG_0223_r180_f0,train,Rutile,1,IMG_0223,/content/BSM-Project/data/raw/BSM/Rutile/51.jpg,GRP_0223,/content/BSM-Project/data/augmented/train/Rutile/51__r180_f0.jpg,True,180,False,224,224,3,11368,7b102fd79d9dd843d88709b4838bcbb76b0c4e4b008cae5392c50d9e5f78a44f
IMG_0223_r180_f1,train,Rutile,1,IMG_0223,/content/BSM-Project/data/raw/BSM/Rutile/51.jpg,GRP_0223,/content/BSM-Project/data/augmented/train/Rutile/51__r180_f1.jpg,True,180,True,224,224,3,11365,f004ea724a4102887a394daf4337b064db893769bd2d893f28403f2a555100ac
IMG_0223_r270_f0,train,Rutile,1,IMG_0223,/content/BSM-Project/data/raw/BSM/Rutile/51.jpg,GRP_0223,/content/BSM-Project/data/augmented/train/Rutile/51__r270_f0.jpg,True,270,False,224,224,3,12480,012bd7ebe7d7cd3396759e927ee29fc0f9baa9dd75e30470f413f460135d8a34
IMG_0223_r270_f1,train,Rutile,1,IMG_0223,/content/BSM-Project/data/raw/BSM/Rutile/51.jpg,GRP_0223,/content/BSM-Project/data/augmented/train/Rutile/51__r270_f1.jpg,True,270,True,224,224,3,12488,23d3e50aad5dbb8f5fc82c1ff054766eb677ee5a023ca04d8d96772b38b0ace6
IMG_0223_r30_f0,train,Rutile,1,IMG_0223,/content/BSM-Project/data/raw/BSM/Rutile/51.jpg,GRP_0223,/content/BSM-Project/data/augmented/train/Rutile/51__r30_f0.jpg,True,30,False,224,224,3,14288,c4bac5180a8d4b18897f04de9a5ac2971ef95dcadc18f7da4b42ed8a99f10b0c
IMG_0223_r30_f1,train,Rutile,1,IMG_0223,/content/BSM-Project/data/raw/BSM/Rutile/51.jpg,GRP_0223,/content/BSM-Project/data/augmented/train/Rutile/51__r30_f1.jpg,True,30,True,224,224,3,14313,7b9890bbde1335c23a5bf086319685c25400aec12a58e93f77ba097fca6d3804
IMG_0223_r45_f0,train,Rutile,1,IMG_0223,/content/BSM-Project/data/raw/BSM/Rutile/51.jpg,GRP_0223,/content/BSM-Project/data/augmented/train/Rutile/51__r45_f0.jpg,True,45,False,224,224,3,13906,ffdb68d024e5887a4ce1f5f2920b9ff7fcfde24df90717d199e761d7319492c0
IMG_0223_r45_f1,train,Rutile,1,IMG_0223,/content/BSM-Project/data/raw/BSM/Rutile/51.jpg,GRP_0223,/content/BSM-Project/data/augmented/train/Rutile/51__r45_f1.jpg,True,45,True,224,224,3,13941,cfce92114dda3b2d856ab26a3126182fb91f881b72a999ea1a30dd11e67f654f
IMG_0223_r90_f0,train,Rutile,1,IMG_0223,/content/BSM-Project/data/raw/BSM/Rutile/51.jpg,GRP_0223,/content/BSM-Project/data/augmented/train/Rutile/51__r90_f0.jpg,True,90,False,224,224,3,12477,6e39492517fc7e210d0bd46b6ed1b520babc27d5161312fc75c955c2a42c0b8f
IMG_0223_r90_f1,train,Rutile,1,IMG_0223,/content/BSM-Project/data/raw/BSM/Rutile/51.jpg,GRP_0223,/content/BSM-Project/data/augmented/train/Rutile/51__r90_f1.jpg,True,90,True,224,224,3,12473,99e93f2f3d2ba79efaa1b1270c6fb6b73bfa955ddfde810ba448f48b55f0e16d
IMG_0224_r0_f0,train,Rutile,1,IMG_0224,/content/BSM-Project/data/raw/BSM/Rutile/52.jpg,GRP_0224,/content/BSM-Project/data/augmented/train/Rutile/52__r0_f0.jpg,True,0,False,224,224,3,16000,4448f7103602123e6beb799f65e9793d6f0babbb27a5f363700e4894d53a3c33
IMG_0224_r0_f1,train,Rutile,1,IMG_0224,/content/BSM-Project/data/raw/BSM/Rutile/52.jpg,GRP_0224,/content/BSM-Project/data/augmented/train/Rutile/52__r0_f1.jpg,True,0,True,224,224,3,16032,859563095fbb962268cef55f1bce024d721a2998834787de41c374f3224d51e1
IMG_0224_r180_f0,train,Rutile,1,IMG_0224,/content/BSM-Project/data/raw/BSM/Rutile/52.jpg,GRP_0224,/content/BSM-Project/data/augmented/train/Rutile/52__r180_f0.jpg,True,180,False,224,224,3,16015,bcc99ddf810393135e929d036a9d7ff2a64dcc1b2af4e889f9cb21c9b6856a24
IMG_0224_r180_f1,train,Rutile,1,IMG_0224,/content/BSM-Project/data/raw/BSM/Rutile/52.jpg,GRP_0224,/content/BSM-Project/data/augmented/train/Rutile/52__r180_f1.jpg,True,180,True,224,224,3,16037,db03261ead67561262e4e3e9814c329b8308ff0b85d16b2250e750c00e000bcb
IMG_0224_r270_f0,train,Rutile,1,IMG_0224,/content/BSM-Project/data/raw/BSM/Rutile/52.jpg,GRP_0224,/content/BSM-Project/data/augmented/train/Rutile/52__r270_f0.jpg,True,270,False,224,224,3,14199,35745179c4f3ba0c66c6e9b282fa4843207ba063cd628e547a45b5d97e3bc2a8
IMG_0224_r270_f1,train,Rutile,1,IMG_0224,/content/BSM-Project/data/raw/BSM/Rutile/52.jpg,GRP_0224,/content/BSM-Project/data/augmented/train/Rutile/52__r270_f1.jpg,True,270,True,224,224,3,14212,5aca8d49ae56829d12c66335000e0a90a09e57250f44e2ef4409ccc115405458
IMG_0224_r30_f0,train,Rutile,1,IMG_0224,/content/BSM-Project/data/raw/BSM/Rutile/52.jpg,GRP_0224,/content/BSM-Project/data/augmented/train/Rutile/52__r30_f0.jpg,True,30,False,224,224,3,17529,21ed9256e3dc7515381bb5bb0f99f07fb39cb55234eadba7baca756860d977d8
IMG_0224_r30_f1,train,Rutile,1,IMG_0224,/content/BSM-Project/data/raw/BSM/Rutile/52.jpg,GRP_0224,/content/BSM-Project/data/augmented/train/Rutile/52__r30_f1.jpg,True,30,True,224,224,3,17499,9141354c6a4490cdc01c58a59eafcf7f3b44637b74da677ebe8cabfb016aaa70
IMG_0224_r45_f0,train,Rutile,1,IMG_0224,/content/BSM-Project/data/raw/BSM/Rutile/52.jpg,GRP_0224,/content/BSM-Project/data/augmented/train/Rutile/52__r45_f0.jpg,True,45,False,224,224,3,17277,424d1788bb82fddfd521dd5f04998632bc605bf89117faf6904f5fe4a496de9d
IMG_0224_r45_f1,train,Rutile,1,IMG_0224,/content/BSM-Project/data/raw/BSM/Rutile/52.jpg,GRP_0224,/content/BSM-Project/data/augmented/train/Rutile/52__r45_f1.jpg,True,45,True,224,224,3,17261,50422e6ee8f15422aa596bf7158d505bd4f1b14aa59d09fe9e161bc0684f12af
IMG_0224_r90_f0,train,Rutile,1,IMG_0224,/content/BSM-Project/data/raw/BSM/Rutile/52.jpg,GRP_0224,/content/BSM-Project/data/augmented/train/Rutile/52__r90_f0.jpg,True,90,False,224,224,3,14220,58e77f2440f239dc6324737389f5e56b6096cd43681faa7dbaeff40f60944bb8
IMG_0224_r90_f1,train,Rutile,1,IMG_0224,/content/BSM-Project/data/raw/BSM/Rutile/52.jpg,GRP_0224,/content/BSM-Project/data/augmented/train/Rutile/52__r90_f1.jpg,True,90,True,224,224,3,14218,052efa0c5dbf3828d0f55921d6d1b1b8314c962baef2732c84ecdb9690e2f6ee
IMG_0225_r0_f0,train,Rutile,1,IMG_0225,/content/BSM-Project/data/raw/BSM/Rutile/53.jpg,GRP_0225,/content/BSM-Project/data/augmented/train/Rutile/53__r0_f0.jpg,True,0,False,224,224,3,15774,95289455950ec336e18cb8c717c9d9270e8e1016b177e3845ca7592bc2b35bc4
IMG_0225_r0_f1,train,Rutile,1,IMG_0225,/content/BSM-Project/data/raw/BSM/Rutile/53.jpg,GRP_0225,/content/BSM-Project/data/augmented/train/Rutile/53__r0_f1.jpg,True,0,True,224,224,3,15769,bb45422f798f163378c811f0ad5b9f3af596457585726a3e1a90fc4ab6d7606e
IMG_0225_r180_f0,train,Rutile,1,IMG_0225,/content/BSM-Project/data/raw/BSM/Rutile/53.jpg,GRP_0225,/content/BSM-Project/data/augmented/train/Rutile/53__r180_f0.jpg,True,180,False,224,224,3,15754,c8c144cf84f474d3a70a4ba48fdfcca1be45366ab99a82d1de5fa1ff2bbe250b
IMG_0225_r180_f1,train,Rutile,1,IMG_0225,/content/BSM-Project/data/raw/BSM/Rutile/53.jpg,GRP_0225,/content/BSM-Project/data/augmented/train/Rutile/53__r180_f1.jpg,True,180,True,224,224,3,15778,a236f36817990884f930ff85ebad527f458e271c5ac09615fb079fde9c0a793c
IMG_0225_r270_f0,train,Rutile,1,IMG_0225,/content/BSM-Project/data/raw/BSM/Rutile/53.jpg,GRP_0225,/content/BSM-Project/data/augmented/train/Rutile/53__r270_f0.jpg,True,270,False,224,224,3,12388,7a7e1a4ab131234a2952f3329682ef59c7b59776a32e77492107aa868b9481e7
IMG_0225_r270_f1,train,Rutile,1,IMG_0225,/content/BSM-Project/data/raw/BSM/Rutile/53.jpg,GRP_0225,/content/BSM-Project/data/augmented/train/Rutile/53__r270_f1.jpg,True,270,True,224,224,3,12391,b17af5daff2c449922559f86cc596d1ff305ab6b17623b05be45b0f0b3032f7b
IMG_0225_r30_f0,train,Rutile,1,IMG_0225,/content/BSM-Project/data/raw/BSM/Rutile/53.jpg,GRP_0225,/content/BSM-Project/data/augmented/train/Rutile/53__r30_f0.jpg,True,30,False,224,224,3,15234,f9d0dac418b94200af647c731bcd3e858da67df72c0870d1d5d9a06df40eda41
IMG_0225_r30_f1,train,Rutile,1,IMG_0225,/content/BSM-Project/data/raw/BSM/Rutile/53.jpg,GRP_0225,/content/BSM-Project/data/augmented/train/Rutile/53__r30_f1.jpg,True,30,True,224,224,3,15284,d36438ec404bda9dcb9e855bfe9c614a35a699d3ac712ee1ea9280a18e34d4d9
IMG_0225_r45_f0,train,Rutile,1,IMG_0225,/content/BSM-Project/data/raw/BSM/Rutile/53.jpg,GRP_0225,/content/BSM-Project/data/augmented/train/Rutile/53__r45_f0.jpg,True,45,False,224,224,3,14732,cbacc9de82c12d2d2c6ddbe4fbf0933688fdb3a5560b9af609afa8376813cd4e
IMG_0225_r45_f1,train,Rutile,1,IMG_0225,/content/BSM-Project/data/raw/BSM/Rutile/53.jpg,GRP_0225,/content/BSM-Project/data/augmented/train/Rutile/53__r45_f1.jpg,True,45,True,224,224,3,14761,f4cfeb27140f2f12948ff5bf976790cae9a07cdd50fad1e8ba567849f3c96ace
IMG_0225_r90_f0,train,Rutile,1,IMG_0225,/content/BSM-Project/data/raw/BSM/Rutile/53.jpg,GRP_0225,/content/BSM-Project/data/augmented/train/Rutile/53__r90_f0.jpg,True,90,False,224,224,3,12381,b91d76ae9749170870a174357666af7e8bb421ff3aabf2304c4415c6d0d49e1a
IMG_0225_r90_f1,train,Rutile,1,IMG_0225,/content/BSM-Project/data/raw/BSM/Rutile/53.jpg,GRP_0225,/content/BSM-Project/data/augmented/train/Rutile/53__r90_f1.jpg,True,90,True,224,224,3,12396,2793f2387786318861ebcc303d8aeed027b9c69f98c3a979ee62d54fca626a3b
IMG_0226_r0_f0,train,Rutile,1,IMG_0226,/content/BSM-Project/data/raw/BSM/Rutile/54.jpg,GRP_0226,/content/BSM-Project/data/augmented/train/Rutile/54__r0_f0.jpg,True,0,False,224,224,3,11725,86d4adbd1d2c85119946a1a4ea589f930f2c8aaa01adf7ce7fd75f33ddb5ef1e
IMG_0226_r0_f1,train,Rutile,1,IMG_0226,/content/BSM-Project/data/raw/BSM/Rutile/54.jpg,GRP_0226,/content/BSM-Project/data/augmented/train/Rutile/54__r0_f1.jpg,True,0,True,224,224,3,11727,9284950391997c6bdebd51004223dd399282ec83cf3ff1e6904c806ee5504481
IMG_0226_r180_f0,train,Rutile,1,IMG_0226,/content/BSM-Project/data/raw/BSM/Rutile/54.jpg,GRP_0226,/content/BSM-Project/data/augmented/train/Rutile/54__r180_f0.jpg,True,180,False,224,224,3,11727,ff61dfa9784cd762cf77216bb5f10e4dafbd15d4387b8f39c14da02a2590cd76
IMG_0226_r180_f1,train,Rutile,1,IMG_0226,/content/BSM-Project/data/raw/BSM/Rutile/54.jpg,GRP_0226,/content/BSM-Project/data/augmented/train/Rutile/54__r180_f1.jpg,True,180,True,224,224,3,11714,751ccb34a6b33654dc98c10eaf89859f258ef46968c633551247d30f92ce3107
IMG_0226_r270_f0,train,Rutile,1,IMG_0226,/content/BSM-Project/data/raw/BSM/Rutile/54.jpg,GRP_0226,/content/BSM-Project/data/augmented/train/Rutile/54__r270_f0.jpg,True,270,False,224,224,3,12516,c6152572490aebeba669521431310b01f6208a3695dfe8bac7bc6a5924fe14b5
IMG_0226_r270_f1,train,Rutile,1,IMG_0226,/content/BSM-Project/data/raw/BSM/Rutile/54.jpg,GRP_0226,/content/BSM-Project/data/augmented/train/Rutile/54__r270_f1.jpg,True,270,True,224,224,3,12542,b5b019b7208afd68b01e8efe763bbdab38f949485ebe8b1baa71a3ad3f71b8ba
IMG_0226_r30_f0,train,Rutile,1,IMG_0226,/content/BSM-Project/data/raw/BSM/Rutile/54.jpg,GRP_0226,/content/BSM-Project/data/augmented/train/Rutile/54__r30_f0.jpg,True,30,False,224,224,3,15176,08a9fd934fc8ef6d24c7b16410da462e09aaab1d722e00c25f9a25bc3a9a73c3
IMG_0226_r30_f1,train,Rutile,1,IMG_0226,/content/BSM-Project/data/raw/BSM/Rutile/54.jpg,GRP_0226,/content/BSM-Project/data/augmented/train/Rutile/54__r30_f1.jpg,True,30,True,224,224,3,15177,8f504825431a07397705b8b8fe8701fcce1de0a5957e701db61904f351fb8958
IMG_0226_r45_f0,train,Rutile,1,IMG_0226,/content/BSM-Project/data/raw/BSM/Rutile/54.jpg,GRP_0226,/content/BSM-Project/data/augmented/train/Rutile/54__r45_f0.jpg,True,45,False,224,224,3,14916,eaafd0711a247507ec88a36e49b54f0050bf4692917919b8f0119428f587327a
IMG_0226_r45_f1,train,Rutile,1,IMG_0226,/content/BSM-Project/data/raw/BSM/Rutile/54.jpg,GRP_0226,/content/BSM-Project/data/augmented/train/Rutile/54__r45_f1.jpg,True,45,True,224,224,3,14951,34d188af6e22b23fced3e4f4d9c2fbd055b46a1f004830fe40ff4a35978ccbd9
IMG_0226_r90_f0,train,Rutile,1,IMG_0226,/content/BSM-Project/data/raw/BSM/Rutile/54.jpg,GRP_0226,/content/BSM-Project/data/augmented/train/Rutile/54__r90_f0.jpg,True,90,False,224,224,3,12548,e065454b5fcda7f95732f9e49424644f9339456aa1672604868dfc4a83698333
IMG_0226_r90_f1,train,Rutile,1,IMG_0226,/content/BSM-Project/data/raw/BSM/Rutile/54.jpg,GRP_0226,/content/BSM-Project/data/augmented/train/Rutile/54__r90_f1.jpg,True,90,True,224,224,3,12528,84680e4aca8c9c897a36f2d704f3973d6b2d23d8c445f69fbf7db5852b5d8cd5
IMG_0227_r0_f0,train,Rutile,1,IMG_0227,/content/BSM-Project/data/raw/BSM/Rutile/55.jpg,GRP_0227,/content/BSM-Project/data/augmented/train/Rutile/55__r0_f0.jpg,True,0,False,224,224,3,16223,5688ffc5cd829b58baf815569afe14270458c9f930a77f62aea7465a12bc4570
IMG_0227_r0_f1,train,Rutile,1,IMG_0227,/content/BSM-Project/data/raw/BSM/Rutile/55.jpg,GRP_0227,/content/BSM-Project/data/augmented/train/Rutile/55__r0_f1.jpg,True,0,True,224,224,3,16198,7e9ede322ec4a08bc7ae5b86bcbe92216a18d47bb5a422f8a1f6768173206ab9
IMG_0227_r180_f0,train,Rutile,1,IMG_0227,/content/BSM-Project/data/raw/BSM/Rutile/55.jpg,GRP_0227,/content/BSM-Project/data/augmented/train/Rutile/55__r180_f0.jpg,True,180,False,224,224,3,16202,95986a7982d3807adc07b7ac5861793aff7bfc4825a0e9b74d0935d223b42ba6
IMG_0227_r180_f1,train,Rutile,1,IMG_0227,/content/BSM-Project/data/raw/BSM/Rutile/55.jpg,GRP_0227,/content/BSM-Project/data/augmented/train/Rutile/55__r180_f1.jpg,True,180,True,224,224,3,16212,31513bc0c2a935523822360de38835f1fd598a039477d22406a0c45c780b5365
IMG_0227_r270_f0,train,Rutile,1,IMG_0227,/content/BSM-Project/data/raw/BSM/Rutile/55.jpg,GRP_0227,/content/BSM-Project/data/augmented/train/Rutile/55__r270_f0.jpg,True,270,False,224,224,3,13026,d0fd7338fb616d80af93534c1b26c8d369b9d07412a03bc8ed725110cb601035
IMG_0227_r270_f1,train,Rutile,1,IMG_0227,/content/BSM-Project/data/raw/BSM/Rutile/55.jpg,GRP_0227,/content/BSM-Project/data/augmented/train/Rutile/55__r270_f1.jpg,True,270,True,224,224,3,13018,b52c37a9fea030c1052f1ea899af25124aea519a0f6f5cd5d8798133c31acce8
IMG_0227_r30_f0,train,Rutile,1,IMG_0227,/content/BSM-Project/data/raw/BSM/Rutile/55.jpg,GRP_0227,/content/BSM-Project/data/augmented/train/Rutile/55__r30_f0.jpg,True,30,False,224,224,3,18137,85bd746a952a1509dbfe8a3e164911abbdb669d9a63b93ec65354bedae576e14
IMG_0227_r30_f1,train,Rutile,1,IMG_0227,/content/BSM-Project/data/raw/BSM/Rutile/55.jpg,GRP_0227,/content/BSM-Project/data/augmented/train/Rutile/55__r30_f1.jpg,True,30,True,224,224,3,18212,67e2896b15392e4e7b6b4c9b4e39398feb6abb5f68bc6a014639edb244018c54
IMG_0227_r45_f0,train,Rutile,1,IMG_0227,/content/BSM-Project/data/raw/BSM/Rutile/55.jpg,GRP_0227,/content/BSM-Project/data/augmented/train/Rutile/55__r45_f0.jpg,True,45,False,224,224,3,17303,0ed28b7105e94cf0135d27c3eec6fb61a84ec4108e7c9aae2d661a4ad7093291
IMG_0227_r45_f1,train,Rutile,1,IMG_0227,/content/BSM-Project/data/raw/BSM/Rutile/55.jpg,GRP_0227,/content/BSM-Project/data/augmented/train/Rutile/55__r45_f1.jpg,True,45,True,224,224,3,17344,7611b3bfd4ae65b98106b6415a15d82d5d2df7d4f5e2e1ef82a054c3a01bb9bc
IMG_0227_r90_f0,train,Rutile,1,IMG_0227,/content/BSM-Project/data/raw/BSM/Rutile/55.jpg,GRP_0227,/content/BSM-Project/data/augmented/train/Rutile/55__r90_f0.jpg,True,90,False,224,224,3,13013,43f58015c5681705a76f67d7a6b4436170644b90bdfc0d31e21d9c0a49fe3f9c
IMG_0227_r90_f1,train,Rutile,1,IMG_0227,/content/BSM-Project/data/raw/BSM/Rutile/55.jpg,GRP_0227,/content/BSM-Project/data/augmented/train/Rutile/55__r90_f1.jpg,True,90,True,224,224,3,13026,deba9aeda23d3235a0f41d6e5350ac3dffeaa2f5ae9d4b69dc8c39b0935556e9
IMG_0228_r0_f0,train,Rutile,1,IMG_0228,/content/BSM-Project/data/raw/BSM/Rutile/56.jpg,GRP_0228,/content/BSM-Project/data/augmented/train/Rutile/56__r0_f0.jpg,True,0,False,224,224,3,14251,05a5296031eeb71ca21bf7af2ba48e7b0076d76669926db94d8ea4ca9e04e6e0
IMG_0228_r0_f1,train,Rutile,1,IMG_0228,/content/BSM-Project/data/raw/BSM/Rutile/56.jpg,GRP_0228,/content/BSM-Project/data/augmented/train/Rutile/56__r0_f1.jpg,True,0,True,224,224,3,14254,4a8cdfe3f524d197abc6b132eb437e82c2d0e4a87ac15da7497ae200aee8b0ef
IMG_0228_r180_f0,train,Rutile,1,IMG_0228,/content/BSM-Project/data/raw/BSM/Rutile/56.jpg,GRP_0228,/content/BSM-Project/data/augmented/train/Rutile/56__r180_f0.jpg,True,180,False,224,224,3,14247,3edb8df904d8eb8d4f1fa49d73a4271c6c8f110af51998c48581c67a14ebd1c1
IMG_0228_r180_f1,train,Rutile,1,IMG_0228,/content/BSM-Project/data/raw/BSM/Rutile/56.jpg,GRP_0228,/content/BSM-Project/data/augmented/train/Rutile/56__r180_f1.jpg,True,180,True,224,224,3,14259,b5b5537a7ceb37716fb0be459aab1aaf26bb3d46e126e69f557eba99da58af9c
IMG_0228_r270_f0,train,Rutile,1,IMG_0228,/content/BSM-Project/data/raw/BSM/Rutile/56.jpg,GRP_0228,/content/BSM-Project/data/augmented/train/Rutile/56__r270_f0.jpg,True,270,False,224,224,3,14685,04b398e9403c998619451035489743eb38fd534f513ea82751cd1a49f7b95d35
IMG_0228_r270_f1,train,Rutile,1,IMG_0228,/content/BSM-Project/data/raw/BSM/Rutile/56.jpg,GRP_0228,/content/BSM-Project/data/augmented/train/Rutile/56__r270_f1.jpg,True,270,True,224,224,3,14701,eed7052a1cfa4165a35aa93019da98fd053cdde62a10d37b648d6de4f5f5f69c
IMG_0228_r30_f0,train,Rutile,1,IMG_0228,/content/BSM-Project/data/raw/BSM/Rutile/56.jpg,GRP_0228,/content/BSM-Project/data/augmented/train/Rutile/56__r30_f0.jpg,True,30,False,224,224,3,17690,545cdf76fedd5762387288e4c823b8a81a1ce58bd4abc6e7a9ec4ac7236983b4
IMG_0228_r30_f1,train,Rutile,1,IMG_0228,/content/BSM-Project/data/raw/BSM/Rutile/56.jpg,GRP_0228,/content/BSM-Project/data/augmented/train/Rutile/56__r30_f1.jpg,True,30,True,224,224,3,17707,8739fdb932b84148ef8ea8a333391ab8d3abb73f0df5ecf634cb04045d01b11b
IMG_0228_r45_f0,train,Rutile,1,IMG_0228,/content/BSM-Project/data/raw/BSM/Rutile/56.jpg,GRP_0228,/content/BSM-Project/data/augmented/train/Rutile/56__r45_f0.jpg,True,45,False,224,224,3,17250,d9fb45275193ab4da1f7c54bdb245bcdca9c29af4e004816f3c648f98601ab5d
IMG_0228_r45_f1,train,Rutile,1,IMG_0228,/content/BSM-Project/data/raw/BSM/Rutile/56.jpg,GRP_0228,/content/BSM-Project/data/augmented/train/Rutile/56__r45_f1.jpg,True,45,True,224,224,3,17283,80ee718c10d7182cb865d8d2103c69a4e98fc79fa0c0d55ec5a1fadd724b512b
IMG_0228_r90_f0,train,Rutile,1,IMG_0228,/content/BSM-Project/data/raw/BSM/Rutile/56.jpg,GRP_0228,/content/BSM-Project/data/augmented/train/Rutile/56__r90_f0.jpg,True,90,False,224,224,3,14696,90de35f15192885219c88594222a9119d390adfdc414e75413c590a2adfa6df5
IMG_0228_r90_f1,train,Rutile,1,IMG_0228,/content/BSM-Project/data/raw/BSM/Rutile/56.jpg,GRP_0228,/content/BSM-Project/data/augmented/train/Rutile/56__r90_f1.jpg,True,90,True,224,224,3,14674,1a0510c095b326645a538270801390aaebb80adda77cdefb061dda4db982f4cc
IMG_0232_r0_f0,train,Rutile,1,IMG_0232,/content/BSM-Project/data/raw/BSM/Rutile/6.jpg,GRP_0232,/content/BSM-Project/data/augmented/train/Rutile/6__r0_f0.jpg,True,0,False,224,224,3,6625,5fdf69a2378713b0a8fd8843206b60a2ec73f0c7fcae9b2486d551779dba49e2
IMG_0232_r0_f1,train,Rutile,1,IMG_0232,/content/BSM-Project/data/raw/BSM/Rutile/6.jpg,GRP_0232,/content/BSM-Project/data/augmented/train/Rutile/6__r0_f1.jpg,True,0,True,224,224,3,6627,5e58beb4a6dbc34cbc1331969e8e02fa09be5ec4a010a6a779d752528f489d5b
IMG_0232_r180_f0,train,Rutile,1,IMG_0232,/content/BSM-Project/data/raw/BSM/Rutile/6.jpg,GRP_0232,/content/BSM-Project/data/augmented/train/Rutile/6__r180_f0.jpg,True,180,False,224,224,3,6611,4dda4aeaf9631aaca89e373410b6f3deee57dac4d97febfcd165950cc756673f
IMG_0232_r180_f1,train,Rutile,1,IMG_0232,/content/BSM-Project/data/raw/BSM/Rutile/6.jpg,GRP_0232,/content/BSM-Project/data/augmented/train/Rutile/6__r180_f1.jpg,True,180,True,224,224,3,6622,4dfabee166c75f91df90a6430320792788dcbfd5277023d2a574488f1f24bd4f
IMG_0232_r270_f0,train,Rutile,1,IMG_0232,/content/BSM-Project/data/raw/BSM/Rutile/6.jpg,GRP_0232,/content/BSM-Project/data/augmented/train/Rutile/6__r270_f0.jpg,True,270,False,224,224,3,7316,f61e9d0bee5d129ed8b8c257af356df71609f3ccc14a08492451b9c9fb87e271
IMG_0232_r270_f1,train,Rutile,1,IMG_0232,/content/BSM-Project/data/raw/BSM/Rutile/6.jpg,GRP_0232,/content/BSM-Project/data/augmented/train/Rutile/6__r270_f1.jpg,True,270,True,224,224,3,7320,82677c7622d16243b8a5c7f43645bf04220c4cfd2c1119fb723c969ac6a27a38
IMG_0232_r30_f0,train,Rutile,1,IMG_0232,/content/BSM-Project/data/raw/BSM/Rutile/6.jpg,GRP_0232,/content/BSM-Project/data/augmented/train/Rutile/6__r30_f0.jpg,True,30,False,224,224,3,10073,950b7b9d861cec1c4693d564cad6e281dea7f46ed2a2d94df6aebf5724e58f6b
IMG_0232_r30_f1,train,Rutile,1,IMG_0232,/content/BSM-Project/data/raw/BSM/Rutile/6.jpg,GRP_0232,/content/BSM-Project/data/augmented/train/Rutile/6__r30_f1.jpg,True,30,True,224,224,3,10130,b4f6944b643ebdebfdb7e59ef999723fadac24490333dc032ba64f8233c79b8e
IMG_0232_r45_f0,train,Rutile,1,IMG_0232,/content/BSM-Project/data/raw/BSM/Rutile/6.jpg,GRP_0232,/content/BSM-Project/data/augmented/train/Rutile/6__r45_f0.jpg,True,45,False,224,224,3,10302,13db6b70bf592f14457a6fcfe734c6279d6cfee40c32c474df541479c916db01
IMG_0232_r45_f1,train,Rutile,1,IMG_0232,/content/BSM-Project/data/raw/BSM/Rutile/6.jpg,GRP_0232,/content/BSM-Project/data/augmented/train/Rutile/6__r45_f1.jpg,True,45,True,224,224,3,10365,5cd7544c2b7557b7622c3ed791db2483408bd427172f81df9c26079729022375
IMG_0232_r90_f0,train,Rutile,1,IMG_0232,/content/BSM-Project/data/raw/BSM/Rutile/6.jpg,GRP_0232,/content/BSM-Project/data/augmented/train/Rutile/6__r90_f0.jpg,True,90,False,224,224,3,7313,79ef95c36956b005242bb91977e684e437717f7fdca1c84fabd15cbc267891d3
IMG_0232_r90_f1,train,Rutile,1,IMG_0232,/content/BSM-Project/data/raw/BSM/Rutile/6.jpg,GRP_0232,/content/BSM-Project/data/augmented/train/Rutile/6__r90_f1.jpg,True,90,True,224,224,3,7325,a1fd4c8658ed2929384d117d7d1da4f6adea8f9f3646e11dd4ff18f2c54b8ddb
IMG_0233_r0_f0,train,Rutile,1,IMG_0233,/content/BSM-Project/data/raw/BSM/Rutile/60.jpg,GRP_0233,/content/BSM-Project/data/augmented/train/Rutile/60__r0_f0.jpg,True,0,False,224,224,3,17967,26e7c34c5db0b53baee4b2e38f92975828e74e8b50557b97da35ab774da86884
IMG_0233_r0_f1,train,Rutile,1,IMG_0233,/content/BSM-Project/data/raw/BSM/Rutile/60.jpg,GRP_0233,/content/BSM-Project/data/augmented/train/Rutile/60__r0_f1.jpg,True,0,True,224,224,3,17964,dd0dd94265edc3f1198bbd3d9d47e2b3d0a878dd54547a45bdd56c11dc28ff17
IMG_0233_r180_f0,train,Rutile,1,IMG_0233,/content/BSM-Project/data/raw/BSM/Rutile/60.jpg,GRP_0233,/content/BSM-Project/data/augmented/train/Rutile/60__r180_f0.jpg,True,180,False,224,224,3,17970,2a6884d993bf29d35822df952f1dcb93be129add54ea61c568452a11564262d5
IMG_0233_r180_f1,train,Rutile,1,IMG_0233,/content/BSM-Project/data/raw/BSM/Rutile/60.jpg,GRP_0233,/content/BSM-Project/data/augmented/train/Rutile/60__r180_f1.jpg,True,180,True,224,224,3,17972,b0414cf5546bbe86b445787e5496d286174b178ca405a8b37371de3d74f5e9f4
IMG_0233_r270_f0,train,Rutile,1,IMG_0233,/content/BSM-Project/data/raw/BSM/Rutile/60.jpg,GRP_0233,/content/BSM-Project/data/augmented/train/Rutile/60__r270_f0.jpg,True,270,False,224,224,3,14624,88d7b4c198bd7fd48ca151fb1357b8caed8682d00014f0f7295081544d13ac89
IMG_0233_r270_f1,train,Rutile,1,IMG_0233,/content/BSM-Project/data/raw/BSM/Rutile/60.jpg,GRP_0233,/content/BSM-Project/data/augmented/train/Rutile/60__r270_f1.jpg,True,270,True,224,224,3,14586,66c139f4280794092f6384bcb7809570b4f184599b87d1066feb4f9d13eaf435
IMG_0233_r30_f0,train,Rutile,1,IMG_0233,/content/BSM-Project/data/raw/BSM/Rutile/60.jpg,GRP_0233,/content/BSM-Project/data/augmented/train/Rutile/60__r30_f0.jpg,True,30,False,224,224,3,18819,be09efbc588aac4ab3bb183a8ac5b41753fc424d1482aa17c0f06d5f7b4362a4
IMG_0233_r30_f1,train,Rutile,1,IMG_0233,/content/BSM-Project/data/raw/BSM/Rutile/60.jpg,GRP_0233,/content/BSM-Project/data/augmented/train/Rutile/60__r30_f1.jpg,True,30,True,224,224,3,18841,63d0c2ea04c3e6d662f823de57131b8d731fd6ed382cc747a3e3458e812dae9c
IMG_0233_r45_f0,train,Rutile,1,IMG_0233,/content/BSM-Project/data/raw/BSM/Rutile/60.jpg,GRP_0233,/content/BSM-Project/data/augmented/train/Rutile/60__r45_f0.jpg,True,45,False,224,224,3,18288,e9c95fdf72745e8b8488923ee789faaedcf9d701472488ed3e6c65d93f652fbb
IMG_0233_r45_f1,train,Rutile,1,IMG_0233,/content/BSM-Project/data/raw/BSM/Rutile/60.jpg,GRP_0233,/content/BSM-Project/data/augmented/train/Rutile/60__r45_f1.jpg,True,45,True,224,224,3,18299,9e24830ddb64c4c2af3f05fe6d59bebe8733f4063633a3f2c162d59c77fd57a7
IMG_0233_r90_f0,train,Rutile,1,IMG_0233,/content/BSM-Project/data/raw/BSM/Rutile/60.jpg,GRP_0233,/content/BSM-Project/data/augmented/train/Rutile/60__r90_f0.jpg,True,90,False,224,224,3,14614,8b48b78eb8d3a179da0f9badac5d8121d23218de6bdfa635ee057c05953f690e
IMG_0233_r90_f1,train,Rutile,1,IMG_0233,/content/BSM-Project/data/raw/BSM/Rutile/60.jpg,GRP_0233,/content/BSM-Project/data/augmented/train/Rutile/60__r90_f1.jpg,True,90,True,224,224,3,14612,5cd6a09f28349fc4bbcbeb1a3cf394f4ffc97870fa1759b04d2e970b5ccae4f7
IMG_0234_r0_f0,train,Rutile,1,IMG_0234,/content/BSM-Project/data/raw/BSM/Rutile/61.jpg,GRP_0234,/content/BSM-Project/data/augmented/train/Rutile/61__r0_f0.jpg,True,0,False,224,224,3,12420,8bfed231a297b99ac72899a45a46fe6579c24d0ef25237ee48de5625809459f3
IMG_0234_r0_f1,train,Rutile,1,IMG_0234,/content/BSM-Project/data/raw/BSM/Rutile/61.jpg,GRP_0234,/content/BSM-Project/data/augmented/train/Rutile/61__r0_f1.jpg,True,0,True,224,224,3,12429,2ad5a8a961d97b3390d3961678b439bb6529e696d7806868d5237a18dc22723d
IMG_0234_r180_f0,train,Rutile,1,IMG_0234,/content/BSM-Project/data/raw/BSM/Rutile/61.jpg,GRP_0234,/content/BSM-Project/data/augmented/train/Rutile/61__r180_f0.jpg,True,180,False,224,224,3,12435,a9cc9f4e82744f58a19f310209635110444f3e795291da53bf5ea31400066c77
IMG_0234_r180_f1,train,Rutile,1,IMG_0234,/content/BSM-Project/data/raw/BSM/Rutile/61.jpg,GRP_0234,/content/BSM-Project/data/augmented/train/Rutile/61__r180_f1.jpg,True,180,True,224,224,3,12421,208fe13554c60543aca5744931033d2a2d76dd297e1108b8cb84c149943630b0
IMG_0234_r270_f0,train,Rutile,1,IMG_0234,/content/BSM-Project/data/raw/BSM/Rutile/61.jpg,GRP_0234,/content/BSM-Project/data/augmented/train/Rutile/61__r270_f0.jpg,True,270,False,224,224,3,12548,df23f2e84cd9325d419003fb5e3637f703874cf38031b931ae43521f2eb2306d
IMG_0234_r270_f1,train,Rutile,1,IMG_0234,/content/BSM-Project/data/raw/BSM/Rutile/61.jpg,GRP_0234,/content/BSM-Project/data/augmented/train/Rutile/61__r270_f1.jpg,True,270,True,224,224,3,12568,2d63bd74b85bc49d73df9f6da61f3ee86f3184fe920cf5a962b4efdc25175095
IMG_0234_r30_f0,train,Rutile,1,IMG_0234,/content/BSM-Project/data/raw/BSM/Rutile/61.jpg,GRP_0234,/content/BSM-Project/data/augmented/train/Rutile/61__r30_f0.jpg,True,30,False,224,224,3,15254,bf6043fa3e3b242a59b217d240ce355991c699614f0d1c95dcdb0e85c725be23
IMG_0234_r30_f1,train,Rutile,1,IMG_0234,/content/BSM-Project/data/raw/BSM/Rutile/61.jpg,GRP_0234,/content/BSM-Project/data/augmented/train/Rutile/61__r30_f1.jpg,True,30,True,224,224,3,15271,4085c096e40c477e1be20c6eef9a1fd25b9c10532c32fdae38e3121869bdbfa7
IMG_0234_r45_f0,train,Rutile,1,IMG_0234,/content/BSM-Project/data/raw/BSM/Rutile/61.jpg,GRP_0234,/content/BSM-Project/data/augmented/train/Rutile/61__r45_f0.jpg,True,45,False,224,224,3,14966,4e8630deca7982d0b69ebf833f10f679509a2781ceed38dcbecc99bee1b1877a
IMG_0234_r45_f1,train,Rutile,1,IMG_0234,/content/BSM-Project/data/raw/BSM/Rutile/61.jpg,GRP_0234,/content/BSM-Project/data/augmented/train/Rutile/61__r45_f1.jpg,True,45,True,224,224,3,14978,33649a170694493362bd801229cde09cc5e39205a7f4ee7d2d1c1449cbd339a4
IMG_0234_r90_f0,train,Rutile,1,IMG_0234,/content/BSM-Project/data/raw/BSM/Rutile/61.jpg,GRP_0234,/content/BSM-Project/data/augmented/train/Rutile/61__r90_f0.jpg,True,90,False,224,224,3,12545,60287397e0769a21c512cdacc020649aac9f8f928b513b9d7a027b8bc99620f5
IMG_0234_r90_f1,train,Rutile,1,IMG_0234,/content/BSM-Project/data/raw/BSM/Rutile/61.jpg,GRP_0234,/content/BSM-Project/data/augmented/train/Rutile/61__r90_f1.jpg,True,90,True,224,224,3,12545,7d93bf183ca606a83e14e0a5c2ed765504fce1ddf4ef492725e8b4f3209016de
IMG_0235_r0_f0,train,Rutile,1,IMG_0235,/content/BSM-Project/data/raw/BSM/Rutile/62.jpg,GRP_0235,/content/BSM-Project/data/augmented/train/Rutile/62__r0_f0.jpg,True,0,False,224,224,3,22097,d898f4b1f2c20c7959561b21a74e44c45bd7c46f8723111bb381c81c07c7bf1a
IMG_0235_r0_f1,train,Rutile,1,IMG_0235,/content/BSM-Project/data/raw/BSM/Rutile/62.jpg,GRP_0235,/content/BSM-Project/data/augmented/train/Rutile/62__r0_f1.jpg,True,0,True,224,224,3,22089,3f619cc9c611d6b893ae217e58ce2baa38e7f61fa60f6878e8a986693f7bcf9b
IMG_0235_r180_f0,train,Rutile,1,IMG_0235,/content/BSM-Project/data/raw/BSM/Rutile/62.jpg,GRP_0235,/content/BSM-Project/data/augmented/train/Rutile/62__r180_f0.jpg,True,180,False,224,224,3,22087,1d80b448c3c9aa659dba2a9ff9276158ee8efc1fbbd0c2e0f6916f0f35981694
IMG_0235_r180_f1,train,Rutile,1,IMG_0235,/content/BSM-Project/data/raw/BSM/Rutile/62.jpg,GRP_0235,/content/BSM-Project/data/augmented/train/Rutile/62__r180_f1.jpg,True,180,True,224,224,3,22093,c1e7bc5b6393ce47f50d55f309f37e08fcf0595c71065b9f1876a2bb398349c3
IMG_0235_r270_f0,train,Rutile,1,IMG_0235,/content/BSM-Project/data/raw/BSM/Rutile/62.jpg,GRP_0235,/content/BSM-Project/data/augmented/train/Rutile/62__r270_f0.jpg,True,270,False,224,224,3,18364,17e57f9f54542658ffb1beb9e82ae64b64f8689f60eb0c544ea8ba132d679b2e
IMG_0235_r270_f1,train,Rutile,1,IMG_0235,/content/BSM-Project/data/raw/BSM/Rutile/62.jpg,GRP_0235,/content/BSM-Project/data/augmented/train/Rutile/62__r270_f1.jpg,True,270,True,224,224,3,18374,5414ca39ec46964abbb1776fc4558949bbba9f25f6f3a502b746f0922090141e
IMG_0235_r30_f0,train,Rutile,1,IMG_0235,/content/BSM-Project/data/raw/BSM/Rutile/62.jpg,GRP_0235,/content/BSM-Project/data/augmented/train/Rutile/62__r30_f0.jpg,True,30,False,224,224,3,21255,d47d99a6e5cb487d612150f33985a02f931e8935a3aeea503ce5f80ed133ed01
IMG_0235_r30_f1,train,Rutile,1,IMG_0235,/content/BSM-Project/data/raw/BSM/Rutile/62.jpg,GRP_0235,/content/BSM-Project/data/augmented/train/Rutile/62__r30_f1.jpg,True,30,True,224,224,3,21267,0cd4d2aaeb319df00041eb37dcca244548c50190ef7ca2ac1d14119f7a50f55d
IMG_0235_r45_f0,train,Rutile,1,IMG_0235,/content/BSM-Project/data/raw/BSM/Rutile/62.jpg,GRP_0235,/content/BSM-Project/data/augmented/train/Rutile/62__r45_f0.jpg,True,45,False,224,224,3,20488,de6a5bc45be983ddbd7ad08ba27404fec5cb3ec9af8e4870a536122aabd43a95
IMG_0235_r45_f1,train,Rutile,1,IMG_0235,/content/BSM-Project/data/raw/BSM/Rutile/62.jpg,GRP_0235,/content/BSM-Project/data/augmented/train/Rutile/62__r45_f1.jpg,True,45,True,224,224,3,20532,cceba670e9f6e5277ae37e10fda0ec16ef97ff4357b4425c811450099afea841
IMG_0235_r90_f0,train,Rutile,1,IMG_0235,/content/BSM-Project/data/raw/BSM/Rutile/62.jpg,GRP_0235,/content/BSM-Project/data/augmented/train/Rutile/62__r90_f0.jpg,True,90,False,224,224,3,18374,588bf9547726d5f9383f37b670ff5ae2ad62eb94d31701322423a74454b91f5f
IMG_0235_r90_f1,train,Rutile,1,IMG_0235,/content/BSM-Project/data/raw/BSM/Rutile/62.jpg,GRP_0235,/content/BSM-Project/data/augmented/train/Rutile/62__r90_f1.jpg,True,90,True,224,224,3,18374,c2f64aee3f5e24ebfcdbdc4a8f16554b5a891c57babb91bcd00da48c594c8287
IMG_0236_r0_f0,train,Rutile,1,IMG_0236,/content/BSM-Project/data/raw/BSM/Rutile/63.jpg,GRP_0236,/content/BSM-Project/data/augmented/train/Rutile/63__r0_f0.jpg,True,0,False,224,224,3,14048,b52f326878756683914fd16823dc6bae9314da161e9189f618e98bb21fde7b7d
IMG_0236_r0_f1,train,Rutile,1,IMG_0236,/content/BSM-Project/data/raw/BSM/Rutile/63.jpg,GRP_0236,/content/BSM-Project/data/augmented/train/Rutile/63__r0_f1.jpg,True,0,True,224,224,3,14076,583b1fb7ccf2aee8891bc0fc706ee013de4ed9cd9c6c8a9a384e07d4c9242263
IMG_0236_r180_f0,train,Rutile,1,IMG_0236,/content/BSM-Project/data/raw/BSM/Rutile/63.jpg,GRP_0236,/content/BSM-Project/data/augmented/train/Rutile/63__r180_f0.jpg,True,180,False,224,224,3,14046,20de3e853e69b90385a3efa461270f09dd6ac1c8141525d3d2cf7abedca5634e
IMG_0236_r180_f1,train,Rutile,1,IMG_0236,/content/BSM-Project/data/raw/BSM/Rutile/63.jpg,GRP_0236,/content/BSM-Project/data/augmented/train/Rutile/63__r180_f1.jpg,True,180,True,224,224,3,14078,14f10e27bc42f9c72a3280e417146b81e206da40600479d0a8eb1cb22bc93593
IMG_0236_r270_f0,train,Rutile,1,IMG_0236,/content/BSM-Project/data/raw/BSM/Rutile/63.jpg,GRP_0236,/content/BSM-Project/data/augmented/train/Rutile/63__r270_f0.jpg,True,270,False,224,224,3,14884,29096934955d7bb5c2eb69abca8a353d05340da6365ea7857013379c7d366acd
IMG_0236_r270_f1,train,Rutile,1,IMG_0236,/content/BSM-Project/data/raw/BSM/Rutile/63.jpg,GRP_0236,/content/BSM-Project/data/augmented/train/Rutile/63__r270_f1.jpg,True,270,True,224,224,3,14864,9b8a80df32a330e6527e993b07ddd4937e2e03a18d34babebaf806517648e070
IMG_0236_r30_f0,train,Rutile,1,IMG_0236,/content/BSM-Project/data/raw/BSM/Rutile/63.jpg,GRP_0236,/content/BSM-Project/data/augmented/train/Rutile/63__r30_f0.jpg,True,30,False,224,224,3,17249,d5fccab3f4cb5ebb51119a3215cb02c07b8e6cd905bf4f8a70068b2e16291566
IMG_0236_r30_f1,train,Rutile,1,IMG_0236,/content/BSM-Project/data/raw/BSM/Rutile/63.jpg,GRP_0236,/content/BSM-Project/data/augmented/train/Rutile/63__r30_f1.jpg,True,30,True,224,224,3,17267,9c821023ee6c90c5fc75e36e0804f1a5511bca23e6b4a35c6c38776f07e1a351
IMG_0236_r45_f0,train,Rutile,1,IMG_0236,/content/BSM-Project/data/raw/BSM/Rutile/63.jpg,GRP_0236,/content/BSM-Project/data/augmented/train/Rutile/63__r45_f0.jpg,True,45,False,224,224,3,17238,4dad09d5c16fbca53ebb356117a4204e3bbd932f81bc98cbd2caf1cd6926bf41
IMG_0236_r45_f1,train,Rutile,1,IMG_0236,/content/BSM-Project/data/raw/BSM/Rutile/63.jpg,GRP_0236,/content/BSM-Project/data/augmented/train/Rutile/63__r45_f1.jpg,True,45,True,224,224,3,17252,0675829d68f2a89dafd3865b4609835f31d36bdfeab4dd5abc083aaeaf3a493b
IMG_0236_r90_f0,train,Rutile,1,IMG_0236,/content/BSM-Project/data/raw/BSM/Rutile/63.jpg,GRP_0236,/content/BSM-Project/data/augmented/train/Rutile/63__r90_f0.jpg,True,90,False,224,224,3,14881,41628bab4defb244093b45b78cceef1de61dc2ce521599a85de63c328cb988f6
IMG_0236_r90_f1,train,Rutile,1,IMG_0236,/content/BSM-Project/data/raw/BSM/Rutile/63.jpg,GRP_0236,/content/BSM-Project/data/augmented/train/Rutile/63__r90_f1.jpg,True,90,True,224,224,3,14858,5c1e1c74a7279931c8ae61a0ad8255da30baf59f1f5b1211f169aa1abaa595db
IMG_0238_r0_f0,train,Rutile,1,IMG_0238,/content/BSM-Project/data/raw/BSM/Rutile/65.jpg,GRP_0238,/content/BSM-Project/data/augmented/train/Rutile/65__r0_f0.jpg,True,0,False,224,224,3,16144,d48d09e18e08509e45609950eb52ea13b0287ded23f44ccaf9490b5b0270c85a
IMG_0238_r0_f1,train,Rutile,1,IMG_0238,/content/BSM-Project/data/raw/BSM/Rutile/65.jpg,GRP_0238,/content/BSM-Project/data/augmented/train/Rutile/65__r0_f1.jpg,True,0,True,224,224,3,16179,187178538cc2f26f10a56a1ede9421e22bceb5a50700b2b537da8223ae49371f
IMG_0238_r180_f0,train,Rutile,1,IMG_0238,/content/BSM-Project/data/raw/BSM/Rutile/65.jpg,GRP_0238,/content/BSM-Project/data/augmented/train/Rutile/65__r180_f0.jpg,True,180,False,224,224,3,16155,b8f4f0600a57c7d4d003b9c1e4eba55060471442af5abb38e72b6809f63d9630
IMG_0238_r180_f1,train,Rutile,1,IMG_0238,/content/BSM-Project/data/raw/BSM/Rutile/65.jpg,GRP_0238,/content/BSM-Project/data/augmented/train/Rutile/65__r180_f1.jpg,True,180,True,224,224,3,16166,e85db5ca3f8c21aecc907beff63822cab569511e98b8a09b8c5a7fe7b8a94332
IMG_0238_r270_f0,train,Rutile,1,IMG_0238,/content/BSM-Project/data/raw/BSM/Rutile/65.jpg,GRP_0238,/content/BSM-Project/data/augmented/train/Rutile/65__r270_f0.jpg,True,270,False,224,224,3,15989,07aba04f2e9daae32eabd4db4c257052bd6f533f1bed18969f718997c1648827
IMG_0238_r270_f1,train,Rutile,1,IMG_0238,/content/BSM-Project/data/raw/BSM/Rutile/65.jpg,GRP_0238,/content/BSM-Project/data/augmented/train/Rutile/65__r270_f1.jpg,True,270,True,224,224,3,15974,e586acf5983e43fd33d1be1099216c6857621c0e7ea3dff07c5d31058de925ce
IMG_0238_r30_f0,train,Rutile,1,IMG_0238,/content/BSM-Project/data/raw/BSM/Rutile/65.jpg,GRP_0238,/content/BSM-Project/data/augmented/train/Rutile/65__r30_f0.jpg,True,30,False,224,224,3,18509,507a3bdae7734c51793fb7162f9eaa409bc908c74d2cf1bc2925c1e3f5487a0a
IMG_0238_r30_f1,train,Rutile,1,IMG_0238,/content/BSM-Project/data/raw/BSM/Rutile/65.jpg,GRP_0238,/content/BSM-Project/data/augmented/train/Rutile/65__r30_f1.jpg,True,30,True,224,224,3,18500,9fd40498c4c6335fd0c7b7378537943cc7aa393d270143f3a2d2d7317a1035fc
IMG_0238_r45_f0,train,Rutile,1,IMG_0238,/content/BSM-Project/data/raw/BSM/Rutile/65.jpg,GRP_0238,/content/BSM-Project/data/augmented/train/Rutile/65__r45_f0.jpg,True,45,False,224,224,3,18337,9d9e6c43826a50394558e61462d844c862ab56cb92bb06ab937bf39764cbbf56
IMG_0238_r45_f1,train,Rutile,1,IMG_0238,/content/BSM-Project/data/raw/BSM/Rutile/65.jpg,GRP_0238,/content/BSM-Project/data/augmented/train/Rutile/65__r45_f1.jpg,True,45,True,224,224,3,18321,adf51324a1572c29e6ab4a94aca034ed7161ca3517909007f83c4ff6273b5bc7
IMG_0238_r90_f0,train,Rutile,1,IMG_0238,/content/BSM-Project/data/raw/BSM/Rutile/65.jpg,GRP_0238,/content/BSM-Project/data/augmented/train/Rutile/65__r90_f0.jpg,True,90,False,224,224,3,15993,40df662a69b1fc6ceddddcaaa01d83f8eed2136ac2e5590ca6139063589fa0b9
IMG_0238_r90_f1,train,Rutile,1,IMG_0238,/content/BSM-Project/data/raw/BSM/Rutile/65.jpg,GRP_0238,/content/BSM-Project/data/augmented/train/Rutile/65__r90_f1.jpg,True,90,True,224,224,3,15977,1ba137316d1bf4189a672253405d7026bc69db78092e42a8eeb08d63e98e1acd
IMG_0239_r0_f0,train,Rutile,1,IMG_0239,/content/BSM-Project/data/raw/BSM/Rutile/66.jpg,GRP_0239,/content/BSM-Project/data/augmented/train/Rutile/66__r0_f0.jpg,True,0,False,224,224,3,11807,7f726a529cbbacd0ca62abd06b884a60aec11f8e65fb6f337b325befe0b000f3
IMG_0239_r0_f1,train,Rutile,1,IMG_0239,/content/BSM-Project/data/raw/BSM/Rutile/66.jpg,GRP_0239,/content/BSM-Project/data/augmented/train/Rutile/66__r0_f1.jpg,True,0,True,224,224,3,11784,5a6edcd042fe2dd121aa8724844a233ecc8d2673a9d3bda456ba4a43224cfed3
IMG_0239_r180_f0,train,Rutile,1,IMG_0239,/content/BSM-Project/data/raw/BSM/Rutile/66.jpg,GRP_0239,/content/BSM-Project/data/augmented/train/Rutile/66__r180_f0.jpg,True,180,False,224,224,3,11789,4b73e2702a6bf66ca01b2c5cf01c56f51693ac2556069cec0185e14561ac21f9
IMG_0239_r180_f1,train,Rutile,1,IMG_0239,/content/BSM-Project/data/raw/BSM/Rutile/66.jpg,GRP_0239,/content/BSM-Project/data/augmented/train/Rutile/66__r180_f1.jpg,True,180,True,224,224,3,11790,5637dae71bfc36c44c5edc26fe4fc43c745fee13969ad2c14d0c5fd2fc2bd845
IMG_0239_r270_f0,train,Rutile,1,IMG_0239,/content/BSM-Project/data/raw/BSM/Rutile/66.jpg,GRP_0239,/content/BSM-Project/data/augmented/train/Rutile/66__r270_f0.jpg,True,270,False,224,224,3,12013,435b8566998f79262f4d038e63db76f2642672f136bc4e0ddaad5180806856df
IMG_0239_r270_f1,train,Rutile,1,IMG_0239,/content/BSM-Project/data/raw/BSM/Rutile/66.jpg,GRP_0239,/content/BSM-Project/data/augmented/train/Rutile/66__r270_f1.jpg,True,270,True,224,224,3,11994,0d78debe47b097240eeb2c84a563b08625193b407fc2d287a34c81eb8aa9764f
IMG_0239_r30_f0,train,Rutile,1,IMG_0239,/content/BSM-Project/data/raw/BSM/Rutile/66.jpg,GRP_0239,/content/BSM-Project/data/augmented/train/Rutile/66__r30_f0.jpg,True,30,False,224,224,3,14693,0b2b053df0b5d0b9a91876321dbf694154667e75a08d5268a31d95abadf03c7e
IMG_0239_r30_f1,train,Rutile,1,IMG_0239,/content/BSM-Project/data/raw/BSM/Rutile/66.jpg,GRP_0239,/content/BSM-Project/data/augmented/train/Rutile/66__r30_f1.jpg,True,30,True,224,224,3,14712,f697abba5656efdf6e52df2b80e93f613807236988544b47b3793fe5846c2de8
IMG_0239_r45_f0,train,Rutile,1,IMG_0239,/content/BSM-Project/data/raw/BSM/Rutile/66.jpg,GRP_0239,/content/BSM-Project/data/augmented/train/Rutile/66__r45_f0.jpg,True,45,False,224,224,3,14518,9c077ad0227658223e30761a7a9fba929010ff0015ed397ea1988ffff803c55f
IMG_0239_r45_f1,train,Rutile,1,IMG_0239,/content/BSM-Project/data/raw/BSM/Rutile/66.jpg,GRP_0239,/content/BSM-Project/data/augmented/train/Rutile/66__r45_f1.jpg,True,45,True,224,224,3,14538,2cd1bcde012ab721dff2c30de1c98139a352430b038db47589458cdd1945d5c8
IMG_0239_r90_f0,train,Rutile,1,IMG_0239,/content/BSM-Project/data/raw/BSM/Rutile/66.jpg,GRP_0239,/content/BSM-Project/data/augmented/train/Rutile/66__r90_f0.jpg,True,90,False,224,224,3,12011,2980a087631ca21855ce34e83bcfc9f3887dbb4a3095c27cc71792eb0586b4d4
IMG_0239_r90_f1,train,Rutile,1,IMG_0239,/content/BSM-Project/data/raw/BSM/Rutile/66.jpg,GRP_0239,/content/BSM-Project/data/augmented/train/Rutile/66__r90_f1.jpg,True,90,True,224,224,3,12018,bd434d46d0b25326b2e35e5246c2a2c14355db666c7b317e77acf192d8257e3b
IMG_0240_r0_f0,train,Rutile,1,IMG_0240,/content/BSM-Project/data/raw/BSM/Rutile/67.jpg,GRP_0240,/content/BSM-Project/data/augmented/train/Rutile/67__r0_f0.jpg,True,0,False,224,224,3,16510,03c7bd86ed11872586da3ad51cb6f9ef9141b36f99e791f6663ffc81f4555a9e
IMG_0240_r0_f1,train,Rutile,1,IMG_0240,/content/BSM-Project/data/raw/BSM/Rutile/67.jpg,GRP_0240,/content/BSM-Project/data/augmented/train/Rutile/67__r0_f1.jpg,True,0,True,224,224,3,16523,a281ec6d61be8965c57026b5cfd6aec1c282e141186539ce02511fd22c4d2d8f
IMG_0240_r180_f0,train,Rutile,1,IMG_0240,/content/BSM-Project/data/raw/BSM/Rutile/67.jpg,GRP_0240,/content/BSM-Project/data/augmented/train/Rutile/67__r180_f0.jpg,True,180,False,224,224,3,16539,56fe22eeea41ae5aaa677e9f98a447919682917628b93cfbefe94c1a73888b88
IMG_0240_r180_f1,train,Rutile,1,IMG_0240,/content/BSM-Project/data/raw/BSM/Rutile/67.jpg,GRP_0240,/content/BSM-Project/data/augmented/train/Rutile/67__r180_f1.jpg,True,180,True,224,224,3,16534,b710d40be35eb113b1d07c6d1bf751265b58480042dac531c3c5688bbbac79fc
IMG_0240_r270_f0,train,Rutile,1,IMG_0240,/content/BSM-Project/data/raw/BSM/Rutile/67.jpg,GRP_0240,/content/BSM-Project/data/augmented/train/Rutile/67__r270_f0.jpg,True,270,False,224,224,3,15002,56143774a7353d251109009745b8460e11ca9af5c3048dc04ce8748c00435f00
IMG_0240_r270_f1,train,Rutile,1,IMG_0240,/content/BSM-Project/data/raw/BSM/Rutile/67.jpg,GRP_0240,/content/BSM-Project/data/augmented/train/Rutile/67__r270_f1.jpg,True,270,True,224,224,3,14967,f2cb4c3b51bf4a2872e8c87a2bae0206d3fcfd72fdacbaaa6a6481c20ec0fa72
IMG_0240_r30_f0,train,Rutile,1,IMG_0240,/content/BSM-Project/data/raw/BSM/Rutile/67.jpg,GRP_0240,/content/BSM-Project/data/augmented/train/Rutile/67__r30_f0.jpg,True,30,False,224,224,3,16389,c8d5a10cfdadbca24958eb5618e4e7b419d9e0eacae29df9ce3dc23bff484c68
IMG_0240_r30_f1,train,Rutile,1,IMG_0240,/content/BSM-Project/data/raw/BSM/Rutile/67.jpg,GRP_0240,/content/BSM-Project/data/augmented/train/Rutile/67__r30_f1.jpg,True,30,True,224,224,3,16437,011e0f5763bf695351e0924992acbc6f300e8445ede3ccffb4651531ef8d1ce0
IMG_0240_r45_f0,train,Rutile,1,IMG_0240,/content/BSM-Project/data/raw/BSM/Rutile/67.jpg,GRP_0240,/content/BSM-Project/data/augmented/train/Rutile/67__r45_f0.jpg,True,45,False,224,224,3,16071,540cc111ea2bd41cc9bf7b8da3dba1ac110848cf6329ac04fdf59b310d839da8
IMG_0240_r45_f1,train,Rutile,1,IMG_0240,/content/BSM-Project/data/raw/BSM/Rutile/67.jpg,GRP_0240,/content/BSM-Project/data/augmented/train/Rutile/67__r45_f1.jpg,True,45,True,224,224,3,16068,0713a4ce5ef99251de515836f8b367d0d0153c9bd20528366420a3106a8fd399
IMG_0240_r90_f0,train,Rutile,1,IMG_0240,/content/BSM-Project/data/raw/BSM/Rutile/67.jpg,GRP_0240,/content/BSM-Project/data/augmented/train/Rutile/67__r90_f0.jpg,True,90,False,224,224,3,14985,05dc2f85be74def5763654337170be19f53b4fe90054fc6b08641400ba308816
IMG_0240_r90_f1,train,Rutile,1,IMG_0240,/content/BSM-Project/data/raw/BSM/Rutile/67.jpg,GRP_0240,/content/BSM-Project/data/augmented/train/Rutile/67__r90_f1.jpg,True,90,True,224,224,3,14977,abf0c7bd757c35f5c14ce4d3541411cc55d1ca86c743231119cb20920ac45b18
IMG_0243_r0_f0,train,Rutile,1,IMG_0243,/content/BSM-Project/data/raw/BSM/Rutile/7.jpg,GRP_0243,/content/BSM-Project/data/augmented/train/Rutile/7__r0_f0.jpg,True,0,False,224,224,3,10364,8330ab1a7344c5e913868e4a99691b317bb359e7e86231aa1dba61d696593e15
IMG_0243_r0_f1,train,Rutile,1,IMG_0243,/content/BSM-Project/data/raw/BSM/Rutile/7.jpg,GRP_0243,/content/BSM-Project/data/augmented/train/Rutile/7__r0_f1.jpg,True,0,True,224,224,3,10402,56129ca9166e516b06312016133f8c574158ec307bcf96d040535598cfa97ee3
IMG_0243_r180_f0,train,Rutile,1,IMG_0243,/content/BSM-Project/data/raw/BSM/Rutile/7.jpg,GRP_0243,/content/BSM-Project/data/augmented/train/Rutile/7__r180_f0.jpg,True,180,False,224,224,3,10369,8bb3040124512d01357964ed0f5c3f021730b6d21ce9bdab5499785f5aeb79a0
IMG_0243_r180_f1,train,Rutile,1,IMG_0243,/content/BSM-Project/data/raw/BSM/Rutile/7.jpg,GRP_0243,/content/BSM-Project/data/augmented/train/Rutile/7__r180_f1.jpg,True,180,True,224,224,3,10412,adfde04ed4273d2add04cf9cbf0644123d007447332678da79d17253d18a2707
IMG_0243_r270_f0,train,Rutile,1,IMG_0243,/content/BSM-Project/data/raw/BSM/Rutile/7.jpg,GRP_0243,/content/BSM-Project/data/augmented/train/Rutile/7__r270_f0.jpg,True,270,False,224,224,3,10510,1262761909bb9678dfd5274865afde255788321f54bbaba3467c6021fb516426
IMG_0243_r270_f1,train,Rutile,1,IMG_0243,/content/BSM-Project/data/raw/BSM/Rutile/7.jpg,GRP_0243,/content/BSM-Project/data/augmented/train/Rutile/7__r270_f1.jpg,True,270,True,224,224,3,10485,6f40fede3705fcc0d3720eeec7c288e5ac43d9fa6485041e8d6ff59f1a550ad7
IMG_0243_r30_f0,train,Rutile,1,IMG_0243,/content/BSM-Project/data/raw/BSM/Rutile/7.jpg,GRP_0243,/content/BSM-Project/data/augmented/train/Rutile/7__r30_f0.jpg,True,30,False,224,224,3,13217,998cf07c5e6d2ad459a8e9f3135b0d35977f06b58c25a180a113467496b2d052
IMG_0243_r30_f1,train,Rutile,1,IMG_0243,/content/BSM-Project/data/raw/BSM/Rutile/7.jpg,GRP_0243,/content/BSM-Project/data/augmented/train/Rutile/7__r30_f1.jpg,True,30,True,224,224,3,13292,928aa2fa8f5f8c740f45ee9c6c2b521d5fd198326398e50dd71226125580d93c
IMG_0243_r45_f0,train,Rutile,1,IMG_0243,/content/BSM-Project/data/raw/BSM/Rutile/7.jpg,GRP_0243,/content/BSM-Project/data/augmented/train/Rutile/7__r45_f0.jpg,True,45,False,224,224,3,12550,a2192b0bce6f957f3eaecf15c709df7ec12ed29d32c9c3c153561723329955d8
IMG_0243_r45_f1,train,Rutile,1,IMG_0243,/content/BSM-Project/data/raw/BSM/Rutile/7.jpg,GRP_0243,/content/BSM-Project/data/augmented/train/Rutile/7__r45_f1.jpg,True,45,True,224,224,3,12556,984751f8674e2bfe7df66cab105ad88e82abec24a880d702cae9289e15d066bb
IMG_0243_r90_f0,train,Rutile,1,IMG_0243,/content/BSM-Project/data/raw/BSM/Rutile/7.jpg,GRP_0243,/content/BSM-Project/data/augmented/train/Rutile/7__r90_f0.jpg,True,90,False,224,224,3,10514,e4d47661b9c9020221fda9d3309146a3ce65e67f7ee142b03716f5c0086ab5b7
IMG_0243_r90_f1,train,Rutile,1,IMG_0243,/content/BSM-Project/data/raw/BSM/Rutile/7.jpg,GRP_0243,/content/BSM-Project/data/augmented/train/Rutile/7__r90_f1.jpg,True,90,True,224,224,3,10495,bae9a80b88635fcbb68aaa3cb21cb79f633d1359ec71af410b397ee2c874aab7
IMG_0244_r0_f0,train,Rutile,1,IMG_0244,/content/BSM-Project/data/raw/BSM/Rutile/70.jpg,GRP_0244,/content/BSM-Project/data/augmented/train/Rutile/70__r0_f0.jpg,True,0,False,224,224,3,17844,0a5d9c1658cbd554965db377e4e94abe0443fe49e4e5595c1d50fbcaa8c6d781
IMG_0244_r0_f1,train,Rutile,1,IMG_0244,/content/BSM-Project/data/raw/BSM/Rutile/70.jpg,GRP_0244,/content/BSM-Project/data/augmented/train/Rutile/70__r0_f1.jpg,True,0,True,224,224,3,17825,43322c3438bfd6c2519cb676e6dc802a443779b34fc9982be09490286dd5d213
IMG_0244_r180_f0,train,Rutile,1,IMG_0244,/content/BSM-Project/data/raw/BSM/Rutile/70.jpg,GRP_0244,/content/BSM-Project/data/augmented/train/Rutile/70__r180_f0.jpg,True,180,False,224,224,3,17828,622e6082e4712fc4d5b4b7b61da444b4d6b6a4840b1dfe933bfc78b5ce920210
IMG_0244_r180_f1,train,Rutile,1,IMG_0244,/content/BSM-Project/data/raw/BSM/Rutile/70.jpg,GRP_0244,/content/BSM-Project/data/augmented/train/Rutile/70__r180_f1.jpg,True,180,True,224,224,3,17843,88fb0ab08477f1d5392eba6f72bdd6dcb0cc7b6d347a8955e732596156b3969f
IMG_0244_r270_f0,train,Rutile,1,IMG_0244,/content/BSM-Project/data/raw/BSM/Rutile/70.jpg,GRP_0244,/content/BSM-Project/data/augmented/train/Rutile/70__r270_f0.jpg,True,270,False,224,224,3,13766,3a8d6f3070b5bf39e00904f60e0c04736895139862617d318d99199899919e1a
IMG_0244_r270_f1,train,Rutile,1,IMG_0244,/content/BSM-Project/data/raw/BSM/Rutile/70.jpg,GRP_0244,/content/BSM-Project/data/augmented/train/Rutile/70__r270_f1.jpg,True,270,True,224,224,3,13756,6363e8fa89e8010942796556563ed44ff4713c20663c2790b18e2a381122cb48
IMG_0244_r30_f0,train,Rutile,1,IMG_0244,/content/BSM-Project/data/raw/BSM/Rutile/70.jpg,GRP_0244,/content/BSM-Project/data/augmented/train/Rutile/70__r30_f0.jpg,True,30,False,224,224,3,18956,7230019c0796c9c57233e6bd37555c77a61927d1d4d3f02c926d96a036ab7241
IMG_0244_r30_f1,train,Rutile,1,IMG_0244,/content/BSM-Project/data/raw/BSM/Rutile/70.jpg,GRP_0244,/content/BSM-Project/data/augmented/train/Rutile/70__r30_f1.jpg,True,30,True,224,224,3,19020,40604dd36983566c59d89602491333cfb4ea2ce76c8be11ddbe53693660707d6
IMG_0244_r45_f0,train,Rutile,1,IMG_0244,/content/BSM-Project/data/raw/BSM/Rutile/70.jpg,GRP_0244,/content/BSM-Project/data/augmented/train/Rutile/70__r45_f0.jpg,True,45,False,224,224,3,17745,e3698f677699f761b4173260f1c0a97afa9c87f5adcfdd44773ba30913a8db03
IMG_0244_r45_f1,train,Rutile,1,IMG_0244,/content/BSM-Project/data/raw/BSM/Rutile/70.jpg,GRP_0244,/content/BSM-Project/data/augmented/train/Rutile/70__r45_f1.jpg,True,45,True,224,224,3,17794,9e54401fc5798d2bd329c02439fc791508b0228146477514715f89c394e2ea65
IMG_0244_r90_f0,train,Rutile,1,IMG_0244,/content/BSM-Project/data/raw/BSM/Rutile/70.jpg,GRP_0244,/content/BSM-Project/data/augmented/train/Rutile/70__r90_f0.jpg,True,90,False,224,224,3,13755,6a521bdc35d2f1ea82acc6f03b7bd348b2f64b165fd14bb0a3eac1317238c0c4
IMG_0244_r90_f1,train,Rutile,1,IMG_0244,/content/BSM-Project/data/raw/BSM/Rutile/70.jpg,GRP_0244,/content/BSM-Project/data/augmented/train/Rutile/70__r90_f1.jpg,True,90,True,224,224,3,13749,e001137e3e08b9353a22e52683c724957545ba12a9d118f0527d775f79c963a5
IMG_0246_r0_f0,train,Rutile,1,IMG_0246,/content/BSM-Project/data/raw/BSM/Rutile/8.jpg,GRP_0246,/content/BSM-Project/data/augmented/train/Rutile/8__r0_f0.jpg,True,0,False,224,224,3,16543,f9046abf81e044cbd83e319036c241d8c6a3757a43fb31cbcf954fd2f1ea92e3
IMG_0246_r0_f1,train,Rutile,1,IMG_0246,/content/BSM-Project/data/raw/BSM/Rutile/8.jpg,GRP_0246,/content/BSM-Project/data/augmented/train/Rutile/8__r0_f1.jpg,True,0,True,224,224,3,16512,03ba79b0ad712776a29b5f2e739c925aaee2bd48be3671a12672c6c8a0296db0
IMG_0246_r180_f0,train,Rutile,1,IMG_0246,/content/BSM-Project/data/raw/BSM/Rutile/8.jpg,GRP_0246,/content/BSM-Project/data/augmented/train/Rutile/8__r180_f0.jpg,True,180,False,224,224,3,16556,c0834b64901baf62de99ea2a0ba00b4a0382eae50d7d70ee6243187d0a0fa7ca
IMG_0246_r180_f1,train,Rutile,1,IMG_0246,/content/BSM-Project/data/raw/BSM/Rutile/8.jpg,GRP_0246,/content/BSM-Project/data/augmented/train/Rutile/8__r180_f1.jpg,True,180,True,224,224,3,16522,fbc2701e50101d9e743b9b3a247852b268947757b52d94c83e369b5b840018d3
IMG_0246_r270_f0,train,Rutile,1,IMG_0246,/content/BSM-Project/data/raw/BSM/Rutile/8.jpg,GRP_0246,/content/BSM-Project/data/augmented/train/Rutile/8__r270_f0.jpg,True,270,False,224,224,3,16327,4d5dcba180445243b5660802b45cdfa15dd1bd91a3bb09e021cf436733457c5e
IMG_0246_r270_f1,train,Rutile,1,IMG_0246,/content/BSM-Project/data/raw/BSM/Rutile/8.jpg,GRP_0246,/content/BSM-Project/data/augmented/train/Rutile/8__r270_f1.jpg,True,270,True,224,224,3,16343,70725392f2715fc580648ba330d2e2a2d07aef27279e113fcca8209bfb4c6caf
IMG_0246_r30_f0,train,Rutile,1,IMG_0246,/content/BSM-Project/data/raw/BSM/Rutile/8.jpg,GRP_0246,/content/BSM-Project/data/augmented/train/Rutile/8__r30_f0.jpg,True,30,False,224,224,3,18865,75fbf36c5e6063357d1145c1868315d86cf9df675beaccf65645420d2cb480ef
IMG_0246_r30_f1,train,Rutile,1,IMG_0246,/content/BSM-Project/data/raw/BSM/Rutile/8.jpg,GRP_0246,/content/BSM-Project/data/augmented/train/Rutile/8__r30_f1.jpg,True,30,True,224,224,3,18879,e3888396be326ed395080ce3cc5d7563a77bac0970d40f05cfe8f72aa449ae0d
IMG_0246_r45_f0,train,Rutile,1,IMG_0246,/content/BSM-Project/data/raw/BSM/Rutile/8.jpg,GRP_0246,/content/BSM-Project/data/augmented/train/Rutile/8__r45_f0.jpg,True,45,False,224,224,3,18785,bceeaa18f54ce445335cd50dd7d2a3729cffdd5b837c2a69dce4e5e8e6c4606a
IMG_0246_r45_f1,train,Rutile,1,IMG_0246,/content/BSM-Project/data/raw/BSM/Rutile/8.jpg,GRP_0246,/content/BSM-Project/data/augmented/train/Rutile/8__r45_f1.jpg,True,45,True,224,224,3,18812,7edc56e3981feebebc13b004b416c2834fc302af21759ffcb45748871cf1f9d0
IMG_0246_r90_f0,train,Rutile,1,IMG_0246,/content/BSM-Project/data/raw/BSM/Rutile/8.jpg,GRP_0246,/content/BSM-Project/data/augmented/train/Rutile/8__r90_f0.jpg,True,90,False,224,224,3,16315,ed469b5147be27d8f5166cd7f3ebceb7148b4520f2dbc64d9a3adab8ef9e9369
IMG_0246_r90_f1,train,Rutile,1,IMG_0246,/content/BSM-Project/data/raw/BSM/Rutile/8.jpg,GRP_0246,/content/BSM-Project/data/augmented/train/Rutile/8__r90_f1.jpg,True,90,True,224,224,3,16352,65b7597cad9bd8d3c69039f8c0a8d45a2e566b04dbbd5a02d492c3c59e1d7ada
IMG_0247_r0_f0,train,Rutile,1,IMG_0247,/content/BSM-Project/data/raw/BSM/Rutile/9.jpg,GRP_0247,/content/BSM-Project/data/augmented/train/Rutile/9__r0_f0.jpg,True,0,False,224,224,3,17654,9804c6f1fe1bf5675d5c137311809a0179d9be25d0df7749366d17a902219a1e
IMG_0247_r0_f1,train,Rutile,1,IMG_0247,/content/BSM-Project/data/raw/BSM/Rutile/9.jpg,GRP_0247,/content/BSM-Project/data/augmented/train/Rutile/9__r0_f1.jpg,True,0,True,224,224,3,17660,0ff2d8655bd55a88ea50d4f2289eed8da9346709c85936de5aec0609d8a01e8f
IMG_0247_r180_f0,train,Rutile,1,IMG_0247,/content/BSM-Project/data/raw/BSM/Rutile/9.jpg,GRP_0247,/content/BSM-Project/data/augmented/train/Rutile/9__r180_f0.jpg,True,180,False,224,224,3,17677,b33ce933730ef30b5569fc1fb30937e345de192be78b1356153b63b023ffa9bf
IMG_0247_r180_f1,train,Rutile,1,IMG_0247,/content/BSM-Project/data/raw/BSM/Rutile/9.jpg,GRP_0247,/content/BSM-Project/data/augmented/train/Rutile/9__r180_f1.jpg,True,180,True,224,224,3,17644,6db1b206e18e411dd40219ad3ccd8742e5362e4d4544cdcc9528e862c540056f
IMG_0247_r270_f0,train,Rutile,1,IMG_0247,/content/BSM-Project/data/raw/BSM/Rutile/9.jpg,GRP_0247,/content/BSM-Project/data/augmented/train/Rutile/9__r270_f0.jpg,True,270,False,224,224,3,13856,990f0aac8b3e29dc4bcde76d54c68577968c81a36d2ba83ac338c9d0f74661be
IMG_0247_r270_f1,train,Rutile,1,IMG_0247,/content/BSM-Project/data/raw/BSM/Rutile/9.jpg,GRP_0247,/content/BSM-Project/data/augmented/train/Rutile/9__r270_f1.jpg,True,270,True,224,224,3,13873,9938f06d8ae0769e9035fc836cc0d9f9bac581fde333228317dd1a3288440688
IMG_0247_r30_f0,train,Rutile,1,IMG_0247,/content/BSM-Project/data/raw/BSM/Rutile/9.jpg,GRP_0247,/content/BSM-Project/data/augmented/train/Rutile/9__r30_f0.jpg,True,30,False,224,224,3,17205,78419908665c360a6d7d1afca1ceffe958a37fc777f9643d56e38a9fa1ebe310
IMG_0247_r30_f1,train,Rutile,1,IMG_0247,/content/BSM-Project/data/raw/BSM/Rutile/9.jpg,GRP_0247,/content/BSM-Project/data/augmented/train/Rutile/9__r30_f1.jpg,True,30,True,224,224,3,17231,abae892251d04098e82e46fbc08486e6ed2dda71c9f663447b5299e26ed327a2
IMG_0247_r45_f0,train,Rutile,1,IMG_0247,/content/BSM-Project/data/raw/BSM/Rutile/9.jpg,GRP_0247,/content/BSM-Project/data/augmented/train/Rutile/9__r45_f0.jpg,True,45,False,224,224,3,16617,c248a5d41957c71cc82c6a4e899fd48d5f51418f5fd6ac808bc4c2bcdf210a86
IMG_0247_r45_f1,train,Rutile,1,IMG_0247,/content/BSM-Project/data/raw/BSM/Rutile/9.jpg,GRP_0247,/content/BSM-Project/data/augmented/train/Rutile/9__r45_f1.jpg,True,45,True,224,224,3,16662,ab6c56e073bdc0562f3559aadbf60bb1a7ef5b979d371ffb59f7505695e55b2e
IMG_0247_r90_f0,train,Rutile,1,IMG_0247,/content/BSM-Project/data/raw/BSM/Rutile/9.jpg,GRP_0247,/content/BSM-Project/data/augmented/train/Rutile/9__r90_f0.jpg,True,90,False,224,224,3,13872,4cf1687919b3a36aea693d4cb817b236c3090fb8ff734e3dd93cff802de8ea72
IMG_0247_r90_f1,train,Rutile,1,IMG_0247,/content/BSM-Project/data/raw/BSM/Rutile/9.jpg,GRP_0247,/content/BSM-Project/data/augmented/train/Rutile/9__r90_f1.jpg,True,90,True,224,224,3,13862,d981c04f63413e9357c857f90bb9d45a977b6bc4985e65042ab064407214c8e3
IMG_0248_r0_f0,train,Sillimanite,5,IMG_0248,/content/BSM-Project/data/raw/BSM/Sillimanite/1.jpg,GRP_0248,/content/BSM-Project/data/augmented/train/Sillimanite/1__r0_f0.jpg,True,0,False,224,224,3,16383,b86648d909d03ee943d1c0d126201d5544820cf7c1ff8bdda3f9c052a8a01847
IMG_0248_r0_f1,train,Sillimanite,5,IMG_0248,/content/BSM-Project/data/raw/BSM/Sillimanite/1.jpg,GRP_0248,/content/BSM-Project/data/augmented/train/Sillimanite/1__r0_f1.jpg,True,0,True,224,224,3,16393,386e46c19e6a4f9c3e16a7cfcef62c22ccf9df3b4ec546731fc86ff982dd7578
IMG_0248_r180_f0,train,Sillimanite,5,IMG_0248,/content/BSM-Project/data/raw/BSM/Sillimanite/1.jpg,GRP_0248,/content/BSM-Project/data/augmented/train/Sillimanite/1__r180_f0.jpg,True,180,False,224,224,3,16375,e6f32ee10b66224ce00c1f3e51b9321316f6a101bd5cb1faecca2cae3e05ca73
IMG_0248_r180_f1,train,Sillimanite,5,IMG_0248,/content/BSM-Project/data/raw/BSM/Sillimanite/1.jpg,GRP_0248,/content/BSM-Project/data/augmented/train/Sillimanite/1__r180_f1.jpg,True,180,True,224,224,3,16406,e753e5dfd3f50a077559daf4f6290ad2201988d9b50ede79ed326afb8648755c
IMG_0248_r270_f0,train,Sillimanite,5,IMG_0248,/content/BSM-Project/data/raw/BSM/Sillimanite/1.jpg,GRP_0248,/content/BSM-Project/data/augmented/train/Sillimanite/1__r270_f0.jpg,True,270,False,224,224,3,10667,679770399c29e6be07375defdb7ddecda95493e784629cbadd025be5427709c0
IMG_0248_r270_f1,train,Sillimanite,5,IMG_0248,/content/BSM-Project/data/raw/BSM/Sillimanite/1.jpg,GRP_0248,/content/BSM-Project/data/augmented/train/Sillimanite/1__r270_f1.jpg,True,270,True,224,224,3,10677,e416a211280aa6fd1cb4c8369b1b0ba7402ca852fca641e64599c30133eed77e
IMG_0248_r30_f0,train,Sillimanite,5,IMG_0248,/content/BSM-Project/data/raw/BSM/Sillimanite/1.jpg,GRP_0248,/content/BSM-Project/data/augmented/train/Sillimanite/1__r30_f0.jpg,True,30,False,224,224,3,17259,7eeba07f5f98af6b759a3232f53f37e1a1949fef4711bd736f09870d460b6152
IMG_0248_r30_f1,train,Sillimanite,5,IMG_0248,/content/BSM-Project/data/raw/BSM/Sillimanite/1.jpg,GRP_0248,/content/BSM-Project/data/augmented/train/Sillimanite/1__r30_f1.jpg,True,30,True,224,224,3,17348,efb72173669e1734356bd0ebde9676b66db99640a4298466950e86321642ea1b
IMG_0248_r45_f0,train,Sillimanite,5,IMG_0248,/content/BSM-Project/data/raw/BSM/Sillimanite/1.jpg,GRP_0248,/content/BSM-Project/data/augmented/train/Sillimanite/1__r45_f0.jpg,True,45,False,224,224,3,15227,972e87208bfce5c892219271d8ec16381d2d81e5eba82debdcc046a86646df40
IMG_0248_r45_f1,train,Sillimanite,5,IMG_0248,/content/BSM-Project/data/raw/BSM/Sillimanite/1.jpg,GRP_0248,/content/BSM-Project/data/augmented/train/Sillimanite/1__r45_f1.jpg,True,45,True,224,224,3,15291,4434b5e4d750ab8a6439b9d0336a77e5b5115bca7804a2ddaf201327d194d2a4
IMG_0248_r90_f0,train,Sillimanite,5,IMG_0248,/content/BSM-Project/data/raw/BSM/Sillimanite/1.jpg,GRP_0248,/content/BSM-Project/data/augmented/train/Sillimanite/1__r90_f0.jpg,True,90,False,224,224,3,10662,d0483f7f710a752a51ebde340627b9b232bef45d4b45211ab306b393a22d356c
IMG_0248_r90_f1,train,Sillimanite,5,IMG_0248,/content/BSM-Project/data/raw/BSM/Sillimanite/1.jpg,GRP_0248,/content/BSM-Project/data/augmented/train/Sillimanite/1__r90_f1.jpg,True,90,True,224,224,3,10651,756a11ddf56c2130588ca6015617f83d4eea1b417a76f3dd26390531662e305f
IMG_0249_r0_f0,train,Sillimanite,5,IMG_0249,/content/BSM-Project/data/raw/BSM/Sillimanite/10.jpg,GRP_0249,/content/BSM-Project/data/augmented/train/Sillimanite/10__r0_f0.jpg,True,0,False,224,224,3,24126,61176a38bb02722cdc912127eb17a5c3b86550cfaa7b02e8d3d9e7f081e4f72c
IMG_0249_r0_f1,train,Sillimanite,5,IMG_0249,/content/BSM-Project/data/raw/BSM/Sillimanite/10.jpg,GRP_0249,/content/BSM-Project/data/augmented/train/Sillimanite/10__r0_f1.jpg,True,0,True,224,224,3,24144,690eacd5b61e11e150a59dd221d1fd11bdaebcfe461212824457ab5ae6412ad1
IMG_0249_r180_f0,train,Sillimanite,5,IMG_0249,/content/BSM-Project/data/raw/BSM/Sillimanite/10.jpg,GRP_0249,/content/BSM-Project/data/augmented/train/Sillimanite/10__r180_f0.jpg,True,180,False,224,224,3,24126,0b493069e5401b3b3517b640e2f70b1c6dc3f92ef5528541863cb8c802d74b2b
IMG_0249_r180_f1,train,Sillimanite,5,IMG_0249,/content/BSM-Project/data/raw/BSM/Sillimanite/10.jpg,GRP_0249,/content/BSM-Project/data/augmented/train/Sillimanite/10__r180_f1.jpg,True,180,True,224,224,3,24126,06cad67da44f6ca97c9af81c9b11b516872a00fe5bf52be359eacac2105f771a
IMG_0249_r270_f0,train,Sillimanite,5,IMG_0249,/content/BSM-Project/data/raw/BSM/Sillimanite/10.jpg,GRP_0249,/content/BSM-Project/data/augmented/train/Sillimanite/10__r270_f0.jpg,True,270,False,224,224,3,24262,99717f545b3f495907d47251236849b29697ce7f4f64580f0c781aa91181e7b0
IMG_0249_r270_f1,train,Sillimanite,5,IMG_0249,/content/BSM-Project/data/raw/BSM/Sillimanite/10.jpg,GRP_0249,/content/BSM-Project/data/augmented/train/Sillimanite/10__r270_f1.jpg,True,270,True,224,224,3,24233,4b092e88e824075c778bd6cf3f460c2e2a8c9acf97bc80c017ba7d77db369ef2
IMG_0249_r30_f0,train,Sillimanite,5,IMG_0249,/content/BSM-Project/data/raw/BSM/Sillimanite/10.jpg,GRP_0249,/content/BSM-Project/data/augmented/train/Sillimanite/10__r30_f0.jpg,True,30,False,224,224,3,26800,fb41a467aa63e276be4c09c48b1235eb388c03e1c9a50e0bd47ab902d13c04f3
IMG_0249_r30_f1,train,Sillimanite,5,IMG_0249,/content/BSM-Project/data/raw/BSM/Sillimanite/10.jpg,GRP_0249,/content/BSM-Project/data/augmented/train/Sillimanite/10__r30_f1.jpg,True,30,True,224,224,3,26822,b5fa629a0a02bced271a3c77445bb623007154aed403022951e8258140a5e999
IMG_0249_r45_f0,train,Sillimanite,5,IMG_0249,/content/BSM-Project/data/raw/BSM/Sillimanite/10.jpg,GRP_0249,/content/BSM-Project/data/augmented/train/Sillimanite/10__r45_f0.jpg,True,45,False,224,224,3,26408,8c41a0fc1316fea82805f9f2afe655faaeceec97f91c75cbd0558a68bd900376
IMG_0249_r45_f1,train,Sillimanite,5,IMG_0249,/content/BSM-Project/data/raw/BSM/Sillimanite/10.jpg,GRP_0249,/content/BSM-Project/data/augmented/train/Sillimanite/10__r45_f1.jpg,True,45,True,224,224,3,26443,1a94f024bb9bb70e02c8336660f59987048420e7416cfe412abb66bd7abcd61a
IMG_0249_r90_f0,train,Sillimanite,5,IMG_0249,/content/BSM-Project/data/raw/BSM/Sillimanite/10.jpg,GRP_0249,/content/BSM-Project/data/augmented/train/Sillimanite/10__r90_f0.jpg,True,90,False,224,224,3,24239,ba729174b863e79d0a681ec1f1c659b4436d326c4261fda9368696fb2f33ce61
IMG_0249_r90_f1,train,Sillimanite,5,IMG_0249,/content/BSM-Project/data/raw/BSM/Sillimanite/10.jpg,GRP_0249,/content/BSM-Project/data/augmented/train/Sillimanite/10__r90_f1.jpg,True,90,True,224,224,3,24249,5153b084907a5c7015685f43d61be53f9582238c966c6648b5d6aacc6b472ec8
IMG_0252_r0_f0,train,Sillimanite,5,IMG_0252,/content/BSM-Project/data/raw/BSM/Sillimanite/13.jpg,GRP_0252,/content/BSM-Project/data/augmented/train/Sillimanite/13__r0_f0.jpg,True,0,False,224,224,3,29728,acb1d491dcf539ff0d965cf0e1df8096099eee374b53d97d54a91f97845a515a
IMG_0252_r0_f1,train,Sillimanite,5,IMG_0252,/content/BSM-Project/data/raw/BSM/Sillimanite/13.jpg,GRP_0252,/content/BSM-Project/data/augmented/train/Sillimanite/13__r0_f1.jpg,True,0,True,224,224,3,29749,a83092b5fce27a53e34699258a2b573b9a4f953bd054a087a658fa4a3832bbb3
IMG_0252_r180_f0,train,Sillimanite,5,IMG_0252,/content/BSM-Project/data/raw/BSM/Sillimanite/13.jpg,GRP_0252,/content/BSM-Project/data/augmented/train/Sillimanite/13__r180_f0.jpg,True,180,False,224,224,3,29751,63c6ebf544ce9dd1a67ee4dfe2f5d6f9ace6f2e85623a354c77b217a3afca970
IMG_0252_r180_f1,train,Sillimanite,5,IMG_0252,/content/BSM-Project/data/raw/BSM/Sillimanite/13.jpg,GRP_0252,/content/BSM-Project/data/augmented/train/Sillimanite/13__r180_f1.jpg,True,180,True,224,224,3,29758,e05d94af01c15fecb9a7f99cd05072cefb280228aa9c6d0af81635d94ff8a5dc
IMG_0252_r270_f0,train,Sillimanite,5,IMG_0252,/content/BSM-Project/data/raw/BSM/Sillimanite/13.jpg,GRP_0252,/content/BSM-Project/data/augmented/train/Sillimanite/13__r270_f0.jpg,True,270,False,224,224,3,24638,4682b3a67e9f3b982b6a37d57e82b37383e715262fba45ebd0f967654b668f04
IMG_0252_r270_f1,train,Sillimanite,5,IMG_0252,/content/BSM-Project/data/raw/BSM/Sillimanite/13.jpg,GRP_0252,/content/BSM-Project/data/augmented/train/Sillimanite/13__r270_f1.jpg,True,270,True,224,224,3,24648,770f16929f17ceaf6e4462e1f873c85fef3f9ba4ddce9b894bad8c7551240369
IMG_0252_r30_f0,train,Sillimanite,5,IMG_0252,/content/BSM-Project/data/raw/BSM/Sillimanite/13.jpg,GRP_0252,/content/BSM-Project/data/augmented/train/Sillimanite/13__r30_f0.jpg,True,30,False,224,224,3,28142,4988db14f6400494ce1daab778fa57fcaf090c0ddd0a1e7901089c707f520567
IMG_0252_r30_f1,train,Sillimanite,5,IMG_0252,/content/BSM-Project/data/raw/BSM/Sillimanite/13.jpg,GRP_0252,/content/BSM-Project/data/augmented/train/Sillimanite/13__r30_f1.jpg,True,30,True,224,224,3,28180,b4204435b4219958cdea3e60b69fece3306e6d9e331d97ff8c804c209ac7213b
IMG_0252_r45_f0,train,Sillimanite,5,IMG_0252,/content/BSM-Project/data/raw/BSM/Sillimanite/13.jpg,GRP_0252,/content/BSM-Project/data/augmented/train/Sillimanite/13__r45_f0.jpg,True,45,False,224,224,3,27202,19bd03bac882570d8d2b60028d5a683d7c355392caa46602519d8238a963606f
IMG_0252_r45_f1,train,Sillimanite,5,IMG_0252,/content/BSM-Project/data/raw/BSM/Sillimanite/13.jpg,GRP_0252,/content/BSM-Project/data/augmented/train/Sillimanite/13__r45_f1.jpg,True,45,True,224,224,3,27224,523223c61378a38ed002a93598d5b2a858cb73b2f6faded76bd41ac32eb3679f
IMG_0252_r90_f0,train,Sillimanite,5,IMG_0252,/content/BSM-Project/data/raw/BSM/Sillimanite/13.jpg,GRP_0252,/content/BSM-Project/data/augmented/train/Sillimanite/13__r90_f0.jpg,True,90,False,224,224,3,24653,c96e959921dfc86906407a33eba13dcc81bae7f08932a24b3d837f1566a9d361
IMG_0252_r90_f1,train,Sillimanite,5,IMG_0252,/content/BSM-Project/data/raw/BSM/Sillimanite/13.jpg,GRP_0252,/content/BSM-Project/data/augmented/train/Sillimanite/13__r90_f1.jpg,True,90,True,224,224,3,24628,8ff2dec07a2ac4065c0a976c916058317d96717072f6c087bfea38318d5e0016
IMG_0253_r0_f0,train,Sillimanite,5,IMG_0253,/content/BSM-Project/data/raw/BSM/Sillimanite/14.jpg,GRP_0253,/content/BSM-Project/data/augmented/train/Sillimanite/14__r0_f0.jpg,True,0,False,224,224,3,20458,680780da9e89450e597806f7f7028cb4222a0842fe5af8a9502216042a35f786
IMG_0253_r0_f1,train,Sillimanite,5,IMG_0253,/content/BSM-Project/data/raw/BSM/Sillimanite/14.jpg,GRP_0253,/content/BSM-Project/data/augmented/train/Sillimanite/14__r0_f1.jpg,True,0,True,224,224,3,20467,f82cfacc2dbbe6e23def9d708050a1154a1d5d6b721678c9d2ba7f995fae9a4c
IMG_0253_r180_f0,train,Sillimanite,5,IMG_0253,/content/BSM-Project/data/raw/BSM/Sillimanite/14.jpg,GRP_0253,/content/BSM-Project/data/augmented/train/Sillimanite/14__r180_f0.jpg,True,180,False,224,224,3,20457,adfb04f25614643e08b95938561215454807e0b79a7337e23ac602381941f8c8
IMG_0253_r180_f1,train,Sillimanite,5,IMG_0253,/content/BSM-Project/data/raw/BSM/Sillimanite/14.jpg,GRP_0253,/content/BSM-Project/data/augmented/train/Sillimanite/14__r180_f1.jpg,True,180,True,224,224,3,20466,df31dec9b8e0f8fab3d9584da774f3c86006dd2ca4739d1e3dc9a9fa50a6fb50
IMG_0253_r270_f0,train,Sillimanite,5,IMG_0253,/content/BSM-Project/data/raw/BSM/Sillimanite/14.jpg,GRP_0253,/content/BSM-Project/data/augmented/train/Sillimanite/14__r270_f0.jpg,True,270,False,224,224,3,17484,d9bbf015167f5d42d1ed4d2ac8f61040a26a66482bc31b418f38ee5dac5b3900
IMG_0253_r270_f1,train,Sillimanite,5,IMG_0253,/content/BSM-Project/data/raw/BSM/Sillimanite/14.jpg,GRP_0253,/content/BSM-Project/data/augmented/train/Sillimanite/14__r270_f1.jpg,True,270,True,224,224,3,17461,890da35db9802983ea2a936d2cc6ae8f525c924d337450a1ea6d419204508d18
IMG_0253_r30_f0,train,Sillimanite,5,IMG_0253,/content/BSM-Project/data/raw/BSM/Sillimanite/14.jpg,GRP_0253,/content/BSM-Project/data/augmented/train/Sillimanite/14__r30_f0.jpg,True,30,False,224,224,3,22535,12536978856c853ce100d8a4ee33ca40677583845e1a13a82db02bf669aeb5fa
IMG_0253_r30_f1,train,Sillimanite,5,IMG_0253,/content/BSM-Project/data/raw/BSM/Sillimanite/14.jpg,GRP_0253,/content/BSM-Project/data/augmented/train/Sillimanite/14__r30_f1.jpg,True,30,True,224,224,3,22618,9360744d1f7455d348d646af4947dd8309c23a1e701780d9e081cb34a571cc9a
IMG_0253_r45_f0,train,Sillimanite,5,IMG_0253,/content/BSM-Project/data/raw/BSM/Sillimanite/14.jpg,GRP_0253,/content/BSM-Project/data/augmented/train/Sillimanite/14__r45_f0.jpg,True,45,False,224,224,3,20969,fccb86250e8323207c898f0756337d0d58857be3c3dc4b150025bb285e6116bc
IMG_0253_r45_f1,train,Sillimanite,5,IMG_0253,/content/BSM-Project/data/raw/BSM/Sillimanite/14.jpg,GRP_0253,/content/BSM-Project/data/augmented/train/Sillimanite/14__r45_f1.jpg,True,45,True,224,224,3,20995,225e6de93a82c51d2b20ce7c05cee9f24f940cb3054e5428343f2ea4cdebf1b9
IMG_0253_r90_f0,train,Sillimanite,5,IMG_0253,/content/BSM-Project/data/raw/BSM/Sillimanite/14.jpg,GRP_0253,/content/BSM-Project/data/augmented/train/Sillimanite/14__r90_f0.jpg,True,90,False,224,224,3,17469,3336ae7f77bd66d52c24418ee63076b7e354e6a8888af84f1502f9f87599184f
IMG_0253_r90_f1,train,Sillimanite,5,IMG_0253,/content/BSM-Project/data/raw/BSM/Sillimanite/14.jpg,GRP_0253,/content/BSM-Project/data/augmented/train/Sillimanite/14__r90_f1.jpg,True,90,True,224,224,3,17496,c59fe83fb7634bd84927815455a8dd92c0241ee9a67b0282a843052913c94f32
IMG_0254_r0_f0,train,Sillimanite,5,IMG_0254,/content/BSM-Project/data/raw/BSM/Sillimanite/15.jpg,GRP_0254,/content/BSM-Project/data/augmented/train/Sillimanite/15__r0_f0.jpg,True,0,False,224,224,3,22568,c45fc270c6eea0d0fb82694ba3fc5dc3b990d7c4d4c5705fec47d361c057b8bc
IMG_0254_r0_f1,train,Sillimanite,5,IMG_0254,/content/BSM-Project/data/raw/BSM/Sillimanite/15.jpg,GRP_0254,/content/BSM-Project/data/augmented/train/Sillimanite/15__r0_f1.jpg,True,0,True,224,224,3,22548,9afbe09df4c093633cb254b4b429101be61ab154d1392d54409551b53274133c
IMG_0254_r180_f0,train,Sillimanite,5,IMG_0254,/content/BSM-Project/data/raw/BSM/Sillimanite/15.jpg,GRP_0254,/content/BSM-Project/data/augmented/train/Sillimanite/15__r180_f0.jpg,True,180,False,224,224,3,22559,75d80136e393a91c280f6aa61ee1405e076295341c06deaaf10afee50709fa90
IMG_0254_r180_f1,train,Sillimanite,5,IMG_0254,/content/BSM-Project/data/raw/BSM/Sillimanite/15.jpg,GRP_0254,/content/BSM-Project/data/augmented/train/Sillimanite/15__r180_f1.jpg,True,180,True,224,224,3,22569,b76b3deee75dc6f04a15783fe58f294aa2aede3d156db775130a606e33af1a60
IMG_0254_r270_f0,train,Sillimanite,5,IMG_0254,/content/BSM-Project/data/raw/BSM/Sillimanite/15.jpg,GRP_0254,/content/BSM-Project/data/augmented/train/Sillimanite/15__r270_f0.jpg,True,270,False,224,224,3,18685,a7a6b8f3c7b87bfaa2b2201c46b20bb29a3410a28afaae71118ad7b522b8da01
IMG_0254_r270_f1,train,Sillimanite,5,IMG_0254,/content/BSM-Project/data/raw/BSM/Sillimanite/15.jpg,GRP_0254,/content/BSM-Project/data/augmented/train/Sillimanite/15__r270_f1.jpg,True,270,True,224,224,3,18688,0eeed30192ec77e27dc5643008942c377d2d66e11720c3fe4415ecaeb08e5a44
IMG_0254_r30_f0,train,Sillimanite,5,IMG_0254,/content/BSM-Project/data/raw/BSM/Sillimanite/15.jpg,GRP_0254,/content/BSM-Project/data/augmented/train/Sillimanite/15__r30_f0.jpg,True,30,False,224,224,3,25260,b3ea123a11ca29b0760df0dd3127e41f9cc547d7503a8eb6ccd0196acb7e2475
IMG_0254_r30_f1,train,Sillimanite,5,IMG_0254,/content/BSM-Project/data/raw/BSM/Sillimanite/15.jpg,GRP_0254,/content/BSM-Project/data/augmented/train/Sillimanite/15__r30_f1.jpg,True,30,True,224,224,3,25325,d6b6b5fd07fe5df4330a4450b3a5fad10abdcfc275e66d25ec6b909530feb6f6
IMG_0254_r45_f0,train,Sillimanite,5,IMG_0254,/content/BSM-Project/data/raw/BSM/Sillimanite/15.jpg,GRP_0254,/content/BSM-Project/data/augmented/train/Sillimanite/15__r45_f0.jpg,True,45,False,224,224,3,24952,db62cfb6f5ed35a4012f085b726b4a375d5c02d48b4d99d2fd9e21a8a594e334
IMG_0254_r45_f1,train,Sillimanite,5,IMG_0254,/content/BSM-Project/data/raw/BSM/Sillimanite/15.jpg,GRP_0254,/content/BSM-Project/data/augmented/train/Sillimanite/15__r45_f1.jpg,True,45,True,224,224,3,25002,ad403b8a47aff111981f5c482508c58978720d90f1065dc8f6483a50c7ce8223
IMG_0254_r90_f0,train,Sillimanite,5,IMG_0254,/content/BSM-Project/data/raw/BSM/Sillimanite/15.jpg,GRP_0254,/content/BSM-Project/data/augmented/train/Sillimanite/15__r90_f0.jpg,True,90,False,224,224,3,18707,b5e422f153723a3a4068a022122f37b7b23be885e923ed7d77c951db21e1e2db
IMG_0254_r90_f1,train,Sillimanite,5,IMG_0254,/content/BSM-Project/data/raw/BSM/Sillimanite/15.jpg,GRP_0254,/content/BSM-Project/data/augmented/train/Sillimanite/15__r90_f1.jpg,True,90,True,224,224,3,18689,6c6463e7d1e42aa67d0f99f96f332ea1192e37805e4373aca5656460b8c1a3ca
IMG_0256_r0_f0,train,Sillimanite,5,IMG_0256,/content/BSM-Project/data/raw/BSM/Sillimanite/17.jpg,GRP_0256,/content/BSM-Project/data/augmented/train/Sillimanite/17__r0_f0.jpg,True,0,False,224,224,3,20234,743702eb257720465144d7ac544e8d126e2a82734af6b9d5bfb60c40c3f0d767
IMG_0256_r0_f1,train,Sillimanite,5,IMG_0256,/content/BSM-Project/data/raw/BSM/Sillimanite/17.jpg,GRP_0256,/content/BSM-Project/data/augmented/train/Sillimanite/17__r0_f1.jpg,True,0,True,224,224,3,20188,84f6db29b0072d1e45345b3775a5f49c9512faeaf5f9a3f6ad5603b77bf6dd16
IMG_0256_r180_f0,train,Sillimanite,5,IMG_0256,/content/BSM-Project/data/raw/BSM/Sillimanite/17.jpg,GRP_0256,/content/BSM-Project/data/augmented/train/Sillimanite/17__r180_f0.jpg,True,180,False,224,224,3,20231,1ee4ca799adf8a4cfe1d0245cb3fb7ec9e5c39ced856ac9812919cbb1aaa3944
IMG_0256_r180_f1,train,Sillimanite,5,IMG_0256,/content/BSM-Project/data/raw/BSM/Sillimanite/17.jpg,GRP_0256,/content/BSM-Project/data/augmented/train/Sillimanite/17__r180_f1.jpg,True,180,True,224,224,3,20179,5fc25ffe6ce3258a10bd68e0cbdf495d5684e2dd2cdd6d86c85b0c4cade8acbd
IMG_0256_r270_f0,train,Sillimanite,5,IMG_0256,/content/BSM-Project/data/raw/BSM/Sillimanite/17.jpg,GRP_0256,/content/BSM-Project/data/augmented/train/Sillimanite/17__r270_f0.jpg,True,270,False,224,224,3,15460,6e15b63f640c932021255c7529bc792b82d6202343079dbc9f22fce25146926c
IMG_0256_r270_f1,train,Sillimanite,5,IMG_0256,/content/BSM-Project/data/raw/BSM/Sillimanite/17.jpg,GRP_0256,/content/BSM-Project/data/augmented/train/Sillimanite/17__r270_f1.jpg,True,270,True,224,224,3,15478,ce2e4e50463d585a9246ff571c3586929fbbe3e3e0cbb8bac4f2249d5bc0b52b
IMG_0256_r30_f0,train,Sillimanite,5,IMG_0256,/content/BSM-Project/data/raw/BSM/Sillimanite/17.jpg,GRP_0256,/content/BSM-Project/data/augmented/train/Sillimanite/17__r30_f0.jpg,True,30,False,224,224,3,21889,c2e18dc1ab05bbce6820f7a7d19b5dc4b551bc05c9307cb4331d59b151008c83
IMG_0256_r30_f1,train,Sillimanite,5,IMG_0256,/content/BSM-Project/data/raw/BSM/Sillimanite/17.jpg,GRP_0256,/content/BSM-Project/data/augmented/train/Sillimanite/17__r30_f1.jpg,True,30,True,224,224,3,21956,14b88f6e651c620ad61ef3507955ab11cd08f06aea308c5b365dc303c9fa7791
IMG_0256_r45_f0,train,Sillimanite,5,IMG_0256,/content/BSM-Project/data/raw/BSM/Sillimanite/17.jpg,GRP_0256,/content/BSM-Project/data/augmented/train/Sillimanite/17__r45_f0.jpg,True,45,False,224,224,3,21115,e79fa7292c5f499c474852851ce1fd4f357fd6875f570066e615a1bcedb3ce53
IMG_0256_r45_f1,train,Sillimanite,5,IMG_0256,/content/BSM-Project/data/raw/BSM/Sillimanite/17.jpg,GRP_0256,/content/BSM-Project/data/augmented/train/Sillimanite/17__r45_f1.jpg,True,45,True,224,224,3,21152,b55fd7f645af7162d37e26a82e183eb0d5832842ce160852f476dfd195ab4e90
IMG_0256_r90_f0,train,Sillimanite,5,IMG_0256,/content/BSM-Project/data/raw/BSM/Sillimanite/17.jpg,GRP_0256,/content/BSM-Project/data/augmented/train/Sillimanite/17__r90_f0.jpg,True,90,False,224,224,3,15477,b6e6b2261122d08468cffe30b7a7e7d713a36d69027813d4d386f79279475c68
IMG_0256_r90_f1,train,Sillimanite,5,IMG_0256,/content/BSM-Project/data/raw/BSM/Sillimanite/17.jpg,GRP_0256,/content/BSM-Project/data/augmented/train/Sillimanite/17__r90_f1.jpg,True,90,True,224,224,3,15456,13df61afed7ca4d11317fe79bc57b1f5ca011777bf152113a0f05882e0e16bc8
IMG_0258_r0_f0,train,Sillimanite,5,IMG_0258,/content/BSM-Project/data/raw/BSM/Sillimanite/19.jpg,GRP_0258,/content/BSM-Project/data/augmented/train/Sillimanite/19__r0_f0.jpg,True,0,False,224,224,3,14583,e6e798c90fae5b96681c54b778d6f01e2734293d872c7732a367f1cdc8f61810
IMG_0258_r0_f1,train,Sillimanite,5,IMG_0258,/content/BSM-Project/data/raw/BSM/Sillimanite/19.jpg,GRP_0258,/content/BSM-Project/data/augmented/train/Sillimanite/19__r0_f1.jpg,True,0,True,224,224,3,14572,500db568457a0e95e34d3bacd5c6a5269de014a22762e08c1d8c0989936afaa5
IMG_0258_r180_f0,train,Sillimanite,5,IMG_0258,/content/BSM-Project/data/raw/BSM/Sillimanite/19.jpg,GRP_0258,/content/BSM-Project/data/augmented/train/Sillimanite/19__r180_f0.jpg,True,180,False,224,224,3,14586,b102ea07d135d91a1b7dfd8ba0b535aa7eeb54409e459498c5efc6cd3e11b2d4
IMG_0258_r180_f1,train,Sillimanite,5,IMG_0258,/content/BSM-Project/data/raw/BSM/Sillimanite/19.jpg,GRP_0258,/content/BSM-Project/data/augmented/train/Sillimanite/19__r180_f1.jpg,True,180,True,224,224,3,14561,8ba58e5f1ddbb00440ad4d235c05e6fb7020a5c3add4cec81ca965920b575291
IMG_0258_r270_f0,train,Sillimanite,5,IMG_0258,/content/BSM-Project/data/raw/BSM/Sillimanite/19.jpg,GRP_0258,/content/BSM-Project/data/augmented/train/Sillimanite/19__r270_f0.jpg,True,270,False,224,224,3,10688,829d657780a834f4ff2d085a20a08978d63a4a57863b680caeeb4ab17fe843eb
IMG_0258_r270_f1,train,Sillimanite,5,IMG_0258,/content/BSM-Project/data/raw/BSM/Sillimanite/19.jpg,GRP_0258,/content/BSM-Project/data/augmented/train/Sillimanite/19__r270_f1.jpg,True,270,True,224,224,3,10687,8f8e8b218ae032edaafcab79292d67246238bab30e9c7e19bfaf176b0b922254
IMG_0258_r30_f0,train,Sillimanite,5,IMG_0258,/content/BSM-Project/data/raw/BSM/Sillimanite/19.jpg,GRP_0258,/content/BSM-Project/data/augmented/train/Sillimanite/19__r30_f0.jpg,True,30,False,224,224,3,14174,b22d2efe3e8da831a6046cd6e96f29f275e0647d74dc5931e4454d20032ac23c
IMG_0258_r30_f1,train,Sillimanite,5,IMG_0258,/content/BSM-Project/data/raw/BSM/Sillimanite/19.jpg,GRP_0258,/content/BSM-Project/data/augmented/train/Sillimanite/19__r30_f1.jpg,True,30,True,224,224,3,14281,7a21b475733e2024bc041fdf1771903fccce961c8dd95e3a709c94722753fcd5
IMG_0258_r45_f0,train,Sillimanite,5,IMG_0258,/content/BSM-Project/data/raw/BSM/Sillimanite/19.jpg,GRP_0258,/content/BSM-Project/data/augmented/train/Sillimanite/19__r45_f0.jpg,True,45,False,224,224,3,13701,aa07afcf6e69b4ae35f0fc3fc9a89a63fbae22d28b1673682808a6a874b0a615
IMG_0258_r45_f1,train,Sillimanite,5,IMG_0258,/content/BSM-Project/data/raw/BSM/Sillimanite/19.jpg,GRP_0258,/content/BSM-Project/data/augmented/train/Sillimanite/19__r45_f1.jpg,True,45,True,224,224,3,13781,e42fb47a324ac62722d1581e5eed9832a7091955c84d561129e3787bb9d3cc68
IMG_0258_r90_f0,train,Sillimanite,5,IMG_0258,/content/BSM-Project/data/raw/BSM/Sillimanite/19.jpg,GRP_0258,/content/BSM-Project/data/augmented/train/Sillimanite/19__r90_f0.jpg,True,90,False,224,224,3,10687,ae892bc708db913abbb210eab01d18768bc550601b2f9c79052f8f3318f38f31
IMG_0258_r90_f1,train,Sillimanite,5,IMG_0258,/content/BSM-Project/data/raw/BSM/Sillimanite/19.jpg,GRP_0258,/content/BSM-Project/data/augmented/train/Sillimanite/19__r90_f1.jpg,True,90,True,224,224,3,10690,c702ef0d1ec6780fda98b3f2f6a8759084d398aa5243172155c38de0f424ca1e
IMG_0259_r0_f0,train,Sillimanite,5,IMG_0259,/content/BSM-Project/data/raw/BSM/Sillimanite/2.jpg,GRP_0259,/content/BSM-Project/data/augmented/train/Sillimanite/2__r0_f0.jpg,True,0,False,224,224,3,22790,cc765442e8a19f7a5e8ca9adbcf36fe983a955dba3a90ca03e0f5cc3d551461c
IMG_0259_r0_f1,train,Sillimanite,5,IMG_0259,/content/BSM-Project/data/raw/BSM/Sillimanite/2.jpg,GRP_0259,/content/BSM-Project/data/augmented/train/Sillimanite/2__r0_f1.jpg,True,0,True,224,224,3,22755,11cf6bdc27e9ea9e21a72f2095f32d1ade1d2c1f5c19affb820456ef7dca1db4
IMG_0259_r180_f0,train,Sillimanite,5,IMG_0259,/content/BSM-Project/data/raw/BSM/Sillimanite/2.jpg,GRP_0259,/content/BSM-Project/data/augmented/train/Sillimanite/2__r180_f0.jpg,True,180,False,224,224,3,22795,8a99242b8ffce097d527b771060218b7dfd4418aafc9ba489ec57b1be42fe66f
IMG_0259_r180_f1,train,Sillimanite,5,IMG_0259,/content/BSM-Project/data/raw/BSM/Sillimanite/2.jpg,GRP_0259,/content/BSM-Project/data/augmented/train/Sillimanite/2__r180_f1.jpg,True,180,True,224,224,3,22744,ff0514606848e90d2b295a16dfed525c632c30d860785813a140a18aca7f270c
IMG_0259_r270_f0,train,Sillimanite,5,IMG_0259,/content/BSM-Project/data/raw/BSM/Sillimanite/2.jpg,GRP_0259,/content/BSM-Project/data/augmented/train/Sillimanite/2__r270_f0.jpg,True,270,False,224,224,3,17376,f25a756e6f2eb6b5beb55219e423547afaa7c5d378d77bbbeb9c48b0d2e4c3d8
IMG_0259_r270_f1,train,Sillimanite,5,IMG_0259,/content/BSM-Project/data/raw/BSM/Sillimanite/2.jpg,GRP_0259,/content/BSM-Project/data/augmented/train/Sillimanite/2__r270_f1.jpg,True,270,True,224,224,3,17377,6a639a1f109e0ff17b1959748a5a0dd808102d5e87745deef190069e76ebdbfe
IMG_0259_r30_f0,train,Sillimanite,5,IMG_0259,/content/BSM-Project/data/raw/BSM/Sillimanite/2.jpg,GRP_0259,/content/BSM-Project/data/augmented/train/Sillimanite/2__r30_f0.jpg,True,30,False,224,224,3,20597,87b13fd016d9acf575719bede5de6ddd89c968b496c9f36cbf39a0df7cb025a0
IMG_0259_r30_f1,train,Sillimanite,5,IMG_0259,/content/BSM-Project/data/raw/BSM/Sillimanite/2.jpg,GRP_0259,/content/BSM-Project/data/augmented/train/Sillimanite/2__r30_f1.jpg,True,30,True,224,224,3,20612,6b54ca33e50937998788eb30464b6e0a479ec865c2982d50887404f99d3195a9
IMG_0259_r45_f0,train,Sillimanite,5,IMG_0259,/content/BSM-Project/data/raw/BSM/Sillimanite/2.jpg,GRP_0259,/content/BSM-Project/data/augmented/train/Sillimanite/2__r45_f0.jpg,True,45,False,224,224,3,19784,8581881b1d9dbbf250dc6301c92e9271aec966b4fcab80aa7daff1fcb4b90cd0
IMG_0259_r45_f1,train,Sillimanite,5,IMG_0259,/content/BSM-Project/data/raw/BSM/Sillimanite/2.jpg,GRP_0259,/content/BSM-Project/data/augmented/train/Sillimanite/2__r45_f1.jpg,True,45,True,224,224,3,19803,81fc1fc65f1306e485443b136b328013c216393197ae886b456168c77056c17d
IMG_0259_r90_f0,train,Sillimanite,5,IMG_0259,/content/BSM-Project/data/raw/BSM/Sillimanite/2.jpg,GRP_0259,/content/BSM-Project/data/augmented/train/Sillimanite/2__r90_f0.jpg,True,90,False,224,224,3,17365,de914320a15e164a5b889ceb9e48cc80147f9c0d6036d638d96aae5897a83dee
IMG_0259_r90_f1,train,Sillimanite,5,IMG_0259,/content/BSM-Project/data/raw/BSM/Sillimanite/2.jpg,GRP_0259,/content/BSM-Project/data/augmented/train/Sillimanite/2__r90_f1.jpg,True,90,True,224,224,3,17376,537256354fb92427adb1f8c3f939b26f4a57ba9589389207de85d97f146a5d76
IMG_0260_r0_f0,train,Sillimanite,5,IMG_0260,/content/BSM-Project/data/raw/BSM/Sillimanite/20.jpg,GRP_0260,/content/BSM-Project/data/augmented/train/Sillimanite/20__r0_f0.jpg,True,0,False,224,224,3,22856,f81751d137f58c83adce73e66eee9fb1c7da6876d31dc2cc190a88a2f833017d
IMG_0260_r0_f1,train,Sillimanite,5,IMG_0260,/content/BSM-Project/data/raw/BSM/Sillimanite/20.jpg,GRP_0260,/content/BSM-Project/data/augmented/train/Sillimanite/20__r0_f1.jpg,True,0,True,224,224,3,22851,30a3cd3186e96ff389e7aa92ffd7369ed15ce2a32aaaa2f3c05a3cd835925ebe
IMG_0260_r180_f0,train,Sillimanite,5,IMG_0260,/content/BSM-Project/data/raw/BSM/Sillimanite/20.jpg,GRP_0260,/content/BSM-Project/data/augmented/train/Sillimanite/20__r180_f0.jpg,True,180,False,224,224,3,22835,1fda63dcaa8ea46a0fc60d29a62ca4400f98f4deb2d9d4c3c7fdfec625424c3c
IMG_0260_r180_f1,train,Sillimanite,5,IMG_0260,/content/BSM-Project/data/raw/BSM/Sillimanite/20.jpg,GRP_0260,/content/BSM-Project/data/augmented/train/Sillimanite/20__r180_f1.jpg,True,180,True,224,224,3,22864,255c715bff96d406a2f5ba986e38535064babf56c48132793b10516c56c5d81f
IMG_0260_r270_f0,train,Sillimanite,5,IMG_0260,/content/BSM-Project/data/raw/BSM/Sillimanite/20.jpg,GRP_0260,/content/BSM-Project/data/augmented/train/Sillimanite/20__r270_f0.jpg,True,270,False,224,224,3,21212,f2b00dac31362b770005cc21ee25bd0de12dfe754973719fd444fdbb36b32fc5
IMG_0260_r270_f1,train,Sillimanite,5,IMG_0260,/content/BSM-Project/data/raw/BSM/Sillimanite/20.jpg,GRP_0260,/content/BSM-Project/data/augmented/train/Sillimanite/20__r270_f1.jpg,True,270,True,224,224,3,21185,9f91ef994899e480f1dc5bee5d24b5df383812452370317b4e6984348c8fc21a
IMG_0260_r30_f0,train,Sillimanite,5,IMG_0260,/content/BSM-Project/data/raw/BSM/Sillimanite/20.jpg,GRP_0260,/content/BSM-Project/data/augmented/train/Sillimanite/20__r30_f0.jpg,True,30,False,224,224,3,23815,27a24eaf77069a7f99852056dd8c093452a74784c925a20c47ab6295ff3866ce
IMG_0260_r30_f1,train,Sillimanite,5,IMG_0260,/content/BSM-Project/data/raw/BSM/Sillimanite/20.jpg,GRP_0260,/content/BSM-Project/data/augmented/train/Sillimanite/20__r30_f1.jpg,True,30,True,224,224,3,23760,31d3c5f45d1564c74c92796e2fa3f674eb90970e0847274917a3a52c76042498
IMG_0260_r45_f0,train,Sillimanite,5,IMG_0260,/content/BSM-Project/data/raw/BSM/Sillimanite/20.jpg,GRP_0260,/content/BSM-Project/data/augmented/train/Sillimanite/20__r45_f0.jpg,True,45,False,224,224,3,23717,507102e79d60e09835e2222845b38ddd9cda2a566db364e9049f31e8cb8a14be
IMG_0260_r45_f1,train,Sillimanite,5,IMG_0260,/content/BSM-Project/data/raw/BSM/Sillimanite/20.jpg,GRP_0260,/content/BSM-Project/data/augmented/train/Sillimanite/20__r45_f1.jpg,True,45,True,224,224,3,23669,a4971ff27a1240ff2ddcf1d3df3825ff27370448d643321994cf7dec945924d7
IMG_0260_r90_f0,train,Sillimanite,5,IMG_0260,/content/BSM-Project/data/raw/BSM/Sillimanite/20.jpg,GRP_0260,/content/BSM-Project/data/augmented/train/Sillimanite/20__r90_f0.jpg,True,90,False,224,224,3,21192,cb22604144ae04f17645534fc3c750bb60eab8853e43f83e7510c113ef2c5961
IMG_0260_r90_f1,train,Sillimanite,5,IMG_0260,/content/BSM-Project/data/raw/BSM/Sillimanite/20.jpg,GRP_0260,/content/BSM-Project/data/augmented/train/Sillimanite/20__r90_f1.jpg,True,90,True,224,224,3,21177,e776f9f47061fbf0a2860dcbc5df5f82e728c5589bd2a9840fcd919b4a2fadc7
IMG_0261_r0_f0,train,Sillimanite,5,IMG_0261,/content/BSM-Project/data/raw/BSM/Sillimanite/21.jpg,GRP_0261,/content/BSM-Project/data/augmented/train/Sillimanite/21__r0_f0.jpg,True,0,False,224,224,3,20529,6573ae9c9b3e8bda83018269ddcdb232a15f7e8fff614d5efd6933fb050bf9db
IMG_0261_r0_f1,train,Sillimanite,5,IMG_0261,/content/BSM-Project/data/raw/BSM/Sillimanite/21.jpg,GRP_0261,/content/BSM-Project/data/augmented/train/Sillimanite/21__r0_f1.jpg,True,0,True,224,224,3,20477,b07c5276e9f14d1f361a8ca0c14f1097369c4204947910b0a88f5b592a7e345a
IMG_0261_r180_f0,train,Sillimanite,5,IMG_0261,/content/BSM-Project/data/raw/BSM/Sillimanite/21.jpg,GRP_0261,/content/BSM-Project/data/augmented/train/Sillimanite/21__r180_f0.jpg,True,180,False,224,224,3,20540,2a0a4d4c82a77c7029884da0795e15d98d4d09af97a8ba0f948ad1c1b4b6012a
IMG_0261_r180_f1,train,Sillimanite,5,IMG_0261,/content/BSM-Project/data/raw/BSM/Sillimanite/21.jpg,GRP_0261,/content/BSM-Project/data/augmented/train/Sillimanite/21__r180_f1.jpg,True,180,True,224,224,3,20474,69568156d44ca5fa5ef54ab9825a31c328c48ff981d3837e797716fe4d5663b8
IMG_0261_r270_f0,train,Sillimanite,5,IMG_0261,/content/BSM-Project/data/raw/BSM/Sillimanite/21.jpg,GRP_0261,/content/BSM-Project/data/augmented/train/Sillimanite/21__r270_f0.jpg,True,270,False,224,224,3,16300,23100e4c87b895402f4e0c3aff0b22709e5dd455c5a93d7bd12a5c2569021b05
IMG_0261_r270_f1,train,Sillimanite,5,IMG_0261,/content/BSM-Project/data/raw/BSM/Sillimanite/21.jpg,GRP_0261,/content/BSM-Project/data/augmented/train/Sillimanite/21__r270_f1.jpg,True,270,True,224,224,3,16345,edb46a56ce991bc6b65be4dbc9e7fd9a0a64fc8f9cdd19c32d11e4bbeb9dbcde
IMG_0261_r30_f0,train,Sillimanite,5,IMG_0261,/content/BSM-Project/data/raw/BSM/Sillimanite/21.jpg,GRP_0261,/content/BSM-Project/data/augmented/train/Sillimanite/21__r30_f0.jpg,True,30,False,224,224,3,19387,5f7f8714eb50ae297d8e0d5ca62f9e24605183457dea9bbee77de7bc297f62a8
IMG_0261_r30_f1,train,Sillimanite,5,IMG_0261,/content/BSM-Project/data/raw/BSM/Sillimanite/21.jpg,GRP_0261,/content/BSM-Project/data/augmented/train/Sillimanite/21__r30_f1.jpg,True,30,True,224,224,3,19389,b54fbd4cbf36b85c2fe56793e24e7ac34945fafe9b4c9164fe6b523ef4154e73
IMG_0261_r45_f0,train,Sillimanite,5,IMG_0261,/content/BSM-Project/data/raw/BSM/Sillimanite/21.jpg,GRP_0261,/content/BSM-Project/data/augmented/train/Sillimanite/21__r45_f0.jpg,True,45,False,224,224,3,18750,689204f22d149bba095f480e9eb0d1f752862f96c60eb4e583e148c10a074422
IMG_0261_r45_f1,train,Sillimanite,5,IMG_0261,/content/BSM-Project/data/raw/BSM/Sillimanite/21.jpg,GRP_0261,/content/BSM-Project/data/augmented/train/Sillimanite/21__r45_f1.jpg,True,45,True,224,224,3,18776,7ce5d048850a48fc1a08669604ff37834c03a565c30d746dd34a3115558ab979
IMG_0261_r90_f0,train,Sillimanite,5,IMG_0261,/content/BSM-Project/data/raw/BSM/Sillimanite/21.jpg,GRP_0261,/content/BSM-Project/data/augmented/train/Sillimanite/21__r90_f0.jpg,True,90,False,224,224,3,16287,a287f253d13cf636b97d50ac9780a2b7e3fc2ff530cd20cafbe1f906e020e4d1
IMG_0261_r90_f1,train,Sillimanite,5,IMG_0261,/content/BSM-Project/data/raw/BSM/Sillimanite/21.jpg,GRP_0261,/content/BSM-Project/data/augmented/train/Sillimanite/21__r90_f1.jpg,True,90,True,224,224,3,16361,24591636b6f3c5ee2de996ee187a90dbc1f2447e8e5b4e3ba3cb1581204d008a
IMG_0262_r0_f0,train,Sillimanite,5,IMG_0262,/content/BSM-Project/data/raw/BSM/Sillimanite/22.jpg,GRP_0262,/content/BSM-Project/data/augmented/train/Sillimanite/22__r0_f0.jpg,True,0,False,224,224,3,17478,536cd627afbddf649c73b08019ef88d45956467ed6ed95526c6d9c974cd24c8e
IMG_0262_r0_f1,train,Sillimanite,5,IMG_0262,/content/BSM-Project/data/raw/BSM/Sillimanite/22.jpg,GRP_0262,/content/BSM-Project/data/augmented/train/Sillimanite/22__r0_f1.jpg,True,0,True,224,224,3,17498,9c8dd4eca4af3957944cdc23318f935cf8a1ed975e19d1ee48ace84c0f38f8df
IMG_0262_r180_f0,train,Sillimanite,5,IMG_0262,/content/BSM-Project/data/raw/BSM/Sillimanite/22.jpg,GRP_0262,/content/BSM-Project/data/augmented/train/Sillimanite/22__r180_f0.jpg,True,180,False,224,224,3,17485,082712e07d54d5f2f76d690620fda83e9e7c9f58b43f64e0d871f8180b363eaa
IMG_0262_r180_f1,train,Sillimanite,5,IMG_0262,/content/BSM-Project/data/raw/BSM/Sillimanite/22.jpg,GRP_0262,/content/BSM-Project/data/augmented/train/Sillimanite/22__r180_f1.jpg,True,180,True,224,224,3,17489,ed6cf3ec1e0326ffbc63d92d1a1cdb42237f95f73e4d826248d53ad863addf26
IMG_0262_r270_f0,train,Sillimanite,5,IMG_0262,/content/BSM-Project/data/raw/BSM/Sillimanite/22.jpg,GRP_0262,/content/BSM-Project/data/augmented/train/Sillimanite/22__r270_f0.jpg,True,270,False,224,224,3,15836,780ee549b9fec5313c50490175c21a13b64997309e506abb8c57335ced34cfc3
IMG_0262_r270_f1,train,Sillimanite,5,IMG_0262,/content/BSM-Project/data/raw/BSM/Sillimanite/22.jpg,GRP_0262,/content/BSM-Project/data/augmented/train/Sillimanite/22__r270_f1.jpg,True,270,True,224,224,3,15845,e89f7a59ffae7f27948ed0a162542296d6730ded159e61d7aa1769ff654383c8
IMG_0262_r30_f0,train,Sillimanite,5,IMG_0262,/content/BSM-Project/data/raw/BSM/Sillimanite/22.jpg,GRP_0262,/content/BSM-Project/data/augmented/train/Sillimanite/22__r30_f0.jpg,True,30,False,224,224,3,19348,8ffa6f7230c03cf0ebf925ca4a222c11438318d2967f6644f80320a52522cf83
IMG_0262_r30_f1,train,Sillimanite,5,IMG_0262,/content/BSM-Project/data/raw/BSM/Sillimanite/22.jpg,GRP_0262,/content/BSM-Project/data/augmented/train/Sillimanite/22__r30_f1.jpg,True,30,True,224,224,3,19302,2420b81feb97ed65e94bd557aaf878f491f5cefda40b95492eef0c8bfa9a488c
IMG_0262_r45_f0,train,Sillimanite,5,IMG_0262,/content/BSM-Project/data/raw/BSM/Sillimanite/22.jpg,GRP_0262,/content/BSM-Project/data/augmented/train/Sillimanite/22__r45_f0.jpg,True,45,False,224,224,3,19022,24f09f9ed12c6aa70478473a881a4c917592b40ef01ecd2033933a59dcbe3a41
IMG_0262_r45_f1,train,Sillimanite,5,IMG_0262,/content/BSM-Project/data/raw/BSM/Sillimanite/22.jpg,GRP_0262,/content/BSM-Project/data/augmented/train/Sillimanite/22__r45_f1.jpg,True,45,True,224,224,3,19020,47808e91e80b1ec8a94d58da37b781a2e202e6a8ef32b01517b6eb3dfd2fb2d8
IMG_0262_r90_f0,train,Sillimanite,5,IMG_0262,/content/BSM-Project/data/raw/BSM/Sillimanite/22.jpg,GRP_0262,/content/BSM-Project/data/augmented/train/Sillimanite/22__r90_f0.jpg,True,90,False,224,224,3,15845,65f802f8502a3a8e6e6f59965f7c99469e427f04eff5ea3d816f583b1353ed22
IMG_0262_r90_f1,train,Sillimanite,5,IMG_0262,/content/BSM-Project/data/raw/BSM/Sillimanite/22.jpg,GRP_0262,/content/BSM-Project/data/augmented/train/Sillimanite/22__r90_f1.jpg,True,90,True,224,224,3,15841,59e67b42d2609af422bf59f90e6c7e196cd5d8bfa921536dbe0271e2546430e1
IMG_0263_r0_f0,train,Sillimanite,5,IMG_0263,/content/BSM-Project/data/raw/BSM/Sillimanite/23.jpg,GRP_0263,/content/BSM-Project/data/augmented/train/Sillimanite/23__r0_f0.jpg,True,0,False,224,224,3,24555,b7bc296e6110eb867cb49d74921013d3fe77fc36829989c53b18b3b40dea0bca
IMG_0263_r0_f1,train,Sillimanite,5,IMG_0263,/content/BSM-Project/data/raw/BSM/Sillimanite/23.jpg,GRP_0263,/content/BSM-Project/data/augmented/train/Sillimanite/23__r0_f1.jpg,True,0,True,224,224,3,24583,83b01b3bc6316a37fe3a57d856ee183d1d31274cdaeb07c3916f41823834fab0
IMG_0263_r180_f0,train,Sillimanite,5,IMG_0263,/content/BSM-Project/data/raw/BSM/Sillimanite/23.jpg,GRP_0263,/content/BSM-Project/data/augmented/train/Sillimanite/23__r180_f0.jpg,True,180,False,224,224,3,24550,27da5062eb870b037f922a55c2fe6aa08a7c659e0a7c7ce025b8554cf74d9330
IMG_0263_r180_f1,train,Sillimanite,5,IMG_0263,/content/BSM-Project/data/raw/BSM/Sillimanite/23.jpg,GRP_0263,/content/BSM-Project/data/augmented/train/Sillimanite/23__r180_f1.jpg,True,180,True,224,224,3,24559,0aa3be7c1e5bf5eee41ebda58153756745c41b74fe4ebf0c7b2e62abd5d5a034
IMG_0263_r270_f0,train,Sillimanite,5,IMG_0263,/content/BSM-Project/data/raw/BSM/Sillimanite/23.jpg,GRP_0263,/content/BSM-Project/data/augmented/train/Sillimanite/23__r270_f0.jpg,True,270,False,224,224,3,17505,2592dd38876a10a23c7f42675e9a95222d2368279165122dda7adb38d05fb764
IMG_0263_r270_f1,train,Sillimanite,5,IMG_0263,/content/BSM-Project/data/raw/BSM/Sillimanite/23.jpg,GRP_0263,/content/BSM-Project/data/augmented/train/Sillimanite/23__r270_f1.jpg,True,270,True,224,224,3,17495,1e91f8b2ffda19d4c86adaa49a7d4bed4b8595b2c7eccd66bf85d87e103fe7f9
IMG_0263_r30_f0,train,Sillimanite,5,IMG_0263,/content/BSM-Project/data/raw/BSM/Sillimanite/23.jpg,GRP_0263,/content/BSM-Project/data/augmented/train/Sillimanite/23__r30_f0.jpg,True,30,False,224,224,3,21676,20a5965cbd0044196f388e4c77ebe119867d49ba36af17c69de61a9bb3b1aa63
IMG_0263_r30_f1,train,Sillimanite,5,IMG_0263,/content/BSM-Project/data/raw/BSM/Sillimanite/23.jpg,GRP_0263,/content/BSM-Project/data/augmented/train/Sillimanite/23__r30_f1.jpg,True,30,True,224,224,3,21705,2453d1d54907751e382e7e1a55885266c4f2c02e2c7bb5a9fcba475d924d916f
IMG_0263_r45_f0,train,Sillimanite,5,IMG_0263,/content/BSM-Project/data/raw/BSM/Sillimanite/23.jpg,GRP_0263,/content/BSM-Project/data/augmented/train/Sillimanite/23__r45_f0.jpg,True,45,False,224,224,3,20172,cba7af17043593136f7e0074ed0193f40767c6ecde9040fb18954c8249f2a0ba
IMG_0263_r45_f1,train,Sillimanite,5,IMG_0263,/content/BSM-Project/data/raw/BSM/Sillimanite/23.jpg,GRP_0263,/content/BSM-Project/data/augmented/train/Sillimanite/23__r45_f1.jpg,True,45,True,224,224,3,20180,ece9083c4bf6eddd88db779380e6ed4ed43fe4abf2b3c98a8ccdc9c7b0dd30d7
IMG_0263_r90_f0,train,Sillimanite,5,IMG_0263,/content/BSM-Project/data/raw/BSM/Sillimanite/23.jpg,GRP_0263,/content/BSM-Project/data/augmented/train/Sillimanite/23__r90_f0.jpg,True,90,False,224,224,3,17496,3e3d6589bead07b8cf89d3f611f94833652043563adfea671ed1fa1b2f63f667
IMG_0263_r90_f1,train,Sillimanite,5,IMG_0263,/content/BSM-Project/data/raw/BSM/Sillimanite/23.jpg,GRP_0263,/content/BSM-Project/data/augmented/train/Sillimanite/23__r90_f1.jpg,True,90,True,224,224,3,17485,5a248189a9908284a50db1a305ab6323cef49edc52fdf2c44c7697f8e835ffc6
IMG_0264_r0_f0,train,Sillimanite,5,IMG_0264,/content/BSM-Project/data/raw/BSM/Sillimanite/24.jpg,GRP_0264,/content/BSM-Project/data/augmented/train/Sillimanite/24__r0_f0.jpg,True,0,False,224,224,3,24131,8f465ac6f0bb160fad3af9d98411074f39980910d5495dd201f713e69b11277b
IMG_0264_r0_f1,train,Sillimanite,5,IMG_0264,/content/BSM-Project/data/raw/BSM/Sillimanite/24.jpg,GRP_0264,/content/BSM-Project/data/augmented/train/Sillimanite/24__r0_f1.jpg,True,0,True,224,224,3,24140,a6ee8cbae85770577045a8588572c00f28e721011ff14cbd91313917fec5e59f
IMG_0264_r180_f0,train,Sillimanite,5,IMG_0264,/content/BSM-Project/data/raw/BSM/Sillimanite/24.jpg,GRP_0264,/content/BSM-Project/data/augmented/train/Sillimanite/24__r180_f0.jpg,True,180,False,224,224,3,24097,2e3ca9cd2467a60ca9d62fbd717325242d8816d40c6d63867ee513952c18adbe
IMG_0264_r180_f1,train,Sillimanite,5,IMG_0264,/content/BSM-Project/data/raw/BSM/Sillimanite/24.jpg,GRP_0264,/content/BSM-Project/data/augmented/train/Sillimanite/24__r180_f1.jpg,True,180,True,224,224,3,24150,5752ff45a82a5b470d51a0b542eab922c06fa9d596187c321933d7aaf35de199
IMG_0264_r270_f0,train,Sillimanite,5,IMG_0264,/content/BSM-Project/data/raw/BSM/Sillimanite/24.jpg,GRP_0264,/content/BSM-Project/data/augmented/train/Sillimanite/24__r270_f0.jpg,True,270,False,224,224,3,21933,5c04c8b1fa42f565f59eedd2eb29dae284ce284e6fc215b1f0ab91beb4954cc3
IMG_0264_r270_f1,train,Sillimanite,5,IMG_0264,/content/BSM-Project/data/raw/BSM/Sillimanite/24.jpg,GRP_0264,/content/BSM-Project/data/augmented/train/Sillimanite/24__r270_f1.jpg,True,270,True,224,224,3,21935,96949cadd6a63a9230c21ff028d953bb6815c112bf9f00375ad9e79c0835580f
IMG_0264_r30_f0,train,Sillimanite,5,IMG_0264,/content/BSM-Project/data/raw/BSM/Sillimanite/24.jpg,GRP_0264,/content/BSM-Project/data/augmented/train/Sillimanite/24__r30_f0.jpg,True,30,False,224,224,3,23801,34502f4d2841d4966c81683f1a77d02806cba69ef72b9c6e7fd3554a8805d272
IMG_0264_r30_f1,train,Sillimanite,5,IMG_0264,/content/BSM-Project/data/raw/BSM/Sillimanite/24.jpg,GRP_0264,/content/BSM-Project/data/augmented/train/Sillimanite/24__r30_f1.jpg,True,30,True,224,224,3,23825,1047bc95b3f15b5b483c973e25986ce6489dfb36a6950d85feee7f027e68087f
IMG_0264_r45_f0,train,Sillimanite,5,IMG_0264,/content/BSM-Project/data/raw/BSM/Sillimanite/24.jpg,GRP_0264,/content/BSM-Project/data/augmented/train/Sillimanite/24__r45_f0.jpg,True,45,False,224,224,3,23016,8d84e5232ab298c788f4699cb7fcfea2a2e57894719deddc943c14c9ef0782df
IMG_0264_r45_f1,train,Sillimanite,5,IMG_0264,/content/BSM-Project/data/raw/BSM/Sillimanite/24.jpg,GRP_0264,/content/BSM-Project/data/augmented/train/Sillimanite/24__r45_f1.jpg,True,45,True,224,224,3,23015,cd7c4301c91eff33f754bfa498c41f3ff0e19d6ec6d66b0eb90c076e25d5f16a
IMG_0264_r90_f0,train,Sillimanite,5,IMG_0264,/content/BSM-Project/data/raw/BSM/Sillimanite/24.jpg,GRP_0264,/content/BSM-Project/data/augmented/train/Sillimanite/24__r90_f0.jpg,True,90,False,224,224,3,21963,d0edeadd86e4497f569aeb026e9b0b6ac15f307b8a5372e1b14532c8fda05116
IMG_0264_r90_f1,train,Sillimanite,5,IMG_0264,/content/BSM-Project/data/raw/BSM/Sillimanite/24.jpg,GRP_0264,/content/BSM-Project/data/augmented/train/Sillimanite/24__r90_f1.jpg,True,90,True,224,224,3,21899,5c81c4980e3b1abc4135fedeb66d08f4ac7932739e0dd0c9ccc4de85bf7a7d76
IMG_0265_r0_f0,train,Sillimanite,5,IMG_0265,/content/BSM-Project/data/raw/BSM/Sillimanite/25.jpg,GRP_0265,/content/BSM-Project/data/augmented/train/Sillimanite/25__r0_f0.jpg,True,0,False,224,224,3,20184,bc3395cf03a7aaf5cf7e428e1b1953cb3644ce414766b436fef7e260b246ca20
IMG_0265_r0_f1,train,Sillimanite,5,IMG_0265,/content/BSM-Project/data/raw/BSM/Sillimanite/25.jpg,GRP_0265,/content/BSM-Project/data/augmented/train/Sillimanite/25__r0_f1.jpg,True,0,True,224,224,3,20145,fe8abdaa17779bf3df7ccdb6795034847849e6249dc7969723fdc5328edd0ec3
IMG_0265_r180_f0,train,Sillimanite,5,IMG_0265,/content/BSM-Project/data/raw/BSM/Sillimanite/25.jpg,GRP_0265,/content/BSM-Project/data/augmented/train/Sillimanite/25__r180_f0.jpg,True,180,False,224,224,3,20182,5576b42a0515c4351133c28285dce2aeaedc5917833ced04fbdd30509b9c39a7
IMG_0265_r180_f1,train,Sillimanite,5,IMG_0265,/content/BSM-Project/data/raw/BSM/Sillimanite/25.jpg,GRP_0265,/content/BSM-Project/data/augmented/train/Sillimanite/25__r180_f1.jpg,True,180,True,224,224,3,20132,4435beabc649f861dc52bc9cf6ecd8ced407869c480dd7f8c63d1bb501e78353
IMG_0265_r270_f0,train,Sillimanite,5,IMG_0265,/content/BSM-Project/data/raw/BSM/Sillimanite/25.jpg,GRP_0265,/content/BSM-Project/data/augmented/train/Sillimanite/25__r270_f0.jpg,True,270,False,224,224,3,20787,0986917a210b924bf41f0c6c2f30d88b74ca23739e8f8a77db46ab06ea6b3367
IMG_0265_r270_f1,train,Sillimanite,5,IMG_0265,/content/BSM-Project/data/raw/BSM/Sillimanite/25.jpg,GRP_0265,/content/BSM-Project/data/augmented/train/Sillimanite/25__r270_f1.jpg,True,270,True,224,224,3,20831,9948fdab13a5c8aea5460c1effeab282c79bfdbcea269ef97a5c3344463aaf42
IMG_0265_r30_f0,train,Sillimanite,5,IMG_0265,/content/BSM-Project/data/raw/BSM/Sillimanite/25.jpg,GRP_0265,/content/BSM-Project/data/augmented/train/Sillimanite/25__r30_f0.jpg,True,30,False,224,224,3,20607,3267eec933124d53a5f00fc70aba72904e6ac9825ba110e1ec2fd4e129c9b0cf
IMG_0265_r30_f1,train,Sillimanite,5,IMG_0265,/content/BSM-Project/data/raw/BSM/Sillimanite/25.jpg,GRP_0265,/content/BSM-Project/data/augmented/train/Sillimanite/25__r30_f1.jpg,True,30,True,224,224,3,20628,ba502d2c2c7dade4be1619bd24ba9dfec1b1f1abba7a7be4cd1445c66bafabb8
IMG_0265_r45_f0,train,Sillimanite,5,IMG_0265,/content/BSM-Project/data/raw/BSM/Sillimanite/25.jpg,GRP_0265,/content/BSM-Project/data/augmented/train/Sillimanite/25__r45_f0.jpg,True,45,False,224,224,3,20420,6af04b03e1eac614daa54bf86124d7a7c1f69e7072b18134aa76c927389ffafc
IMG_0265_r45_f1,train,Sillimanite,5,IMG_0265,/content/BSM-Project/data/raw/BSM/Sillimanite/25.jpg,GRP_0265,/content/BSM-Project/data/augmented/train/Sillimanite/25__r45_f1.jpg,True,45,True,224,224,3,20430,fcf8258ab25d7ddac888ae91ce82bed0efcd335d2112d06738187b771945c38b
IMG_0265_r90_f0,train,Sillimanite,5,IMG_0265,/content/BSM-Project/data/raw/BSM/Sillimanite/25.jpg,GRP_0265,/content/BSM-Project/data/augmented/train/Sillimanite/25__r90_f0.jpg,True,90,False,224,224,3,20799,e0f040c5f05d36453169b2a257bd163057e2169c539bfbf51aa3976a465c4aed
IMG_0265_r90_f1,train,Sillimanite,5,IMG_0265,/content/BSM-Project/data/raw/BSM/Sillimanite/25.jpg,GRP_0265,/content/BSM-Project/data/augmented/train/Sillimanite/25__r90_f1.jpg,True,90,True,224,224,3,20826,bb232c511d025161463c636de40e6f5ccbba6670fd7388d39a22151ba034b52c
IMG_0266_r0_f0,train,Sillimanite,5,IMG_0266,/content/BSM-Project/data/raw/BSM/Sillimanite/26.jpg,GRP_0266,/content/BSM-Project/data/augmented/train/Sillimanite/26__r0_f0.jpg,True,0,False,224,224,3,13444,956df613d66fbeafa4a78958e59d05a93f9142202f7ceee61002850553840f0b
IMG_0266_r0_f1,train,Sillimanite,5,IMG_0266,/content/BSM-Project/data/raw/BSM/Sillimanite/26.jpg,GRP_0266,/content/BSM-Project/data/augmented/train/Sillimanite/26__r0_f1.jpg,True,0,True,224,224,3,13453,af33a6cb62d8c12f53447fb1f97549b6e6f121e98bbafbf1320fe90f50c09344
IMG_0266_r180_f0,train,Sillimanite,5,IMG_0266,/content/BSM-Project/data/raw/BSM/Sillimanite/26.jpg,GRP_0266,/content/BSM-Project/data/augmented/train/Sillimanite/26__r180_f0.jpg,True,180,False,224,224,3,13458,f9d76f042c816aa583c216cd308fb7151c4db060371e45231389994442eaffd9
IMG_0266_r180_f1,train,Sillimanite,5,IMG_0266,/content/BSM-Project/data/raw/BSM/Sillimanite/26.jpg,GRP_0266,/content/BSM-Project/data/augmented/train/Sillimanite/26__r180_f1.jpg,True,180,True,224,224,3,13442,84894ec664ccc0587c187323b6e348de7f828f917ddfef83fc5e82f0500a54a7
IMG_0266_r270_f0,train,Sillimanite,5,IMG_0266,/content/BSM-Project/data/raw/BSM/Sillimanite/26.jpg,GRP_0266,/content/BSM-Project/data/augmented/train/Sillimanite/26__r270_f0.jpg,True,270,False,224,224,3,11996,260274009d2e3b692aa6e1d6b9a2e84f8f799c31ca94e5c23e354b66c18d9971
IMG_0266_r270_f1,train,Sillimanite,5,IMG_0266,/content/BSM-Project/data/raw/BSM/Sillimanite/26.jpg,GRP_0266,/content/BSM-Project/data/augmented/train/Sillimanite/26__r270_f1.jpg,True,270,True,224,224,3,12013,7b6fc078c943b7d26de3f2e09efcd0b95e8ee178c88929310d294204e0bb8901
IMG_0266_r30_f0,train,Sillimanite,5,IMG_0266,/content/BSM-Project/data/raw/BSM/Sillimanite/26.jpg,GRP_0266,/content/BSM-Project/data/augmented/train/Sillimanite/26__r30_f0.jpg,True,30,False,224,224,3,15603,18f2dc787f80f4877381e76d89e82265a66a657a008923596cdedbb9daa9d2b5
IMG_0266_r30_f1,train,Sillimanite,5,IMG_0266,/content/BSM-Project/data/raw/BSM/Sillimanite/26.jpg,GRP_0266,/content/BSM-Project/data/augmented/train/Sillimanite/26__r30_f1.jpg,True,30,True,224,224,3,15599,4a672e07a23c7d36fdb1d94c169644af6b96a139d43e9e9be69011b207465fe9
IMG_0266_r45_f0,train,Sillimanite,5,IMG_0266,/content/BSM-Project/data/raw/BSM/Sillimanite/26.jpg,GRP_0266,/content/BSM-Project/data/augmented/train/Sillimanite/26__r45_f0.jpg,True,45,False,224,224,3,15143,f08141f007f1352717bf339db0b19b457b86e12e54af17345b4dd354f94d23c0
IMG_0266_r45_f1,train,Sillimanite,5,IMG_0266,/content/BSM-Project/data/raw/BSM/Sillimanite/26.jpg,GRP_0266,/content/BSM-Project/data/augmented/train/Sillimanite/26__r45_f1.jpg,True,45,True,224,224,3,15140,182b02cce312589b72f48df428e6d55029defaef27973ae51de9fb02f58c3f42
IMG_0266_r90_f0,train,Sillimanite,5,IMG_0266,/content/BSM-Project/data/raw/BSM/Sillimanite/26.jpg,GRP_0266,/content/BSM-Project/data/augmented/train/Sillimanite/26__r90_f0.jpg,True,90,False,224,224,3,11996,cf048efa4ea567591ea91e855520fb0ab070d884f950ac70ee05cd3f9bcafee0
IMG_0266_r90_f1,train,Sillimanite,5,IMG_0266,/content/BSM-Project/data/raw/BSM/Sillimanite/26.jpg,GRP_0266,/content/BSM-Project/data/augmented/train/Sillimanite/26__r90_f1.jpg,True,90,True,224,224,3,11999,542c9427c2fd8c1f4dff476ab07cb4f6ad7d7416f9efd75c0bab437e40dfde0e
IMG_0267_r0_f0,train,Sillimanite,5,IMG_0267,/content/BSM-Project/data/raw/BSM/Sillimanite/27.jpg,GRP_0267,/content/BSM-Project/data/augmented/train/Sillimanite/27__r0_f0.jpg,True,0,False,224,224,3,24728,203eef524b5ffceff523ebb95b16925a06c267d456c98ece09c46d43e32246fd
IMG_0267_r0_f1,train,Sillimanite,5,IMG_0267,/content/BSM-Project/data/raw/BSM/Sillimanite/27.jpg,GRP_0267,/content/BSM-Project/data/augmented/train/Sillimanite/27__r0_f1.jpg,True,0,True,224,224,3,24696,92d00bc654003286c1c521ff1347dda42cfd68cd7ced90e938e6a6c4050e8df5
IMG_0267_r180_f0,train,Sillimanite,5,IMG_0267,/content/BSM-Project/data/raw/BSM/Sillimanite/27.jpg,GRP_0267,/content/BSM-Project/data/augmented/train/Sillimanite/27__r180_f0.jpg,True,180,False,224,224,3,24713,459315552826afde0cb5eb5aaad3316df9115ee8ce0c8446039cdd903c3f3a82
IMG_0267_r180_f1,train,Sillimanite,5,IMG_0267,/content/BSM-Project/data/raw/BSM/Sillimanite/27.jpg,GRP_0267,/content/BSM-Project/data/augmented/train/Sillimanite/27__r180_f1.jpg,True,180,True,224,224,3,24710,cf470880e212bdf465fc21e5ec0abb18b4db29cf4fbf3a48e8a7c34890ff8978
IMG_0267_r270_f0,train,Sillimanite,5,IMG_0267,/content/BSM-Project/data/raw/BSM/Sillimanite/27.jpg,GRP_0267,/content/BSM-Project/data/augmented/train/Sillimanite/27__r270_f0.jpg,True,270,False,224,224,3,24789,67bf26b1dc9078c718657967a5c45044db967fc695209dc13e19f51ef86ee574
IMG_0267_r270_f1,train,Sillimanite,5,IMG_0267,/content/BSM-Project/data/raw/BSM/Sillimanite/27.jpg,GRP_0267,/content/BSM-Project/data/augmented/train/Sillimanite/27__r270_f1.jpg,True,270,True,224,224,3,24819,3ca9f10b478aa0112fa892b807b75b2e879c9bfed9c23df99db82347a33dcad0
IMG_0267_r30_f0,train,Sillimanite,5,IMG_0267,/content/BSM-Project/data/raw/BSM/Sillimanite/27.jpg,GRP_0267,/content/BSM-Project/data/augmented/train/Sillimanite/27__r30_f0.jpg,True,30,False,224,224,3,23049,a9d299f33631339dd1101e3e5213b2075db4ecd8bb1bfb32df9f4f87cc3ad8ce
IMG_0267_r30_f1,train,Sillimanite,5,IMG_0267,/content/BSM-Project/data/raw/BSM/Sillimanite/27.jpg,GRP_0267,/content/BSM-Project/data/augmented/train/Sillimanite/27__r30_f1.jpg,True,30,True,224,224,3,23049,25834bbb9d363c9dae32bf3c991a177ff8d35ffbca8fe923a734a1126bae12be
IMG_0267_r45_f0,train,Sillimanite,5,IMG_0267,/content/BSM-Project/data/raw/BSM/Sillimanite/27.jpg,GRP_0267,/content/BSM-Project/data/augmented/train/Sillimanite/27__r45_f0.jpg,True,45,False,224,224,3,22645,4cbe597104461f192fa88c6e6e712853e4f88b915a9bca2630388d455079d81c
IMG_0267_r45_f1,train,Sillimanite,5,IMG_0267,/content/BSM-Project/data/raw/BSM/Sillimanite/27.jpg,GRP_0267,/content/BSM-Project/data/augmented/train/Sillimanite/27__r45_f1.jpg,True,45,True,224,224,3,22685,5748985620e34b2338906545e9497b6dbd608223655254fce3e32263f65ed8af
IMG_0267_r90_f0,train,Sillimanite,5,IMG_0267,/content/BSM-Project/data/raw/BSM/Sillimanite/27.jpg,GRP_0267,/content/BSM-Project/data/augmented/train/Sillimanite/27__r90_f0.jpg,True,90,False,224,224,3,24821,5938581eb55a450775a4b1f3beb588b828d0cc9cd51a2b656641b44689c235ea
IMG_0267_r90_f1,train,Sillimanite,5,IMG_0267,/content/BSM-Project/data/raw/BSM/Sillimanite/27.jpg,GRP_0267,/content/BSM-Project/data/augmented/train/Sillimanite/27__r90_f1.jpg,True,90,True,224,224,3,24802,64a3a75537ca34ffecf4ad71b83fa5c76f689667761cbc35c22c213aec6cacae
IMG_0270_r0_f0,train,Sillimanite,5,IMG_0270,/content/BSM-Project/data/raw/BSM/Sillimanite/3.jpg,GRP_0270,/content/BSM-Project/data/augmented/train/Sillimanite/3__r0_f0.jpg,True,0,False,224,224,3,27354,88cc380310053afdecfc2c88628784c5ed31ed870c0f63ce41f3252a58237758
IMG_0270_r0_f1,train,Sillimanite,5,IMG_0270,/content/BSM-Project/data/raw/BSM/Sillimanite/3.jpg,GRP_0270,/content/BSM-Project/data/augmented/train/Sillimanite/3__r0_f1.jpg,True,0,True,224,224,3,27377,f57cdd9d5f7240fecb0966f2aa9d029b1a249b808c3018e1b40210332953c719
IMG_0270_r180_f0,train,Sillimanite,5,IMG_0270,/content/BSM-Project/data/raw/BSM/Sillimanite/3.jpg,GRP_0270,/content/BSM-Project/data/augmented/train/Sillimanite/3__r180_f0.jpg,True,180,False,224,224,3,27365,c47e05045b9d3b6ced5810a5c48a076a5900948a011694a60edd1970f6e0e63a
IMG_0270_r180_f1,train,Sillimanite,5,IMG_0270,/content/BSM-Project/data/raw/BSM/Sillimanite/3.jpg,GRP_0270,/content/BSM-Project/data/augmented/train/Sillimanite/3__r180_f1.jpg,True,180,True,224,224,3,27378,3d8c75be31b8cb2a3458c395484b588c15b2111155dccc4509f1e9e750156485
IMG_0270_r270_f0,train,Sillimanite,5,IMG_0270,/content/BSM-Project/data/raw/BSM/Sillimanite/3.jpg,GRP_0270,/content/BSM-Project/data/augmented/train/Sillimanite/3__r270_f0.jpg,True,270,False,224,224,3,20587,ff53189a88cb3467371c1c059ef687dc13de89096228a0a6d73bee586a04473c
IMG_0270_r270_f1,train,Sillimanite,5,IMG_0270,/content/BSM-Project/data/raw/BSM/Sillimanite/3.jpg,GRP_0270,/content/BSM-Project/data/augmented/train/Sillimanite/3__r270_f1.jpg,True,270,True,224,224,3,20599,3bf1d945180f98d9b2ad1ad4c609db517e15ca0326c6e7e868ea1625ac7939c0
IMG_0270_r30_f0,train,Sillimanite,5,IMG_0270,/content/BSM-Project/data/raw/BSM/Sillimanite/3.jpg,GRP_0270,/content/BSM-Project/data/augmented/train/Sillimanite/3__r30_f0.jpg,True,30,False,224,224,3,25727,8f402b2d5746695a48fcd0a538995194d207abb79589cb971b6221c9c67c692d
IMG_0270_r30_f1,train,Sillimanite,5,IMG_0270,/content/BSM-Project/data/raw/BSM/Sillimanite/3.jpg,GRP_0270,/content/BSM-Project/data/augmented/train/Sillimanite/3__r30_f1.jpg,True,30,True,224,224,3,25776,7ed5740f027c077125b5bee3704936dbdfdf1fdde44f02d3bee36173f92df293
IMG_0270_r45_f0,train,Sillimanite,5,IMG_0270,/content/BSM-Project/data/raw/BSM/Sillimanite/3.jpg,GRP_0270,/content/BSM-Project/data/augmented/train/Sillimanite/3__r45_f0.jpg,True,45,False,224,224,3,24736,c8b8a80b229ce0a24278daddec88cfc5aebe1deaa0558d8fdab8fa433302dfe3
IMG_0270_r45_f1,train,Sillimanite,5,IMG_0270,/content/BSM-Project/data/raw/BSM/Sillimanite/3.jpg,GRP_0270,/content/BSM-Project/data/augmented/train/Sillimanite/3__r45_f1.jpg,True,45,True,224,224,3,24780,e7e5fa805a27b344cb7b05b30ce2755c8785f60be7d1e249d10658197fc56add
IMG_0270_r90_f0,train,Sillimanite,5,IMG_0270,/content/BSM-Project/data/raw/BSM/Sillimanite/3.jpg,GRP_0270,/content/BSM-Project/data/augmented/train/Sillimanite/3__r90_f0.jpg,True,90,False,224,224,3,20587,4d28d15e47bc3ba1fd5d5bb85a63fde26eb378f3be5712e0ae04516571706318
IMG_0270_r90_f1,train,Sillimanite,5,IMG_0270,/content/BSM-Project/data/raw/BSM/Sillimanite/3.jpg,GRP_0270,/content/BSM-Project/data/augmented/train/Sillimanite/3__r90_f1.jpg,True,90,True,224,224,3,20598,01c5ceadc350fc55dc0294b10b54219c26ed903c38da020eddce34d847b05c4a
IMG_0271_r0_f0,train,Sillimanite,5,IMG_0271,/content/BSM-Project/data/raw/BSM/Sillimanite/30.jpg,GRP_0271,/content/BSM-Project/data/augmented/train/Sillimanite/30__r0_f0.jpg,True,0,False,224,224,3,21908,736c481433b38547e8a6f6bb30eaa1c6c14fc8ad1e73d7772d6fcc806dcfcdcd
IMG_0271_r0_f1,train,Sillimanite,5,IMG_0271,/content/BSM-Project/data/raw/BSM/Sillimanite/30.jpg,GRP_0271,/content/BSM-Project/data/augmented/train/Sillimanite/30__r0_f1.jpg,True,0,True,224,224,3,21976,ca4003129893f071e710a08e746fa8d3f6ba716ca40959c42d8b03c2b4fe276b
IMG_0271_r180_f0,train,Sillimanite,5,IMG_0271,/content/BSM-Project/data/raw/BSM/Sillimanite/30.jpg,GRP_0271,/content/BSM-Project/data/augmented/train/Sillimanite/30__r180_f0.jpg,True,180,False,224,224,3,21934,97af93415a0590cd9cad578e236393f61612fe126e568f6e9f88b7dfcf280e6d
IMG_0271_r180_f1,train,Sillimanite,5,IMG_0271,/content/BSM-Project/data/raw/BSM/Sillimanite/30.jpg,GRP_0271,/content/BSM-Project/data/augmented/train/Sillimanite/30__r180_f1.jpg,True,180,True,224,224,3,21944,2bb7d78a01d84569aadd32ea4df494fc0d46895485ce521958c64bf8672bc33d
IMG_0271_r270_f0,train,Sillimanite,5,IMG_0271,/content/BSM-Project/data/raw/BSM/Sillimanite/30.jpg,GRP_0271,/content/BSM-Project/data/augmented/train/Sillimanite/30__r270_f0.jpg,True,270,False,224,224,3,14435,6bd8a2c5edad5e989488459e37bbd1e9d77e5f4dae53011fec80a33bd55fa680
IMG_0271_r270_f1,train,Sillimanite,5,IMG_0271,/content/BSM-Project/data/raw/BSM/Sillimanite/30.jpg,GRP_0271,/content/BSM-Project/data/augmented/train/Sillimanite/30__r270_f1.jpg,True,270,True,224,224,3,14439,a930cc961ffeac09acf702ad18bce0e2ebd246422dbd48c78f73471623de124b
IMG_0271_r30_f0,train,Sillimanite,5,IMG_0271,/content/BSM-Project/data/raw/BSM/Sillimanite/30.jpg,GRP_0271,/content/BSM-Project/data/augmented/train/Sillimanite/30__r30_f0.jpg,True,30,False,224,224,3,20818,7ecffc5fddff94d98f349cf39d0088114a22e3af681de3bd944b8c43944a817e
IMG_0271_r30_f1,train,Sillimanite,5,IMG_0271,/content/BSM-Project/data/raw/BSM/Sillimanite/30.jpg,GRP_0271,/content/BSM-Project/data/augmented/train/Sillimanite/30__r30_f1.jpg,True,30,True,224,224,3,20902,27df4b98b315cc03be0e1036f83e1bb481a11c9c49a0073b0e0618bd485f3101
IMG_0271_r45_f0,train,Sillimanite,5,IMG_0271,/content/BSM-Project/data/raw/BSM/Sillimanite/30.jpg,GRP_0271,/content/BSM-Project/data/augmented/train/Sillimanite/30__r45_f0.jpg,True,45,False,224,224,3,18978,4a731509a709f8aa48ecaf743fd9dacca42f9e09b7829f44cd227173cd65b9c4
IMG_0271_r45_f1,train,Sillimanite,5,IMG_0271,/content/BSM-Project/data/raw/BSM/Sillimanite/30.jpg,GRP_0271,/content/BSM-Project/data/augmented/train/Sillimanite/30__r45_f1.jpg,True,45,True,224,224,3,19026,41547688d4db71fb337a938588159453e3833afa09cf4a12ef08eeeed415f4a8
IMG_0271_r90_f0,train,Sillimanite,5,IMG_0271,/content/BSM-Project/data/raw/BSM/Sillimanite/30.jpg,GRP_0271,/content/BSM-Project/data/augmented/train/Sillimanite/30__r90_f0.jpg,True,90,False,224,224,3,14458,a4e03ff771613be31eaa37b623baeaf5c8b6e09e986bb1e83a3cfe47bd27ad67
IMG_0271_r90_f1,train,Sillimanite,5,IMG_0271,/content/BSM-Project/data/raw/BSM/Sillimanite/30.jpg,GRP_0271,/content/BSM-Project/data/augmented/train/Sillimanite/30__r90_f1.jpg,True,90,True,224,224,3,14434,a35ad2386577a28e164934b74d1c692b22b635bf66daf7996ee93369fcf483c6
IMG_0274_r0_f0,train,Sillimanite,5,IMG_0274,/content/BSM-Project/data/raw/BSM/Sillimanite/33.jpg,GRP_0274,/content/BSM-Project/data/augmented/train/Sillimanite/33__r0_f0.jpg,True,0,False,224,224,3,19745,531bdf96a812603157040eda8b014673b63ff0337fddb2cabcfe42ae43f80c34
IMG_0274_r0_f1,train,Sillimanite,5,IMG_0274,/content/BSM-Project/data/raw/BSM/Sillimanite/33.jpg,GRP_0274,/content/BSM-Project/data/augmented/train/Sillimanite/33__r0_f1.jpg,True,0,True,224,224,3,19770,5f4ef73fb78f1419a19edb768c6bfbe2db18d5b43c1cfcdc7ff7ecd18ff4aa50
IMG_0274_r180_f0,train,Sillimanite,5,IMG_0274,/content/BSM-Project/data/raw/BSM/Sillimanite/33.jpg,GRP_0274,/content/BSM-Project/data/augmented/train/Sillimanite/33__r180_f0.jpg,True,180,False,224,224,3,19765,ff13139de6e48d2f20078846fc873bb2263db063060f44b965d72e87ff0a96fe
IMG_0274_r180_f1,train,Sillimanite,5,IMG_0274,/content/BSM-Project/data/raw/BSM/Sillimanite/33.jpg,GRP_0274,/content/BSM-Project/data/augmented/train/Sillimanite/33__r180_f1.jpg,True,180,True,224,224,3,19750,ea3976903511f2fe2b91c130036613b97474313e364108125f0c1077ac8de99b
IMG_0274_r270_f0,train,Sillimanite,5,IMG_0274,/content/BSM-Project/data/raw/BSM/Sillimanite/33.jpg,GRP_0274,/content/BSM-Project/data/augmented/train/Sillimanite/33__r270_f0.jpg,True,270,False,224,224,3,16660,2ed42026b2097de92bbd4dac6fe7070339af14708b17ac41edee2acc672b1739
IMG_0274_r270_f1,train,Sillimanite,5,IMG_0274,/content/BSM-Project/data/raw/BSM/Sillimanite/33.jpg,GRP_0274,/content/BSM-Project/data/augmented/train/Sillimanite/33__r270_f1.jpg,True,270,True,224,224,3,16687,a170a8ec7b08e977b554017735b879b436dd9f15ec7f6889c94a5c53ed37277e
IMG_0274_r30_f0,train,Sillimanite,5,IMG_0274,/content/BSM-Project/data/raw/BSM/Sillimanite/33.jpg,GRP_0274,/content/BSM-Project/data/augmented/train/Sillimanite/33__r30_f0.jpg,True,30,False,224,224,3,19496,88e05f2af436c5ebbcfc99a16ae4e5a38e149e2b484b99065c2975e22704af8c
IMG_0274_r30_f1,train,Sillimanite,5,IMG_0274,/content/BSM-Project/data/raw/BSM/Sillimanite/33.jpg,GRP_0274,/content/BSM-Project/data/augmented/train/Sillimanite/33__r30_f1.jpg,True,30,True,224,224,3,19518,3b6620fe5d465b2e1dac11e98d239418c721fc15608e7a97c008973f03b0abc3
IMG_0274_r45_f0,train,Sillimanite,5,IMG_0274,/content/BSM-Project/data/raw/BSM/Sillimanite/33.jpg,GRP_0274,/content/BSM-Project/data/augmented/train/Sillimanite/33__r45_f0.jpg,True,45,False,224,224,3,18939,a16aee265b483079f99808585491d923d9ea13b2efe38c2bf4109471c87db89a
IMG_0274_r45_f1,train,Sillimanite,5,IMG_0274,/content/BSM-Project/data/raw/BSM/Sillimanite/33.jpg,GRP_0274,/content/BSM-Project/data/augmented/train/Sillimanite/33__r45_f1.jpg,True,45,True,224,224,3,18973,39f69eeeb979dedaafa4a31211ea0477cee9763f7e5bc583534433896e0c5f3b
IMG_0274_r90_f0,train,Sillimanite,5,IMG_0274,/content/BSM-Project/data/raw/BSM/Sillimanite/33.jpg,GRP_0274,/content/BSM-Project/data/augmented/train/Sillimanite/33__r90_f0.jpg,True,90,False,224,224,3,16689,e073fce7976fcdde81cd8dd4c8d5b0b195ba0a15d5aa95f289d3f30a40a3d5fb
IMG_0274_r90_f1,train,Sillimanite,5,IMG_0274,/content/BSM-Project/data/raw/BSM/Sillimanite/33.jpg,GRP_0274,/content/BSM-Project/data/augmented/train/Sillimanite/33__r90_f1.jpg,True,90,True,224,224,3,16683,8a63c1e40b42fb9f5296fb978153752bc8d7ee46c7433258c8a8bc15c61f8dd1
IMG_0277_r0_f0,train,Sillimanite,5,IMG_0277,/content/BSM-Project/data/raw/BSM/Sillimanite/36.jpg,GRP_0277,/content/BSM-Project/data/augmented/train/Sillimanite/36__r0_f0.jpg,True,0,False,224,224,3,14860,5e8409c4ff5edfc52e5a51a92017d59fbed6273c2e87b70cdf47c0759b117477
IMG_0277_r0_f1,train,Sillimanite,5,IMG_0277,/content/BSM-Project/data/raw/BSM/Sillimanite/36.jpg,GRP_0277,/content/BSM-Project/data/augmented/train/Sillimanite/36__r0_f1.jpg,True,0,True,224,224,3,14867,ad714ba3dfa169d1bc738006a68f93d93713364249f3f5314db8d2423aac7053
IMG_0277_r180_f0,train,Sillimanite,5,IMG_0277,/content/BSM-Project/data/raw/BSM/Sillimanite/36.jpg,GRP_0277,/content/BSM-Project/data/augmented/train/Sillimanite/36__r180_f0.jpg,True,180,False,224,224,3,14864,0deaffb872ee4d12b1fc9889ec5985f68f7e8e8d491cde9e5aeaaeb57d01d8f5
IMG_0277_r180_f1,train,Sillimanite,5,IMG_0277,/content/BSM-Project/data/raw/BSM/Sillimanite/36.jpg,GRP_0277,/content/BSM-Project/data/augmented/train/Sillimanite/36__r180_f1.jpg,True,180,True,224,224,3,14858,369ac66e9f1901a500fdf441d1e12483e33a4711531d4232ebdacd88ac658bf2
IMG_0277_r270_f0,train,Sillimanite,5,IMG_0277,/content/BSM-Project/data/raw/BSM/Sillimanite/36.jpg,GRP_0277,/content/BSM-Project/data/augmented/train/Sillimanite/36__r270_f0.jpg,True,270,False,224,224,3,14064,ea85cb652b62adb1f3a8cb111282edeb1d00f018e1b89f85089b849250321c8d
IMG_0277_r270_f1,train,Sillimanite,5,IMG_0277,/content/BSM-Project/data/raw/BSM/Sillimanite/36.jpg,GRP_0277,/content/BSM-Project/data/augmented/train/Sillimanite/36__r270_f1.jpg,True,270,True,224,224,3,14060,f08974584af1e809cd4b505f22602c4e5696a470504b954ba538fce6b12999ba
IMG_0277_r30_f0,train,Sillimanite,5,IMG_0277,/content/BSM-Project/data/raw/BSM/Sillimanite/36.jpg,GRP_0277,/content/BSM-Project/data/augmented/train/Sillimanite/36__r30_f0.jpg,True,30,False,224,224,3,15829,3c5ae6a0dc1e278d816d684e3bc14f2a01834ea82be55b0491cd4f1985bce20d
IMG_0277_r30_f1,train,Sillimanite,5,IMG_0277,/content/BSM-Project/data/raw/BSM/Sillimanite/36.jpg,GRP_0277,/content/BSM-Project/data/augmented/train/Sillimanite/36__r30_f1.jpg,True,30,True,224,224,3,15857,ec020a14f99702e7d48c41af403eb958304d3ed65243a12875936101eee411bc
IMG_0277_r45_f0,train,Sillimanite,5,IMG_0277,/content/BSM-Project/data/raw/BSM/Sillimanite/36.jpg,GRP_0277,/content/BSM-Project/data/augmented/train/Sillimanite/36__r45_f0.jpg,True,45,False,224,224,3,15494,a408d864397a6e45a9c8f2f3a46dffbd81b83190ee7e41c0416c3e2fcf8b8eac
IMG_0277_r45_f1,train,Sillimanite,5,IMG_0277,/content/BSM-Project/data/raw/BSM/Sillimanite/36.jpg,GRP_0277,/content/BSM-Project/data/augmented/train/Sillimanite/36__r45_f1.jpg,True,45,True,224,224,3,15529,4d3782b2a59e3ef740d9ac97ef9f5e333f0cfa358ee4dc56e9c80bce21bdd98f
IMG_0277_r90_f0,train,Sillimanite,5,IMG_0277,/content/BSM-Project/data/raw/BSM/Sillimanite/36.jpg,GRP_0277,/content/BSM-Project/data/augmented/train/Sillimanite/36__r90_f0.jpg,True,90,False,224,224,3,14077,7e619025ec96a49c71abb1426a7def45c4da4567f050efac2966ea381aa7d457
IMG_0277_r90_f1,train,Sillimanite,5,IMG_0277,/content/BSM-Project/data/raw/BSM/Sillimanite/36.jpg,GRP_0277,/content/BSM-Project/data/augmented/train/Sillimanite/36__r90_f1.jpg,True,90,True,224,224,3,14052,e7435afe459560e637efc12f0e49ccefd04c647a07f5d5790c98445862b80f82
IMG_0279_r0_f0,train,Sillimanite,5,IMG_0279,/content/BSM-Project/data/raw/BSM/Sillimanite/38.jpg,GRP_0279,/content/BSM-Project/data/augmented/train/Sillimanite/38__r0_f0.jpg,True,0,False,224,224,3,25734,c9c2e698f0640797dab9e04112c0df3d5e2f2f0a16722f82d1b1859a123fa6e2
IMG_0279_r0_f1,train,Sillimanite,5,IMG_0279,/content/BSM-Project/data/raw/BSM/Sillimanite/38.jpg,GRP_0279,/content/BSM-Project/data/augmented/train/Sillimanite/38__r0_f1.jpg,True,0,True,224,224,3,25755,fd837ba49b42e0cc8b4bbe9154bfdaf31505dc75c620d61fe81f7c1ad07bec30
IMG_0279_r180_f0,train,Sillimanite,5,IMG_0279,/content/BSM-Project/data/raw/BSM/Sillimanite/38.jpg,GRP_0279,/content/BSM-Project/data/augmented/train/Sillimanite/38__r180_f0.jpg,True,180,False,224,224,3,25738,0ae64092c90f5bcb73ce38195b35fff14c7ecb5f35d1626ee71cc5d357a88d02
IMG_0279_r180_f1,train,Sillimanite,5,IMG_0279,/content/BSM-Project/data/raw/BSM/Sillimanite/38.jpg,GRP_0279,/content/BSM-Project/data/augmented/train/Sillimanite/38__r180_f1.jpg,True,180,True,224,224,3,25754,f0354738bc0ddbb2ff3c7932f8070ce9e26040cd7bd758e674ecaaeb0b249899
IMG_0279_r270_f0,train,Sillimanite,5,IMG_0279,/content/BSM-Project/data/raw/BSM/Sillimanite/38.jpg,GRP_0279,/content/BSM-Project/data/augmented/train/Sillimanite/38__r270_f0.jpg,True,270,False,224,224,3,24145,01d054c86d9de5b2ba95235a2036930cfc8a27580c18ab735f31ff237f8da7b5
IMG_0279_r270_f1,train,Sillimanite,5,IMG_0279,/content/BSM-Project/data/raw/BSM/Sillimanite/38.jpg,GRP_0279,/content/BSM-Project/data/augmented/train/Sillimanite/38__r270_f1.jpg,True,270,True,224,224,3,24138,48bd7acd0e00879904f4143cc13427007fbfbbda836a11b8ff7b98b5a0ce0953
IMG_0279_r30_f0,train,Sillimanite,5,IMG_0279,/content/BSM-Project/data/raw/BSM/Sillimanite/38.jpg,GRP_0279,/content/BSM-Project/data/augmented/train/Sillimanite/38__r30_f0.jpg,True,30,False,224,224,3,26353,a5a47562a3443d71a723c5f663e150fb70542a577c0c544e97d176777fd507b8
IMG_0279_r30_f1,train,Sillimanite,5,IMG_0279,/content/BSM-Project/data/raw/BSM/Sillimanite/38.jpg,GRP_0279,/content/BSM-Project/data/augmented/train/Sillimanite/38__r30_f1.jpg,True,30,True,224,224,3,26347,f7f08dd594b24921be8c840b8f36452e09a3c49505c46ea999d1dc615d1f95f7
IMG_0279_r45_f0,train,Sillimanite,5,IMG_0279,/content/BSM-Project/data/raw/BSM/Sillimanite/38.jpg,GRP_0279,/content/BSM-Project/data/augmented/train/Sillimanite/38__r45_f0.jpg,True,45,False,224,224,3,25720,7995dafe1e6e9107960d73578e3d624c7c09b8b047350789d13c279a8e6e16eb
IMG_0279_r45_f1,train,Sillimanite,5,IMG_0279,/content/BSM-Project/data/raw/BSM/Sillimanite/38.jpg,GRP_0279,/content/BSM-Project/data/augmented/train/Sillimanite/38__r45_f1.jpg,True,45,True,224,224,3,25762,5f1991b4d7a0c6c2f9e2d5d751e435d6ab5683f930100e2601a29e58dd9636a3
IMG_0279_r90_f0,train,Sillimanite,5,IMG_0279,/content/BSM-Project/data/raw/BSM/Sillimanite/38.jpg,GRP_0279,/content/BSM-Project/data/augmented/train/Sillimanite/38__r90_f0.jpg,True,90,False,224,224,3,24127,f79476727196743119b539116f479dd61dbca27f763d1456719bf0278731debb
IMG_0279_r90_f1,train,Sillimanite,5,IMG_0279,/content/BSM-Project/data/raw/BSM/Sillimanite/38.jpg,GRP_0279,/content/BSM-Project/data/augmented/train/Sillimanite/38__r90_f1.jpg,True,90,True,224,224,3,24131,7b1bf7663fc81b06c41df07a3f7149e48f342b0904f725ca6fdcd842e47fcf23
IMG_0280_r0_f0,train,Sillimanite,5,IMG_0280,/content/BSM-Project/data/raw/BSM/Sillimanite/39.jpg,GRP_0280,/content/BSM-Project/data/augmented/train/Sillimanite/39__r0_f0.jpg,True,0,False,224,224,3,18398,dc61d6c3e6c747ead0c10ad3965da72aea839965cafdae29e1bb8c2655df78e7
IMG_0280_r0_f1,train,Sillimanite,5,IMG_0280,/content/BSM-Project/data/raw/BSM/Sillimanite/39.jpg,GRP_0280,/content/BSM-Project/data/augmented/train/Sillimanite/39__r0_f1.jpg,True,0,True,224,224,3,18428,a30b4e2bf0c0bdf2a682eddd80aabdd4f92c583a6f0ed7492516d73b276e3f09
IMG_0280_r180_f0,train,Sillimanite,5,IMG_0280,/content/BSM-Project/data/raw/BSM/Sillimanite/39.jpg,GRP_0280,/content/BSM-Project/data/augmented/train/Sillimanite/39__r180_f0.jpg,True,180,False,224,224,3,18411,ab1281f9d06d82de91429f9ff18ec2c93f46bd3727e411fb6bf79a6efe8e59ef
IMG_0280_r180_f1,train,Sillimanite,5,IMG_0280,/content/BSM-Project/data/raw/BSM/Sillimanite/39.jpg,GRP_0280,/content/BSM-Project/data/augmented/train/Sillimanite/39__r180_f1.jpg,True,180,True,224,224,3,18401,b337d9c24e3b8358b5739dce6edf99fd056f83320e1b9e9bc1866fe1595f919c
IMG_0280_r270_f0,train,Sillimanite,5,IMG_0280,/content/BSM-Project/data/raw/BSM/Sillimanite/39.jpg,GRP_0280,/content/BSM-Project/data/augmented/train/Sillimanite/39__r270_f0.jpg,True,270,False,224,224,3,19264,678a272a3b233d7d17940f35975aecaa8ae02847e10f079e1a4ea6ac5706cdd1
IMG_0280_r270_f1,train,Sillimanite,5,IMG_0280,/content/BSM-Project/data/raw/BSM/Sillimanite/39.jpg,GRP_0280,/content/BSM-Project/data/augmented/train/Sillimanite/39__r270_f1.jpg,True,270,True,224,224,3,19251,b1cc8fe2807ea5f48ce2faed6b8eb880410c0dad9e8cd04ba41406aa9c53ecca
IMG_0280_r30_f0,train,Sillimanite,5,IMG_0280,/content/BSM-Project/data/raw/BSM/Sillimanite/39.jpg,GRP_0280,/content/BSM-Project/data/augmented/train/Sillimanite/39__r30_f0.jpg,True,30,False,224,224,3,20400,945837d50917c6775efaa68c1596441cfc6306eabc8d891503ca9a9fe0df8dd6
IMG_0280_r30_f1,train,Sillimanite,5,IMG_0280,/content/BSM-Project/data/raw/BSM/Sillimanite/39.jpg,GRP_0280,/content/BSM-Project/data/augmented/train/Sillimanite/39__r30_f1.jpg,True,30,True,224,224,3,20367,997579271933bc04910a0e630c58ac8114f011f1c2ddb225bf8747ffc158a28c
IMG_0280_r45_f0,train,Sillimanite,5,IMG_0280,/content/BSM-Project/data/raw/BSM/Sillimanite/39.jpg,GRP_0280,/content/BSM-Project/data/augmented/train/Sillimanite/39__r45_f0.jpg,True,45,False,224,224,3,20405,e0d332ba34b566fdbaae5c027e8ee8e3d57e7918b9cd7bdafb84ac7325551968
IMG_0280_r45_f1,train,Sillimanite,5,IMG_0280,/content/BSM-Project/data/raw/BSM/Sillimanite/39.jpg,GRP_0280,/content/BSM-Project/data/augmented/train/Sillimanite/39__r45_f1.jpg,True,45,True,224,224,3,20434,d58e1509d72f55f6ad16c15f18fe745d4a0f2607fd9af840e5e15f62b1be70f8
IMG_0280_r90_f0,train,Sillimanite,5,IMG_0280,/content/BSM-Project/data/raw/BSM/Sillimanite/39.jpg,GRP_0280,/content/BSM-Project/data/augmented/train/Sillimanite/39__r90_f0.jpg,True,90,False,224,224,3,19260,b21b144d60b8da8674632688492d84d3cd9c09f53ce1c576eb0d30759646781d
IMG_0280_r90_f1,train,Sillimanite,5,IMG_0280,/content/BSM-Project/data/raw/BSM/Sillimanite/39.jpg,GRP_0280,/content/BSM-Project/data/augmented/train/Sillimanite/39__r90_f1.jpg,True,90,True,224,224,3,19277,262c6793087706e08fca52b41de665d2effb6a75d49a14e906455e0cfb3b5f79
IMG_0281_r0_f0,train,Sillimanite,5,IMG_0281,/content/BSM-Project/data/raw/BSM/Sillimanite/4.jpg,GRP_0281,/content/BSM-Project/data/augmented/train/Sillimanite/4__r0_f0.jpg,True,0,False,224,224,3,33111,73202eb5341842f8827874353f3e3ada15105b2f3b28a045b82f07eba6a70d04
IMG_0281_r0_f1,train,Sillimanite,5,IMG_0281,/content/BSM-Project/data/raw/BSM/Sillimanite/4.jpg,GRP_0281,/content/BSM-Project/data/augmented/train/Sillimanite/4__r0_f1.jpg,True,0,True,224,224,3,33105,0b7b2dd1c80e3ec8e53a6df8b4dfb02230a22547185c647e740e01a777d47605
IMG_0281_r180_f0,train,Sillimanite,5,IMG_0281,/content/BSM-Project/data/raw/BSM/Sillimanite/4.jpg,GRP_0281,/content/BSM-Project/data/augmented/train/Sillimanite/4__r180_f0.jpg,True,180,False,224,224,3,33096,f1b7f6943166b18e611ae49d9b141bf689ebbb4b42ea9c4e6002401c2f026ccc
IMG_0281_r180_f1,train,Sillimanite,5,IMG_0281,/content/BSM-Project/data/raw/BSM/Sillimanite/4.jpg,GRP_0281,/content/BSM-Project/data/augmented/train/Sillimanite/4__r180_f1.jpg,True,180,True,224,224,3,33123,36cffa08c81f12a8e4c26c1b7f2a0043308fc0f66afebccb08a18003549eb66b
IMG_0281_r270_f0,train,Sillimanite,5,IMG_0281,/content/BSM-Project/data/raw/BSM/Sillimanite/4.jpg,GRP_0281,/content/BSM-Project/data/augmented/train/Sillimanite/4__r270_f0.jpg,True,270,False,224,224,3,22424,f69593191b709f2480e42d12af123276d5daadd49fe2fb770e3e25f57b05ef7b
IMG_0281_r270_f1,train,Sillimanite,5,IMG_0281,/content/BSM-Project/data/raw/BSM/Sillimanite/4.jpg,GRP_0281,/content/BSM-Project/data/augmented/train/Sillimanite/4__r270_f1.jpg,True,270,True,224,224,3,22406,48e24b40939e5bc8843404cd7a5f8332fad752699ffc11f41b43fad692ff9819
IMG_0281_r30_f0,train,Sillimanite,5,IMG_0281,/content/BSM-Project/data/raw/BSM/Sillimanite/4.jpg,GRP_0281,/content/BSM-Project/data/augmented/train/Sillimanite/4__r30_f0.jpg,True,30,False,224,224,3,29140,6aa098ba874c4cf24690d85a3ed7d2076832e9f7b7d6c4b3d77b197086cb31be
IMG_0281_r30_f1,train,Sillimanite,5,IMG_0281,/content/BSM-Project/data/raw/BSM/Sillimanite/4.jpg,GRP_0281,/content/BSM-Project/data/augmented/train/Sillimanite/4__r30_f1.jpg,True,30,True,224,224,3,29182,19e01859326298e6279bb9e230efb48018cd4eb12827d225c9a0160f96864324
IMG_0281_r45_f0,train,Sillimanite,5,IMG_0281,/content/BSM-Project/data/raw/BSM/Sillimanite/4.jpg,GRP_0281,/content/BSM-Project/data/augmented/train/Sillimanite/4__r45_f0.jpg,True,45,False,224,224,3,27539,e1aed973434f3b4e39e789e243e907a15e84796cbe052d1fc1c5bada9fa18d37
IMG_0281_r45_f1,train,Sillimanite,5,IMG_0281,/content/BSM-Project/data/raw/BSM/Sillimanite/4.jpg,GRP_0281,/content/BSM-Project/data/augmented/train/Sillimanite/4__r45_f1.jpg,True,45,True,224,224,3,27575,f41c2417413cc53610acccefd6133105a76c1d65e2ef99e25debdd6fced3d5a4
IMG_0281_r90_f0,train,Sillimanite,5,IMG_0281,/content/BSM-Project/data/raw/BSM/Sillimanite/4.jpg,GRP_0281,/content/BSM-Project/data/augmented/train/Sillimanite/4__r90_f0.jpg,True,90,False,224,224,3,22397,6a47e0ef0f0233c6449a1bbcc54d3401d9299092b57516883d444adb7fded53d
IMG_0281_r90_f1,train,Sillimanite,5,IMG_0281,/content/BSM-Project/data/raw/BSM/Sillimanite/4.jpg,GRP_0281,/content/BSM-Project/data/augmented/train/Sillimanite/4__r90_f1.jpg,True,90,True,224,224,3,22404,eebd874b0beffdbf517b805580481992bf8d4702a5d1ea372d02684116f78932
IMG_0282_r0_f0,train,Sillimanite,5,IMG_0282,/content/BSM-Project/data/raw/BSM/Sillimanite/40.jpg,GRP_0282,/content/BSM-Project/data/augmented/train/Sillimanite/40__r0_f0.jpg,True,0,False,224,224,3,14543,fc9314864cf59c3241c18917ec49d68d9cfa0c56583897104dccaa62a0cdbff7
IMG_0282_r0_f1,train,Sillimanite,5,IMG_0282,/content/BSM-Project/data/raw/BSM/Sillimanite/40.jpg,GRP_0282,/content/BSM-Project/data/augmented/train/Sillimanite/40__r0_f1.jpg,True,0,True,224,224,3,14528,2dc5f1d055003e484e4d3976524fa762f08e0e00e7efa56464484c0b4cbe2d58
IMG_0282_r180_f0,train,Sillimanite,5,IMG_0282,/content/BSM-Project/data/raw/BSM/Sillimanite/40.jpg,GRP_0282,/content/BSM-Project/data/augmented/train/Sillimanite/40__r180_f0.jpg,True,180,False,224,224,3,14550,218144e1f575af6724e031611c89f2fc83af28aced433daf814cdc45e445e795
IMG_0282_r180_f1,train,Sillimanite,5,IMG_0282,/content/BSM-Project/data/raw/BSM/Sillimanite/40.jpg,GRP_0282,/content/BSM-Project/data/augmented/train/Sillimanite/40__r180_f1.jpg,True,180,True,224,224,3,14526,6c9b7401accf3ac2d71566c124b9fe565963c2d9bb25af6d165bd05d742447ee
IMG_0282_r270_f0,train,Sillimanite,5,IMG_0282,/content/BSM-Project/data/raw/BSM/Sillimanite/40.jpg,GRP_0282,/content/BSM-Project/data/augmented/train/Sillimanite/40__r270_f0.jpg,True,270,False,224,224,3,12426,eefc5f997c8709a777173e211fd77046fdf78d471b1b6efd4ad2e4366c58bbca
IMG_0282_r270_f1,train,Sillimanite,5,IMG_0282,/content/BSM-Project/data/raw/BSM/Sillimanite/40.jpg,GRP_0282,/content/BSM-Project/data/augmented/train/Sillimanite/40__r270_f1.jpg,True,270,True,224,224,3,12462,b46baee2e981c6c042f641b7fbb4244f26b515c44c2eab121e9b3b265e341238
IMG_0282_r30_f0,train,Sillimanite,5,IMG_0282,/content/BSM-Project/data/raw/BSM/Sillimanite/40.jpg,GRP_0282,/content/BSM-Project/data/augmented/train/Sillimanite/40__r30_f0.jpg,True,30,False,224,224,3,15581,b9fe81e970bb8ffa94d8ab5c7debc524886c017a66299cdf953ae568e77e658b
IMG_0282_r30_f1,train,Sillimanite,5,IMG_0282,/content/BSM-Project/data/raw/BSM/Sillimanite/40.jpg,GRP_0282,/content/BSM-Project/data/augmented/train/Sillimanite/40__r30_f1.jpg,True,30,True,224,224,3,15625,dc8a761134c2ab0d6a8c2d8b54f66473cabeeba46dbe76f6afc75d7638cdf5c8
IMG_0282_r45_f0,train,Sillimanite,5,IMG_0282,/content/BSM-Project/data/raw/BSM/Sillimanite/40.jpg,GRP_0282,/content/BSM-Project/data/augmented/train/Sillimanite/40__r45_f0.jpg,True,45,False,224,224,3,15146,97975d8409174797420a4a0d72b10289c1dac3d8debbf6c4130329d7d33b0bb1
IMG_0282_r45_f1,train,Sillimanite,5,IMG_0282,/content/BSM-Project/data/raw/BSM/Sillimanite/40.jpg,GRP_0282,/content/BSM-Project/data/augmented/train/Sillimanite/40__r45_f1.jpg,True,45,True,224,224,3,15215,03c668a56590d84b1db5f254b5423a4dcdfefa91e5391fa32870053ebd8fd53d
IMG_0282_r90_f0,train,Sillimanite,5,IMG_0282,/content/BSM-Project/data/raw/BSM/Sillimanite/40.jpg,GRP_0282,/content/BSM-Project/data/augmented/train/Sillimanite/40__r90_f0.jpg,True,90,False,224,224,3,12426,819ddde71428a5a6faeaf3d19482a3b4e5be0c05904e422c5dbf7afc507e79f6
IMG_0282_r90_f1,train,Sillimanite,5,IMG_0282,/content/BSM-Project/data/raw/BSM/Sillimanite/40.jpg,GRP_0282,/content/BSM-Project/data/augmented/train/Sillimanite/40__r90_f1.jpg,True,90,True,224,224,3,12439,351c10acf5a09fa625efac799d01b56eb26b7d2bde6c18844af1e457697a6d78
IMG_0283_r0_f0,train,Sillimanite,5,IMG_0283,/content/BSM-Project/data/raw/BSM/Sillimanite/41.jpg,GRP_0283,/content/BSM-Project/data/augmented/train/Sillimanite/41__r0_f0.jpg,True,0,False,224,224,3,18866,276247f5074b3e27ba279abea916eb9226f2cf09ea0f5857907d75037db4bb08
IMG_0283_r0_f1,train,Sillimanite,5,IMG_0283,/content/BSM-Project/data/raw/BSM/Sillimanite/41.jpg,GRP_0283,/content/BSM-Project/data/augmented/train/Sillimanite/41__r0_f1.jpg,True,0,True,224,224,3,18869,0cd0c026a5e027afbc0953391ee57fb4ab176e02cf8959b96504acbad6e93657
IMG_0283_r180_f0,train,Sillimanite,5,IMG_0283,/content/BSM-Project/data/raw/BSM/Sillimanite/41.jpg,GRP_0283,/content/BSM-Project/data/augmented/train/Sillimanite/41__r180_f0.jpg,True,180,False,224,224,3,18892,873c8ca5e28b13b0773071386502ee2b5136819ab18557e9d82e93c93180c14b
IMG_0283_r180_f1,train,Sillimanite,5,IMG_0283,/content/BSM-Project/data/raw/BSM/Sillimanite/41.jpg,GRP_0283,/content/BSM-Project/data/augmented/train/Sillimanite/41__r180_f1.jpg,True,180,True,224,224,3,18881,afa7fffe73352e4fdcb615ed8e888d0414fa833c746cb79ee4bbda1cc71829d9
IMG_0283_r270_f0,train,Sillimanite,5,IMG_0283,/content/BSM-Project/data/raw/BSM/Sillimanite/41.jpg,GRP_0283,/content/BSM-Project/data/augmented/train/Sillimanite/41__r270_f0.jpg,True,270,False,224,224,3,18954,b809b5a00331d9ffd86003cc4d800ca61e8515405721952ed00d990df07cccc8
IMG_0283_r270_f1,train,Sillimanite,5,IMG_0283,/content/BSM-Project/data/raw/BSM/Sillimanite/41.jpg,GRP_0283,/content/BSM-Project/data/augmented/train/Sillimanite/41__r270_f1.jpg,True,270,True,224,224,3,18928,b93875933eed0c90aa74ac20c139036bf58490f9e7f8e87801e468f2bfad3329
IMG_0283_r30_f0,train,Sillimanite,5,IMG_0283,/content/BSM-Project/data/raw/BSM/Sillimanite/41.jpg,GRP_0283,/content/BSM-Project/data/augmented/train/Sillimanite/41__r30_f0.jpg,True,30,False,224,224,3,20948,f96e15b7cd87c999eb989c7ca73321b2a443181568c72741b3d3db26045c5953
IMG_0283_r30_f1,train,Sillimanite,5,IMG_0283,/content/BSM-Project/data/raw/BSM/Sillimanite/41.jpg,GRP_0283,/content/BSM-Project/data/augmented/train/Sillimanite/41__r30_f1.jpg,True,30,True,224,224,3,21000,9d54e229f5ed25f98bd0503b2e8f6be6c371fc949a5289701d8d4f41e36dcbfb
IMG_0283_r45_f0,train,Sillimanite,5,IMG_0283,/content/BSM-Project/data/raw/BSM/Sillimanite/41.jpg,GRP_0283,/content/BSM-Project/data/augmented/train/Sillimanite/41__r45_f0.jpg,True,45,False,224,224,3,20913,43a30a3b0cb966b1a10c7a43b583862ad23a6344b37f1fb2147089834a1ccd36
IMG_0283_r45_f1,train,Sillimanite,5,IMG_0283,/content/BSM-Project/data/raw/BSM/Sillimanite/41.jpg,GRP_0283,/content/BSM-Project/data/augmented/train/Sillimanite/41__r45_f1.jpg,True,45,True,224,224,3,20973,39617997ec3f689b710e2039fb2298e9c5d6b652c318fd7105f8cb90d7d62764
IMG_0283_r90_f0,train,Sillimanite,5,IMG_0283,/content/BSM-Project/data/raw/BSM/Sillimanite/41.jpg,GRP_0283,/content/BSM-Project/data/augmented/train/Sillimanite/41__r90_f0.jpg,True,90,False,224,224,3,18937,8e9dfe9120626ff1f6307361acb9f81785493cac0335f6755b3a5b56722ceb78
IMG_0283_r90_f1,train,Sillimanite,5,IMG_0283,/content/BSM-Project/data/raw/BSM/Sillimanite/41.jpg,GRP_0283,/content/BSM-Project/data/augmented/train/Sillimanite/41__r90_f1.jpg,True,90,True,224,224,3,18941,be7106c2582f885e99d95ad3ddfec3b622e6ad2f0bad0cad1b8dae1aac276ea3
IMG_0284_r0_f0,train,Sillimanite,5,IMG_0284,/content/BSM-Project/data/raw/BSM/Sillimanite/42.jpg,GRP_0284,/content/BSM-Project/data/augmented/train/Sillimanite/42__r0_f0.jpg,True,0,False,224,224,3,11338,05105b402ff835f5326dd4bce4aabf5880441c3411cc0da13d75b01ef0e1cac4
IMG_0284_r0_f1,train,Sillimanite,5,IMG_0284,/content/BSM-Project/data/raw/BSM/Sillimanite/42.jpg,GRP_0284,/content/BSM-Project/data/augmented/train/Sillimanite/42__r0_f1.jpg,True,0,True,224,224,3,11351,6d5cbb95c5d565b702e90a47b4f66dd326c399709677f91a00ce9a0cc4da449f
IMG_0284_r180_f0,train,Sillimanite,5,IMG_0284,/content/BSM-Project/data/raw/BSM/Sillimanite/42.jpg,GRP_0284,/content/BSM-Project/data/augmented/train/Sillimanite/42__r180_f0.jpg,True,180,False,224,224,3,11329,65d0a463cb311551d4c4806742b2b9bbb8e5c0b05c606520fa9f0c5f15cc71d9
IMG_0284_r180_f1,train,Sillimanite,5,IMG_0284,/content/BSM-Project/data/raw/BSM/Sillimanite/42.jpg,GRP_0284,/content/BSM-Project/data/augmented/train/Sillimanite/42__r180_f1.jpg,True,180,True,224,224,3,11340,41e6c887a994caf3dd689b1a73b4b11901dd84f1e6951d85c2620267cc803f44
IMG_0284_r270_f0,train,Sillimanite,5,IMG_0284,/content/BSM-Project/data/raw/BSM/Sillimanite/42.jpg,GRP_0284,/content/BSM-Project/data/augmented/train/Sillimanite/42__r270_f0.jpg,True,270,False,224,224,3,11597,d68d9e9a4aa73ccbd8669fe5a334bb9a02d3ad5fe5c6909b3c29916cd6ea0f96
IMG_0284_r270_f1,train,Sillimanite,5,IMG_0284,/content/BSM-Project/data/raw/BSM/Sillimanite/42.jpg,GRP_0284,/content/BSM-Project/data/augmented/train/Sillimanite/42__r270_f1.jpg,True,270,True,224,224,3,11577,a3a0a01a3a898d4ff0a6f93f87aa5eaf90d9c0ba9026f129b304b5f4f12dd4ae
IMG_0284_r30_f0,train,Sillimanite,5,IMG_0284,/content/BSM-Project/data/raw/BSM/Sillimanite/42.jpg,GRP_0284,/content/BSM-Project/data/augmented/train/Sillimanite/42__r30_f0.jpg,True,30,False,224,224,3,12612,897e041990019c796d305ca918f677fb3eca1712b920b58a9e83c109dea74cbf
IMG_0284_r30_f1,train,Sillimanite,5,IMG_0284,/content/BSM-Project/data/raw/BSM/Sillimanite/42.jpg,GRP_0284,/content/BSM-Project/data/augmented/train/Sillimanite/42__r30_f1.jpg,True,30,True,224,224,3,12599,8dfff0f71f4c9919699140e3833cc1ab9fa54aaa321b026da806517c0afc114d
IMG_0284_r45_f0,train,Sillimanite,5,IMG_0284,/content/BSM-Project/data/raw/BSM/Sillimanite/42.jpg,GRP_0284,/content/BSM-Project/data/augmented/train/Sillimanite/42__r45_f0.jpg,True,45,False,224,224,3,12603,d4f3452b00ea484683cb4262c044aba65aefdfb0fcc616ef838cb2b7152c7878
IMG_0284_r45_f1,train,Sillimanite,5,IMG_0284,/content/BSM-Project/data/raw/BSM/Sillimanite/42.jpg,GRP_0284,/content/BSM-Project/data/augmented/train/Sillimanite/42__r45_f1.jpg,True,45,True,224,224,3,12595,edd684099d4710e81df42a7d6a70ec96d306a6287f2f84639a0cfd3c9d6cf423
IMG_0284_r90_f0,train,Sillimanite,5,IMG_0284,/content/BSM-Project/data/raw/BSM/Sillimanite/42.jpg,GRP_0284,/content/BSM-Project/data/augmented/train/Sillimanite/42__r90_f0.jpg,True,90,False,224,224,3,11587,d59bb52c58ff00d6a8aefa0666bc6e083b88fab416d8ecfd1cb9f4cdabdee4a1
IMG_0284_r90_f1,train,Sillimanite,5,IMG_0284,/content/BSM-Project/data/raw/BSM/Sillimanite/42.jpg,GRP_0284,/content/BSM-Project/data/augmented/train/Sillimanite/42__r90_f1.jpg,True,90,True,224,224,3,11569,a0d5e00d63785d7b64d210e5dada49eb43f660600961bf0dfcf00408acea2abf
IMG_0287_r0_f0,train,Sillimanite,5,IMG_0287,/content/BSM-Project/data/raw/BSM/Sillimanite/45.jpg,GRP_0287,/content/BSM-Project/data/augmented/train/Sillimanite/45__r0_f0.jpg,True,0,False,224,224,3,13852,42e62d05a2f8f30ed6105472efea71a24d7f928235137cbe21195dd9c3b26538
IMG_0287_r0_f1,train,Sillimanite,5,IMG_0287,/content/BSM-Project/data/raw/BSM/Sillimanite/45.jpg,GRP_0287,/content/BSM-Project/data/augmented/train/Sillimanite/45__r0_f1.jpg,True,0,True,224,224,3,13889,25254c28ba9a8c8765d7e6a3785f2716c4c968daaa820df4fe4a623173acf641
IMG_0287_r180_f0,train,Sillimanite,5,IMG_0287,/content/BSM-Project/data/raw/BSM/Sillimanite/45.jpg,GRP_0287,/content/BSM-Project/data/augmented/train/Sillimanite/45__r180_f0.jpg,True,180,False,224,224,3,13866,4913e1981babcc8b7640c7472ae322a7226d1fb7bc0b7741523123e72c863aa4
IMG_0287_r180_f1,train,Sillimanite,5,IMG_0287,/content/BSM-Project/data/raw/BSM/Sillimanite/45.jpg,GRP_0287,/content/BSM-Project/data/augmented/train/Sillimanite/45__r180_f1.jpg,True,180,True,224,224,3,13870,5f77efdd55cf11299681a74789067bd1767059ebbf46f13324c89b416183e77f
IMG_0287_r270_f0,train,Sillimanite,5,IMG_0287,/content/BSM-Project/data/raw/BSM/Sillimanite/45.jpg,GRP_0287,/content/BSM-Project/data/augmented/train/Sillimanite/45__r270_f0.jpg,True,270,False,224,224,3,10789,34656af2e32f5bdc2ee2d11191a5a6769ac74b7b5f7b655036fc8d694a9f6dd0
IMG_0287_r270_f1,train,Sillimanite,5,IMG_0287,/content/BSM-Project/data/raw/BSM/Sillimanite/45.jpg,GRP_0287,/content/BSM-Project/data/augmented/train/Sillimanite/45__r270_f1.jpg,True,270,True,224,224,3,10782,1ccfd001ba37cbdb65499ddbf7115fb6319dd2b8a4c5e8adc634fb0b8df70170
IMG_0287_r30_f0,train,Sillimanite,5,IMG_0287,/content/BSM-Project/data/raw/BSM/Sillimanite/45.jpg,GRP_0287,/content/BSM-Project/data/augmented/train/Sillimanite/45__r30_f0.jpg,True,30,False,224,224,3,14836,e81ea1d801a435ae1b1061811be30381731d0f4b2a4fdf23ac6edf20f4d41d46
IMG_0287_r30_f1,train,Sillimanite,5,IMG_0287,/content/BSM-Project/data/raw/BSM/Sillimanite/45.jpg,GRP_0287,/content/BSM-Project/data/augmented/train/Sillimanite/45__r30_f1.jpg,True,30,True,224,224,3,14910,d07a71b99f5235f0dd02ce8c307d922e6574c27d90815352b0c71d974a01f2d3
IMG_0287_r45_f0,train,Sillimanite,5,IMG_0287,/content/BSM-Project/data/raw/BSM/Sillimanite/45.jpg,GRP_0287,/content/BSM-Project/data/augmented/train/Sillimanite/45__r45_f0.jpg,True,45,False,224,224,3,14089,159651a32f48bbb8a37cf425713d76f10e5afe15528e8d8c31a3813069e662da
IMG_0287_r45_f1,train,Sillimanite,5,IMG_0287,/content/BSM-Project/data/raw/BSM/Sillimanite/45.jpg,GRP_0287,/content/BSM-Project/data/augmented/train/Sillimanite/45__r45_f1.jpg,True,45,True,224,224,3,14112,ab65679e9a4ff0665f5c11cb68ed8a7bf7ee4a5172173c54871c14bc1407aa69
IMG_0287_r90_f0,train,Sillimanite,5,IMG_0287,/content/BSM-Project/data/raw/BSM/Sillimanite/45.jpg,GRP_0287,/content/BSM-Project/data/augmented/train/Sillimanite/45__r90_f0.jpg,True,90,False,224,224,3,10768,bcc71627db4ad5895f575e1f68a45a9d591d2183de46c48f919669f7607673f8
IMG_0287_r90_f1,train,Sillimanite,5,IMG_0287,/content/BSM-Project/data/raw/BSM/Sillimanite/45.jpg,GRP_0287,/content/BSM-Project/data/augmented/train/Sillimanite/45__r90_f1.jpg,True,90,True,224,224,3,10795,5d0982e9e0919449ba63c04709b998993044da8e5480368b0710c94bf86e0204
IMG_0288_r0_f0,train,Sillimanite,5,IMG_0288,/content/BSM-Project/data/raw/BSM/Sillimanite/46.jpg,GRP_0288,/content/BSM-Project/data/augmented/train/Sillimanite/46__r0_f0.jpg,True,0,False,224,224,3,17716,57208b329e6ffb3d59989372a7cb1caff6be29c857ccd41b34949fb3b6500470
IMG_0288_r0_f1,train,Sillimanite,5,IMG_0288,/content/BSM-Project/data/raw/BSM/Sillimanite/46.jpg,GRP_0288,/content/BSM-Project/data/augmented/train/Sillimanite/46__r0_f1.jpg,True,0,True,224,224,3,17713,76e13d0cb6655926545812c25d990adadf2f8487a3e740137ab7982afc7735ec
IMG_0288_r180_f0,train,Sillimanite,5,IMG_0288,/content/BSM-Project/data/raw/BSM/Sillimanite/46.jpg,GRP_0288,/content/BSM-Project/data/augmented/train/Sillimanite/46__r180_f0.jpg,True,180,False,224,224,3,17708,1950e427df2bdb77b7876d1e98d6665dc0d559a04017156846d81c3556aa3757
IMG_0288_r180_f1,train,Sillimanite,5,IMG_0288,/content/BSM-Project/data/raw/BSM/Sillimanite/46.jpg,GRP_0288,/content/BSM-Project/data/augmented/train/Sillimanite/46__r180_f1.jpg,True,180,True,224,224,3,17713,2d212191f3a21f5798b1fa7acc33fbb564281decc1a0ebfb689a3250abd71aef
IMG_0288_r270_f0,train,Sillimanite,5,IMG_0288,/content/BSM-Project/data/raw/BSM/Sillimanite/46.jpg,GRP_0288,/content/BSM-Project/data/augmented/train/Sillimanite/46__r270_f0.jpg,True,270,False,224,224,3,18647,f658146f761efebbd5264303cb4292c88db24ae01dc6a092a98d7e49032391b0
IMG_0288_r270_f1,train,Sillimanite,5,IMG_0288,/content/BSM-Project/data/raw/BSM/Sillimanite/46.jpg,GRP_0288,/content/BSM-Project/data/augmented/train/Sillimanite/46__r270_f1.jpg,True,270,True,224,224,3,18672,c725568080e2e03a7b80ac93fa25326a407f31539f3e9d97deb74da6e0a8321c
IMG_0288_r30_f0,train,Sillimanite,5,IMG_0288,/content/BSM-Project/data/raw/BSM/Sillimanite/46.jpg,GRP_0288,/content/BSM-Project/data/augmented/train/Sillimanite/46__r30_f0.jpg,True,30,False,224,224,3,21232,e46da011c483395cc858e7e77dfa80e2d021a2c518a5f5cd2667564ef4415c5e
IMG_0288_r30_f1,train,Sillimanite,5,IMG_0288,/content/BSM-Project/data/raw/BSM/Sillimanite/46.jpg,GRP_0288,/content/BSM-Project/data/augmented/train/Sillimanite/46__r30_f1.jpg,True,30,True,224,224,3,21253,13ed50c932234344e95a45ad79f328a208d44b15363434d1e7374ffc6df25339
IMG_0288_r45_f0,train,Sillimanite,5,IMG_0288,/content/BSM-Project/data/raw/BSM/Sillimanite/46.jpg,GRP_0288,/content/BSM-Project/data/augmented/train/Sillimanite/46__r45_f0.jpg,True,45,False,224,224,3,20951,a83a212f28dca1918075b580607c8ce558eae96afc364af3584f0af1628c2ab3
IMG_0288_r45_f1,train,Sillimanite,5,IMG_0288,/content/BSM-Project/data/raw/BSM/Sillimanite/46.jpg,GRP_0288,/content/BSM-Project/data/augmented/train/Sillimanite/46__r45_f1.jpg,True,45,True,224,224,3,21014,fdb4e88590b56f4e5c3f41f1a153766b7f824de710296e20e1c11deb5b018138
IMG_0288_r90_f0,train,Sillimanite,5,IMG_0288,/content/BSM-Project/data/raw/BSM/Sillimanite/46.jpg,GRP_0288,/content/BSM-Project/data/augmented/train/Sillimanite/46__r90_f0.jpg,True,90,False,224,224,3,18676,f911bd24c55f83309c8b16ac58061867aaa905d70bb86cba530763878b20bf96
IMG_0288_r90_f1,train,Sillimanite,5,IMG_0288,/content/BSM-Project/data/raw/BSM/Sillimanite/46.jpg,GRP_0288,/content/BSM-Project/data/augmented/train/Sillimanite/46__r90_f1.jpg,True,90,True,224,224,3,18642,91bb1cac4ce5e8eb829f810eb44d35a576455ed576679f4ef38ec95238f1d850
IMG_0290_r0_f0,train,Sillimanite,5,IMG_0290,/content/BSM-Project/data/raw/BSM/Sillimanite/48.jpg,GRP_0290,/content/BSM-Project/data/augmented/train/Sillimanite/48__r0_f0.jpg,True,0,False,224,224,3,16364,8b771b398187cb6464a9a5406a51a603e8186ea5b108f5d66c5800da1b7718ab
IMG_0290_r0_f1,train,Sillimanite,5,IMG_0290,/content/BSM-Project/data/raw/BSM/Sillimanite/48.jpg,GRP_0290,/content/BSM-Project/data/augmented/train/Sillimanite/48__r0_f1.jpg,True,0,True,224,224,3,16346,a8e6fd7de1b7c4481181e42d31aaf74907348356c2f8a70348efb18f0c6de238
IMG_0290_r180_f0,train,Sillimanite,5,IMG_0290,/content/BSM-Project/data/raw/BSM/Sillimanite/48.jpg,GRP_0290,/content/BSM-Project/data/augmented/train/Sillimanite/48__r180_f0.jpg,True,180,False,224,224,3,16335,62de5e35cec18301323ed9d50ba6d7939a0035df7548856e82cc9c035d874f2a
IMG_0290_r180_f1,train,Sillimanite,5,IMG_0290,/content/BSM-Project/data/raw/BSM/Sillimanite/48.jpg,GRP_0290,/content/BSM-Project/data/augmented/train/Sillimanite/48__r180_f1.jpg,True,180,True,224,224,3,16368,cb113a07dd3be3b3043779d0e23ab3e1d6960d554d597f51fd0a0c8aa946defa
IMG_0290_r270_f0,train,Sillimanite,5,IMG_0290,/content/BSM-Project/data/raw/BSM/Sillimanite/48.jpg,GRP_0290,/content/BSM-Project/data/augmented/train/Sillimanite/48__r270_f0.jpg,True,270,False,224,224,3,10798,d053d9c4660bde2636a79f2e65eb0820bfdec6a32f4d953d12ec5cba6b820d09
IMG_0290_r270_f1,train,Sillimanite,5,IMG_0290,/content/BSM-Project/data/raw/BSM/Sillimanite/48.jpg,GRP_0290,/content/BSM-Project/data/augmented/train/Sillimanite/48__r270_f1.jpg,True,270,True,224,224,3,10798,6dcdd82c7a9b32daf8771da62c7b5c78cc6bb6afef51f5ec67151ea9ff8d0835
IMG_0290_r30_f0,train,Sillimanite,5,IMG_0290,/content/BSM-Project/data/raw/BSM/Sillimanite/48.jpg,GRP_0290,/content/BSM-Project/data/augmented/train/Sillimanite/48__r30_f0.jpg,True,30,False,224,224,3,17275,3150899f89535e2524c5fe4bc5f960efcc6f0d4b7819241717c97f8a02ba9866
IMG_0290_r30_f1,train,Sillimanite,5,IMG_0290,/content/BSM-Project/data/raw/BSM/Sillimanite/48.jpg,GRP_0290,/content/BSM-Project/data/augmented/train/Sillimanite/48__r30_f1.jpg,True,30,True,224,224,3,17221,769151906e72b999380ad085b2043bca9ca8592024192a9dd1021d312e760dfd
IMG_0290_r45_f0,train,Sillimanite,5,IMG_0290,/content/BSM-Project/data/raw/BSM/Sillimanite/48.jpg,GRP_0290,/content/BSM-Project/data/augmented/train/Sillimanite/48__r45_f0.jpg,True,45,False,224,224,3,16593,794f59f946427d9bf54d857692ca1b79d68deb34058a28e259cf321d07984ce9
IMG_0290_r45_f1,train,Sillimanite,5,IMG_0290,/content/BSM-Project/data/raw/BSM/Sillimanite/48.jpg,GRP_0290,/content/BSM-Project/data/augmented/train/Sillimanite/48__r45_f1.jpg,True,45,True,224,224,3,16534,9a11e3d4251e23f8dede5e5f18889682ca022eb4d664d58ce125a4954615109d
IMG_0290_r90_f0,train,Sillimanite,5,IMG_0290,/content/BSM-Project/data/raw/BSM/Sillimanite/48.jpg,GRP_0290,/content/BSM-Project/data/augmented/train/Sillimanite/48__r90_f0.jpg,True,90,False,224,224,3,10829,2c5c816f3963f2d6acc02ef1ff88bf648d628c85561cf77abeef9c8bf76a675d
IMG_0290_r90_f1,train,Sillimanite,5,IMG_0290,/content/BSM-Project/data/raw/BSM/Sillimanite/48.jpg,GRP_0290,/content/BSM-Project/data/augmented/train/Sillimanite/48__r90_f1.jpg,True,90,True,224,224,3,10819,d5f71a5faf30f8f674433a92e3b9d26b328750cd9b6291f90c1d799c88cc053a
IMG_0291_r0_f0,train,Sillimanite,5,IMG_0291,/content/BSM-Project/data/raw/BSM/Sillimanite/49.jpg,GRP_0291,/content/BSM-Project/data/augmented/train/Sillimanite/49__r0_f0.jpg,True,0,False,224,224,3,26776,ab206527249d1cff27ccd8b31105264f59ef360a71038e6e9bab3b483171318e
IMG_0291_r0_f1,train,Sillimanite,5,IMG_0291,/content/BSM-Project/data/raw/BSM/Sillimanite/49.jpg,GRP_0291,/content/BSM-Project/data/augmented/train/Sillimanite/49__r0_f1.jpg,True,0,True,224,224,3,26783,1903ee2d18aa84a989f13e95c1ad0e437e21257645a6788510f0ac89b52f4529
IMG_0291_r180_f0,train,Sillimanite,5,IMG_0291,/content/BSM-Project/data/raw/BSM/Sillimanite/49.jpg,GRP_0291,/content/BSM-Project/data/augmented/train/Sillimanite/49__r180_f0.jpg,True,180,False,224,224,3,26780,953315d8c4486be92344a4f52408e2c3dae184e0f982b9cbf14319fd871237e4
IMG_0291_r180_f1,train,Sillimanite,5,IMG_0291,/content/BSM-Project/data/raw/BSM/Sillimanite/49.jpg,GRP_0291,/content/BSM-Project/data/augmented/train/Sillimanite/49__r180_f1.jpg,True,180,True,224,224,3,26804,3bc96390fbf02d560570e4d34c0327807006275121205f2b02a025770ca3cdeb
IMG_0291_r270_f0,train,Sillimanite,5,IMG_0291,/content/BSM-Project/data/raw/BSM/Sillimanite/49.jpg,GRP_0291,/content/BSM-Project/data/augmented/train/Sillimanite/49__r270_f0.jpg,True,270,False,224,224,3,18785,ca6dd3dfe2034dd48d98b759736ffc893cf795d592291d1e650c0f5e705edf7d
IMG_0291_r270_f1,train,Sillimanite,5,IMG_0291,/content/BSM-Project/data/raw/BSM/Sillimanite/49.jpg,GRP_0291,/content/BSM-Project/data/augmented/train/Sillimanite/49__r270_f1.jpg,True,270,True,224,224,3,18760,958026201b22bfe0e9be4488868805ddedf52fc1bcd8aa687acc954c004f94be
IMG_0291_r30_f0,train,Sillimanite,5,IMG_0291,/content/BSM-Project/data/raw/BSM/Sillimanite/49.jpg,GRP_0291,/content/BSM-Project/data/augmented/train/Sillimanite/49__r30_f0.jpg,True,30,False,224,224,3,25508,03b3ddf05614ec2568cc0b739d93d005be8e7f3a6e477675ab970e25584a6449
IMG_0291_r30_f1,train,Sillimanite,5,IMG_0291,/content/BSM-Project/data/raw/BSM/Sillimanite/49.jpg,GRP_0291,/content/BSM-Project/data/augmented/train/Sillimanite/49__r30_f1.jpg,True,30,True,224,224,3,25561,39be99f0c67357833fe6b963987671d0c2c1a7f7f2424fe1c15fa0d0cbd5944a
IMG_0291_r45_f0,train,Sillimanite,5,IMG_0291,/content/BSM-Project/data/raw/BSM/Sillimanite/49.jpg,GRP_0291,/content/BSM-Project/data/augmented/train/Sillimanite/49__r45_f0.jpg,True,45,False,224,224,3,23633,a7f3d1437facd9bd624424e5ba794d8680c6a4a613666341900aadfc2a4a46e3
IMG_0291_r45_f1,train,Sillimanite,5,IMG_0291,/content/BSM-Project/data/raw/BSM/Sillimanite/49.jpg,GRP_0291,/content/BSM-Project/data/augmented/train/Sillimanite/49__r45_f1.jpg,True,45,True,224,224,3,23660,02dc41c3fc53ca825ca1dcba7563d4abc36a9410eaebbf77a527ab861a6ab4a5
IMG_0291_r90_f0,train,Sillimanite,5,IMG_0291,/content/BSM-Project/data/raw/BSM/Sillimanite/49.jpg,GRP_0291,/content/BSM-Project/data/augmented/train/Sillimanite/49__r90_f0.jpg,True,90,False,224,224,3,18772,fa46fea16cc1268617c41cff39ee8eeca8a4cedff144bf3ff22964bb7f568d03
IMG_0291_r90_f1,train,Sillimanite,5,IMG_0291,/content/BSM-Project/data/raw/BSM/Sillimanite/49.jpg,GRP_0291,/content/BSM-Project/data/augmented/train/Sillimanite/49__r90_f1.jpg,True,90,True,224,224,3,18770,2b3a3a5d2603d74b594a2d96e560a53970d3011ea0a16773826667ae9f0eafac
IMG_0292_r0_f0,train,Sillimanite,5,IMG_0292,/content/BSM-Project/data/raw/BSM/Sillimanite/5.jpg,GRP_0292,/content/BSM-Project/data/augmented/train/Sillimanite/5__r0_f0.jpg,True,0,False,224,224,3,21906,d5257029058225f35db5eb34e312793e996c358837385241fd170e9a8686aced
IMG_0292_r0_f1,train,Sillimanite,5,IMG_0292,/content/BSM-Project/data/raw/BSM/Sillimanite/5.jpg,GRP_0292,/content/BSM-Project/data/augmented/train/Sillimanite/5__r0_f1.jpg,True,0,True,224,224,3,21871,cb76ace65e39fbd59910e2aff4b0b4c545ea419b04fb86e1e2384ed145766889
IMG_0292_r180_f0,train,Sillimanite,5,IMG_0292,/content/BSM-Project/data/raw/BSM/Sillimanite/5.jpg,GRP_0292,/content/BSM-Project/data/augmented/train/Sillimanite/5__r180_f0.jpg,True,180,False,224,224,3,21931,258383b55b1016832cae3450d3b439edfc1a8e30685c8db10ac33d22e36d7e88
IMG_0292_r180_f1,train,Sillimanite,5,IMG_0292,/content/BSM-Project/data/raw/BSM/Sillimanite/5.jpg,GRP_0292,/content/BSM-Project/data/augmented/train/Sillimanite/5__r180_f1.jpg,True,180,True,224,224,3,21863,1d854ab18167a59410ac3be824bf150aa1cfb59b69a82bd0ab5b46dcd85e770f
IMG_0292_r270_f0,train,Sillimanite,5,IMG_0292,/content/BSM-Project/data/raw/BSM/Sillimanite/5.jpg,GRP_0292,/content/BSM-Project/data/augmented/train/Sillimanite/5__r270_f0.jpg,True,270,False,224,224,3,19362,207ae39c5b9d0898363ceb8b323de77ee61036187af55e9cde0605e6809b0812
IMG_0292_r270_f1,train,Sillimanite,5,IMG_0292,/content/BSM-Project/data/raw/BSM/Sillimanite/5.jpg,GRP_0292,/content/BSM-Project/data/augmented/train/Sillimanite/5__r270_f1.jpg,True,270,True,224,224,3,19424,8c4bb023f94c299274e52ed33ac818b888e71c995f7e3d9dafdad7c7a65071d8
IMG_0292_r30_f0,train,Sillimanite,5,IMG_0292,/content/BSM-Project/data/raw/BSM/Sillimanite/5.jpg,GRP_0292,/content/BSM-Project/data/augmented/train/Sillimanite/5__r30_f0.jpg,True,30,False,224,224,3,24335,d47da3348490b594429ee074cf4fac6ef203ce06a4ff909f98531fa719e33d23
IMG_0292_r30_f1,train,Sillimanite,5,IMG_0292,/content/BSM-Project/data/raw/BSM/Sillimanite/5.jpg,GRP_0292,/content/BSM-Project/data/augmented/train/Sillimanite/5__r30_f1.jpg,True,30,True,224,224,3,24379,29997f9feaafd00af6596411af4cd247ec66d2ae3eb972fa6ea4c1410a2b6455
IMG_0292_r45_f0,train,Sillimanite,5,IMG_0292,/content/BSM-Project/data/raw/BSM/Sillimanite/5.jpg,GRP_0292,/content/BSM-Project/data/augmented/train/Sillimanite/5__r45_f0.jpg,True,45,False,224,224,3,24342,80b6ae979cf0c8b8a494f191ad69bba9c7208757022a4977955e67ed1be722fc
IMG_0292_r45_f1,train,Sillimanite,5,IMG_0292,/content/BSM-Project/data/raw/BSM/Sillimanite/5.jpg,GRP_0292,/content/BSM-Project/data/augmented/train/Sillimanite/5__r45_f1.jpg,True,45,True,224,224,3,24372,584b423e938676259a288db9abef9b321a51b12328d949f5875081ddd1197c54
IMG_0292_r90_f0,train,Sillimanite,5,IMG_0292,/content/BSM-Project/data/raw/BSM/Sillimanite/5.jpg,GRP_0292,/content/BSM-Project/data/augmented/train/Sillimanite/5__r90_f0.jpg,True,90,False,224,224,3,19392,6eaea2f1bd46357987b7d4b804d304f65be99da1c4a9d0fd20286a2571ec220f
IMG_0292_r90_f1,train,Sillimanite,5,IMG_0292,/content/BSM-Project/data/raw/BSM/Sillimanite/5.jpg,GRP_0292,/content/BSM-Project/data/augmented/train/Sillimanite/5__r90_f1.jpg,True,90,True,224,224,3,19387,6d6f64a0343c2bdae9987bb0bfc2d158828926cb91c0047b34f3e6621cc104ca
IMG_0293_r0_f0,train,Sillimanite,5,IMG_0293,/content/BSM-Project/data/raw/BSM/Sillimanite/50.jpg,GRP_0293,/content/BSM-Project/data/augmented/train/Sillimanite/50__r0_f0.jpg,True,0,False,224,224,3,14804,ab387ed6917b46cb0adf8e7ef2c01c9457cc3dd712c61692565a2380c3e95018
IMG_0293_r0_f1,train,Sillimanite,5,IMG_0293,/content/BSM-Project/data/raw/BSM/Sillimanite/50.jpg,GRP_0293,/content/BSM-Project/data/augmented/train/Sillimanite/50__r0_f1.jpg,True,0,True,224,224,3,14790,42e8e25b19888dd2bb2d862975f0586bdd3fe03b0d4b4119441a01cb1a479620
IMG_0293_r180_f0,train,Sillimanite,5,IMG_0293,/content/BSM-Project/data/raw/BSM/Sillimanite/50.jpg,GRP_0293,/content/BSM-Project/data/augmented/train/Sillimanite/50__r180_f0.jpg,True,180,False,224,224,3,14803,61ff6d70bf894df6fdf4d8ad2f3a8dbe2b9fe7b5c9de27a7fc8c0556e01b3157
IMG_0293_r180_f1,train,Sillimanite,5,IMG_0293,/content/BSM-Project/data/raw/BSM/Sillimanite/50.jpg,GRP_0293,/content/BSM-Project/data/augmented/train/Sillimanite/50__r180_f1.jpg,True,180,True,224,224,3,14787,46dddfe0ea1b4345d117a1c480e3dae74f65a530cb9c87ab4f1b710fc273a6c7
IMG_0293_r270_f0,train,Sillimanite,5,IMG_0293,/content/BSM-Project/data/raw/BSM/Sillimanite/50.jpg,GRP_0293,/content/BSM-Project/data/augmented/train/Sillimanite/50__r270_f0.jpg,True,270,False,224,224,3,15060,6db1d237b1a021fa2c7119dfca5a10d0a0223d7767daad81d069d43c64b7ba6f
IMG_0293_r270_f1,train,Sillimanite,5,IMG_0293,/content/BSM-Project/data/raw/BSM/Sillimanite/50.jpg,GRP_0293,/content/BSM-Project/data/augmented/train/Sillimanite/50__r270_f1.jpg,True,270,True,224,224,3,15075,8252914c8777764eb0799e376ebc67f29b44c7c5beef2345db048b80405d8d6f
IMG_0293_r30_f0,train,Sillimanite,5,IMG_0293,/content/BSM-Project/data/raw/BSM/Sillimanite/50.jpg,GRP_0293,/content/BSM-Project/data/augmented/train/Sillimanite/50__r30_f0.jpg,True,30,False,224,224,3,16447,ae0ffc9628d52e425d123540f96d6382d7a4d19a0c14ac013faf5e2274265c02
IMG_0293_r30_f1,train,Sillimanite,5,IMG_0293,/content/BSM-Project/data/raw/BSM/Sillimanite/50.jpg,GRP_0293,/content/BSM-Project/data/augmented/train/Sillimanite/50__r30_f1.jpg,True,30,True,224,224,3,16445,fe4e3fecf7002382d920d6964466ec577af6af6e00e377aa197ac31b04876a77
IMG_0293_r45_f0,train,Sillimanite,5,IMG_0293,/content/BSM-Project/data/raw/BSM/Sillimanite/50.jpg,GRP_0293,/content/BSM-Project/data/augmented/train/Sillimanite/50__r45_f0.jpg,True,45,False,224,224,3,16081,2d1eedb09f396c0f149d1cb79890f04c8a91da6794a473e924ca70a27f6cd49f
IMG_0293_r45_f1,train,Sillimanite,5,IMG_0293,/content/BSM-Project/data/raw/BSM/Sillimanite/50.jpg,GRP_0293,/content/BSM-Project/data/augmented/train/Sillimanite/50__r45_f1.jpg,True,45,True,224,224,3,16060,4ae819c51d578b94db7f1574dcec9fd6718a19dca0f7daef51ac6da57376ce0b
IMG_0293_r90_f0,train,Sillimanite,5,IMG_0293,/content/BSM-Project/data/raw/BSM/Sillimanite/50.jpg,GRP_0293,/content/BSM-Project/data/augmented/train/Sillimanite/50__r90_f0.jpg,True,90,False,224,224,3,15036,cb00b299d864f79753875d782869618483c6014cba0b3dcb1e2250743eff9c11
IMG_0293_r90_f1,train,Sillimanite,5,IMG_0293,/content/BSM-Project/data/raw/BSM/Sillimanite/50.jpg,GRP_0293,/content/BSM-Project/data/augmented/train/Sillimanite/50__r90_f1.jpg,True,90,True,224,224,3,15071,bbf5dda8a74eec3d367e18e12cbd91d6aad5ad543129d0392974e99f07643b85
IMG_0294_r0_f0,train,Sillimanite,5,IMG_0294,/content/BSM-Project/data/raw/BSM/Sillimanite/51.jpg,GRP_0294,/content/BSM-Project/data/augmented/train/Sillimanite/51__r0_f0.jpg,True,0,False,224,224,3,16598,321279db538166018a0a5490de545065f86fa1955dccbd43dce619662a8400dd
IMG_0294_r0_f1,train,Sillimanite,5,IMG_0294,/content/BSM-Project/data/raw/BSM/Sillimanite/51.jpg,GRP_0294,/content/BSM-Project/data/augmented/train/Sillimanite/51__r0_f1.jpg,True,0,True,224,224,3,16613,f5e9398262a553e471089710ef77fe48f163d21d2125c73897226066f4058456
IMG_0294_r180_f0,train,Sillimanite,5,IMG_0294,/content/BSM-Project/data/raw/BSM/Sillimanite/51.jpg,GRP_0294,/content/BSM-Project/data/augmented/train/Sillimanite/51__r180_f0.jpg,True,180,False,224,224,3,16600,b22819287d8023caf142d812097217adfe78d0c9b981b3b0f01c227c8f97de3c
IMG_0294_r180_f1,train,Sillimanite,5,IMG_0294,/content/BSM-Project/data/raw/BSM/Sillimanite/51.jpg,GRP_0294,/content/BSM-Project/data/augmented/train/Sillimanite/51__r180_f1.jpg,True,180,True,224,224,3,16594,b01fa0f3ce901a6c7505ed4ab66d380c691ccf8c7825d1e7d515f24ec09e33ca
IMG_0294_r270_f0,train,Sillimanite,5,IMG_0294,/content/BSM-Project/data/raw/BSM/Sillimanite/51.jpg,GRP_0294,/content/BSM-Project/data/augmented/train/Sillimanite/51__r270_f0.jpg,True,270,False,224,224,3,14985,3856ce3a7c05b6f342b7982ff18548ff16aea77740b2bd2a99482200578ced2f
IMG_0294_r270_f1,train,Sillimanite,5,IMG_0294,/content/BSM-Project/data/raw/BSM/Sillimanite/51.jpg,GRP_0294,/content/BSM-Project/data/augmented/train/Sillimanite/51__r270_f1.jpg,True,270,True,224,224,3,15030,16a2b92b6ec662c5700d914996fd856751a59bfa87c15585c0d95c3194aad1d8
IMG_0294_r30_f0,train,Sillimanite,5,IMG_0294,/content/BSM-Project/data/raw/BSM/Sillimanite/51.jpg,GRP_0294,/content/BSM-Project/data/augmented/train/Sillimanite/51__r30_f0.jpg,True,30,False,224,224,3,17869,a9673d3db20141165f19d329b3a5f12e5b024d9bd5c8dc7bb148df1c1a25ccde
IMG_0294_r30_f1,train,Sillimanite,5,IMG_0294,/content/BSM-Project/data/raw/BSM/Sillimanite/51.jpg,GRP_0294,/content/BSM-Project/data/augmented/train/Sillimanite/51__r30_f1.jpg,True,30,True,224,224,3,17917,e811e91609fa927943c161eae7b078316be96345ce70dfeadb5f34477adaea88
IMG_0294_r45_f0,train,Sillimanite,5,IMG_0294,/content/BSM-Project/data/raw/BSM/Sillimanite/51.jpg,GRP_0294,/content/BSM-Project/data/augmented/train/Sillimanite/51__r45_f0.jpg,True,45,False,224,224,3,17347,2886cb64096cba85617aa1ccd10ff3689b3e8783a0afc7713137c409010f8bb2
IMG_0294_r45_f1,train,Sillimanite,5,IMG_0294,/content/BSM-Project/data/raw/BSM/Sillimanite/51.jpg,GRP_0294,/content/BSM-Project/data/augmented/train/Sillimanite/51__r45_f1.jpg,True,45,True,224,224,3,17397,c8b4a44b3a0c8b2906e7ccf950dca9c4328a1688fde6da814f5fee8e0e8c283a
IMG_0294_r90_f0,train,Sillimanite,5,IMG_0294,/content/BSM-Project/data/raw/BSM/Sillimanite/51.jpg,GRP_0294,/content/BSM-Project/data/augmented/train/Sillimanite/51__r90_f0.jpg,True,90,False,224,224,3,14999,d9aa665f8b802d22de880dd6e89a6d2e24bcab648a56e9ee1a3ecd1c88052b0d
IMG_0294_r90_f1,train,Sillimanite,5,IMG_0294,/content/BSM-Project/data/raw/BSM/Sillimanite/51.jpg,GRP_0294,/content/BSM-Project/data/augmented/train/Sillimanite/51__r90_f1.jpg,True,90,True,224,224,3,15006,e07bd99893c5df56ef66f5c47d1f976aaca3f0dc1ad710dd60380f6c852e3481
IMG_0295_r0_f0,train,Sillimanite,5,IMG_0295,/content/BSM-Project/data/raw/BSM/Sillimanite/52.jpg,GRP_0295,/content/BSM-Project/data/augmented/train/Sillimanite/52__r0_f0.jpg,True,0,False,224,224,3,18681,2769cd1ff6d089c3dab8595914e45b06184f67454b6a7288e466a35f668a4a4d
IMG_0295_r0_f1,train,Sillimanite,5,IMG_0295,/content/BSM-Project/data/raw/BSM/Sillimanite/52.jpg,GRP_0295,/content/BSM-Project/data/augmented/train/Sillimanite/52__r0_f1.jpg,True,0,True,224,224,3,18666,a395914874163fcd60cf0a7d2ef656863b14316e8923da2a9909a1086572ee0f
IMG_0295_r180_f0,train,Sillimanite,5,IMG_0295,/content/BSM-Project/data/raw/BSM/Sillimanite/52.jpg,GRP_0295,/content/BSM-Project/data/augmented/train/Sillimanite/52__r180_f0.jpg,True,180,False,224,224,3,18661,7f39362b5c1062228aef98336d4dfa7ea459b2960f69751ba0f010b0e80de045
IMG_0295_r180_f1,train,Sillimanite,5,IMG_0295,/content/BSM-Project/data/raw/BSM/Sillimanite/52.jpg,GRP_0295,/content/BSM-Project/data/augmented/train/Sillimanite/52__r180_f1.jpg,True,180,True,224,224,3,18663,c8f2897e0f8892c599910b6255850f58e9ecde1cd54ac6414b80591ebe08d198
IMG_0295_r270_f0,train,Sillimanite,5,IMG_0295,/content/BSM-Project/data/raw/BSM/Sillimanite/52.jpg,GRP_0295,/content/BSM-Project/data/augmented/train/Sillimanite/52__r270_f0.jpg,True,270,False,224,224,3,18781,6b0ddcce53ea63f58798d39aa732b1491a20aea41f3f8472a17c6cc3bf7f8d05
IMG_0295_r270_f1,train,Sillimanite,5,IMG_0295,/content/BSM-Project/data/raw/BSM/Sillimanite/52.jpg,GRP_0295,/content/BSM-Project/data/augmented/train/Sillimanite/52__r270_f1.jpg,True,270,True,224,224,3,18799,a72d40cc1659445182be8b4fc736c8a0bcf75abc26f4bcde1cfb956c67fd5a13
IMG_0295_r30_f0,train,Sillimanite,5,IMG_0295,/content/BSM-Project/data/raw/BSM/Sillimanite/52.jpg,GRP_0295,/content/BSM-Project/data/augmented/train/Sillimanite/52__r30_f0.jpg,True,30,False,224,224,3,21046,2ab9e88128a8e397525fa71f7ffd01db67833880bd65516231d374baea36e2bb
IMG_0295_r30_f1,train,Sillimanite,5,IMG_0295,/content/BSM-Project/data/raw/BSM/Sillimanite/52.jpg,GRP_0295,/content/BSM-Project/data/augmented/train/Sillimanite/52__r30_f1.jpg,True,30,True,224,224,3,21075,24d473d594a72f6179df45435546e6bc2558a98a0386cce3af25a9b2dfebcef0
IMG_0295_r45_f0,train,Sillimanite,5,IMG_0295,/content/BSM-Project/data/raw/BSM/Sillimanite/52.jpg,GRP_0295,/content/BSM-Project/data/augmented/train/Sillimanite/52__r45_f0.jpg,True,45,False,224,224,3,20631,9a6b2798f0d02796f160d01a302627f754a95cb4a46fc2ecf44a5b1a00168c59
IMG_0295_r45_f1,train,Sillimanite,5,IMG_0295,/content/BSM-Project/data/raw/BSM/Sillimanite/52.jpg,GRP_0295,/content/BSM-Project/data/augmented/train/Sillimanite/52__r45_f1.jpg,True,45,True,224,224,3,20670,d51639275737b8a48b303872b264b80007620c0da32169ab8a07ecc4ab6d4853
IMG_0295_r90_f0,train,Sillimanite,5,IMG_0295,/content/BSM-Project/data/raw/BSM/Sillimanite/52.jpg,GRP_0295,/content/BSM-Project/data/augmented/train/Sillimanite/52__r90_f0.jpg,True,90,False,224,224,3,18778,cb467e867235ce7f439362ac1b1573ccce9145f4a0345150be285a1aaf35b96b
IMG_0295_r90_f1,train,Sillimanite,5,IMG_0295,/content/BSM-Project/data/raw/BSM/Sillimanite/52.jpg,GRP_0295,/content/BSM-Project/data/augmented/train/Sillimanite/52__r90_f1.jpg,True,90,True,224,224,3,18763,f0dfbe77f4cd698a1a84f07b92bf84ff1674fee5c15a29a8f71f3297430b20a1
IMG_0298_r0_f0,train,Sillimanite,5,IMG_0298,/content/BSM-Project/data/raw/BSM/Sillimanite/55.jpg,GRP_0298,/content/BSM-Project/data/augmented/train/Sillimanite/55__r0_f0.jpg,True,0,False,224,224,3,13969,40e9e57fc30a4d3bce948284fada0f184c596595dd1701ebeb4e1febb6edf92c
IMG_0298_r0_f1,train,Sillimanite,5,IMG_0298,/content/BSM-Project/data/raw/BSM/Sillimanite/55.jpg,GRP_0298,/content/BSM-Project/data/augmented/train/Sillimanite/55__r0_f1.jpg,True,0,True,224,224,3,13964,e20216f54d15b56fef7967b806de3c49f8c2f731c8dc38ee35ce0718374f1faa
IMG_0298_r180_f0,train,Sillimanite,5,IMG_0298,/content/BSM-Project/data/raw/BSM/Sillimanite/55.jpg,GRP_0298,/content/BSM-Project/data/augmented/train/Sillimanite/55__r180_f0.jpg,True,180,False,224,224,3,13967,7443a307e38b21fda671847ad4f804d4fdf702be0a3db52ac16b8c8432df5ded
IMG_0298_r180_f1,train,Sillimanite,5,IMG_0298,/content/BSM-Project/data/raw/BSM/Sillimanite/55.jpg,GRP_0298,/content/BSM-Project/data/augmented/train/Sillimanite/55__r180_f1.jpg,True,180,True,224,224,3,13971,6dff75472ee8301bb0a364ff61c86b157fd7872191a2313d22a1d9f4c48d5172
IMG_0298_r270_f0,train,Sillimanite,5,IMG_0298,/content/BSM-Project/data/raw/BSM/Sillimanite/55.jpg,GRP_0298,/content/BSM-Project/data/augmented/train/Sillimanite/55__r270_f0.jpg,True,270,False,224,224,3,14666,97e5bf768f784bedf569006cb05da552f818b5869c96554cc480919b07e30bd3
IMG_0298_r270_f1,train,Sillimanite,5,IMG_0298,/content/BSM-Project/data/raw/BSM/Sillimanite/55.jpg,GRP_0298,/content/BSM-Project/data/augmented/train/Sillimanite/55__r270_f1.jpg,True,270,True,224,224,3,14643,f0019818014f71eab3e5c0d1b5c55c594934c972787e14804d6733809398e99b
IMG_0298_r30_f0,train,Sillimanite,5,IMG_0298,/content/BSM-Project/data/raw/BSM/Sillimanite/55.jpg,GRP_0298,/content/BSM-Project/data/augmented/train/Sillimanite/55__r30_f0.jpg,True,30,False,224,224,3,16725,b5d7b960b50dd18d90c639e42df392e8176037e41e7753284910c53a91aceaed
IMG_0298_r30_f1,train,Sillimanite,5,IMG_0298,/content/BSM-Project/data/raw/BSM/Sillimanite/55.jpg,GRP_0298,/content/BSM-Project/data/augmented/train/Sillimanite/55__r30_f1.jpg,True,30,True,224,224,3,16743,26fcbfe575b601099ae0d85d46fdf63cae11913ad2516d828292eedb6e3ddd43
IMG_0298_r45_f0,train,Sillimanite,5,IMG_0298,/content/BSM-Project/data/raw/BSM/Sillimanite/55.jpg,GRP_0298,/content/BSM-Project/data/augmented/train/Sillimanite/55__r45_f0.jpg,True,45,False,224,224,3,16669,761c3060b000d71244297a98e9bb840d4811cfaeb55e0034b9e272d63b7df75a
IMG_0298_r45_f1,train,Sillimanite,5,IMG_0298,/content/BSM-Project/data/raw/BSM/Sillimanite/55.jpg,GRP_0298,/content/BSM-Project/data/augmented/train/Sillimanite/55__r45_f1.jpg,True,45,True,224,224,3,16661,2fe034e6de35e4551a5991e9d4635a7082e6949e3d90551029c50e006b910ce2
IMG_0298_r90_f0,train,Sillimanite,5,IMG_0298,/content/BSM-Project/data/raw/BSM/Sillimanite/55.jpg,GRP_0298,/content/BSM-Project/data/augmented/train/Sillimanite/55__r90_f0.jpg,True,90,False,224,224,3,14629,f99b5a4b3e3b01a89854da43b68f12847436add875163b38a41aea1d46877069
IMG_0298_r90_f1,train,Sillimanite,5,IMG_0298,/content/BSM-Project/data/raw/BSM/Sillimanite/55.jpg,GRP_0298,/content/BSM-Project/data/augmented/train/Sillimanite/55__r90_f1.jpg,True,90,True,224,224,3,14653,e785b0a4543b52788ff6903d26c8a02721b74fafa5994ccf518f6a15dd59ba4c
IMG_0299_r0_f0,train,Sillimanite,5,IMG_0299,/content/BSM-Project/data/raw/BSM/Sillimanite/56.jpg,GRP_0299,/content/BSM-Project/data/augmented/train/Sillimanite/56__r0_f0.jpg,True,0,False,224,224,3,12629,9a0345c57bb880642df9a5ec537bc1da1b266f36d90372187c6c8d632ca4fe26
IMG_0299_r0_f1,train,Sillimanite,5,IMG_0299,/content/BSM-Project/data/raw/BSM/Sillimanite/56.jpg,GRP_0299,/content/BSM-Project/data/augmented/train/Sillimanite/56__r0_f1.jpg,True,0,True,224,224,3,12578,8e93bbae985e887bf7e2d97ee8814b8c03fcf31956718d5c695058c233087e20
IMG_0299_r180_f0,train,Sillimanite,5,IMG_0299,/content/BSM-Project/data/raw/BSM/Sillimanite/56.jpg,GRP_0299,/content/BSM-Project/data/augmented/train/Sillimanite/56__r180_f0.jpg,True,180,False,224,224,3,12620,fecd867ef58e27187a38ae84a4c67a738b57cdcd6f9020e1bf32687f2e3a736c
IMG_0299_r180_f1,train,Sillimanite,5,IMG_0299,/content/BSM-Project/data/raw/BSM/Sillimanite/56.jpg,GRP_0299,/content/BSM-Project/data/augmented/train/Sillimanite/56__r180_f1.jpg,True,180,True,224,224,3,12594,5a546106ee445346277aa28f447a78983768cdded06ccdcc154093f637b21478
IMG_0299_r270_f0,train,Sillimanite,5,IMG_0299,/content/BSM-Project/data/raw/BSM/Sillimanite/56.jpg,GRP_0299,/content/BSM-Project/data/augmented/train/Sillimanite/56__r270_f0.jpg,True,270,False,224,224,3,13265,3205330185eb27454ac64920a818eef816d6392729414ed780dfe50819b1d76a
IMG_0299_r270_f1,train,Sillimanite,5,IMG_0299,/content/BSM-Project/data/raw/BSM/Sillimanite/56.jpg,GRP_0299,/content/BSM-Project/data/augmented/train/Sillimanite/56__r270_f1.jpg,True,270,True,224,224,3,13293,112249bb550184c9c4cd4d41779e7e4c76eba68d510c94b270e47907ad64befd
IMG_0299_r30_f0,train,Sillimanite,5,IMG_0299,/content/BSM-Project/data/raw/BSM/Sillimanite/56.jpg,GRP_0299,/content/BSM-Project/data/augmented/train/Sillimanite/56__r30_f0.jpg,True,30,False,224,224,3,14572,7eb13c4397c8528b769258d005b7564a41e6b8cc5c4c896f5ad639b35da243d9
IMG_0299_r30_f1,train,Sillimanite,5,IMG_0299,/content/BSM-Project/data/raw/BSM/Sillimanite/56.jpg,GRP_0299,/content/BSM-Project/data/augmented/train/Sillimanite/56__r30_f1.jpg,True,30,True,224,224,3,14560,b2d527df947e760baf5395fb55db50acb3c4cd833a4dc68f9a03d76303bb28d6
IMG_0299_r45_f0,train,Sillimanite,5,IMG_0299,/content/BSM-Project/data/raw/BSM/Sillimanite/56.jpg,GRP_0299,/content/BSM-Project/data/augmented/train/Sillimanite/56__r45_f0.jpg,True,45,False,224,224,3,14358,f34f4371c2c970a2229238602ca31fa88a5896889e8c3194f5568cbacd8f3186
IMG_0299_r45_f1,train,Sillimanite,5,IMG_0299,/content/BSM-Project/data/raw/BSM/Sillimanite/56.jpg,GRP_0299,/content/BSM-Project/data/augmented/train/Sillimanite/56__r45_f1.jpg,True,45,True,224,224,3,14409,b966bb3d0e5e93cd4a77a17726ac73aa095841cac774c7e9628740b13b0371ca
IMG_0299_r90_f0,train,Sillimanite,5,IMG_0299,/content/BSM-Project/data/raw/BSM/Sillimanite/56.jpg,GRP_0299,/content/BSM-Project/data/augmented/train/Sillimanite/56__r90_f0.jpg,True,90,False,224,224,3,13277,6b3441d0ff0bdc15af53dcf809d92c00c63a0bbf0957d17e35faa081eb3cd383
IMG_0299_r90_f1,train,Sillimanite,5,IMG_0299,/content/BSM-Project/data/raw/BSM/Sillimanite/56.jpg,GRP_0299,/content/BSM-Project/data/augmented/train/Sillimanite/56__r90_f1.jpg,True,90,True,224,224,3,13279,7ef0d339d07719577a0ecd526ad674d077fd753afb05cc46c86d1d2d7deaa480
IMG_0301_r0_f0,train,Sillimanite,5,IMG_0301,/content/BSM-Project/data/raw/BSM/Sillimanite/58.jpg,GRP_0301,/content/BSM-Project/data/augmented/train/Sillimanite/58__r0_f0.jpg,True,0,False,224,224,3,16004,8dfffc7fdc7087ca48544225a53c5091da6a8bb86edddfef9facbbeb8054bffa
IMG_0301_r0_f1,train,Sillimanite,5,IMG_0301,/content/BSM-Project/data/raw/BSM/Sillimanite/58.jpg,GRP_0301,/content/BSM-Project/data/augmented/train/Sillimanite/58__r0_f1.jpg,True,0,True,224,224,3,16003,73c22f2e0b84ac40637a4d71c2108d3162406e69fc0c7fcda320f7e20f12e8b4
IMG_0301_r180_f0,train,Sillimanite,5,IMG_0301,/content/BSM-Project/data/raw/BSM/Sillimanite/58.jpg,GRP_0301,/content/BSM-Project/data/augmented/train/Sillimanite/58__r180_f0.jpg,True,180,False,224,224,3,16027,7a66c5eb74441b6cf04b823f39af9f37835e51e02093471a0f83733daac78459
IMG_0301_r180_f1,train,Sillimanite,5,IMG_0301,/content/BSM-Project/data/raw/BSM/Sillimanite/58.jpg,GRP_0301,/content/BSM-Project/data/augmented/train/Sillimanite/58__r180_f1.jpg,True,180,True,224,224,3,16012,fe204d5092a1b072fa1d5f7e4a878307a357131064e1ab8c37cffd55cc55f76b
IMG_0301_r270_f0,train,Sillimanite,5,IMG_0301,/content/BSM-Project/data/raw/BSM/Sillimanite/58.jpg,GRP_0301,/content/BSM-Project/data/augmented/train/Sillimanite/58__r270_f0.jpg,True,270,False,224,224,3,14725,07b45ef9241e4a5611f5b8263456292aceffbb5a2a171b8db8ed9e7b90c639e2
IMG_0301_r270_f1,train,Sillimanite,5,IMG_0301,/content/BSM-Project/data/raw/BSM/Sillimanite/58.jpg,GRP_0301,/content/BSM-Project/data/augmented/train/Sillimanite/58__r270_f1.jpg,True,270,True,224,224,3,14714,e17827456bf2b065b80156cbaa4566f4c6ffbb6ce80c68510efcb37bf7f1bb70
IMG_0301_r30_f0,train,Sillimanite,5,IMG_0301,/content/BSM-Project/data/raw/BSM/Sillimanite/58.jpg,GRP_0301,/content/BSM-Project/data/augmented/train/Sillimanite/58__r30_f0.jpg,True,30,False,224,224,3,17891,049193cde16658db0d95fc760f7cfdf83709085c072c9aeaf769fa6a6feb40a7
IMG_0301_r30_f1,train,Sillimanite,5,IMG_0301,/content/BSM-Project/data/raw/BSM/Sillimanite/58.jpg,GRP_0301,/content/BSM-Project/data/augmented/train/Sillimanite/58__r30_f1.jpg,True,30,True,224,224,3,17881,86a4ce80ab6dc62c4794faa6b800ee1bdc0e553beee5fa669ad1540beb52a0e0
IMG_0301_r45_f0,train,Sillimanite,5,IMG_0301,/content/BSM-Project/data/raw/BSM/Sillimanite/58.jpg,GRP_0301,/content/BSM-Project/data/augmented/train/Sillimanite/58__r45_f0.jpg,True,45,False,224,224,3,17380,f970a58bf9cb10b2341f5f6b80c727a8a0aa96226008adc2bc12bbbb19d33b00
IMG_0301_r45_f1,train,Sillimanite,5,IMG_0301,/content/BSM-Project/data/raw/BSM/Sillimanite/58.jpg,GRP_0301,/content/BSM-Project/data/augmented/train/Sillimanite/58__r45_f1.jpg,True,45,True,224,224,3,17429,4354c0ab662e7e345eaa7af93c793d16d3c546d056743c2fc3e58cb5a6d073d9
IMG_0301_r90_f0,train,Sillimanite,5,IMG_0301,/content/BSM-Project/data/raw/BSM/Sillimanite/58.jpg,GRP_0301,/content/BSM-Project/data/augmented/train/Sillimanite/58__r90_f0.jpg,True,90,False,224,224,3,14731,e75e71012cc163219557d887b2d62c00aefd03550f302b0eeb12d65d3a382dca
IMG_0301_r90_f1,train,Sillimanite,5,IMG_0301,/content/BSM-Project/data/raw/BSM/Sillimanite/58.jpg,GRP_0301,/content/BSM-Project/data/augmented/train/Sillimanite/58__r90_f1.jpg,True,90,True,224,224,3,14707,38d0172cf552f3f44e0a83441c305fa16af994284bc0b319b761e1ca5a742523
IMG_0302_r0_f0,train,Sillimanite,5,IMG_0302,/content/BSM-Project/data/raw/BSM/Sillimanite/59.jpg,GRP_0302,/content/BSM-Project/data/augmented/train/Sillimanite/59__r0_f0.jpg,True,0,False,224,224,3,24472,f96cdfb5054b48440720b787a3facee5642a7ec68b5260422f2fefcec8e20606
IMG_0302_r0_f1,train,Sillimanite,5,IMG_0302,/content/BSM-Project/data/raw/BSM/Sillimanite/59.jpg,GRP_0302,/content/BSM-Project/data/augmented/train/Sillimanite/59__r0_f1.jpg,True,0,True,224,224,3,24465,f0e9e8ba71cfc5fd20afec069a5dc1ed3dacbc774e95823da01e5dc08953b471
IMG_0302_r180_f0,train,Sillimanite,5,IMG_0302,/content/BSM-Project/data/raw/BSM/Sillimanite/59.jpg,GRP_0302,/content/BSM-Project/data/augmented/train/Sillimanite/59__r180_f0.jpg,True,180,False,224,224,3,24488,c123f4ff6115f8550b5be6d3ef258c38acc5d20eff7993ac8d7a7a65ca84c031
IMG_0302_r180_f1,train,Sillimanite,5,IMG_0302,/content/BSM-Project/data/raw/BSM/Sillimanite/59.jpg,GRP_0302,/content/BSM-Project/data/augmented/train/Sillimanite/59__r180_f1.jpg,True,180,True,224,224,3,24470,4bbd67eb442cbc1a6a00ef251008cc9e90febfdc132fa04afb98bfb836031d4b
IMG_0302_r270_f0,train,Sillimanite,5,IMG_0302,/content/BSM-Project/data/raw/BSM/Sillimanite/59.jpg,GRP_0302,/content/BSM-Project/data/augmented/train/Sillimanite/59__r270_f0.jpg,True,270,False,224,224,3,17348,79dffbe139019e8a448e12cd50adb431d845019e4d796eb21ff526e695a03ffb
IMG_0302_r270_f1,train,Sillimanite,5,IMG_0302,/content/BSM-Project/data/raw/BSM/Sillimanite/59.jpg,GRP_0302,/content/BSM-Project/data/augmented/train/Sillimanite/59__r270_f1.jpg,True,270,True,224,224,3,17382,656d4d40d9e50a709ed9c8c82b14b7b96810372ce8fafea26f3f72c6c3df698a
IMG_0302_r30_f0,train,Sillimanite,5,IMG_0302,/content/BSM-Project/data/raw/BSM/Sillimanite/59.jpg,GRP_0302,/content/BSM-Project/data/augmented/train/Sillimanite/59__r30_f0.jpg,True,30,False,224,224,3,23021,a45ff573f7e911f9b8322f3361af96ccb99b5377fdeee323a2599abf3bf73a9e
IMG_0302_r30_f1,train,Sillimanite,5,IMG_0302,/content/BSM-Project/data/raw/BSM/Sillimanite/59.jpg,GRP_0302,/content/BSM-Project/data/augmented/train/Sillimanite/59__r30_f1.jpg,True,30,True,224,224,3,23105,b79d26cad8341dc1691f838123d9c19411d8a4fe27042af9449e25d9befa99bd
IMG_0302_r45_f0,train,Sillimanite,5,IMG_0302,/content/BSM-Project/data/raw/BSM/Sillimanite/59.jpg,GRP_0302,/content/BSM-Project/data/augmented/train/Sillimanite/59__r45_f0.jpg,True,45,False,224,224,3,21949,e0771340651e81455b5654a65dbac785a612d0f618d1a44efdbad0f8bd00e6ed
IMG_0302_r45_f1,train,Sillimanite,5,IMG_0302,/content/BSM-Project/data/raw/BSM/Sillimanite/59.jpg,GRP_0302,/content/BSM-Project/data/augmented/train/Sillimanite/59__r45_f1.jpg,True,45,True,224,224,3,22014,7363be2fac8ae04930e8fb377e3bfadf62149daa27b0e654d46975e57fc5fc83
IMG_0302_r90_f0,train,Sillimanite,5,IMG_0302,/content/BSM-Project/data/raw/BSM/Sillimanite/59.jpg,GRP_0302,/content/BSM-Project/data/augmented/train/Sillimanite/59__r90_f0.jpg,True,90,False,224,224,3,17360,3b70ee0de5600a2da39b69bbae188f4993a7c537e653d3e75ce8d107a090094c
IMG_0302_r90_f1,train,Sillimanite,5,IMG_0302,/content/BSM-Project/data/raw/BSM/Sillimanite/59.jpg,GRP_0302,/content/BSM-Project/data/augmented/train/Sillimanite/59__r90_f1.jpg,True,90,True,224,224,3,17376,8bf3f78c291382f5dc1c57d4e352d0bec730db058f8c02f6664650cec56b7116
IMG_0303_r0_f0,train,Sillimanite,5,IMG_0303,/content/BSM-Project/data/raw/BSM/Sillimanite/6.jpg,GRP_0303,/content/BSM-Project/data/augmented/train/Sillimanite/6__r0_f0.jpg,True,0,False,224,224,3,18936,39aba42f7b04ee377cf0acae7cae71098362214196275dfc831688dd59460de7
IMG_0303_r0_f1,train,Sillimanite,5,IMG_0303,/content/BSM-Project/data/raw/BSM/Sillimanite/6.jpg,GRP_0303,/content/BSM-Project/data/augmented/train/Sillimanite/6__r0_f1.jpg,True,0,True,224,224,3,18958,a8be2e2d242538d232ff57a4508e303a4e5476e7b6cb19d1518a22d5120a7d3b
IMG_0303_r180_f0,train,Sillimanite,5,IMG_0303,/content/BSM-Project/data/raw/BSM/Sillimanite/6.jpg,GRP_0303,/content/BSM-Project/data/augmented/train/Sillimanite/6__r180_f0.jpg,True,180,False,224,224,3,18940,c29868a6ab1ac0d4bf654b67e311547688f2ff00ad0dddaafaf603d68cb01f8a
IMG_0303_r180_f1,train,Sillimanite,5,IMG_0303,/content/BSM-Project/data/raw/BSM/Sillimanite/6.jpg,GRP_0303,/content/BSM-Project/data/augmented/train/Sillimanite/6__r180_f1.jpg,True,180,True,224,224,3,18949,ca0ef7e3ca2e13f98dc85f35e3015696fafeac180a170209138e895d90df6f74
IMG_0303_r270_f0,train,Sillimanite,5,IMG_0303,/content/BSM-Project/data/raw/BSM/Sillimanite/6.jpg,GRP_0303,/content/BSM-Project/data/augmented/train/Sillimanite/6__r270_f0.jpg,True,270,False,224,224,3,17729,c56220ad3cf5188927cbbaae26c0db6eb658a2b93970f03d157f682106d2c20d
IMG_0303_r270_f1,train,Sillimanite,5,IMG_0303,/content/BSM-Project/data/raw/BSM/Sillimanite/6.jpg,GRP_0303,/content/BSM-Project/data/augmented/train/Sillimanite/6__r270_f1.jpg,True,270,True,224,224,3,17714,28899dffd2e41649258c8741227fe8c56ad5f8b64dffdd374ebdce81cc399ec7
IMG_0303_r30_f0,train,Sillimanite,5,IMG_0303,/content/BSM-Project/data/raw/BSM/Sillimanite/6.jpg,GRP_0303,/content/BSM-Project/data/augmented/train/Sillimanite/6__r30_f0.jpg,True,30,False,224,224,3,21379,e1f8ed9ac61b8780e632771192688b8d0e674e2e385c78e4d46bbc372aeb2296
IMG_0303_r30_f1,train,Sillimanite,5,IMG_0303,/content/BSM-Project/data/raw/BSM/Sillimanite/6.jpg,GRP_0303,/content/BSM-Project/data/augmented/train/Sillimanite/6__r30_f1.jpg,True,30,True,224,224,3,21475,1d996a0b5fafff3bd023832573029051aa3844fbbf562118f781b6b46e5f404f
IMG_0303_r45_f0,train,Sillimanite,5,IMG_0303,/content/BSM-Project/data/raw/BSM/Sillimanite/6.jpg,GRP_0303,/content/BSM-Project/data/augmented/train/Sillimanite/6__r45_f0.jpg,True,45,False,224,224,3,20795,8019588d7ab91909b5bc5007cd29de1fd8095a9b1da444adc9606637dfbd248f
IMG_0303_r45_f1,train,Sillimanite,5,IMG_0303,/content/BSM-Project/data/raw/BSM/Sillimanite/6.jpg,GRP_0303,/content/BSM-Project/data/augmented/train/Sillimanite/6__r45_f1.jpg,True,45,True,224,224,3,20821,e6d5f67ccdb22e7ef8ef23b0543c2ef14db2dadc257bd6b5fdb8166ec86b2117
IMG_0303_r90_f0,train,Sillimanite,5,IMG_0303,/content/BSM-Project/data/raw/BSM/Sillimanite/6.jpg,GRP_0303,/content/BSM-Project/data/augmented/train/Sillimanite/6__r90_f0.jpg,True,90,False,224,224,3,17712,1a6ebb4cdcc810912dd3a6ec658fa2732880466125ad52e4a89fd0fe1ca639f3
IMG_0303_r90_f1,train,Sillimanite,5,IMG_0303,/content/BSM-Project/data/raw/BSM/Sillimanite/6.jpg,GRP_0303,/content/BSM-Project/data/augmented/train/Sillimanite/6__r90_f1.jpg,True,90,True,224,224,3,17707,eeee5fbc4f23e5f9a6e8b1168eb7c8cd239a30e5662090d0a0a8a0968084574b
IMG_0304_r0_f0,train,Sillimanite,5,IMG_0304,/content/BSM-Project/data/raw/BSM/Sillimanite/60.jpg,GRP_0304,/content/BSM-Project/data/augmented/train/Sillimanite/60__r0_f0.jpg,True,0,False,224,224,3,13363,0408258f7560170ae4c29e6dc0947b566d2672978fa8d8db245bf584020c63e1
IMG_0304_r0_f1,train,Sillimanite,5,IMG_0304,/content/BSM-Project/data/raw/BSM/Sillimanite/60.jpg,GRP_0304,/content/BSM-Project/data/augmented/train/Sillimanite/60__r0_f1.jpg,True,0,True,224,224,3,13338,54d13a76850b28805705e2ab213a320ecd9400e625b723972a3a8b00276d9a43
IMG_0304_r180_f0,train,Sillimanite,5,IMG_0304,/content/BSM-Project/data/raw/BSM/Sillimanite/60.jpg,GRP_0304,/content/BSM-Project/data/augmented/train/Sillimanite/60__r180_f0.jpg,True,180,False,224,224,3,13356,de80fca86a9eff05a2d25fab5f7f2ad52b9c5cb2e228734aef69bac73e4a3899
IMG_0304_r180_f1,train,Sillimanite,5,IMG_0304,/content/BSM-Project/data/raw/BSM/Sillimanite/60.jpg,GRP_0304,/content/BSM-Project/data/augmented/train/Sillimanite/60__r180_f1.jpg,True,180,True,224,224,3,13353,daea84ade3c8192978d395159b47a3e70e55ee49e7293fc430d98bb05bbece24
IMG_0304_r270_f0,train,Sillimanite,5,IMG_0304,/content/BSM-Project/data/raw/BSM/Sillimanite/60.jpg,GRP_0304,/content/BSM-Project/data/augmented/train/Sillimanite/60__r270_f0.jpg,True,270,False,224,224,3,11667,2d5ff1d78000850b0b2a660e1d3b1935d4a74fd5acbc0fde772befe50a834628
IMG_0304_r270_f1,train,Sillimanite,5,IMG_0304,/content/BSM-Project/data/raw/BSM/Sillimanite/60.jpg,GRP_0304,/content/BSM-Project/data/augmented/train/Sillimanite/60__r270_f1.jpg,True,270,True,224,224,3,11654,74ecda37622d88b0c8c5930b014e6f0a672f8eb62d1a20ca10ae5441320b1ba0
IMG_0304_r30_f0,train,Sillimanite,5,IMG_0304,/content/BSM-Project/data/raw/BSM/Sillimanite/60.jpg,GRP_0304,/content/BSM-Project/data/augmented/train/Sillimanite/60__r30_f0.jpg,True,30,False,224,224,3,15477,2a9bacea76e8927ec07c6a39fc72e861c66267850c400b28a586e852f1eefe58
IMG_0304_r30_f1,train,Sillimanite,5,IMG_0304,/content/BSM-Project/data/raw/BSM/Sillimanite/60.jpg,GRP_0304,/content/BSM-Project/data/augmented/train/Sillimanite/60__r30_f1.jpg,True,30,True,224,224,3,15545,4fef4511915fe1107aab157fd079660b7344c2288dc45d68e0f3d68a6bc21e94
IMG_0304_r45_f0,train,Sillimanite,5,IMG_0304,/content/BSM-Project/data/raw/BSM/Sillimanite/60.jpg,GRP_0304,/content/BSM-Project/data/augmented/train/Sillimanite/60__r45_f0.jpg,True,45,False,224,224,3,14946,738b40cfa7e3aef64cf49de63c5f88fa6cdbdea59a0c497a3ddbf78a56184f5f
IMG_0304_r45_f1,train,Sillimanite,5,IMG_0304,/content/BSM-Project/data/raw/BSM/Sillimanite/60.jpg,GRP_0304,/content/BSM-Project/data/augmented/train/Sillimanite/60__r45_f1.jpg,True,45,True,224,224,3,15051,b4b75f376edd13740fbc2f5b998e1bcf0470af80f652899c3efb2a3da631c0a8
IMG_0304_r90_f0,train,Sillimanite,5,IMG_0304,/content/BSM-Project/data/raw/BSM/Sillimanite/60.jpg,GRP_0304,/content/BSM-Project/data/augmented/train/Sillimanite/60__r90_f0.jpg,True,90,False,224,224,3,11643,06bddfddb94327723bd790d830e1792f32b76355d11522b9ef33306e4156cdf8
IMG_0304_r90_f1,train,Sillimanite,5,IMG_0304,/content/BSM-Project/data/raw/BSM/Sillimanite/60.jpg,GRP_0304,/content/BSM-Project/data/augmented/train/Sillimanite/60__r90_f1.jpg,True,90,True,224,224,3,11663,496e7334ff1c1366859a5c7f12060275f0dcf06548eaffaeea0b464a375dcda3
IMG_0305_r0_f0,train,Sillimanite,5,IMG_0305,/content/BSM-Project/data/raw/BSM/Sillimanite/7.jpg,GRP_0305,/content/BSM-Project/data/augmented/train/Sillimanite/7__r0_f0.jpg,True,0,False,224,224,3,24317,4a9f3bd4feef267312ba2c8069cd48342c6e0b68a904611d7d51fdd7d6cb9d48
IMG_0305_r0_f1,train,Sillimanite,5,IMG_0305,/content/BSM-Project/data/raw/BSM/Sillimanite/7.jpg,GRP_0305,/content/BSM-Project/data/augmented/train/Sillimanite/7__r0_f1.jpg,True,0,True,224,224,3,24277,9934093484e9e82ab6198d64c83a41d1cec0997bcbbb7a173abfb15d12284696
IMG_0305_r180_f0,train,Sillimanite,5,IMG_0305,/content/BSM-Project/data/raw/BSM/Sillimanite/7.jpg,GRP_0305,/content/BSM-Project/data/augmented/train/Sillimanite/7__r180_f0.jpg,True,180,False,224,224,3,24322,2af0aa5ed25868ea688ce1da4ab1e25ae23653289f2b61d2ead7dd5ca020bea5
IMG_0305_r180_f1,train,Sillimanite,5,IMG_0305,/content/BSM-Project/data/raw/BSM/Sillimanite/7.jpg,GRP_0305,/content/BSM-Project/data/augmented/train/Sillimanite/7__r180_f1.jpg,True,180,True,224,224,3,24259,6fe52cd001f5038cffae07219639c8d3a9d212e9994d4cc30b587832da25c421
IMG_0305_r270_f0,train,Sillimanite,5,IMG_0305,/content/BSM-Project/data/raw/BSM/Sillimanite/7.jpg,GRP_0305,/content/BSM-Project/data/augmented/train/Sillimanite/7__r270_f0.jpg,True,270,False,224,224,3,21198,ac705077959ad14944ac60059f5629532992244fb58dd81b373eb1f8e4ff4555
IMG_0305_r270_f1,train,Sillimanite,5,IMG_0305,/content/BSM-Project/data/raw/BSM/Sillimanite/7.jpg,GRP_0305,/content/BSM-Project/data/augmented/train/Sillimanite/7__r270_f1.jpg,True,270,True,224,224,3,21211,bbfec25b8ab7d74e3a108a96ae05793a7a894ed18ac23361de6ccb9c558ff7c9
IMG_0305_r30_f0,train,Sillimanite,5,IMG_0305,/content/BSM-Project/data/raw/BSM/Sillimanite/7.jpg,GRP_0305,/content/BSM-Project/data/augmented/train/Sillimanite/7__r30_f0.jpg,True,30,False,224,224,3,25217,d736f6bcd77cb2ee252aacbdf1cdb84f0d54402b47f915c87537641132d1e79a
IMG_0305_r30_f1,train,Sillimanite,5,IMG_0305,/content/BSM-Project/data/raw/BSM/Sillimanite/7.jpg,GRP_0305,/content/BSM-Project/data/augmented/train/Sillimanite/7__r30_f1.jpg,True,30,True,224,224,3,25245,cd121ce8033c3e4f12b303cdc5dd182c9db580db2b21b1fcd774f9e0715d0184
IMG_0305_r45_f0,train,Sillimanite,5,IMG_0305,/content/BSM-Project/data/raw/BSM/Sillimanite/7.jpg,GRP_0305,/content/BSM-Project/data/augmented/train/Sillimanite/7__r45_f0.jpg,True,45,False,224,224,3,24829,536f0045941b4e0d9c9ffa2d4ce01a51a2613fee1783c2e994a476f08a55d526
IMG_0305_r45_f1,train,Sillimanite,5,IMG_0305,/content/BSM-Project/data/raw/BSM/Sillimanite/7.jpg,GRP_0305,/content/BSM-Project/data/augmented/train/Sillimanite/7__r45_f1.jpg,True,45,True,224,224,3,24869,f663ae08f3e2e4251c2c6c3215817dde688d0cf04cb256f2fe8b2aaec1717f3f
IMG_0305_r90_f0,train,Sillimanite,5,IMG_0305,/content/BSM-Project/data/raw/BSM/Sillimanite/7.jpg,GRP_0305,/content/BSM-Project/data/augmented/train/Sillimanite/7__r90_f0.jpg,True,90,False,224,224,3,21185,c6ec988119e5d5b73cb326baa36c6d9b0c2a09b6b51b2c13581851346cd155bb
IMG_0305_r90_f1,train,Sillimanite,5,IMG_0305,/content/BSM-Project/data/raw/BSM/Sillimanite/7.jpg,GRP_0305,/content/BSM-Project/data/augmented/train/Sillimanite/7__r90_f1.jpg,True,90,True,224,224,3,21211,d24d299e22b551ea3185079140d94e5e9e95243f1c2c4eee7a0860afbc86c6d1
IMG_0306_r0_f0,train,Sillimanite,5,IMG_0306,/content/BSM-Project/data/raw/BSM/Sillimanite/8.jpg,GRP_0306,/content/BSM-Project/data/augmented/train/Sillimanite/8__r0_f0.jpg,True,0,False,224,224,3,23825,92ce408ab2cb7f28b594bf6af11e2ce58a18264e12498b003af5cbbf4f4defb2
IMG_0306_r0_f1,train,Sillimanite,5,IMG_0306,/content/BSM-Project/data/raw/BSM/Sillimanite/8.jpg,GRP_0306,/content/BSM-Project/data/augmented/train/Sillimanite/8__r0_f1.jpg,True,0,True,224,224,3,23786,15377bfc2b7f3c4e83cb13809cb230d90defee4a8076767839df6eeba39c5fee
IMG_0306_r180_f0,train,Sillimanite,5,IMG_0306,/content/BSM-Project/data/raw/BSM/Sillimanite/8.jpg,GRP_0306,/content/BSM-Project/data/augmented/train/Sillimanite/8__r180_f0.jpg,True,180,False,224,224,3,23817,a217033615d4d028a5fc28d894a8f209f47d5f2d9573d32f33d3e734b2d9242e
IMG_0306_r180_f1,train,Sillimanite,5,IMG_0306,/content/BSM-Project/data/raw/BSM/Sillimanite/8.jpg,GRP_0306,/content/BSM-Project/data/augmented/train/Sillimanite/8__r180_f1.jpg,True,180,True,224,224,3,23788,27265c6c292d5f1faa17c3b0aa8ef6e331d87682f7aa63d763df22fb6575d1b2
IMG_0306_r270_f0,train,Sillimanite,5,IMG_0306,/content/BSM-Project/data/raw/BSM/Sillimanite/8.jpg,GRP_0306,/content/BSM-Project/data/augmented/train/Sillimanite/8__r270_f0.jpg,True,270,False,224,224,3,20946,843bc7701ae2f0176af6a5bd166da9300ad5e066e83abc3eb0c3312f010a0274
IMG_0306_r270_f1,train,Sillimanite,5,IMG_0306,/content/BSM-Project/data/raw/BSM/Sillimanite/8.jpg,GRP_0306,/content/BSM-Project/data/augmented/train/Sillimanite/8__r270_f1.jpg,True,270,True,224,224,3,20977,fd791d7bd17adae10eda81f4f9b35f94f0c4d1404518c1d2dbdcb394a6d5a478
IMG_0306_r30_f0,train,Sillimanite,5,IMG_0306,/content/BSM-Project/data/raw/BSM/Sillimanite/8.jpg,GRP_0306,/content/BSM-Project/data/augmented/train/Sillimanite/8__r30_f0.jpg,True,30,False,224,224,3,25408,0eee9dae98d64a6b03c6521d37d468f9146a93dc749554c75953fb9a64715549
IMG_0306_r30_f1,train,Sillimanite,5,IMG_0306,/content/BSM-Project/data/raw/BSM/Sillimanite/8.jpg,GRP_0306,/content/BSM-Project/data/augmented/train/Sillimanite/8__r30_f1.jpg,True,30,True,224,224,3,25458,55e081512ddcce999c9d94fd5142a9cd86c71e7b7789fdfe7786e30dc7164e0c
IMG_0306_r45_f0,train,Sillimanite,5,IMG_0306,/content/BSM-Project/data/raw/BSM/Sillimanite/8.jpg,GRP_0306,/content/BSM-Project/data/augmented/train/Sillimanite/8__r45_f0.jpg,True,45,False,224,224,3,25329,f4d8a73efec980d1ac5afbb7259b2f93c86f75acb69724aecced4539963cc779
IMG_0306_r45_f1,train,Sillimanite,5,IMG_0306,/content/BSM-Project/data/raw/BSM/Sillimanite/8.jpg,GRP_0306,/content/BSM-Project/data/augmented/train/Sillimanite/8__r45_f1.jpg,True,45,True,224,224,3,25389,09d74564daf1b7e30d622dcf4a9c670b12426f16fb71b796def3fb14e356f2fc
IMG_0306_r90_f0,train,Sillimanite,5,IMG_0306,/content/BSM-Project/data/raw/BSM/Sillimanite/8.jpg,GRP_0306,/content/BSM-Project/data/augmented/train/Sillimanite/8__r90_f0.jpg,True,90,False,224,224,3,20970,5e82d1a2a8d8d1dfddbc4c96449b446706e31fb9eaedfd76e16e6a4c2dd8c201
IMG_0306_r90_f1,train,Sillimanite,5,IMG_0306,/content/BSM-Project/data/raw/BSM/Sillimanite/8.jpg,GRP_0306,/content/BSM-Project/data/augmented/train/Sillimanite/8__r90_f1.jpg,True,90,True,224,224,3,20975,e3a3f1891e9068218dbb50accfb1e9195321c4892423a0459258786d98b657dd
IMG_0308_r0_f0,train,Zircon,2,IMG_0308,/content/BSM-Project/data/raw/BSM/Zircon/1.jpg,GRP_0308,/content/BSM-Project/data/augmented/train/Zircon/1__r0_f0.jpg,True,0,False,224,224,3,23456,1e7daba1160084dd9786471b6d192fff884f76400c85618b32589be829111e54
IMG_0308_r0_f1,train,Zircon,2,IMG_0308,/content/BSM-Project/data/raw/BSM/Zircon/1.jpg,GRP_0308,/content/BSM-Project/data/augmented/train/Zircon/1__r0_f1.jpg,True,0,True,224,224,3,23406,65817bef34d7a30eebfa34d85f976c725ec50924e68da66b80749ef4f2f917cc
IMG_0308_r180_f0,train,Zircon,2,IMG_0308,/content/BSM-Project/data/raw/BSM/Zircon/1.jpg,GRP_0308,/content/BSM-Project/data/augmented/train/Zircon/1__r180_f0.jpg,True,180,False,224,224,3,23446,24771e8ebd03367112ff421e85765b63a2eef8ba43842d64db2de52ef99b1394
IMG_0308_r180_f1,train,Zircon,2,IMG_0308,/content/BSM-Project/data/raw/BSM/Zircon/1.jpg,GRP_0308,/content/BSM-Project/data/augmented/train/Zircon/1__r180_f1.jpg,True,180,True,224,224,3,23411,1f45a37be7eeb8f138dc5ab9e0531a511847d44a9b2acf19453fcc2fc6354544
IMG_0308_r270_f0,train,Zircon,2,IMG_0308,/content/BSM-Project/data/raw/BSM/Zircon/1.jpg,GRP_0308,/content/BSM-Project/data/augmented/train/Zircon/1__r270_f0.jpg,True,270,False,224,224,3,22023,122d04bfd3e4c7ca2b887b5557aaf4716115e3b12394cb55efd5edc4f86f8f8e
IMG_0308_r270_f1,train,Zircon,2,IMG_0308,/content/BSM-Project/data/raw/BSM/Zircon/1.jpg,GRP_0308,/content/BSM-Project/data/augmented/train/Zircon/1__r270_f1.jpg,True,270,True,224,224,3,22038,c8edfac698cb9c690cdefb7e627c3aafe1144041cdb69a36a1adaaab00fe7d03
IMG_0308_r30_f0,train,Zircon,2,IMG_0308,/content/BSM-Project/data/raw/BSM/Zircon/1.jpg,GRP_0308,/content/BSM-Project/data/augmented/train/Zircon/1__r30_f0.jpg,True,30,False,224,224,3,26645,deebadf6e75200a628b0b51d0a935b093c4a282185fa720e64908f10eca2bca5
IMG_0308_r30_f1,train,Zircon,2,IMG_0308,/content/BSM-Project/data/raw/BSM/Zircon/1.jpg,GRP_0308,/content/BSM-Project/data/augmented/train/Zircon/1__r30_f1.jpg,True,30,True,224,224,3,26711,ccaeaa240cc2f25cc3919a8a7beb1dfb9683439624461cae30ab8e53eebc071c
IMG_0308_r45_f0,train,Zircon,2,IMG_0308,/content/BSM-Project/data/raw/BSM/Zircon/1.jpg,GRP_0308,/content/BSM-Project/data/augmented/train/Zircon/1__r45_f0.jpg,True,45,False,224,224,3,26537,a4f474e1e00e80fa8a7895e28e76963b714ba108c14c9b1cfd38f692873ef67f
IMG_0308_r45_f1,train,Zircon,2,IMG_0308,/content/BSM-Project/data/raw/BSM/Zircon/1.jpg,GRP_0308,/content/BSM-Project/data/augmented/train/Zircon/1__r45_f1.jpg,True,45,True,224,224,3,26590,0d8ff522146a0801a187fa2fd5eba6a5aeb50a59f25d9053d3d214dc8d5ff523
IMG_0308_r90_f0,train,Zircon,2,IMG_0308,/content/BSM-Project/data/raw/BSM/Zircon/1.jpg,GRP_0308,/content/BSM-Project/data/augmented/train/Zircon/1__r90_f0.jpg,True,90,False,224,224,3,22017,5b2fb26b9036aa73a8f2dd173e507a3a7190282e140e6a33990e6fe5f428feed
IMG_0308_r90_f1,train,Zircon,2,IMG_0308,/content/BSM-Project/data/raw/BSM/Zircon/1.jpg,GRP_0308,/content/BSM-Project/data/augmented/train/Zircon/1__r90_f1.jpg,True,90,True,224,224,3,22003,58d193079072c4e9f17e522887804998858eaaab930b7c59403ccef1b50ac7d4
IMG_0310_r0_f0,train,Zircon,2,IMG_0310,/content/BSM-Project/data/raw/BSM/Zircon/11.jpg,GRP_0310,/content/BSM-Project/data/augmented/train/Zircon/11__r0_f0.jpg,True,0,False,224,224,3,27049,0f73227d6774de62ad5f1b3df8ce4b5be68bbbf9d08b63b487ad04d8f17fedf2
IMG_0310_r0_f1,train,Zircon,2,IMG_0310,/content/BSM-Project/data/raw/BSM/Zircon/11.jpg,GRP_0310,/content/BSM-Project/data/augmented/train/Zircon/11__r0_f1.jpg,True,0,True,224,224,3,27057,4a0c67b43cd789aa411c0dde2d85177ef88f0f6fcb2acdd503f14dd3499ad124
IMG_0310_r180_f0,train,Zircon,2,IMG_0310,/content/BSM-Project/data/raw/BSM/Zircon/11.jpg,GRP_0310,/content/BSM-Project/data/augmented/train/Zircon/11__r180_f0.jpg,True,180,False,224,224,3,27056,3dd74be46642fb4b509d2933df86a52937e2c638c2cc12b27d16d535d3c1f1ce
IMG_0310_r180_f1,train,Zircon,2,IMG_0310,/content/BSM-Project/data/raw/BSM/Zircon/11.jpg,GRP_0310,/content/BSM-Project/data/augmented/train/Zircon/11__r180_f1.jpg,True,180,True,224,224,3,27061,f5be51fe6dad08813910c97cc3412f65df23f3186db5df4a6873817953ae9095
IMG_0310_r270_f0,train,Zircon,2,IMG_0310,/content/BSM-Project/data/raw/BSM/Zircon/11.jpg,GRP_0310,/content/BSM-Project/data/augmented/train/Zircon/11__r270_f0.jpg,True,270,False,224,224,3,19273,d96fe670600b8f3c41fa401f9bb48357eea48454a0054e0b2aeb17b5e2513e4e
IMG_0310_r270_f1,train,Zircon,2,IMG_0310,/content/BSM-Project/data/raw/BSM/Zircon/11.jpg,GRP_0310,/content/BSM-Project/data/augmented/train/Zircon/11__r270_f1.jpg,True,270,True,224,224,3,19276,66ced7fe551f9ee7d42452b7ad6728c69c15652e137dfa604230e3e2d00c2eae
IMG_0310_r30_f0,train,Zircon,2,IMG_0310,/content/BSM-Project/data/raw/BSM/Zircon/11.jpg,GRP_0310,/content/BSM-Project/data/augmented/train/Zircon/11__r30_f0.jpg,True,30,False,224,224,3,25003,ff5ac2e292807e751a5258fbcda114722738f5e819bdaadfe71828a4f1c96b52
IMG_0310_r30_f1,train,Zircon,2,IMG_0310,/content/BSM-Project/data/raw/BSM/Zircon/11.jpg,GRP_0310,/content/BSM-Project/data/augmented/train/Zircon/11__r30_f1.jpg,True,30,True,224,224,3,25050,93a3e4653a17c6e1b3d4ad64d1b6fdef04cc1954d8bbd0e106b50e41c85063eb
IMG_0310_r45_f0,train,Zircon,2,IMG_0310,/content/BSM-Project/data/raw/BSM/Zircon/11.jpg,GRP_0310,/content/BSM-Project/data/augmented/train/Zircon/11__r45_f0.jpg,True,45,False,224,224,3,24130,e29eb6eb294ab61f2f475d6ca99c2932346de102563391b0751cce27c75ee0c9
IMG_0310_r45_f1,train,Zircon,2,IMG_0310,/content/BSM-Project/data/raw/BSM/Zircon/11.jpg,GRP_0310,/content/BSM-Project/data/augmented/train/Zircon/11__r45_f1.jpg,True,45,True,224,224,3,24180,39dd1a1022ff7148a4fff8888192c5ee5cff61b4668765fd926e49aeef744b62
IMG_0310_r90_f0,train,Zircon,2,IMG_0310,/content/BSM-Project/data/raw/BSM/Zircon/11.jpg,GRP_0310,/content/BSM-Project/data/augmented/train/Zircon/11__r90_f0.jpg,True,90,False,224,224,3,19258,7d804a642fd9da1b9f0b3efa7611b1459efbc30bf4713e0ade89515bd39bc7fb
IMG_0310_r90_f1,train,Zircon,2,IMG_0310,/content/BSM-Project/data/raw/BSM/Zircon/11.jpg,GRP_0310,/content/BSM-Project/data/augmented/train/Zircon/11__r90_f1.jpg,True,90,True,224,224,3,19259,0e545995d59599adfa2379dfa9aeec023bb4092a559997c70d78c9f3aab3402f
IMG_0312_r0_f0,train,Zircon,2,IMG_0312,/content/BSM-Project/data/raw/BSM/Zircon/13.jpg,GRP_0312,/content/BSM-Project/data/augmented/train/Zircon/13__r0_f0.jpg,True,0,False,224,224,3,10891,477db407c625afd43825bc7e3d4328488292d2b5b5d96ab1862a46acd75c3801
IMG_0312_r0_f1,train,Zircon,2,IMG_0312,/content/BSM-Project/data/raw/BSM/Zircon/13.jpg,GRP_0312,/content/BSM-Project/data/augmented/train/Zircon/13__r0_f1.jpg,True,0,True,224,224,3,10908,f49eca9bf11d46e8a1ae8b1e3977a08d868fa0cf247a770cdaf61a2b587f3cb9
IMG_0312_r180_f0,train,Zircon,2,IMG_0312,/content/BSM-Project/data/raw/BSM/Zircon/13.jpg,GRP_0312,/content/BSM-Project/data/augmented/train/Zircon/13__r180_f0.jpg,True,180,False,224,224,3,10883,af93f8468ed2ad0828c39fdbb36b7e6134c64496e77a75f6a7968366e0aaa847
IMG_0312_r180_f1,train,Zircon,2,IMG_0312,/content/BSM-Project/data/raw/BSM/Zircon/13.jpg,GRP_0312,/content/BSM-Project/data/augmented/train/Zircon/13__r180_f1.jpg,True,180,True,224,224,3,10883,1df799c22bf0000542ae3132c658e71feaf591668d87411a1b4cb2f8c1d9face
IMG_0312_r270_f0,train,Zircon,2,IMG_0312,/content/BSM-Project/data/raw/BSM/Zircon/13.jpg,GRP_0312,/content/BSM-Project/data/augmented/train/Zircon/13__r270_f0.jpg,True,270,False,224,224,3,11892,a8987237f788387977f2643413c26caea5c2b18e385ad797ec300e4aae1eb2a8
IMG_0312_r270_f1,train,Zircon,2,IMG_0312,/content/BSM-Project/data/raw/BSM/Zircon/13.jpg,GRP_0312,/content/BSM-Project/data/augmented/train/Zircon/13__r270_f1.jpg,True,270,True,224,224,3,11906,64e314afb1921343fa3f99a50fb20a0531bb44b67b894a33a801b4ee5e23c59d
IMG_0312_r30_f0,train,Zircon,2,IMG_0312,/content/BSM-Project/data/raw/BSM/Zircon/13.jpg,GRP_0312,/content/BSM-Project/data/augmented/train/Zircon/13__r30_f0.jpg,True,30,False,224,224,3,14258,f5f04e0fe06ac1d340ddf5d886bc0544babc3d8a6d4e8efbd08e772b39601cf0
IMG_0312_r30_f1,train,Zircon,2,IMG_0312,/content/BSM-Project/data/raw/BSM/Zircon/13.jpg,GRP_0312,/content/BSM-Project/data/augmented/train/Zircon/13__r30_f1.jpg,True,30,True,224,224,3,14260,cd95916da56bc2b74ce2bcdb992aa884698624d4e85157533700d39615f00fee
IMG_0312_r45_f0,train,Zircon,2,IMG_0312,/content/BSM-Project/data/raw/BSM/Zircon/13.jpg,GRP_0312,/content/BSM-Project/data/augmented/train/Zircon/13__r45_f0.jpg,True,45,False,224,224,3,13993,b606662fd6691d05656004e491526b7bd58841214348f3838b661312c76980b8
IMG_0312_r45_f1,train,Zircon,2,IMG_0312,/content/BSM-Project/data/raw/BSM/Zircon/13.jpg,GRP_0312,/content/BSM-Project/data/augmented/train/Zircon/13__r45_f1.jpg,True,45,True,224,224,3,13967,d3175e55a0004638ba8b1b70c089e02cd5d742e5611e854da3c208cc5bb4a93b
IMG_0312_r90_f0,train,Zircon,2,IMG_0312,/content/BSM-Project/data/raw/BSM/Zircon/13.jpg,GRP_0312,/content/BSM-Project/data/augmented/train/Zircon/13__r90_f0.jpg,True,90,False,224,224,3,11881,0f448fd1027bbe8cd0467fbf8d1b44d9c70631acc4753668366ce84abb266aa3
IMG_0312_r90_f1,train,Zircon,2,IMG_0312,/content/BSM-Project/data/raw/BSM/Zircon/13.jpg,GRP_0312,/content/BSM-Project/data/augmented/train/Zircon/13__r90_f1.jpg,True,90,True,224,224,3,11891,e699c3d13fce11f1562e5cdd6dc202a8c66af2a9dc7263c8b616dc220a1958d8
IMG_0314_r0_f0,train,Zircon,2,IMG_0314,/content/BSM-Project/data/raw/BSM/Zircon/15.jpg,GRP_0314,/content/BSM-Project/data/augmented/train/Zircon/15__r0_f0.jpg,True,0,False,224,224,3,24651,0b2974aa3bdec9f022e3253c3f4315d85c07a83db6e7d651e649f3ff04d0679a
IMG_0314_r0_f1,train,Zircon,2,IMG_0314,/content/BSM-Project/data/raw/BSM/Zircon/15.jpg,GRP_0314,/content/BSM-Project/data/augmented/train/Zircon/15__r0_f1.jpg,True,0,True,224,224,3,24643,f9b615d8f9d7c4ee242fbde2a39c3b84926bc5662e57395aec7298e28c318a05
IMG_0314_r180_f0,train,Zircon,2,IMG_0314,/content/BSM-Project/data/raw/BSM/Zircon/15.jpg,GRP_0314,/content/BSM-Project/data/augmented/train/Zircon/15__r180_f0.jpg,True,180,False,224,224,3,24644,849b96834c7c0b641f19f41241cac5d00c49553ed72c82fe7abeab4136e8875f
IMG_0314_r180_f1,train,Zircon,2,IMG_0314,/content/BSM-Project/data/raw/BSM/Zircon/15.jpg,GRP_0314,/content/BSM-Project/data/augmented/train/Zircon/15__r180_f1.jpg,True,180,True,224,224,3,24673,3a6ea7856775df7b8f42ae6acdbc4536e665dc6668786aefd1508a71bc49e015
IMG_0314_r270_f0,train,Zircon,2,IMG_0314,/content/BSM-Project/data/raw/BSM/Zircon/15.jpg,GRP_0314,/content/BSM-Project/data/augmented/train/Zircon/15__r270_f0.jpg,True,270,False,224,224,3,20459,24502170990458c7d4e3e81953ab70eb4365e80f7d826841dd83c37d5833b508
IMG_0314_r270_f1,train,Zircon,2,IMG_0314,/content/BSM-Project/data/raw/BSM/Zircon/15.jpg,GRP_0314,/content/BSM-Project/data/augmented/train/Zircon/15__r270_f1.jpg,True,270,True,224,224,3,20488,07517f2f1f63bbab14d160bee2e593823621fd8c5ab526e630f0430eef47f720
IMG_0314_r30_f0,train,Zircon,2,IMG_0314,/content/BSM-Project/data/raw/BSM/Zircon/15.jpg,GRP_0314,/content/BSM-Project/data/augmented/train/Zircon/15__r30_f0.jpg,True,30,False,224,224,3,25838,4490731a35c0417275262d8b6db1a2d65b7f481804e9d75aa9b044425325b67f
IMG_0314_r30_f1,train,Zircon,2,IMG_0314,/content/BSM-Project/data/raw/BSM/Zircon/15.jpg,GRP_0314,/content/BSM-Project/data/augmented/train/Zircon/15__r30_f1.jpg,True,30,True,224,224,3,25891,d2bd68a59acc3b4cc99756379dd0bb3ab34f7c37ab531f5424eed69db8257e38
IMG_0314_r45_f0,train,Zircon,2,IMG_0314,/content/BSM-Project/data/raw/BSM/Zircon/15.jpg,GRP_0314,/content/BSM-Project/data/augmented/train/Zircon/15__r45_f0.jpg,True,45,False,224,224,3,24342,505af9b2fbe1883000621fe8b6256bbbcc7616863130fe09829cd4e9ab0c77cf
IMG_0314_r45_f1,train,Zircon,2,IMG_0314,/content/BSM-Project/data/raw/BSM/Zircon/15.jpg,GRP_0314,/content/BSM-Project/data/augmented/train/Zircon/15__r45_f1.jpg,True,45,True,224,224,3,24394,6fb83b2f9dbffcc79476206ec494e259f75e44c6ebb5e97a29af9fcd339d71d7
IMG_0314_r90_f0,train,Zircon,2,IMG_0314,/content/BSM-Project/data/raw/BSM/Zircon/15.jpg,GRP_0314,/content/BSM-Project/data/augmented/train/Zircon/15__r90_f0.jpg,True,90,False,224,224,3,20488,b511a80ac93d8dfeda5b763c7e6ee068572fd02e5e71b006255defbbad5f15fe
IMG_0314_r90_f1,train,Zircon,2,IMG_0314,/content/BSM-Project/data/raw/BSM/Zircon/15.jpg,GRP_0314,/content/BSM-Project/data/augmented/train/Zircon/15__r90_f1.jpg,True,90,True,224,224,3,20471,08fa1b8006942958afab86a596672a59fcc2a82866b2663517e855879e056a38
IMG_0315_r0_f0,train,Zircon,2,IMG_0315,/content/BSM-Project/data/raw/BSM/Zircon/16.jpg,GRP_0315,/content/BSM-Project/data/augmented/train/Zircon/16__r0_f0.jpg,True,0,False,224,224,3,12387,16ca020fd229f2af6729d80180411cc73207f9cac444f7126c16345e4a35564a
IMG_0315_r0_f1,train,Zircon,2,IMG_0315,/content/BSM-Project/data/raw/BSM/Zircon/16.jpg,GRP_0315,/content/BSM-Project/data/augmented/train/Zircon/16__r0_f1.jpg,True,0,True,224,224,3,12376,5cfd1c37d7ab1a71a48baa5b22e837e7e35f4e25ce4ef5fc943321f1882410ac
IMG_0315_r180_f0,train,Zircon,2,IMG_0315,/content/BSM-Project/data/raw/BSM/Zircon/16.jpg,GRP_0315,/content/BSM-Project/data/augmented/train/Zircon/16__r180_f0.jpg,True,180,False,224,224,3,12383,ecc42ea098ff53e2aec06bacd5ecec046d3bafae14bc542d8f698fc63ee69ff9
IMG_0315_r180_f1,train,Zircon,2,IMG_0315,/content/BSM-Project/data/raw/BSM/Zircon/16.jpg,GRP_0315,/content/BSM-Project/data/augmented/train/Zircon/16__r180_f1.jpg,True,180,True,224,224,3,12371,8c2bc987c855af515ca9ca97fcd7f9be34307351c014c78cd98da6980fb13b4e
IMG_0315_r270_f0,train,Zircon,2,IMG_0315,/content/BSM-Project/data/raw/BSM/Zircon/16.jpg,GRP_0315,/content/BSM-Project/data/augmented/train/Zircon/16__r270_f0.jpg,True,270,False,224,224,3,13083,63ca92b4599b70d8916aec092be9c8606bfed204695e0af06a2fffa159c7adf0
IMG_0315_r270_f1,train,Zircon,2,IMG_0315,/content/BSM-Project/data/raw/BSM/Zircon/16.jpg,GRP_0315,/content/BSM-Project/data/augmented/train/Zircon/16__r270_f1.jpg,True,270,True,224,224,3,13095,56e59d6f62f5128a415c803d2f01d9ed263239f44385eb92f6b43e4b7ba13c6e
IMG_0315_r30_f0,train,Zircon,2,IMG_0315,/content/BSM-Project/data/raw/BSM/Zircon/16.jpg,GRP_0315,/content/BSM-Project/data/augmented/train/Zircon/16__r30_f0.jpg,True,30,False,224,224,3,15585,54afa2a7caeefe7bc6e231ce887b8593139721d0273946286d3ba89abeeafe5c
IMG_0315_r30_f1,train,Zircon,2,IMG_0315,/content/BSM-Project/data/raw/BSM/Zircon/16.jpg,GRP_0315,/content/BSM-Project/data/augmented/train/Zircon/16__r30_f1.jpg,True,30,True,224,224,3,15652,a575043e77ea7a5fca0b7cec1b34b67fea1ec1e3bec57d269aa295664c7a6edc
IMG_0315_r45_f0,train,Zircon,2,IMG_0315,/content/BSM-Project/data/raw/BSM/Zircon/16.jpg,GRP_0315,/content/BSM-Project/data/augmented/train/Zircon/16__r45_f0.jpg,True,45,False,224,224,3,15429,968dd6bb14325db92e1a905c34473a73c9f64712de3633f2d58cc2fa5d95777a
IMG_0315_r45_f1,train,Zircon,2,IMG_0315,/content/BSM-Project/data/raw/BSM/Zircon/16.jpg,GRP_0315,/content/BSM-Project/data/augmented/train/Zircon/16__r45_f1.jpg,True,45,True,224,224,3,15492,38b316498d0d2bfa2a1324760709c0021c9bb6ea35e5eadaaff7a8ff8a368708
IMG_0315_r90_f0,train,Zircon,2,IMG_0315,/content/BSM-Project/data/raw/BSM/Zircon/16.jpg,GRP_0315,/content/BSM-Project/data/augmented/train/Zircon/16__r90_f0.jpg,True,90,False,224,224,3,13072,49623cc872d78fc9da7c516d163412ec3b4bb7fc11a7fea1361aaed6a275232a
IMG_0315_r90_f1,train,Zircon,2,IMG_0315,/content/BSM-Project/data/raw/BSM/Zircon/16.jpg,GRP_0315,/content/BSM-Project/data/augmented/train/Zircon/16__r90_f1.jpg,True,90,True,224,224,3,13106,acc8b6f30313b8de293191729af0b2b72c6eccd0b3d73bf92d1c79587481ba17
IMG_0316_r0_f0,train,Zircon,2,IMG_0316,/content/BSM-Project/data/raw/BSM/Zircon/17.jpg,GRP_0316,/content/BSM-Project/data/augmented/train/Zircon/17__r0_f0.jpg,True,0,False,224,224,3,20852,e5283e65f223d0b9bee54b0789379d96e9c687e64c747f8a103ddf69f68f83a8
IMG_0316_r0_f1,train,Zircon,2,IMG_0316,/content/BSM-Project/data/raw/BSM/Zircon/17.jpg,GRP_0316,/content/BSM-Project/data/augmented/train/Zircon/17__r0_f1.jpg,True,0,True,224,224,3,20855,8c676e7c3eb7a8b7361537cb5b1126fe487c1f26f025fbf3ca793359c872f4c1
IMG_0316_r180_f0,train,Zircon,2,IMG_0316,/content/BSM-Project/data/raw/BSM/Zircon/17.jpg,GRP_0316,/content/BSM-Project/data/augmented/train/Zircon/17__r180_f0.jpg,True,180,False,224,224,3,20873,064d7ce8f859957f10bb61e9e115c7ad57722fb4fceba50fa2a30a100b20cd0c
IMG_0316_r180_f1,train,Zircon,2,IMG_0316,/content/BSM-Project/data/raw/BSM/Zircon/17.jpg,GRP_0316,/content/BSM-Project/data/augmented/train/Zircon/17__r180_f1.jpg,True,180,True,224,224,3,20874,eb9ff4e689313d3415d477fbf81069806c937ec20c20c1b15b10386e61eaf73a
IMG_0316_r270_f0,train,Zircon,2,IMG_0316,/content/BSM-Project/data/raw/BSM/Zircon/17.jpg,GRP_0316,/content/BSM-Project/data/augmented/train/Zircon/17__r270_f0.jpg,True,270,False,224,224,3,19311,13ec99ed3ab688abb607c179289907a1ea03fc10edb5ca0630f422bcd6f795c3
IMG_0316_r270_f1,train,Zircon,2,IMG_0316,/content/BSM-Project/data/raw/BSM/Zircon/17.jpg,GRP_0316,/content/BSM-Project/data/augmented/train/Zircon/17__r270_f1.jpg,True,270,True,224,224,3,19325,479a21c284291e73100840d2bb80455e035b3fc1b07076686d394467f4045ea5
IMG_0316_r30_f0,train,Zircon,2,IMG_0316,/content/BSM-Project/data/raw/BSM/Zircon/17.jpg,GRP_0316,/content/BSM-Project/data/augmented/train/Zircon/17__r30_f0.jpg,True,30,False,224,224,3,23194,82925ba79eb30c02ab6bda8cda13a8e0910aae55ab684adf69455e0dc4cf3227
IMG_0316_r30_f1,train,Zircon,2,IMG_0316,/content/BSM-Project/data/raw/BSM/Zircon/17.jpg,GRP_0316,/content/BSM-Project/data/augmented/train/Zircon/17__r30_f1.jpg,True,30,True,224,224,3,23156,4ceb4acdd4c14f293d67d074c2256c432587455dbdff9651dd50b6ed88679511
IMG_0316_r45_f0,train,Zircon,2,IMG_0316,/content/BSM-Project/data/raw/BSM/Zircon/17.jpg,GRP_0316,/content/BSM-Project/data/augmented/train/Zircon/17__r45_f0.jpg,True,45,False,224,224,3,22823,c1b8be8bddf4728742ce5a58e053ee09831dd10fdb722c9c28ec4d2021fb842e
IMG_0316_r45_f1,train,Zircon,2,IMG_0316,/content/BSM-Project/data/raw/BSM/Zircon/17.jpg,GRP_0316,/content/BSM-Project/data/augmented/train/Zircon/17__r45_f1.jpg,True,45,True,224,224,3,22823,81826616386728bcb048d6c435e572ef9d743272b25cff0fab8a7681e7a02d3a
IMG_0316_r90_f0,train,Zircon,2,IMG_0316,/content/BSM-Project/data/raw/BSM/Zircon/17.jpg,GRP_0316,/content/BSM-Project/data/augmented/train/Zircon/17__r90_f0.jpg,True,90,False,224,224,3,19341,ed625c3e230e7ade014a6cb37957e84d89da7f893e065e829543c75a7f2c35f8
IMG_0316_r90_f1,train,Zircon,2,IMG_0316,/content/BSM-Project/data/raw/BSM/Zircon/17.jpg,GRP_0316,/content/BSM-Project/data/augmented/train/Zircon/17__r90_f1.jpg,True,90,True,224,224,3,19329,b29d392e2e11bb1509cade5f259b66b23bebe2c085c1d31b6e3004cf9f1ce540
IMG_0318_r0_f0,train,Zircon,2,IMG_0318,/content/BSM-Project/data/raw/BSM/Zircon/19.jpg,GRP_0318,/content/BSM-Project/data/augmented/train/Zircon/19__r0_f0.jpg,True,0,False,224,224,3,20878,986baa0a887645861b5ac747c1a489d99f0a84ed8de9015f45579564739b17f9
IMG_0318_r0_f1,train,Zircon,2,IMG_0318,/content/BSM-Project/data/raw/BSM/Zircon/19.jpg,GRP_0318,/content/BSM-Project/data/augmented/train/Zircon/19__r0_f1.jpg,True,0,True,224,224,3,20876,8d40db54d5ed4d0543b9750c90899a779588589395f51d5110143af7aadff8e9
IMG_0318_r180_f0,train,Zircon,2,IMG_0318,/content/BSM-Project/data/raw/BSM/Zircon/19.jpg,GRP_0318,/content/BSM-Project/data/augmented/train/Zircon/19__r180_f0.jpg,True,180,False,224,224,3,20865,590072e8473af2342cc7b47e3abaaf452454691c7f4b4c7925ac6ff8e4351b20
IMG_0318_r180_f1,train,Zircon,2,IMG_0318,/content/BSM-Project/data/raw/BSM/Zircon/19.jpg,GRP_0318,/content/BSM-Project/data/augmented/train/Zircon/19__r180_f1.jpg,True,180,True,224,224,3,20878,9a7c8d4dea9ea52e5276fbca03dbcad92302309008d1d08a4a58b217e4e1dd63
IMG_0318_r270_f0,train,Zircon,2,IMG_0318,/content/BSM-Project/data/raw/BSM/Zircon/19.jpg,GRP_0318,/content/BSM-Project/data/augmented/train/Zircon/19__r270_f0.jpg,True,270,False,224,224,3,21169,dd0fedb0c59f04c947ac33378ba7f76c52c2b047b37ea4adfe3783b5111656c2
IMG_0318_r270_f1,train,Zircon,2,IMG_0318,/content/BSM-Project/data/raw/BSM/Zircon/19.jpg,GRP_0318,/content/BSM-Project/data/augmented/train/Zircon/19__r270_f1.jpg,True,270,True,224,224,3,21191,695c6e06752b34f5be302beb38303d6737e91d5c8cbe86598c9c679011be8b35
IMG_0318_r30_f0,train,Zircon,2,IMG_0318,/content/BSM-Project/data/raw/BSM/Zircon/19.jpg,GRP_0318,/content/BSM-Project/data/augmented/train/Zircon/19__r30_f0.jpg,True,30,False,224,224,3,23127,99a7e154cce3cc52fb5133cd594f1e80f034bcf444cc820f0ecec4826aaecb81
IMG_0318_r30_f1,train,Zircon,2,IMG_0318,/content/BSM-Project/data/raw/BSM/Zircon/19.jpg,GRP_0318,/content/BSM-Project/data/augmented/train/Zircon/19__r30_f1.jpg,True,30,True,224,224,3,23124,2956e61807c9add5d38859246a139eb230fad6b9428eb46032a3c7bf7a3e42bd
IMG_0318_r45_f0,train,Zircon,2,IMG_0318,/content/BSM-Project/data/raw/BSM/Zircon/19.jpg,GRP_0318,/content/BSM-Project/data/augmented/train/Zircon/19__r45_f0.jpg,True,45,False,224,224,3,22747,ff37cec773d41eb4d0e1808a62fe3bbf78da9a9c60778a38a1fe7fd894534b11
IMG_0318_r45_f1,train,Zircon,2,IMG_0318,/content/BSM-Project/data/raw/BSM/Zircon/19.jpg,GRP_0318,/content/BSM-Project/data/augmented/train/Zircon/19__r45_f1.jpg,True,45,True,224,224,3,22767,367594d421b500ce964ce388c27160fa969cfb473f2299f0c13b960062aace98
IMG_0318_r90_f0,train,Zircon,2,IMG_0318,/content/BSM-Project/data/raw/BSM/Zircon/19.jpg,GRP_0318,/content/BSM-Project/data/augmented/train/Zircon/19__r90_f0.jpg,True,90,False,224,224,3,21169,167ac03f5d857b4d30ca697b3a2783ad7f03714feb01948675c739404b7b12f7
IMG_0318_r90_f1,train,Zircon,2,IMG_0318,/content/BSM-Project/data/raw/BSM/Zircon/19.jpg,GRP_0318,/content/BSM-Project/data/augmented/train/Zircon/19__r90_f1.jpg,True,90,True,224,224,3,21187,c1d1144892a571e0da76d2d6d024d942deb071adfa8ab26d17f35f4dd296c6e7
IMG_0320_r0_f0,train,Zircon,2,IMG_0320,/content/BSM-Project/data/raw/BSM/Zircon/20.jpg,GRP_0320,/content/BSM-Project/data/augmented/train/Zircon/20__r0_f0.jpg,True,0,False,224,224,3,11439,02295b3a322c30f75df97dcac3b2efdf6f099473221cd05592cc2122d2a5abd6
IMG_0320_r0_f1,train,Zircon,2,IMG_0320,/content/BSM-Project/data/raw/BSM/Zircon/20.jpg,GRP_0320,/content/BSM-Project/data/augmented/train/Zircon/20__r0_f1.jpg,True,0,True,224,224,3,11426,25643aa44ef5a8b070312c33ce7147cce54a456ae0f82514b1bfec78db9d18bb
IMG_0320_r180_f0,train,Zircon,2,IMG_0320,/content/BSM-Project/data/raw/BSM/Zircon/20.jpg,GRP_0320,/content/BSM-Project/data/augmented/train/Zircon/20__r180_f0.jpg,True,180,False,224,224,3,11428,61f0d13b38aa276abbc90ade98e529cf181b703e22872140205aa05bfa8dad38
IMG_0320_r180_f1,train,Zircon,2,IMG_0320,/content/BSM-Project/data/raw/BSM/Zircon/20.jpg,GRP_0320,/content/BSM-Project/data/augmented/train/Zircon/20__r180_f1.jpg,True,180,True,224,224,3,11416,19e07f8965aed37682ae7c81ad02aaefe3dc5b43566b7d0eb8734d3c3cf91b40
IMG_0320_r270_f0,train,Zircon,2,IMG_0320,/content/BSM-Project/data/raw/BSM/Zircon/20.jpg,GRP_0320,/content/BSM-Project/data/augmented/train/Zircon/20__r270_f0.jpg,True,270,False,224,224,3,11657,1e2b9f7649b27c1ce802ba72010737e106e05c8cdc6e2dbc8603bb71486ee07d
IMG_0320_r270_f1,train,Zircon,2,IMG_0320,/content/BSM-Project/data/raw/BSM/Zircon/20.jpg,GRP_0320,/content/BSM-Project/data/augmented/train/Zircon/20__r270_f1.jpg,True,270,True,224,224,3,11654,fb44bca19909902acff94e03878fd04be0789f7d5abb99d26f789fcfb0f528c1
IMG_0320_r30_f0,train,Zircon,2,IMG_0320,/content/BSM-Project/data/raw/BSM/Zircon/20.jpg,GRP_0320,/content/BSM-Project/data/augmented/train/Zircon/20__r30_f0.jpg,True,30,False,224,224,3,14751,a8c3b0b444d6dac6d26639725c1ca4dadb54a358e2b0a9d62c6ef21bc1c49c2c
IMG_0320_r30_f1,train,Zircon,2,IMG_0320,/content/BSM-Project/data/raw/BSM/Zircon/20.jpg,GRP_0320,/content/BSM-Project/data/augmented/train/Zircon/20__r30_f1.jpg,True,30,True,224,224,3,14810,5d44d98a8e5a8a4757251e946d745605a95a95a8321cc42eb3fc71b2d2b3cc26
IMG_0320_r45_f0,train,Zircon,2,IMG_0320,/content/BSM-Project/data/raw/BSM/Zircon/20.jpg,GRP_0320,/content/BSM-Project/data/augmented/train/Zircon/20__r45_f0.jpg,True,45,False,224,224,3,14591,7a76f1a9864fe58e6393c65b9a66fca45b312328b278f21d2c3db04e33dc98d5
IMG_0320_r45_f1,train,Zircon,2,IMG_0320,/content/BSM-Project/data/raw/BSM/Zircon/20.jpg,GRP_0320,/content/BSM-Project/data/augmented/train/Zircon/20__r45_f1.jpg,True,45,True,224,224,3,14609,d6b35450056fdc7d501ac1a23e04bb0f2e88f861a00456b4b80e36a72422a4bf
IMG_0320_r90_f0,train,Zircon,2,IMG_0320,/content/BSM-Project/data/raw/BSM/Zircon/20.jpg,GRP_0320,/content/BSM-Project/data/augmented/train/Zircon/20__r90_f0.jpg,True,90,False,224,224,3,11662,751db806e323bc916660cf1a9ee589eba8aa2c543999a80f0f1acac320a1f7e5
IMG_0320_r90_f1,train,Zircon,2,IMG_0320,/content/BSM-Project/data/raw/BSM/Zircon/20.jpg,GRP_0320,/content/BSM-Project/data/augmented/train/Zircon/20__r90_f1.jpg,True,90,True,224,224,3,11650,47ecbe51919f2ed9287f0b7039ec5a2bb662f1e1710ceac69f8babafc131e4e7
IMG_0321_r0_f0,train,Zircon,2,IMG_0321,/content/BSM-Project/data/raw/BSM/Zircon/21.jpg,GRP_0321,/content/BSM-Project/data/augmented/train/Zircon/21__r0_f0.jpg,True,0,False,224,224,3,25350,7228cb59f4ad155566124b54bc808f5ce4acffde481992100f7df76a7d465f63
IMG_0321_r0_f1,train,Zircon,2,IMG_0321,/content/BSM-Project/data/raw/BSM/Zircon/21.jpg,GRP_0321,/content/BSM-Project/data/augmented/train/Zircon/21__r0_f1.jpg,True,0,True,224,224,3,25369,db29af940ccd5f17e4d8990e7354bda16a9a5c280ee95d4bf88bba4f6fda7652
IMG_0321_r180_f0,train,Zircon,2,IMG_0321,/content/BSM-Project/data/raw/BSM/Zircon/21.jpg,GRP_0321,/content/BSM-Project/data/augmented/train/Zircon/21__r180_f0.jpg,True,180,False,224,224,3,25361,91ebc9cb49f6ef9787dfd6178e805b2e637de461dd9831fb4e22b8b1c6a5f16d
IMG_0321_r180_f1,train,Zircon,2,IMG_0321,/content/BSM-Project/data/raw/BSM/Zircon/21.jpg,GRP_0321,/content/BSM-Project/data/augmented/train/Zircon/21__r180_f1.jpg,True,180,True,224,224,3,25374,b7073263e2aa0ad672bc11c64ceac0fa966dbffb7f6834a3c60bbd6bea177dc5
IMG_0321_r270_f0,train,Zircon,2,IMG_0321,/content/BSM-Project/data/raw/BSM/Zircon/21.jpg,GRP_0321,/content/BSM-Project/data/augmented/train/Zircon/21__r270_f0.jpg,True,270,False,224,224,3,24025,a82937a1bede1c8791b6d2dd9553cbf309940fa2c716cbba41f29dee5cf0a6bc
IMG_0321_r270_f1,train,Zircon,2,IMG_0321,/content/BSM-Project/data/raw/BSM/Zircon/21.jpg,GRP_0321,/content/BSM-Project/data/augmented/train/Zircon/21__r270_f1.jpg,True,270,True,224,224,3,23946,5fb013067f6a0468a714cd0957df85fea7482b1642de11c585d41b652fdb4787
IMG_0321_r30_f0,train,Zircon,2,IMG_0321,/content/BSM-Project/data/raw/BSM/Zircon/21.jpg,GRP_0321,/content/BSM-Project/data/augmented/train/Zircon/21__r30_f0.jpg,True,30,False,224,224,3,27577,03226a08614d968e1da4271b93bc0d0641442b5ac996674dca0f31ff41553bcf
IMG_0321_r30_f1,train,Zircon,2,IMG_0321,/content/BSM-Project/data/raw/BSM/Zircon/21.jpg,GRP_0321,/content/BSM-Project/data/augmented/train/Zircon/21__r30_f1.jpg,True,30,True,224,224,3,27599,d22b8f3897c15cc95e0d8b99fa22223746b1096e129f53e3625bfb831eafddb3
IMG_0321_r45_f0,train,Zircon,2,IMG_0321,/content/BSM-Project/data/raw/BSM/Zircon/21.jpg,GRP_0321,/content/BSM-Project/data/augmented/train/Zircon/21__r45_f0.jpg,True,45,False,224,224,3,27237,b7fbf33df2cff1ae5f7646950c425800d2f228ff6edd1a5d9b4b62f5cf72555c
IMG_0321_r45_f1,train,Zircon,2,IMG_0321,/content/BSM-Project/data/raw/BSM/Zircon/21.jpg,GRP_0321,/content/BSM-Project/data/augmented/train/Zircon/21__r45_f1.jpg,True,45,True,224,224,3,27272,2d9e04c48ae6941bd749f014ead42c027bd9ac4572f27c8d0f9dc8dd69a25b54
IMG_0321_r90_f0,train,Zircon,2,IMG_0321,/content/BSM-Project/data/raw/BSM/Zircon/21.jpg,GRP_0321,/content/BSM-Project/data/augmented/train/Zircon/21__r90_f0.jpg,True,90,False,224,224,3,23978,eaa151da8d438ddaeecc888211ec5e796f4e5d17e7d5ac9bbdba5543d9f7a53a
IMG_0321_r90_f1,train,Zircon,2,IMG_0321,/content/BSM-Project/data/raw/BSM/Zircon/21.jpg,GRP_0321,/content/BSM-Project/data/augmented/train/Zircon/21__r90_f1.jpg,True,90,True,224,224,3,23992,3f30f39ae5c3cd3110a46058f77b9b93522a47e0afcd50739a561e35a24a7c2d
IMG_0322_r0_f0,train,Zircon,2,IMG_0322,/content/BSM-Project/data/raw/BSM/Zircon/22.jpg,GRP_0322,/content/BSM-Project/data/augmented/train/Zircon/22__r0_f0.jpg,True,0,False,224,224,3,21655,cc58926f2cd96149821762bb2b887e56459ef2138be2db5dc9e4ba3e066c0dba
IMG_0322_r0_f1,train,Zircon,2,IMG_0322,/content/BSM-Project/data/raw/BSM/Zircon/22.jpg,GRP_0322,/content/BSM-Project/data/augmented/train/Zircon/22__r0_f1.jpg,True,0,True,224,224,3,21671,9d44666f126abc8868a81e2ee4d78f3298f2c80f6fe25847e2001cf02fc08870
IMG_0322_r180_f0,train,Zircon,2,IMG_0322,/content/BSM-Project/data/raw/BSM/Zircon/22.jpg,GRP_0322,/content/BSM-Project/data/augmented/train/Zircon/22__r180_f0.jpg,True,180,False,224,224,3,21650,4f24de8027046e46606d60429c4306b9ca5ed383c11c145d017d7bb9b6f58c02
IMG_0322_r180_f1,train,Zircon,2,IMG_0322,/content/BSM-Project/data/raw/BSM/Zircon/22.jpg,GRP_0322,/content/BSM-Project/data/augmented/train/Zircon/22__r180_f1.jpg,True,180,True,224,224,3,21643,bf42c7f3a6386fc00b376cbe2ab6b25c98305a95bfd645156b635538cd8a4d9b
IMG_0322_r270_f0,train,Zircon,2,IMG_0322,/content/BSM-Project/data/raw/BSM/Zircon/22.jpg,GRP_0322,/content/BSM-Project/data/augmented/train/Zircon/22__r270_f0.jpg,True,270,False,224,224,3,17749,f86aabf68735e936ecc0a5b39cc813d7b0d11311599e0229fa6828ac0e0d2909
IMG_0322_r270_f1,train,Zircon,2,IMG_0322,/content/BSM-Project/data/raw/BSM/Zircon/22.jpg,GRP_0322,/content/BSM-Project/data/augmented/train/Zircon/22__r270_f1.jpg,True,270,True,224,224,3,17756,deffd75eab1e7d3527728008a4625e1d75e9994388210e354a1b58f8c1e12440
IMG_0322_r30_f0,train,Zircon,2,IMG_0322,/content/BSM-Project/data/raw/BSM/Zircon/22.jpg,GRP_0322,/content/BSM-Project/data/augmented/train/Zircon/22__r30_f0.jpg,True,30,False,224,224,3,21322,53462f86b49499b67d6e20ba044e9d94469ec98357200c4307e7b39c7cb3ad21
IMG_0322_r30_f1,train,Zircon,2,IMG_0322,/content/BSM-Project/data/raw/BSM/Zircon/22.jpg,GRP_0322,/content/BSM-Project/data/augmented/train/Zircon/22__r30_f1.jpg,True,30,True,224,224,3,21362,d8b3923796325598dfc0be6f7a0ff595f7f60b193b2f1eaa882a0ffd3c466b1d
IMG_0322_r45_f0,train,Zircon,2,IMG_0322,/content/BSM-Project/data/raw/BSM/Zircon/22.jpg,GRP_0322,/content/BSM-Project/data/augmented/train/Zircon/22__r45_f0.jpg,True,45,False,224,224,3,20879,55a0235a9cef0100c0d6cd7b495844ac6f3b0e78f9dcc29d228f8ab1423fea2b
IMG_0322_r45_f1,train,Zircon,2,IMG_0322,/content/BSM-Project/data/raw/BSM/Zircon/22.jpg,GRP_0322,/content/BSM-Project/data/augmented/train/Zircon/22__r45_f1.jpg,True,45,True,224,224,3,20907,fbb24ef167b9a10ea3b0cdd4a4b550c3144a71107213455f48ea4f9baac84c7d
IMG_0322_r90_f0,train,Zircon,2,IMG_0322,/content/BSM-Project/data/raw/BSM/Zircon/22.jpg,GRP_0322,/content/BSM-Project/data/augmented/train/Zircon/22__r90_f0.jpg,True,90,False,224,224,3,17739,2e274e9fa649e95df1d7508fd511099eb4454d8e75a48910397a3a3e504b9c46
IMG_0322_r90_f1,train,Zircon,2,IMG_0322,/content/BSM-Project/data/raw/BSM/Zircon/22.jpg,GRP_0322,/content/BSM-Project/data/augmented/train/Zircon/22__r90_f1.jpg,True,90,True,224,224,3,17750,1ea1ca431c23c98731e8dd65b16f4d16911f62f2919515d7e4a10b348b31164d
IMG_0323_r0_f0,train,Zircon,2,IMG_0323,/content/BSM-Project/data/raw/BSM/Zircon/23.jpg,GRP_0323,/content/BSM-Project/data/augmented/train/Zircon/23__r0_f0.jpg,True,0,False,224,224,3,34037,1a02ecf44b63a0c48da3f9afeaae4517e64df956ff5e299b5edb0575e7cbcf28
IMG_0323_r0_f1,train,Zircon,2,IMG_0323,/content/BSM-Project/data/raw/BSM/Zircon/23.jpg,GRP_0323,/content/BSM-Project/data/augmented/train/Zircon/23__r0_f1.jpg,True,0,True,224,224,3,34036,7a2319045663404134339c79c459010a2c5040b54ef1a3a5d23f98aba06f70a2
IMG_0323_r180_f0,train,Zircon,2,IMG_0323,/content/BSM-Project/data/raw/BSM/Zircon/23.jpg,GRP_0323,/content/BSM-Project/data/augmented/train/Zircon/23__r180_f0.jpg,True,180,False,224,224,3,34023,48c528e571d47d294ffb5341127818cccc7caaf7dd5bafc27fcd62eaaf335d60
IMG_0323_r180_f1,train,Zircon,2,IMG_0323,/content/BSM-Project/data/raw/BSM/Zircon/23.jpg,GRP_0323,/content/BSM-Project/data/augmented/train/Zircon/23__r180_f1.jpg,True,180,True,224,224,3,34051,22f1816c56fc9ef1a89c44a97cd0ddce535e8140550a39a56fb10ce1fb24619c
IMG_0323_r270_f0,train,Zircon,2,IMG_0323,/content/BSM-Project/data/raw/BSM/Zircon/23.jpg,GRP_0323,/content/BSM-Project/data/augmented/train/Zircon/23__r270_f0.jpg,True,270,False,224,224,3,24852,00fb7dd2bacbfc442ef2921e1ce0bf976bbd1c81dcfb77685c9883e4e3e9989e
IMG_0323_r270_f1,train,Zircon,2,IMG_0323,/content/BSM-Project/data/raw/BSM/Zircon/23.jpg,GRP_0323,/content/BSM-Project/data/augmented/train/Zircon/23__r270_f1.jpg,True,270,True,224,224,3,24868,d8be75315ea645fbd2a57eb1f0ef589877bab94587529a1d9b6144ecc942c866
IMG_0323_r30_f0,train,Zircon,2,IMG_0323,/content/BSM-Project/data/raw/BSM/Zircon/23.jpg,GRP_0323,/content/BSM-Project/data/augmented/train/Zircon/23__r30_f0.jpg,True,30,False,224,224,3,29887,96eb8cfce76b39debe026b05db0764b53f5521e65921cb596093ef1c41532af7
IMG_0323_r30_f1,train,Zircon,2,IMG_0323,/content/BSM-Project/data/raw/BSM/Zircon/23.jpg,GRP_0323,/content/BSM-Project/data/augmented/train/Zircon/23__r30_f1.jpg,True,30,True,224,224,3,29890,d7d2d1f344838564dc7f2a7ac066ab74a6451d4c92fd1429442da4446db5c392
IMG_0323_r45_f0,train,Zircon,2,IMG_0323,/content/BSM-Project/data/raw/BSM/Zircon/23.jpg,GRP_0323,/content/BSM-Project/data/augmented/train/Zircon/23__r45_f0.jpg,True,45,False,224,224,3,28760,0d9dd880a391bc7c41ee77d3e48e97762003dca04bf938f55115c14297501385
IMG_0323_r45_f1,train,Zircon,2,IMG_0323,/content/BSM-Project/data/raw/BSM/Zircon/23.jpg,GRP_0323,/content/BSM-Project/data/augmented/train/Zircon/23__r45_f1.jpg,True,45,True,224,224,3,28757,92b9358aca8cbd37647b7bd30dbe3317b7cb341a219fa1d670a47f22eba3b4a1
IMG_0323_r90_f0,train,Zircon,2,IMG_0323,/content/BSM-Project/data/raw/BSM/Zircon/23.jpg,GRP_0323,/content/BSM-Project/data/augmented/train/Zircon/23__r90_f0.jpg,True,90,False,224,224,3,24861,da374a7dea610033ef64f259b4d2aa822a059391020b11aee3028f818cc2ec15
IMG_0323_r90_f1,train,Zircon,2,IMG_0323,/content/BSM-Project/data/raw/BSM/Zircon/23.jpg,GRP_0323,/content/BSM-Project/data/augmented/train/Zircon/23__r90_f1.jpg,True,90,True,224,224,3,24843,565bc4fa8ded450c5e57b6988189e6b8359c64339a90e1461d85c50fb5264af7
IMG_0325_r0_f0,train,Zircon,2,IMG_0325,/content/BSM-Project/data/raw/BSM/Zircon/25.jpg,GRP_0325,/content/BSM-Project/data/augmented/train/Zircon/25__r0_f0.jpg,True,0,False,224,224,3,24177,5b1c82a96190c3a6bccadc709662cbdbbfe507191a2f26b5dd1e36d4e904a03d
IMG_0325_r0_f1,train,Zircon,2,IMG_0325,/content/BSM-Project/data/raw/BSM/Zircon/25.jpg,GRP_0325,/content/BSM-Project/data/augmented/train/Zircon/25__r0_f1.jpg,True,0,True,224,224,3,24186,8ecb8b521525dc2de213e3cf058b7d20ea7f3906042e601b46d5ec01796127df
IMG_0325_r180_f0,train,Zircon,2,IMG_0325,/content/BSM-Project/data/raw/BSM/Zircon/25.jpg,GRP_0325,/content/BSM-Project/data/augmented/train/Zircon/25__r180_f0.jpg,True,180,False,224,224,3,24170,15dd3e02b8c56e95999e51aa12c848e8fce305b9a7c0f9b420a9758aad4cea5f
IMG_0325_r180_f1,train,Zircon,2,IMG_0325,/content/BSM-Project/data/raw/BSM/Zircon/25.jpg,GRP_0325,/content/BSM-Project/data/augmented/train/Zircon/25__r180_f1.jpg,True,180,True,224,224,3,24182,ae57dcc6b08264a8444fcf8b2c7fe69a0d504452a723997e603d57cbfe039035
IMG_0325_r270_f0,train,Zircon,2,IMG_0325,/content/BSM-Project/data/raw/BSM/Zircon/25.jpg,GRP_0325,/content/BSM-Project/data/augmented/train/Zircon/25__r270_f0.jpg,True,270,False,224,224,3,21950,d76ce095c6303364a3890d7a9ffdc7747e475fb4d81680097161b676cf839c4d
IMG_0325_r270_f1,train,Zircon,2,IMG_0325,/content/BSM-Project/data/raw/BSM/Zircon/25.jpg,GRP_0325,/content/BSM-Project/data/augmented/train/Zircon/25__r270_f1.jpg,True,270,True,224,224,3,21930,a37e60b6f38ced134ba215054e7b87d4b94d30b434a9a799deaae45bf4ec9f84
IMG_0325_r30_f0,train,Zircon,2,IMG_0325,/content/BSM-Project/data/raw/BSM/Zircon/25.jpg,GRP_0325,/content/BSM-Project/data/augmented/train/Zircon/25__r30_f0.jpg,True,30,False,224,224,3,25949,ac6f8b71a0c2f06b327ba930572a05ee3fc70e312416e475e121e164a3f7aea0
IMG_0325_r30_f1,train,Zircon,2,IMG_0325,/content/BSM-Project/data/raw/BSM/Zircon/25.jpg,GRP_0325,/content/BSM-Project/data/augmented/train/Zircon/25__r30_f1.jpg,True,30,True,224,224,3,25991,970b84a8ddf1f480b2842a46b7c8494dd4e037d6e55bc04651f14682b7c62b09
IMG_0325_r45_f0,train,Zircon,2,IMG_0325,/content/BSM-Project/data/raw/BSM/Zircon/25.jpg,GRP_0325,/content/BSM-Project/data/augmented/train/Zircon/25__r45_f0.jpg,True,45,False,224,224,3,25060,e7ad7478fae11b56accf1f1839db46794329a9ca8ec1aa1ba729caea1d93855b
IMG_0325_r45_f1,train,Zircon,2,IMG_0325,/content/BSM-Project/data/raw/BSM/Zircon/25.jpg,GRP_0325,/content/BSM-Project/data/augmented/train/Zircon/25__r45_f1.jpg,True,45,True,224,224,3,25058,a21d010ed504507103fb030820f7985bf20972b682e4df153c8becffa2dcb106
IMG_0325_r90_f0,train,Zircon,2,IMG_0325,/content/BSM-Project/data/raw/BSM/Zircon/25.jpg,GRP_0325,/content/BSM-Project/data/augmented/train/Zircon/25__r90_f0.jpg,True,90,False,224,224,3,21925,9b1bc5fc4ab6c55ab0d6c4095a975930bc8b989e57ae754a7cc5fe0b8169be7f
IMG_0325_r90_f1,train,Zircon,2,IMG_0325,/content/BSM-Project/data/raw/BSM/Zircon/25.jpg,GRP_0325,/content/BSM-Project/data/augmented/train/Zircon/25__r90_f1.jpg,True,90,True,224,224,3,21926,d969e7d8634c4b207f32ccf5b16ed610e716862b21960988960e7827bdcd23a0
IMG_0326_r0_f0,train,Zircon,2,IMG_0326,/content/BSM-Project/data/raw/BSM/Zircon/26.jpg,GRP_0326,/content/BSM-Project/data/augmented/train/Zircon/26__r0_f0.jpg,True,0,False,224,224,3,18836,c1710af332a08b3fe3b1a1bd9e174ea8ccbe08a8f8c32fca301561473fd85db8
IMG_0326_r0_f1,train,Zircon,2,IMG_0326,/content/BSM-Project/data/raw/BSM/Zircon/26.jpg,GRP_0326,/content/BSM-Project/data/augmented/train/Zircon/26__r0_f1.jpg,True,0,True,224,224,3,18854,2ae7c86e1419e0e7eb254656d144857defcf4b3d7e1ab831eb703ea0d14f2bc8
IMG_0326_r180_f0,train,Zircon,2,IMG_0326,/content/BSM-Project/data/raw/BSM/Zircon/26.jpg,GRP_0326,/content/BSM-Project/data/augmented/train/Zircon/26__r180_f0.jpg,True,180,False,224,224,3,18841,6da2fbd61116552ab1782fac000c35726bea3ba5d15c0ff2c33180a58f9dcbb8
IMG_0326_r180_f1,train,Zircon,2,IMG_0326,/content/BSM-Project/data/raw/BSM/Zircon/26.jpg,GRP_0326,/content/BSM-Project/data/augmented/train/Zircon/26__r180_f1.jpg,True,180,True,224,224,3,18846,48c4069664002361e7db22a863e01489cd49a664dd3fa8f5404352ae22243d93
IMG_0326_r270_f0,train,Zircon,2,IMG_0326,/content/BSM-Project/data/raw/BSM/Zircon/26.jpg,GRP_0326,/content/BSM-Project/data/augmented/train/Zircon/26__r270_f0.jpg,True,270,False,224,224,3,17801,0191c2ce5ed7a1e2c222c3030f9f05d98b1a1913a02e35f094c69cf422410069
IMG_0326_r270_f1,train,Zircon,2,IMG_0326,/content/BSM-Project/data/raw/BSM/Zircon/26.jpg,GRP_0326,/content/BSM-Project/data/augmented/train/Zircon/26__r270_f1.jpg,True,270,True,224,224,3,17774,ae399b3fc2f11a827407c2c86ebebd072540b1702332fae97b132253b5bb0eab
IMG_0326_r30_f0,train,Zircon,2,IMG_0326,/content/BSM-Project/data/raw/BSM/Zircon/26.jpg,GRP_0326,/content/BSM-Project/data/augmented/train/Zircon/26__r30_f0.jpg,True,30,False,224,224,3,20341,e45006236e312ca3bc5e2711ad297ffd867e3a54e814d92bafc25ddcd2710636
IMG_0326_r30_f1,train,Zircon,2,IMG_0326,/content/BSM-Project/data/raw/BSM/Zircon/26.jpg,GRP_0326,/content/BSM-Project/data/augmented/train/Zircon/26__r30_f1.jpg,True,30,True,224,224,3,20333,6c5b38630e753f9ec1afb627600a82738813acc08b4ccb91a366186bf29f88fa
IMG_0326_r45_f0,train,Zircon,2,IMG_0326,/content/BSM-Project/data/raw/BSM/Zircon/26.jpg,GRP_0326,/content/BSM-Project/data/augmented/train/Zircon/26__r45_f0.jpg,True,45,False,224,224,3,19990,5c0830ac4a02237b657626a22e728aa0b3597dd83f3cc00e34ebb05d37e9c9d1
IMG_0326_r45_f1,train,Zircon,2,IMG_0326,/content/BSM-Project/data/raw/BSM/Zircon/26.jpg,GRP_0326,/content/BSM-Project/data/augmented/train/Zircon/26__r45_f1.jpg,True,45,True,224,224,3,19999,27654f40e3bd16ee45d300cf0cf3a28b1defc14e5a7124b9331e8731620bef00
IMG_0326_r90_f0,train,Zircon,2,IMG_0326,/content/BSM-Project/data/raw/BSM/Zircon/26.jpg,GRP_0326,/content/BSM-Project/data/augmented/train/Zircon/26__r90_f0.jpg,True,90,False,224,224,3,17763,bfece8e268c7b14a7be2e9a5515045ebd0bfaf4dd8e9304dce9a065f64936785
IMG_0326_r90_f1,train,Zircon,2,IMG_0326,/content/BSM-Project/data/raw/BSM/Zircon/26.jpg,GRP_0326,/content/BSM-Project/data/augmented/train/Zircon/26__r90_f1.jpg,True,90,True,224,224,3,17808,ca7e393ee347cc97fff228cbef999addd2b158a9021fbe20a09ca25fbf1f8360
IMG_0328_r0_f0,train,Zircon,2,IMG_0328,/content/BSM-Project/data/raw/BSM/Zircon/28.jpg,GRP_0328,/content/BSM-Project/data/augmented/train/Zircon/28__r0_f0.jpg,True,0,False,224,224,3,22809,677ba7650c4c05dee3fd4d25c613cc9da2807eb15dc3a96663188c5ba5b9ab17
IMG_0328_r0_f1,train,Zircon,2,IMG_0328,/content/BSM-Project/data/raw/BSM/Zircon/28.jpg,GRP_0328,/content/BSM-Project/data/augmented/train/Zircon/28__r0_f1.jpg,True,0,True,224,224,3,22828,d6b0e25b2a55df1c78021801aa1c07cfb96642f9f832382e45509ba46b567ad3
IMG_0328_r180_f0,train,Zircon,2,IMG_0328,/content/BSM-Project/data/raw/BSM/Zircon/28.jpg,GRP_0328,/content/BSM-Project/data/augmented/train/Zircon/28__r180_f0.jpg,True,180,False,224,224,3,22796,3557bc1841b8b4617bb3a74715c8fee27e1a80b6b7c289c60b123fd654fab820
IMG_0328_r180_f1,train,Zircon,2,IMG_0328,/content/BSM-Project/data/raw/BSM/Zircon/28.jpg,GRP_0328,/content/BSM-Project/data/augmented/train/Zircon/28__r180_f1.jpg,True,180,True,224,224,3,22816,0debe30c7e8b545862e6d3ec726c45fe7b542b57698dd126b3c29c5231b50bd9
IMG_0328_r270_f0,train,Zircon,2,IMG_0328,/content/BSM-Project/data/raw/BSM/Zircon/28.jpg,GRP_0328,/content/BSM-Project/data/augmented/train/Zircon/28__r270_f0.jpg,True,270,False,224,224,3,22242,0e92c083fbc73adbdbe1f80a24e7619b8eaef05176d130c9b56b2ec1f725e188
IMG_0328_r270_f1,train,Zircon,2,IMG_0328,/content/BSM-Project/data/raw/BSM/Zircon/28.jpg,GRP_0328,/content/BSM-Project/data/augmented/train/Zircon/28__r270_f1.jpg,True,270,True,224,224,3,22220,947ef7175d16ea1ad60ebeb78d4e71bd3c3ba5e728cb3aceb1789919fef6b18c
IMG_0328_r30_f0,train,Zircon,2,IMG_0328,/content/BSM-Project/data/raw/BSM/Zircon/28.jpg,GRP_0328,/content/BSM-Project/data/augmented/train/Zircon/28__r30_f0.jpg,True,30,False,224,224,3,25131,7edb119a0b72d845d651d471a06f9d404152328126fba95f06cf5321ca5db534
IMG_0328_r30_f1,train,Zircon,2,IMG_0328,/content/BSM-Project/data/raw/BSM/Zircon/28.jpg,GRP_0328,/content/BSM-Project/data/augmented/train/Zircon/28__r30_f1.jpg,True,30,True,224,224,3,25139,7a83584c6c0a697a7e74ea0b8c9f66ebd241dbd2b2d52cfad19c327df5a56f45
IMG_0328_r45_f0,train,Zircon,2,IMG_0328,/content/BSM-Project/data/raw/BSM/Zircon/28.jpg,GRP_0328,/content/BSM-Project/data/augmented/train/Zircon/28__r45_f0.jpg,True,45,False,224,224,3,24569,9457c09e7b9063cc6c965d734ba27812bb1acc80df22968ee44e2e8043676d10
IMG_0328_r45_f1,train,Zircon,2,IMG_0328,/content/BSM-Project/data/raw/BSM/Zircon/28.jpg,GRP_0328,/content/BSM-Project/data/augmented/train/Zircon/28__r45_f1.jpg,True,45,True,224,224,3,24513,3ac2f8cd48db0023ee6f0a63d4d8518da699e159911dc791d939fc99b4a0070e
IMG_0328_r90_f0,train,Zircon,2,IMG_0328,/content/BSM-Project/data/raw/BSM/Zircon/28.jpg,GRP_0328,/content/BSM-Project/data/augmented/train/Zircon/28__r90_f0.jpg,True,90,False,224,224,3,22222,ae5719823e981becbe4fcf7c67cf29bf517b6653682797d64aa23837b7b7817e
IMG_0328_r90_f1,train,Zircon,2,IMG_0328,/content/BSM-Project/data/raw/BSM/Zircon/28.jpg,GRP_0328,/content/BSM-Project/data/augmented/train/Zircon/28__r90_f1.jpg,True,90,True,224,224,3,22219,5beb9b4d05321648768dff03840c5af6b7874ba9fe2b034289fe7bed4a2c08f8
IMG_0329_r0_f0,train,Zircon,2,IMG_0329,/content/BSM-Project/data/raw/BSM/Zircon/29.jpg,GRP_0329,/content/BSM-Project/data/augmented/train/Zircon/29__r0_f0.jpg,True,0,False,224,224,3,21287,9207e622e278f8149fda0759a093291140aeb3963ae9c028818b245dbc36348b
IMG_0329_r0_f1,train,Zircon,2,IMG_0329,/content/BSM-Project/data/raw/BSM/Zircon/29.jpg,GRP_0329,/content/BSM-Project/data/augmented/train/Zircon/29__r0_f1.jpg,True,0,True,224,224,3,21269,89940168d7a0fa27e9041a1981bc8d5b074931dd45472e391d92f5344ef6b3d6
IMG_0329_r180_f0,train,Zircon,2,IMG_0329,/content/BSM-Project/data/raw/BSM/Zircon/29.jpg,GRP_0329,/content/BSM-Project/data/augmented/train/Zircon/29__r180_f0.jpg,True,180,False,224,224,3,21302,8f69cf2e61dfd0a54c6081da5be619620915351c6f646df07c05714b012bcbdf
IMG_0329_r180_f1,train,Zircon,2,IMG_0329,/content/BSM-Project/data/raw/BSM/Zircon/29.jpg,GRP_0329,/content/BSM-Project/data/augmented/train/Zircon/29__r180_f1.jpg,True,180,True,224,224,3,21282,3bcaccb15d694d14e8a2ec88b2bddc5f3cdf05db11cf0b4f3a9b392f71b6476c
IMG_0329_r270_f0,train,Zircon,2,IMG_0329,/content/BSM-Project/data/raw/BSM/Zircon/29.jpg,GRP_0329,/content/BSM-Project/data/augmented/train/Zircon/29__r270_f0.jpg,True,270,False,224,224,3,17643,2ced8aa24c04901c6922f28b27d50e805fd8024207e3acc179f77766a3adbd07
IMG_0329_r270_f1,train,Zircon,2,IMG_0329,/content/BSM-Project/data/raw/BSM/Zircon/29.jpg,GRP_0329,/content/BSM-Project/data/augmented/train/Zircon/29__r270_f1.jpg,True,270,True,224,224,3,17656,21c5d997272241de780ef7e06736f41c77abc25bdd6c700bc2c3b7ca528a7e02
IMG_0329_r30_f0,train,Zircon,2,IMG_0329,/content/BSM-Project/data/raw/BSM/Zircon/29.jpg,GRP_0329,/content/BSM-Project/data/augmented/train/Zircon/29__r30_f0.jpg,True,30,False,224,224,3,21225,0fdd8d0847971f8b2dda1b7f99e45bc960e41e42c0d16b3718061a8968c546a0
IMG_0329_r30_f1,train,Zircon,2,IMG_0329,/content/BSM-Project/data/raw/BSM/Zircon/29.jpg,GRP_0329,/content/BSM-Project/data/augmented/train/Zircon/29__r30_f1.jpg,True,30,True,224,224,3,21268,a0b13ac52085cac645ea94366c71361e303924394d1a2ab9db3a8101c2924f9e
IMG_0329_r45_f0,train,Zircon,2,IMG_0329,/content/BSM-Project/data/raw/BSM/Zircon/29.jpg,GRP_0329,/content/BSM-Project/data/augmented/train/Zircon/29__r45_f0.jpg,True,45,False,224,224,3,20827,f13efce533215643cdf8d3e33d33232a937cdaa3ca9e1b64ecddeac7b9bc2137
IMG_0329_r45_f1,train,Zircon,2,IMG_0329,/content/BSM-Project/data/raw/BSM/Zircon/29.jpg,GRP_0329,/content/BSM-Project/data/augmented/train/Zircon/29__r45_f1.jpg,True,45,True,224,224,3,20880,51dad23870a3e1f5fcb2f8f3b6f1c66dacbfd178ab8ee400ea08a921d3ac9b6b
IMG_0329_r90_f0,train,Zircon,2,IMG_0329,/content/BSM-Project/data/raw/BSM/Zircon/29.jpg,GRP_0329,/content/BSM-Project/data/augmented/train/Zircon/29__r90_f0.jpg,True,90,False,224,224,3,17643,5744204ef331bff8473091f0439e2f868d9a83070407beecc262a341732ee688
IMG_0329_r90_f1,train,Zircon,2,IMG_0329,/content/BSM-Project/data/raw/BSM/Zircon/29.jpg,GRP_0329,/content/BSM-Project/data/augmented/train/Zircon/29__r90_f1.jpg,True,90,True,224,224,3,17657,ab1d6582b1eb69c7fb5a2b7df5d888d22e2f1abc6cc241ac14c5128e2597ac91
IMG_0330_r0_f0,train,Zircon,2,IMG_0330,/content/BSM-Project/data/raw/BSM/Zircon/3.jpg,GRP_0330,/content/BSM-Project/data/augmented/train/Zircon/3__r0_f0.jpg,True,0,False,224,224,3,10339,fabdf9b1331bd92159f1b99bd3a9362b957cc9b6412a21c7d9903bb60f5f1691
IMG_0330_r0_f1,train,Zircon,2,IMG_0330,/content/BSM-Project/data/raw/BSM/Zircon/3.jpg,GRP_0330,/content/BSM-Project/data/augmented/train/Zircon/3__r0_f1.jpg,True,0,True,224,224,3,10345,08df68521cc05e78fe5c401fbd114a6e5d5d9816619d1455eac19867f69f2e8e
IMG_0330_r180_f0,train,Zircon,2,IMG_0330,/content/BSM-Project/data/raw/BSM/Zircon/3.jpg,GRP_0330,/content/BSM-Project/data/augmented/train/Zircon/3__r180_f0.jpg,True,180,False,224,224,3,10349,16c53ba8fb5fde6ce8c20841230d1210bf979a08a8d101e1feeae36ad9f6cb37
IMG_0330_r180_f1,train,Zircon,2,IMG_0330,/content/BSM-Project/data/raw/BSM/Zircon/3.jpg,GRP_0330,/content/BSM-Project/data/augmented/train/Zircon/3__r180_f1.jpg,True,180,True,224,224,3,10339,d4a86ed016c8a1f6bf6da8d51290639f80c79a9e1909cc6c43fe190b485796cc
IMG_0330_r270_f0,train,Zircon,2,IMG_0330,/content/BSM-Project/data/raw/BSM/Zircon/3.jpg,GRP_0330,/content/BSM-Project/data/augmented/train/Zircon/3__r270_f0.jpg,True,270,False,224,224,3,10680,d895efe4a0160f968ba165a900103febf3d12fe1ef3af91326db568f144ddcfa
IMG_0330_r270_f1,train,Zircon,2,IMG_0330,/content/BSM-Project/data/raw/BSM/Zircon/3.jpg,GRP_0330,/content/BSM-Project/data/augmented/train/Zircon/3__r270_f1.jpg,True,270,True,224,224,3,10694,8f88e658290412912f0ae6609201ad122dfb882efde8ee2084bc8fc27b2d677c
IMG_0330_r30_f0,train,Zircon,2,IMG_0330,/content/BSM-Project/data/raw/BSM/Zircon/3.jpg,GRP_0330,/content/BSM-Project/data/augmented/train/Zircon/3__r30_f0.jpg,True,30,False,224,224,3,14155,12132bfa1422463b0dd5873f444d3258b46de9ca29c452d3b09f17944604737c
IMG_0330_r30_f1,train,Zircon,2,IMG_0330,/content/BSM-Project/data/raw/BSM/Zircon/3.jpg,GRP_0330,/content/BSM-Project/data/augmented/train/Zircon/3__r30_f1.jpg,True,30,True,224,224,3,14186,4d8bbfa029660ab3251df31d87a12bbb48df1e16ebb295b982a903d8a8c29fbb
IMG_0330_r45_f0,train,Zircon,2,IMG_0330,/content/BSM-Project/data/raw/BSM/Zircon/3.jpg,GRP_0330,/content/BSM-Project/data/augmented/train/Zircon/3__r45_f0.jpg,True,45,False,224,224,3,13640,52716504e8cd7e9342ed5baf848210fc79bfff966109129c6473434313e32548
IMG_0330_r45_f1,train,Zircon,2,IMG_0330,/content/BSM-Project/data/raw/BSM/Zircon/3.jpg,GRP_0330,/content/BSM-Project/data/augmented/train/Zircon/3__r45_f1.jpg,True,45,True,224,224,3,13684,2dca5e6004f53593e5f62dcaa198998d0a0eee1a129cd13389e6c8eadab50be8
IMG_0330_r90_f0,train,Zircon,2,IMG_0330,/content/BSM-Project/data/raw/BSM/Zircon/3.jpg,GRP_0330,/content/BSM-Project/data/augmented/train/Zircon/3__r90_f0.jpg,True,90,False,224,224,3,10705,51e46fb28ef0d9ab497aeeba1a6812302fef37c4d33741ae69ce00c2f2c36287
IMG_0330_r90_f1,train,Zircon,2,IMG_0330,/content/BSM-Project/data/raw/BSM/Zircon/3.jpg,GRP_0330,/content/BSM-Project/data/augmented/train/Zircon/3__r90_f1.jpg,True,90,True,224,224,3,10660,fdb0997a65cbcac7ada3a9538f063a596a4b0a27331943ed5e2e6fbded73f128
IMG_0331_r0_f0,train,Zircon,2,IMG_0331,/content/BSM-Project/data/raw/BSM/Zircon/30.jpg,GRP_0331,/content/BSM-Project/data/augmented/train/Zircon/30__r0_f0.jpg,True,0,False,224,224,3,22405,0257ef6527a1263bc08622428e58312307a146538ba83958bc07a61cc3761c5b
IMG_0331_r0_f1,train,Zircon,2,IMG_0331,/content/BSM-Project/data/raw/BSM/Zircon/30.jpg,GRP_0331,/content/BSM-Project/data/augmented/train/Zircon/30__r0_f1.jpg,True,0,True,224,224,3,22399,410a8c5f421dc7efc82ae89bad454cd349cb7e6d5cf74a980c517460ceaadb22
IMG_0331_r180_f0,train,Zircon,2,IMG_0331,/content/BSM-Project/data/raw/BSM/Zircon/30.jpg,GRP_0331,/content/BSM-Project/data/augmented/train/Zircon/30__r180_f0.jpg,True,180,False,224,224,3,22395,7f5521f5219b5e31e53591a1145139263e0928ba851d046f2c87d71d20ea35d8
IMG_0331_r180_f1,train,Zircon,2,IMG_0331,/content/BSM-Project/data/raw/BSM/Zircon/30.jpg,GRP_0331,/content/BSM-Project/data/augmented/train/Zircon/30__r180_f1.jpg,True,180,True,224,224,3,22393,e5917160d0b1ddfa0b49130442ded25670c95ec92c6f15b4302e54f63d3ad457
IMG_0331_r270_f0,train,Zircon,2,IMG_0331,/content/BSM-Project/data/raw/BSM/Zircon/30.jpg,GRP_0331,/content/BSM-Project/data/augmented/train/Zircon/30__r270_f0.jpg,True,270,False,224,224,3,20982,3933d93610923e380cd5b8f5904133353632e06a904f547f48f2794fbb4a6510
IMG_0331_r270_f1,train,Zircon,2,IMG_0331,/content/BSM-Project/data/raw/BSM/Zircon/30.jpg,GRP_0331,/content/BSM-Project/data/augmented/train/Zircon/30__r270_f1.jpg,True,270,True,224,224,3,21007,de605d78bcec8211f86618d74a0ba02732f39dfeff9bd16092c0a7c690c74389
IMG_0331_r30_f0,train,Zircon,2,IMG_0331,/content/BSM-Project/data/raw/BSM/Zircon/30.jpg,GRP_0331,/content/BSM-Project/data/augmented/train/Zircon/30__r30_f0.jpg,True,30,False,224,224,3,24861,8e948083b1ee7b6bce36417ac331e686f255c8e0765416acf2a27e336f939853
IMG_0331_r30_f1,train,Zircon,2,IMG_0331,/content/BSM-Project/data/raw/BSM/Zircon/30.jpg,GRP_0331,/content/BSM-Project/data/augmented/train/Zircon/30__r30_f1.jpg,True,30,True,224,224,3,24906,a2641af01b00d540640556bf3a6b77a4ef93995dbe08581dd12be962d121a0fe
IMG_0331_r45_f0,train,Zircon,2,IMG_0331,/content/BSM-Project/data/raw/BSM/Zircon/30.jpg,GRP_0331,/content/BSM-Project/data/augmented/train/Zircon/30__r45_f0.jpg,True,45,False,224,224,3,24323,4416a3852bcc4bb4f62058e31697c1a95704f0f0769d80d20240bd81d5a24d89
IMG_0331_r45_f1,train,Zircon,2,IMG_0331,/content/BSM-Project/data/raw/BSM/Zircon/30.jpg,GRP_0331,/content/BSM-Project/data/augmented/train/Zircon/30__r45_f1.jpg,True,45,True,224,224,3,24317,d325058c5867f885d1cbb641931f85757ec1a26ea790ec739a67ffb28c9a7779
IMG_0331_r90_f0,train,Zircon,2,IMG_0331,/content/BSM-Project/data/raw/BSM/Zircon/30.jpg,GRP_0331,/content/BSM-Project/data/augmented/train/Zircon/30__r90_f0.jpg,True,90,False,224,224,3,20986,d3fa74774201808956c35c6347cc88485fb6df54e47834c656117d85e1a59153
IMG_0331_r90_f1,train,Zircon,2,IMG_0331,/content/BSM-Project/data/raw/BSM/Zircon/30.jpg,GRP_0331,/content/BSM-Project/data/augmented/train/Zircon/30__r90_f1.jpg,True,90,True,224,224,3,21023,7f3b4d7c97c9748c2e41f99ddf610428ee691ed6e784c62013c91f0405ef0f8a
IMG_0333_r0_f0,train,Zircon,2,IMG_0333,/content/BSM-Project/data/raw/BSM/Zircon/32.jpg,GRP_0333,/content/BSM-Project/data/augmented/train/Zircon/32__r0_f0.jpg,True,0,False,224,224,3,19065,409f7a03aa7effc968352b710d5ee0f19572eb65af0b30287cd71b53ad42b023
IMG_0333_r0_f1,train,Zircon,2,IMG_0333,/content/BSM-Project/data/raw/BSM/Zircon/32.jpg,GRP_0333,/content/BSM-Project/data/augmented/train/Zircon/32__r0_f1.jpg,True,0,True,224,224,3,19056,824ddec986e58167b10c49ce9e238a4f57873c86ebe8f06f26ba5e90381c9043
IMG_0333_r180_f0,train,Zircon,2,IMG_0333,/content/BSM-Project/data/raw/BSM/Zircon/32.jpg,GRP_0333,/content/BSM-Project/data/augmented/train/Zircon/32__r180_f0.jpg,True,180,False,224,224,3,19071,1f96618aa953b2c5156093deb49519acecf94c6f1fe9e66c8411eb3291395a5a
IMG_0333_r180_f1,train,Zircon,2,IMG_0333,/content/BSM-Project/data/raw/BSM/Zircon/32.jpg,GRP_0333,/content/BSM-Project/data/augmented/train/Zircon/32__r180_f1.jpg,True,180,True,224,224,3,19051,bf6fe2765ef7e065a011a9a4f07a2099da76b7027545b70338eb8ae85a35b343
IMG_0333_r270_f0,train,Zircon,2,IMG_0333,/content/BSM-Project/data/raw/BSM/Zircon/32.jpg,GRP_0333,/content/BSM-Project/data/augmented/train/Zircon/32__r270_f0.jpg,True,270,False,224,224,3,19171,f89105504ea20c981a890fb86c1c0dcf5fd99e94c8827a7ccd9237b7f31bd359
IMG_0333_r270_f1,train,Zircon,2,IMG_0333,/content/BSM-Project/data/raw/BSM/Zircon/32.jpg,GRP_0333,/content/BSM-Project/data/augmented/train/Zircon/32__r270_f1.jpg,True,270,True,224,224,3,19187,5a3f5538f93854ead3e31a1f3c45d3e48a5452ac3bc3f6872f113ed6a09058b7
IMG_0333_r30_f0,train,Zircon,2,IMG_0333,/content/BSM-Project/data/raw/BSM/Zircon/32.jpg,GRP_0333,/content/BSM-Project/data/augmented/train/Zircon/32__r30_f0.jpg,True,30,False,224,224,3,21723,73ee7f6ea67f9d5ce8fffe40d36bcb1eec67b2a1782825221dd63be7a020890c
IMG_0333_r30_f1,train,Zircon,2,IMG_0333,/content/BSM-Project/data/raw/BSM/Zircon/32.jpg,GRP_0333,/content/BSM-Project/data/augmented/train/Zircon/32__r30_f1.jpg,True,30,True,224,224,3,21741,d4231dc5512ed56005ea864b97d7ac99e376df030cd3157fc2a976b0d4d3d869
IMG_0333_r45_f0,train,Zircon,2,IMG_0333,/content/BSM-Project/data/raw/BSM/Zircon/32.jpg,GRP_0333,/content/BSM-Project/data/augmented/train/Zircon/32__r45_f0.jpg,True,45,False,224,224,3,21485,31d41780d9954b08f6ed42c8b23b5aed5533164385cf83f9faffe1ebd35397f8
IMG_0333_r45_f1,train,Zircon,2,IMG_0333,/content/BSM-Project/data/raw/BSM/Zircon/32.jpg,GRP_0333,/content/BSM-Project/data/augmented/train/Zircon/32__r45_f1.jpg,True,45,True,224,224,3,21524,0e972016acebd645c9ef1b6fce7de5e2b170fb497f6de3740be5f3ce27b9395c
IMG_0333_r90_f0,train,Zircon,2,IMG_0333,/content/BSM-Project/data/raw/BSM/Zircon/32.jpg,GRP_0333,/content/BSM-Project/data/augmented/train/Zircon/32__r90_f0.jpg,True,90,False,224,224,3,19176,a24971d7842079f7c50e478a1eac9f123ee054d735e66c26c17f279c515bddc6
IMG_0333_r90_f1,train,Zircon,2,IMG_0333,/content/BSM-Project/data/raw/BSM/Zircon/32.jpg,GRP_0333,/content/BSM-Project/data/augmented/train/Zircon/32__r90_f1.jpg,True,90,True,224,224,3,19173,e0a26012330a0dfef6a5ab5a257b96ca1c80734b50d3bf8fa9ccea92ec4e23e4
IMG_0334_r0_f0,train,Zircon,2,IMG_0334,/content/BSM-Project/data/raw/BSM/Zircon/33.jpg,GRP_0334,/content/BSM-Project/data/augmented/train/Zircon/33__r0_f0.jpg,True,0,False,224,224,3,15914,4f73cd8c13b33b6f60150ded221fc029ae99120b009bd2b58a949893f7a4a562
IMG_0334_r0_f1,train,Zircon,2,IMG_0334,/content/BSM-Project/data/raw/BSM/Zircon/33.jpg,GRP_0334,/content/BSM-Project/data/augmented/train/Zircon/33__r0_f1.jpg,True,0,True,224,224,3,15918,3458f8f6f53eedfcd3921597844e2ce0112fe6af33aa57d476eedaa92cfc1eea
IMG_0334_r180_f0,train,Zircon,2,IMG_0334,/content/BSM-Project/data/raw/BSM/Zircon/33.jpg,GRP_0334,/content/BSM-Project/data/augmented/train/Zircon/33__r180_f0.jpg,True,180,False,224,224,3,15917,9ecfe0bba50d1045dcae72794b3003fc03a41e2c8a857aae63b407bad71bd9d8
IMG_0334_r180_f1,train,Zircon,2,IMG_0334,/content/BSM-Project/data/raw/BSM/Zircon/33.jpg,GRP_0334,/content/BSM-Project/data/augmented/train/Zircon/33__r180_f1.jpg,True,180,True,224,224,3,15918,a82bd84d65dea8057f804a196a33bb89e616b79a3ff46ed6efdb04d17359a888
IMG_0334_r270_f0,train,Zircon,2,IMG_0334,/content/BSM-Project/data/raw/BSM/Zircon/33.jpg,GRP_0334,/content/BSM-Project/data/augmented/train/Zircon/33__r270_f0.jpg,True,270,False,224,224,3,16907,f5e5d9654d65d02c86d9070343a43bef588bcd3aa9ee0de9b4f84a817bbd9815
IMG_0334_r270_f1,train,Zircon,2,IMG_0334,/content/BSM-Project/data/raw/BSM/Zircon/33.jpg,GRP_0334,/content/BSM-Project/data/augmented/train/Zircon/33__r270_f1.jpg,True,270,True,224,224,3,16888,92e7e907b6bc4a6a35e54a6c589b0258008db0674535c918bd07892be5b671f8
IMG_0334_r30_f0,train,Zircon,2,IMG_0334,/content/BSM-Project/data/raw/BSM/Zircon/33.jpg,GRP_0334,/content/BSM-Project/data/augmented/train/Zircon/33__r30_f0.jpg,True,30,False,224,224,3,17073,08474ece00ee7589e89bba17ce062595c12b1c57b0706804550a9075ce2d1e4c
IMG_0334_r30_f1,train,Zircon,2,IMG_0334,/content/BSM-Project/data/raw/BSM/Zircon/33.jpg,GRP_0334,/content/BSM-Project/data/augmented/train/Zircon/33__r30_f1.jpg,True,30,True,224,224,3,17069,5befa358736551cab5e2e7a2775e9e3e508e0475a4b42f5740eb0a092bae0def
IMG_0334_r45_f0,train,Zircon,2,IMG_0334,/content/BSM-Project/data/raw/BSM/Zircon/33.jpg,GRP_0334,/content/BSM-Project/data/augmented/train/Zircon/33__r45_f0.jpg,True,45,False,224,224,3,16787,7d06e83bc4558ff37904341af5f62da34ae1217db26915a137f154e5016ae3a2
IMG_0334_r45_f1,train,Zircon,2,IMG_0334,/content/BSM-Project/data/raw/BSM/Zircon/33.jpg,GRP_0334,/content/BSM-Project/data/augmented/train/Zircon/33__r45_f1.jpg,True,45,True,224,224,3,16791,869ef611f880fb2886f73a845ebe2479db4ff3ae054f19aaf8408741d4437b34
IMG_0334_r90_f0,train,Zircon,2,IMG_0334,/content/BSM-Project/data/raw/BSM/Zircon/33.jpg,GRP_0334,/content/BSM-Project/data/augmented/train/Zircon/33__r90_f0.jpg,True,90,False,224,224,3,16898,a6c3e71ed246dd5f130103567ffb06f455481fce38b18f7cbdab39695f47c6d0
IMG_0334_r90_f1,train,Zircon,2,IMG_0334,/content/BSM-Project/data/raw/BSM/Zircon/33.jpg,GRP_0334,/content/BSM-Project/data/augmented/train/Zircon/33__r90_f1.jpg,True,90,True,224,224,3,16879,51e2fc9b3e628f7f318243f893847c172a2883070c7976332e71af775bd7f8be
IMG_0336_r0_f0,train,Zircon,2,IMG_0336,/content/BSM-Project/data/raw/BSM/Zircon/35.jpg,GRP_0336,/content/BSM-Project/data/augmented/train/Zircon/35__r0_f0.jpg,True,0,False,224,224,3,21585,f900e991ed0479c3d9278741d6b144898a58c5808823886b76c183e05f3d2a1a
IMG_0336_r0_f1,train,Zircon,2,IMG_0336,/content/BSM-Project/data/raw/BSM/Zircon/35.jpg,GRP_0336,/content/BSM-Project/data/augmented/train/Zircon/35__r0_f1.jpg,True,0,True,224,224,3,21613,ea4d21f692d6986b83b76119241492ac5e3197da51dc8713b63491439b9df0a1
IMG_0336_r180_f0,train,Zircon,2,IMG_0336,/content/BSM-Project/data/raw/BSM/Zircon/35.jpg,GRP_0336,/content/BSM-Project/data/augmented/train/Zircon/35__r180_f0.jpg,True,180,False,224,224,3,21590,cb47a542183a79abb1ada2cc131501599c72acf745ecd69938712a10584fa61b
IMG_0336_r180_f1,train,Zircon,2,IMG_0336,/content/BSM-Project/data/raw/BSM/Zircon/35.jpg,GRP_0336,/content/BSM-Project/data/augmented/train/Zircon/35__r180_f1.jpg,True,180,True,224,224,3,21596,919426d1cc20fac31eda2c2ddb0e525f22c57738f5a541c8f195713de5fe81e5
IMG_0336_r270_f0,train,Zircon,2,IMG_0336,/content/BSM-Project/data/raw/BSM/Zircon/35.jpg,GRP_0336,/content/BSM-Project/data/augmented/train/Zircon/35__r270_f0.jpg,True,270,False,224,224,3,19125,8b505a55e9f6f434c532be2e8af61aa1822c6fa2da4f4f107664b4af99f2c02b
IMG_0336_r270_f1,train,Zircon,2,IMG_0336,/content/BSM-Project/data/raw/BSM/Zircon/35.jpg,GRP_0336,/content/BSM-Project/data/augmented/train/Zircon/35__r270_f1.jpg,True,270,True,224,224,3,19095,d2a5c4d468155a13fd7239cc0bd84545857f1d2c35a2e14afdc3c391b548ece6
IMG_0336_r30_f0,train,Zircon,2,IMG_0336,/content/BSM-Project/data/raw/BSM/Zircon/35.jpg,GRP_0336,/content/BSM-Project/data/augmented/train/Zircon/35__r30_f0.jpg,True,30,False,224,224,3,22439,b549f9527327fdd55ae01a9524f3c35663ef775a0d3866faf4e255f83d953749
IMG_0336_r30_f1,train,Zircon,2,IMG_0336,/content/BSM-Project/data/raw/BSM/Zircon/35.jpg,GRP_0336,/content/BSM-Project/data/augmented/train/Zircon/35__r30_f1.jpg,True,30,True,224,224,3,22454,1ed3e39d6668e650bfb01348a90a604145628a6740595a169b72deb9a93c8357
IMG_0336_r45_f0,train,Zircon,2,IMG_0336,/content/BSM-Project/data/raw/BSM/Zircon/35.jpg,GRP_0336,/content/BSM-Project/data/augmented/train/Zircon/35__r45_f0.jpg,True,45,False,224,224,3,21545,493e25a62e4f957fe366a63381baaf4a11608aad532ba5543a8c905079cbc8cc
IMG_0336_r45_f1,train,Zircon,2,IMG_0336,/content/BSM-Project/data/raw/BSM/Zircon/35.jpg,GRP_0336,/content/BSM-Project/data/augmented/train/Zircon/35__r45_f1.jpg,True,45,True,224,224,3,21531,0985123cbba375cbce11ac98b4cbaff7d5948a1357ca17a63c93042e568ade22
IMG_0336_r90_f0,train,Zircon,2,IMG_0336,/content/BSM-Project/data/raw/BSM/Zircon/35.jpg,GRP_0336,/content/BSM-Project/data/augmented/train/Zircon/35__r90_f0.jpg,True,90,False,224,224,3,19114,34d67d1a9b80108ff98742a91a9dd95441d0ddfdb1e0afeb531c34e809b142b7
IMG_0336_r90_f1,train,Zircon,2,IMG_0336,/content/BSM-Project/data/raw/BSM/Zircon/35.jpg,GRP_0336,/content/BSM-Project/data/augmented/train/Zircon/35__r90_f1.jpg,True,90,True,224,224,3,19120,70772748f237558b53f9f7f360f96498fe31721347a73a94ae06a3bbc1286925
IMG_0339_r0_f0,train,Zircon,2,IMG_0339,/content/BSM-Project/data/raw/BSM/Zircon/38.jpg,GRP_0339,/content/BSM-Project/data/augmented/train/Zircon/38__r0_f0.jpg,True,0,False,224,224,3,19201,c29836f0cdbf94334e49a328dd048b8da60216444c1c1ea6febce51c000ca2f9
IMG_0339_r0_f1,train,Zircon,2,IMG_0339,/content/BSM-Project/data/raw/BSM/Zircon/38.jpg,GRP_0339,/content/BSM-Project/data/augmented/train/Zircon/38__r0_f1.jpg,True,0,True,224,224,3,19190,092d6581bb381d05db5c69dbb38bb8885f7a87fa9b590aff049d78689ee6b7d0
IMG_0339_r180_f0,train,Zircon,2,IMG_0339,/content/BSM-Project/data/raw/BSM/Zircon/38.jpg,GRP_0339,/content/BSM-Project/data/augmented/train/Zircon/38__r180_f0.jpg,True,180,False,224,224,3,19175,348d16f05b85779c11f859be1cd335252a2e7bf71b6a0020095d16f5770b830a
IMG_0339_r180_f1,train,Zircon,2,IMG_0339,/content/BSM-Project/data/raw/BSM/Zircon/38.jpg,GRP_0339,/content/BSM-Project/data/augmented/train/Zircon/38__r180_f1.jpg,True,180,True,224,224,3,19194,02bc757d0d7b3df827158c5daafda24ea4fac67f467f210054742bd024581077
IMG_0339_r270_f0,train,Zircon,2,IMG_0339,/content/BSM-Project/data/raw/BSM/Zircon/38.jpg,GRP_0339,/content/BSM-Project/data/augmented/train/Zircon/38__r270_f0.jpg,True,270,False,224,224,3,20387,2274220b40f200ec880af1ffc854430231ff61b048e710d790eaaaff9bea03d9
IMG_0339_r270_f1,train,Zircon,2,IMG_0339,/content/BSM-Project/data/raw/BSM/Zircon/38.jpg,GRP_0339,/content/BSM-Project/data/augmented/train/Zircon/38__r270_f1.jpg,True,270,True,224,224,3,20408,5d7e10debb58e203e26028f72a30d6abe006e1966bf028ee30322c889b7535c3
IMG_0339_r30_f0,train,Zircon,2,IMG_0339,/content/BSM-Project/data/raw/BSM/Zircon/38.jpg,GRP_0339,/content/BSM-Project/data/augmented/train/Zircon/38__r30_f0.jpg,True,30,False,224,224,3,22269,b382b9fb1127abe6b02defa00383548fa178572f8d3a750d6507d85050ff4ae3
IMG_0339_r30_f1,train,Zircon,2,IMG_0339,/content/BSM-Project/data/raw/BSM/Zircon/38.jpg,GRP_0339,/content/BSM-Project/data/augmented/train/Zircon/38__r30_f1.jpg,True,30,True,224,224,3,22276,e5d9f37de1ac34b67a8128ab75f4186fe49acb1edf5c3c9926cb14ae697c8143
IMG_0339_r45_f0,train,Zircon,2,IMG_0339,/content/BSM-Project/data/raw/BSM/Zircon/38.jpg,GRP_0339,/content/BSM-Project/data/augmented/train/Zircon/38__r45_f0.jpg,True,45,False,224,224,3,22130,1cde41d859ab87e27a414b1195e08815905813fcb584e2488da11fc24e80b18f
IMG_0339_r45_f1,train,Zircon,2,IMG_0339,/content/BSM-Project/data/raw/BSM/Zircon/38.jpg,GRP_0339,/content/BSM-Project/data/augmented/train/Zircon/38__r45_f1.jpg,True,45,True,224,224,3,22166,4b860683da01ef5e3493e21ac8ab6b0538702ad161769c2f966c0e25d6a646f8
IMG_0339_r90_f0,train,Zircon,2,IMG_0339,/content/BSM-Project/data/raw/BSM/Zircon/38.jpg,GRP_0339,/content/BSM-Project/data/augmented/train/Zircon/38__r90_f0.jpg,True,90,False,224,224,3,20419,a3c60b86b677de73266a1034b145a2af211e50c732f29c4e4d84c50b906b5b55
IMG_0339_r90_f1,train,Zircon,2,IMG_0339,/content/BSM-Project/data/raw/BSM/Zircon/38.jpg,GRP_0339,/content/BSM-Project/data/augmented/train/Zircon/38__r90_f1.jpg,True,90,True,224,224,3,20411,e2b24f2f661a923345391160fd9989db50ca6e1550fa022f407d25408260667f
IMG_0340_r0_f0,train,Zircon,2,IMG_0340,/content/BSM-Project/data/raw/BSM/Zircon/39.jpg,GRP_0340,/content/BSM-Project/data/augmented/train/Zircon/39__r0_f0.jpg,True,0,False,224,224,3,27033,c3c9fffb84a42f5e39a9cdcab21c6056fe34386961aaf3e737ea342b336b737f
IMG_0340_r0_f1,train,Zircon,2,IMG_0340,/content/BSM-Project/data/raw/BSM/Zircon/39.jpg,GRP_0340,/content/BSM-Project/data/augmented/train/Zircon/39__r0_f1.jpg,True,0,True,224,224,3,27053,aa855a330146a0cd3f7afb3873b2ebda26dea90cc8c4858c4794425aa46cd855
IMG_0340_r180_f0,train,Zircon,2,IMG_0340,/content/BSM-Project/data/raw/BSM/Zircon/39.jpg,GRP_0340,/content/BSM-Project/data/augmented/train/Zircon/39__r180_f0.jpg,True,180,False,224,224,3,27019,a6477c065d54f218b33df71f2cde397ef1b1491471c7f70e346c36767d04f942
IMG_0340_r180_f1,train,Zircon,2,IMG_0340,/content/BSM-Project/data/raw/BSM/Zircon/39.jpg,GRP_0340,/content/BSM-Project/data/augmented/train/Zircon/39__r180_f1.jpg,True,180,True,224,224,3,27026,e1c179b8b475640c77befc51074202bf3d5c7c8fcf743c78613e30b8eec981a3
IMG_0340_r270_f0,train,Zircon,2,IMG_0340,/content/BSM-Project/data/raw/BSM/Zircon/39.jpg,GRP_0340,/content/BSM-Project/data/augmented/train/Zircon/39__r270_f0.jpg,True,270,False,224,224,3,23845,8e1b32c1cc30f555ee07e7f4aefaf2fd454e83fe6c4c027a6fae0f4866253966
IMG_0340_r270_f1,train,Zircon,2,IMG_0340,/content/BSM-Project/data/raw/BSM/Zircon/39.jpg,GRP_0340,/content/BSM-Project/data/augmented/train/Zircon/39__r270_f1.jpg,True,270,True,224,224,3,23809,084104a082a66a09f03476d10fcc791b28ef7d4f08aa9b5664fab9ea0b5b4ad5
IMG_0340_r30_f0,train,Zircon,2,IMG_0340,/content/BSM-Project/data/raw/BSM/Zircon/39.jpg,GRP_0340,/content/BSM-Project/data/augmented/train/Zircon/39__r30_f0.jpg,True,30,False,224,224,3,28626,72a0856400688e569932e25658eb7dc45f624501448c142f07f74fddfd191fdd
IMG_0340_r30_f1,train,Zircon,2,IMG_0340,/content/BSM-Project/data/raw/BSM/Zircon/39.jpg,GRP_0340,/content/BSM-Project/data/augmented/train/Zircon/39__r30_f1.jpg,True,30,True,224,224,3,28716,2cfb6d2887f55a4d04fc2c7e07e24f4f21b34cb62de27990cec6004660c45f1b
IMG_0340_r45_f0,train,Zircon,2,IMG_0340,/content/BSM-Project/data/raw/BSM/Zircon/39.jpg,GRP_0340,/content/BSM-Project/data/augmented/train/Zircon/39__r45_f0.jpg,True,45,False,224,224,3,27842,f104510c1d5f5f0f50ad991e3aa486f7247a443ab926252dafd4b1b9c7fcf6e7
IMG_0340_r45_f1,train,Zircon,2,IMG_0340,/content/BSM-Project/data/raw/BSM/Zircon/39.jpg,GRP_0340,/content/BSM-Project/data/augmented/train/Zircon/39__r45_f1.jpg,True,45,True,224,224,3,27871,c23c59aa02e06e55b3d606ab1ca6feba9b74469574a07efb2f59edd5b63ce696
IMG_0340_r90_f0,train,Zircon,2,IMG_0340,/content/BSM-Project/data/raw/BSM/Zircon/39.jpg,GRP_0340,/content/BSM-Project/data/augmented/train/Zircon/39__r90_f0.jpg,True,90,False,224,224,3,23797,f74ece5742480bbf39e1b86b8c7c30de4b099ee993b172268c51eb446fc704c8
IMG_0340_r90_f1,train,Zircon,2,IMG_0340,/content/BSM-Project/data/raw/BSM/Zircon/39.jpg,GRP_0340,/content/BSM-Project/data/augmented/train/Zircon/39__r90_f1.jpg,True,90,True,224,224,3,23803,1bb13d3832a525fd9ecbbbcbf5b3eb1080ed94fe0d8ae3c6dc0d0b2f6aeae1ca
IMG_0341_r0_f0,train,Zircon,2,IMG_0341,/content/BSM-Project/data/raw/BSM/Zircon/40.jpg,GRP_0341,/content/BSM-Project/data/augmented/train/Zircon/40__r0_f0.jpg,True,0,False,224,224,3,19705,4b21faa5bd1e04541ef4619a340e37ca1ebbc37e4cdb2b258530b30b8c09bbd7
IMG_0341_r0_f1,train,Zircon,2,IMG_0341,/content/BSM-Project/data/raw/BSM/Zircon/40.jpg,GRP_0341,/content/BSM-Project/data/augmented/train/Zircon/40__r0_f1.jpg,True,0,True,224,224,3,19728,54e77732f98b396ea0a5c88b85ae1ff836a66260cce64bccb789c0043d3a9d3c
IMG_0341_r180_f0,train,Zircon,2,IMG_0341,/content/BSM-Project/data/raw/BSM/Zircon/40.jpg,GRP_0341,/content/BSM-Project/data/augmented/train/Zircon/40__r180_f0.jpg,True,180,False,224,224,3,19716,0ff6f043355487edb725050f736ed4f72cd20425708b453fbfef5b0fea862ea4
IMG_0341_r180_f1,train,Zircon,2,IMG_0341,/content/BSM-Project/data/raw/BSM/Zircon/40.jpg,GRP_0341,/content/BSM-Project/data/augmented/train/Zircon/40__r180_f1.jpg,True,180,True,224,224,3,19718,d70e1f01488492c32f6eb9b0505ba44a7e8ffbd0d29998b92acb813619e502c0
IMG_0341_r270_f0,train,Zircon,2,IMG_0341,/content/BSM-Project/data/raw/BSM/Zircon/40.jpg,GRP_0341,/content/BSM-Project/data/augmented/train/Zircon/40__r270_f0.jpg,True,270,False,224,224,3,17628,f8a642594fb728605fe9630c5adc762abc9ca3f45d3dcedc65ff89feadad143c
IMG_0341_r270_f1,train,Zircon,2,IMG_0341,/content/BSM-Project/data/raw/BSM/Zircon/40.jpg,GRP_0341,/content/BSM-Project/data/augmented/train/Zircon/40__r270_f1.jpg,True,270,True,224,224,3,17621,b6da3b305513f008a74f3bd84387e51e4ed7a05634dbdc1b7aeaa9bcf0d5f222
IMG_0341_r30_f0,train,Zircon,2,IMG_0341,/content/BSM-Project/data/raw/BSM/Zircon/40.jpg,GRP_0341,/content/BSM-Project/data/augmented/train/Zircon/40__r30_f0.jpg,True,30,False,224,224,3,19450,882c35c82f31ccdc34448ded1716d2557c1de2f93656b3957486a5b6f7978303
IMG_0341_r30_f1,train,Zircon,2,IMG_0341,/content/BSM-Project/data/raw/BSM/Zircon/40.jpg,GRP_0341,/content/BSM-Project/data/augmented/train/Zircon/40__r30_f1.jpg,True,30,True,224,224,3,19491,5a1ff4e2a0cd3138c025ab09a66393ffd37177ed74a2172538fa4507f1441d88
IMG_0341_r45_f0,train,Zircon,2,IMG_0341,/content/BSM-Project/data/raw/BSM/Zircon/40.jpg,GRP_0341,/content/BSM-Project/data/augmented/train/Zircon/40__r45_f0.jpg,True,45,False,224,224,3,18889,7f5d72c834d826168eb08774c86e9a8ab11dda0edbe0aefc6a5e87ec76ff31c5
IMG_0341_r45_f1,train,Zircon,2,IMG_0341,/content/BSM-Project/data/raw/BSM/Zircon/40.jpg,GRP_0341,/content/BSM-Project/data/augmented/train/Zircon/40__r45_f1.jpg,True,45,True,224,224,3,18903,a3c97d8c70735a443376cbf972fa62a1b05a39da30a3426307c698afd9076825
IMG_0341_r90_f0,train,Zircon,2,IMG_0341,/content/BSM-Project/data/raw/BSM/Zircon/40.jpg,GRP_0341,/content/BSM-Project/data/augmented/train/Zircon/40__r90_f0.jpg,True,90,False,224,224,3,17625,d9840c16bab668236bad4d705b041d3d1bc17ee5dedaffb204537c300d5d11b6
IMG_0341_r90_f1,train,Zircon,2,IMG_0341,/content/BSM-Project/data/raw/BSM/Zircon/40.jpg,GRP_0341,/content/BSM-Project/data/augmented/train/Zircon/40__r90_f1.jpg,True,90,True,224,224,3,17624,1b9af8b51572a912c4a6178438cafdd458000f4bca6ba48aa8e0a98065a670ea
IMG_0343_r0_f0,train,Zircon,2,IMG_0343,/content/BSM-Project/data/raw/BSM/Zircon/42.jpg,GRP_0343,/content/BSM-Project/data/augmented/train/Zircon/42__r0_f0.jpg,True,0,False,224,224,3,23434,b7b0f6221f454ee0a6231783469e73060b72677b729f3ddccba1c330ac3b4716
IMG_0343_r0_f1,train,Zircon,2,IMG_0343,/content/BSM-Project/data/raw/BSM/Zircon/42.jpg,GRP_0343,/content/BSM-Project/data/augmented/train/Zircon/42__r0_f1.jpg,True,0,True,224,224,3,23420,93a9bbbe59f4bf417b41f6988d4ff6572c556b53c142288471e3180a75c309db
IMG_0343_r180_f0,train,Zircon,2,IMG_0343,/content/BSM-Project/data/raw/BSM/Zircon/42.jpg,GRP_0343,/content/BSM-Project/data/augmented/train/Zircon/42__r180_f0.jpg,True,180,False,224,224,3,23455,8ff5a40cd38e90be49adf4e7529bb05205367fc8db2a0b2c623eaa0e6ee106e0
IMG_0343_r180_f1,train,Zircon,2,IMG_0343,/content/BSM-Project/data/raw/BSM/Zircon/42.jpg,GRP_0343,/content/BSM-Project/data/augmented/train/Zircon/42__r180_f1.jpg,True,180,True,224,224,3,23411,d6496647706b2e89e0b842dd3061cdee48a518aeff34ad7a3e950d4e3487d39c
IMG_0343_r270_f0,train,Zircon,2,IMG_0343,/content/BSM-Project/data/raw/BSM/Zircon/42.jpg,GRP_0343,/content/BSM-Project/data/augmented/train/Zircon/42__r270_f0.jpg,True,270,False,224,224,3,24107,ea9f349f434b7a441dda46cc2cad378761252cffab0aab4cd8ea4d74f23864ac
IMG_0343_r270_f1,train,Zircon,2,IMG_0343,/content/BSM-Project/data/raw/BSM/Zircon/42.jpg,GRP_0343,/content/BSM-Project/data/augmented/train/Zircon/42__r270_f1.jpg,True,270,True,224,224,3,24139,dbba2814648bc03ffe0cc9c03183253daeb58d21240da205c96f4e98c114fc64
IMG_0343_r30_f0,train,Zircon,2,IMG_0343,/content/BSM-Project/data/raw/BSM/Zircon/42.jpg,GRP_0343,/content/BSM-Project/data/augmented/train/Zircon/42__r30_f0.jpg,True,30,False,224,224,3,24899,bedd96c90abf3539059d830867dfb66b53fcc04cd7d6b801766a78d37ffa53f6
IMG_0343_r30_f1,train,Zircon,2,IMG_0343,/content/BSM-Project/data/raw/BSM/Zircon/42.jpg,GRP_0343,/content/BSM-Project/data/augmented/train/Zircon/42__r30_f1.jpg,True,30,True,224,224,3,24845,26e3c1e138830c4c2655d352c85aeae7d8c12fb2069f4e178ecb93e376b4dcd0
IMG_0343_r45_f0,train,Zircon,2,IMG_0343,/content/BSM-Project/data/raw/BSM/Zircon/42.jpg,GRP_0343,/content/BSM-Project/data/augmented/train/Zircon/42__r45_f0.jpg,True,45,False,224,224,3,24525,eddea652b1a1dbf07035246b65681a0724058e014efb769e9758f33654542963
IMG_0343_r45_f1,train,Zircon,2,IMG_0343,/content/BSM-Project/data/raw/BSM/Zircon/42.jpg,GRP_0343,/content/BSM-Project/data/augmented/train/Zircon/42__r45_f1.jpg,True,45,True,224,224,3,24546,6f4bb4ac0845f92f4e310795f69f6b44daba0af786093a2f57f4f6b5110dae52
IMG_0343_r90_f0,train,Zircon,2,IMG_0343,/content/BSM-Project/data/raw/BSM/Zircon/42.jpg,GRP_0343,/content/BSM-Project/data/augmented/train/Zircon/42__r90_f0.jpg,True,90,False,224,224,3,24126,348c3009eb918e5c733ea2e9057f946e9846990959b3a27ec778f620708b4651
IMG_0343_r90_f1,train,Zircon,2,IMG_0343,/content/BSM-Project/data/raw/BSM/Zircon/42.jpg,GRP_0343,/content/BSM-Project/data/augmented/train/Zircon/42__r90_f1.jpg,True,90,True,224,224,3,24122,a80dce632b22888868c7b7f797cd86268022ea1e09cb1989e772c5c89ffeeb35
IMG_0344_r0_f0,train,Zircon,2,IMG_0344,/content/BSM-Project/data/raw/BSM/Zircon/43.jpg,GRP_0344,/content/BSM-Project/data/augmented/train/Zircon/43__r0_f0.jpg,True,0,False,224,224,3,32514,57563cf2bb4659b46d25827df6ffc621a6614799d42daf72bb5dd7afb8e75096
IMG_0344_r0_f1,train,Zircon,2,IMG_0344,/content/BSM-Project/data/raw/BSM/Zircon/43.jpg,GRP_0344,/content/BSM-Project/data/augmented/train/Zircon/43__r0_f1.jpg,True,0,True,224,224,3,32503,bb574c6588d0508ca8852599d2296d1dd797f80b2ef652e15c773d335d2286cd
IMG_0344_r180_f0,train,Zircon,2,IMG_0344,/content/BSM-Project/data/raw/BSM/Zircon/43.jpg,GRP_0344,/content/BSM-Project/data/augmented/train/Zircon/43__r180_f0.jpg,True,180,False,224,224,3,32480,d8d6579f5d5d0c9309923bd051eee0e5fd5bb2cbe5febfb1344fb60b209cf0e8
IMG_0344_r180_f1,train,Zircon,2,IMG_0344,/content/BSM-Project/data/raw/BSM/Zircon/43.jpg,GRP_0344,/content/BSM-Project/data/augmented/train/Zircon/43__r180_f1.jpg,True,180,True,224,224,3,32539,9f72064dad68f199040e3f5612199f00f0692e3558506143d0108888cc34f69e
IMG_0344_r270_f0,train,Zircon,2,IMG_0344,/content/BSM-Project/data/raw/BSM/Zircon/43.jpg,GRP_0344,/content/BSM-Project/data/augmented/train/Zircon/43__r270_f0.jpg,True,270,False,224,224,3,29132,051869a443b7b00081f68a669321ad3627938fa40f3dd3319e6b96c8184cc26e
IMG_0344_r270_f1,train,Zircon,2,IMG_0344,/content/BSM-Project/data/raw/BSM/Zircon/43.jpg,GRP_0344,/content/BSM-Project/data/augmented/train/Zircon/43__r270_f1.jpg,True,270,True,224,224,3,29162,a63ea12488a51932da1fb00e33e4435ad5fdc40fa9cfda3bb42dbc0a8c369284
IMG_0344_r30_f0,train,Zircon,2,IMG_0344,/content/BSM-Project/data/raw/BSM/Zircon/43.jpg,GRP_0344,/content/BSM-Project/data/augmented/train/Zircon/43__r30_f0.jpg,True,30,False,224,224,3,30630,7bc125b38678c6c457d02db0f597d2446745c74cc9ab68e544d1b437356b3f23
IMG_0344_r30_f1,train,Zircon,2,IMG_0344,/content/BSM-Project/data/raw/BSM/Zircon/43.jpg,GRP_0344,/content/BSM-Project/data/augmented/train/Zircon/43__r30_f1.jpg,True,30,True,224,224,3,30643,d52a3991d98bfa4e6460021ddd79727299d24b6a5231df55c096abd6743a4b3f
IMG_0344_r45_f0,train,Zircon,2,IMG_0344,/content/BSM-Project/data/raw/BSM/Zircon/43.jpg,GRP_0344,/content/BSM-Project/data/augmented/train/Zircon/43__r45_f0.jpg,True,45,False,224,224,3,30047,23efc2977b95f94575b1a80efca8e39f46d105948ae061ca88b5a010e8348e2d
IMG_0344_r45_f1,train,Zircon,2,IMG_0344,/content/BSM-Project/data/raw/BSM/Zircon/43.jpg,GRP_0344,/content/BSM-Project/data/augmented/train/Zircon/43__r45_f1.jpg,True,45,True,224,224,3,30047,134331a3265cf65adb4f8430c1aa5759296eef41a8738d8969f681952afbb07c
IMG_0344_r90_f0,train,Zircon,2,IMG_0344,/content/BSM-Project/data/raw/BSM/Zircon/43.jpg,GRP_0344,/content/BSM-Project/data/augmented/train/Zircon/43__r90_f0.jpg,True,90,False,224,224,3,29170,1a15d67d9a027587ab82c7847e5442fbed3d68e940e77c7b188f624958a8da0a
IMG_0344_r90_f1,train,Zircon,2,IMG_0344,/content/BSM-Project/data/raw/BSM/Zircon/43.jpg,GRP_0344,/content/BSM-Project/data/augmented/train/Zircon/43__r90_f1.jpg,True,90,True,224,224,3,29131,e954b049182f91fa4d9e5dfe1cf61ebf330598ca0c22a554e9c5004cb41561bf
IMG_0345_r0_f0,train,Zircon,2,IMG_0345,/content/BSM-Project/data/raw/BSM/Zircon/44.jpg,GRP_0345,/content/BSM-Project/data/augmented/train/Zircon/44__r0_f0.jpg,True,0,False,224,224,3,25581,f91007921fec167a12d9df0ecc4ca19503edf8c63d562ac6b88209a505bff2c9
IMG_0345_r0_f1,train,Zircon,2,IMG_0345,/content/BSM-Project/data/raw/BSM/Zircon/44.jpg,GRP_0345,/content/BSM-Project/data/augmented/train/Zircon/44__r0_f1.jpg,True,0,True,224,224,3,25631,67fd084fb33cee6cca8d115d758b288106896f9046edd506c899baaf6ff99303
IMG_0345_r180_f0,train,Zircon,2,IMG_0345,/content/BSM-Project/data/raw/BSM/Zircon/44.jpg,GRP_0345,/content/BSM-Project/data/augmented/train/Zircon/44__r180_f0.jpg,True,180,False,224,224,3,25620,912bcd353e262afecfa2f53e41e35e1f18a64a787341d6404229f80114652bd0
IMG_0345_r180_f1,train,Zircon,2,IMG_0345,/content/BSM-Project/data/raw/BSM/Zircon/44.jpg,GRP_0345,/content/BSM-Project/data/augmented/train/Zircon/44__r180_f1.jpg,True,180,True,224,224,3,25614,83ba970989619be76ca8d6c6353018ddde326c6cdc27ce60765cb4c08dad55e5
IMG_0345_r270_f0,train,Zircon,2,IMG_0345,/content/BSM-Project/data/raw/BSM/Zircon/44.jpg,GRP_0345,/content/BSM-Project/data/augmented/train/Zircon/44__r270_f0.jpg,True,270,False,224,224,3,23983,af45f39ccf9fdbca05e8e3528aee7447edd1b6cf2fe25b42b35a9ed91efc95f1
IMG_0345_r270_f1,train,Zircon,2,IMG_0345,/content/BSM-Project/data/raw/BSM/Zircon/44.jpg,GRP_0345,/content/BSM-Project/data/augmented/train/Zircon/44__r270_f1.jpg,True,270,True,224,224,3,23973,c307c7a65178a5ee57e3be1d5505cda7110a0cf60e54d9d9d92c584fe460b6a2
IMG_0345_r30_f0,train,Zircon,2,IMG_0345,/content/BSM-Project/data/raw/BSM/Zircon/44.jpg,GRP_0345,/content/BSM-Project/data/augmented/train/Zircon/44__r30_f0.jpg,True,30,False,224,224,3,24687,b7e0aeb1defcaa4c79a0547742bc13242468225f55180e5e58a590d78fc32811
IMG_0345_r30_f1,train,Zircon,2,IMG_0345,/content/BSM-Project/data/raw/BSM/Zircon/44.jpg,GRP_0345,/content/BSM-Project/data/augmented/train/Zircon/44__r30_f1.jpg,True,30,True,224,224,3,24646,5fa66d72c17421b31de5a6a99482c96f053d1ad345662f38579d50df8893a5b1
IMG_0345_r45_f0,train,Zircon,2,IMG_0345,/content/BSM-Project/data/raw/BSM/Zircon/44.jpg,GRP_0345,/content/BSM-Project/data/augmented/train/Zircon/44__r45_f0.jpg,True,45,False,224,224,3,24124,f8ff861a07cc3a2ac9395e504907c8fe1e84b10e80f205181a2fe04d46b02dbb
IMG_0345_r45_f1,train,Zircon,2,IMG_0345,/content/BSM-Project/data/raw/BSM/Zircon/44.jpg,GRP_0345,/content/BSM-Project/data/augmented/train/Zircon/44__r45_f1.jpg,True,45,True,224,224,3,24084,1ec1705577ba5646ed3a3227be293a82351304acf98fa14a7fec868c7a6a5e44
IMG_0345_r90_f0,train,Zircon,2,IMG_0345,/content/BSM-Project/data/raw/BSM/Zircon/44.jpg,GRP_0345,/content/BSM-Project/data/augmented/train/Zircon/44__r90_f0.jpg,True,90,False,224,224,3,23964,155b55f6e86946db6e94552bb9b234aafb829d501f31a2d92d86840a494bf073
IMG_0345_r90_f1,train,Zircon,2,IMG_0345,/content/BSM-Project/data/raw/BSM/Zircon/44.jpg,GRP_0345,/content/BSM-Project/data/augmented/train/Zircon/44__r90_f1.jpg,True,90,True,224,224,3,23996,492b362acfa13888733d58586ecc3bcffe989d4efbe03287e7dd397ed33bae5f
IMG_0346_r0_f0,train,Zircon,2,IMG_0346,/content/BSM-Project/data/raw/BSM/Zircon/45.jpg,GRP_0346,/content/BSM-Project/data/augmented/train/Zircon/45__r0_f0.jpg,True,0,False,224,224,3,22210,5a16c7a6fc43381c50d86bd93a85d95bdfd02d3beca9767ae230bfe7de227426
IMG_0346_r0_f1,train,Zircon,2,IMG_0346,/content/BSM-Project/data/raw/BSM/Zircon/45.jpg,GRP_0346,/content/BSM-Project/data/augmented/train/Zircon/45__r0_f1.jpg,True,0,True,224,224,3,22225,248edcdd4a43b49b249e21afd1b1fad9d04f9a211697f3a34d746c8a56bdb477
IMG_0346_r180_f0,train,Zircon,2,IMG_0346,/content/BSM-Project/data/raw/BSM/Zircon/45.jpg,GRP_0346,/content/BSM-Project/data/augmented/train/Zircon/45__r180_f0.jpg,True,180,False,224,224,3,22224,230a90bfd7bd480c7d2f332ffbe13a791c7533de5035e842ebd0d3e0cbdfd289
IMG_0346_r180_f1,train,Zircon,2,IMG_0346,/content/BSM-Project/data/raw/BSM/Zircon/45.jpg,GRP_0346,/content/BSM-Project/data/augmented/train/Zircon/45__r180_f1.jpg,True,180,True,224,224,3,22230,263031a365f0d4711ac4f8201f60df6ac12e2ead015e7527dfba9b10762eb001
IMG_0346_r270_f0,train,Zircon,2,IMG_0346,/content/BSM-Project/data/raw/BSM/Zircon/45.jpg,GRP_0346,/content/BSM-Project/data/augmented/train/Zircon/45__r270_f0.jpg,True,270,False,224,224,3,21757,a90ee274aabc7da1dc43576a9670392337d69edcff80dc13b7ad075c58a3e974
IMG_0346_r270_f1,train,Zircon,2,IMG_0346,/content/BSM-Project/data/raw/BSM/Zircon/45.jpg,GRP_0346,/content/BSM-Project/data/augmented/train/Zircon/45__r270_f1.jpg,True,270,True,224,224,3,21727,eb2abf8cec1bc60c04fcab12b8b0bb18a97f4924ef80418444f15f3d0806d328
IMG_0346_r30_f0,train,Zircon,2,IMG_0346,/content/BSM-Project/data/raw/BSM/Zircon/45.jpg,GRP_0346,/content/BSM-Project/data/augmented/train/Zircon/45__r30_f0.jpg,True,30,False,224,224,3,21251,6c618bd59e42c2d3cdc8c4757d4c7f1a548141a233656c125831b3ede9de6330
IMG_0346_r30_f1,train,Zircon,2,IMG_0346,/content/BSM-Project/data/raw/BSM/Zircon/45.jpg,GRP_0346,/content/BSM-Project/data/augmented/train/Zircon/45__r30_f1.jpg,True,30,True,224,224,3,21262,8cc06185d85048f626d5de3ad6af83f1c1937b496177202c3a243b2c1954dada
IMG_0346_r45_f0,train,Zircon,2,IMG_0346,/content/BSM-Project/data/raw/BSM/Zircon/45.jpg,GRP_0346,/content/BSM-Project/data/augmented/train/Zircon/45__r45_f0.jpg,True,45,False,224,224,3,20892,9b168c34038f884cb9ab0a8ba3abf33b62342e9c6aa63097162cde54b9c16083
IMG_0346_r45_f1,train,Zircon,2,IMG_0346,/content/BSM-Project/data/raw/BSM/Zircon/45.jpg,GRP_0346,/content/BSM-Project/data/augmented/train/Zircon/45__r45_f1.jpg,True,45,True,224,224,3,20889,28725a899fc4d8d13fc08b83f46f2d1c347187f6813548d70398ab86c6af25b6
IMG_0346_r90_f0,train,Zircon,2,IMG_0346,/content/BSM-Project/data/raw/BSM/Zircon/45.jpg,GRP_0346,/content/BSM-Project/data/augmented/train/Zircon/45__r90_f0.jpg,True,90,False,224,224,3,21741,81d75e22479622b8c99da5bdd253de87a19f7f394f47a6758b9b6da05b7a50c4
IMG_0346_r90_f1,train,Zircon,2,IMG_0346,/content/BSM-Project/data/raw/BSM/Zircon/45.jpg,GRP_0346,/content/BSM-Project/data/augmented/train/Zircon/45__r90_f1.jpg,True,90,True,224,224,3,21738,192393f48d2ca5fa47b53935b0a66bc300585c9e2137d40da6ed115fe119f671
IMG_0347_r0_f0,train,Zircon,2,IMG_0347,/content/BSM-Project/data/raw/BSM/Zircon/46.jpg,GRP_0347,/content/BSM-Project/data/augmented/train/Zircon/46__r0_f0.jpg,True,0,False,224,224,3,15905,cde75c97b7680dbe802bc5c3e3c36ad6214d9506d159817b5a8cf0b60c3934c3
IMG_0347_r0_f1,train,Zircon,2,IMG_0347,/content/BSM-Project/data/raw/BSM/Zircon/46.jpg,GRP_0347,/content/BSM-Project/data/augmented/train/Zircon/46__r0_f1.jpg,True,0,True,224,224,3,15896,c5e7c807c44cbddcf88bd8a2b50a89534d4f74de559d957c15a60b73fc96007d
IMG_0347_r180_f0,train,Zircon,2,IMG_0347,/content/BSM-Project/data/raw/BSM/Zircon/46.jpg,GRP_0347,/content/BSM-Project/data/augmented/train/Zircon/46__r180_f0.jpg,True,180,False,224,224,3,15919,7a1c0f441cfd5d8e07cf23f5ea9dbe2dcd1a2849e1849f6283ec1d3b4e6f4007
IMG_0347_r180_f1,train,Zircon,2,IMG_0347,/content/BSM-Project/data/raw/BSM/Zircon/46.jpg,GRP_0347,/content/BSM-Project/data/augmented/train/Zircon/46__r180_f1.jpg,True,180,True,224,224,3,15891,a18e60db62d020c706f2c5f118149534886564710bf68a4baecce6e669fe11d2
IMG_0347_r270_f0,train,Zircon,2,IMG_0347,/content/BSM-Project/data/raw/BSM/Zircon/46.jpg,GRP_0347,/content/BSM-Project/data/augmented/train/Zircon/46__r270_f0.jpg,True,270,False,224,224,3,11335,83efe2f20bc8e96096de64e7fb800ce48916f46c84f3eb298ffa8f0a9242dc70
IMG_0347_r270_f1,train,Zircon,2,IMG_0347,/content/BSM-Project/data/raw/BSM/Zircon/46.jpg,GRP_0347,/content/BSM-Project/data/augmented/train/Zircon/46__r270_f1.jpg,True,270,True,224,224,3,11345,87b73f68c8898331bf36c53a3ac32c5ae96c615b75956fedb957e4a76caf02fd
IMG_0347_r30_f0,train,Zircon,2,IMG_0347,/content/BSM-Project/data/raw/BSM/Zircon/46.jpg,GRP_0347,/content/BSM-Project/data/augmented/train/Zircon/46__r30_f0.jpg,True,30,False,224,224,3,15396,d353267ec63f0fa53a62339a4bef8adda0400f2325f630a220cada363039c89b
IMG_0347_r30_f1,train,Zircon,2,IMG_0347,/content/BSM-Project/data/raw/BSM/Zircon/46.jpg,GRP_0347,/content/BSM-Project/data/augmented/train/Zircon/46__r30_f1.jpg,True,30,True,224,224,3,15359,4da4c635a6b200787776a83a0ab7f8cf70200f1015d29279b3151ee6e6aaeef7
IMG_0347_r45_f0,train,Zircon,2,IMG_0347,/content/BSM-Project/data/raw/BSM/Zircon/46.jpg,GRP_0347,/content/BSM-Project/data/augmented/train/Zircon/46__r45_f0.jpg,True,45,False,224,224,3,13954,d474e1b4b94c8821c3c1091266fa8819b5a0eb53541ecf86d2b942e76f3ea03b
IMG_0347_r45_f1,train,Zircon,2,IMG_0347,/content/BSM-Project/data/raw/BSM/Zircon/46.jpg,GRP_0347,/content/BSM-Project/data/augmented/train/Zircon/46__r45_f1.jpg,True,45,True,224,224,3,13958,2f01c297fee73b62bf92e9424652ac2b0621830fc340c87dc5ae21c207dfa087
IMG_0347_r90_f0,train,Zircon,2,IMG_0347,/content/BSM-Project/data/raw/BSM/Zircon/46.jpg,GRP_0347,/content/BSM-Project/data/augmented/train/Zircon/46__r90_f0.jpg,True,90,False,224,224,3,11324,1e351e9318e5e25126999cf6799f4e35df3e52f46a8e6a28c18d8b79a5182ede
IMG_0347_r90_f1,train,Zircon,2,IMG_0347,/content/BSM-Project/data/raw/BSM/Zircon/46.jpg,GRP_0347,/content/BSM-Project/data/augmented/train/Zircon/46__r90_f1.jpg,True,90,True,224,224,3,11335,edf3e2603ee3b97f0a2bf214f30084b213d59d43415b4d82c6ccbf0337d014ca
IMG_0348_r0_f0,train,Zircon,2,IMG_0348,/content/BSM-Project/data/raw/BSM/Zircon/47.jpg,GRP_0348,/content/BSM-Project/data/augmented/train/Zircon/47__r0_f0.jpg,True,0,False,224,224,3,15595,85d3eb480426047c1fd4b0830a31adc7cc9dc3463209dcacc4efc5b51ec4e7fc
IMG_0348_r0_f1,train,Zircon,2,IMG_0348,/content/BSM-Project/data/raw/BSM/Zircon/47.jpg,GRP_0348,/content/BSM-Project/data/augmented/train/Zircon/47__r0_f1.jpg,True,0,True,224,224,3,15588,a5f3d6a56992161408b207e164c019de490bf1e959eafbf0585c6fe2077ccc02
IMG_0348_r180_f0,train,Zircon,2,IMG_0348,/content/BSM-Project/data/raw/BSM/Zircon/47.jpg,GRP_0348,/content/BSM-Project/data/augmented/train/Zircon/47__r180_f0.jpg,True,180,False,224,224,3,15577,0735e5ad0ceb74e72a7312ccc44b4020ce2d86efd28200d8d90d1f2eecc91f53
IMG_0348_r180_f1,train,Zircon,2,IMG_0348,/content/BSM-Project/data/raw/BSM/Zircon/47.jpg,GRP_0348,/content/BSM-Project/data/augmented/train/Zircon/47__r180_f1.jpg,True,180,True,224,224,3,15592,b54e8e9054d82b1825bf1da9a22e7935a12a89384cf11e6ab437b3753f93218a
IMG_0348_r270_f0,train,Zircon,2,IMG_0348,/content/BSM-Project/data/raw/BSM/Zircon/47.jpg,GRP_0348,/content/BSM-Project/data/augmented/train/Zircon/47__r270_f0.jpg,True,270,False,224,224,3,16048,6eb6fc6c423807ec42500af5fc640d0bfd381bd29c194e749ac3b5c8b0ab8f8c
IMG_0348_r270_f1,train,Zircon,2,IMG_0348,/content/BSM-Project/data/raw/BSM/Zircon/47.jpg,GRP_0348,/content/BSM-Project/data/augmented/train/Zircon/47__r270_f1.jpg,True,270,True,224,224,3,16042,ae09028dc5fbc24393420aacd88137466392f2596218da25fb8e6a75fdf5547f
IMG_0348_r30_f0,train,Zircon,2,IMG_0348,/content/BSM-Project/data/raw/BSM/Zircon/47.jpg,GRP_0348,/content/BSM-Project/data/augmented/train/Zircon/47__r30_f0.jpg,True,30,False,224,224,3,16955,17932e4fbc1f724126b3714e0503e185441645292824039b4b6e421c7972dff1
IMG_0348_r30_f1,train,Zircon,2,IMG_0348,/content/BSM-Project/data/raw/BSM/Zircon/47.jpg,GRP_0348,/content/BSM-Project/data/augmented/train/Zircon/47__r30_f1.jpg,True,30,True,224,224,3,16963,b4b1cc895d0fb24224fcc7357c7ed9d53c1457da2f9b807d1c83263330d8adce
IMG_0348_r45_f0,train,Zircon,2,IMG_0348,/content/BSM-Project/data/raw/BSM/Zircon/47.jpg,GRP_0348,/content/BSM-Project/data/augmented/train/Zircon/47__r45_f0.jpg,True,45,False,224,224,3,16807,c26288e1c4de61d97643994119d40f52921bc0117ebcac20ec97d0caa22e253b
IMG_0348_r45_f1,train,Zircon,2,IMG_0348,/content/BSM-Project/data/raw/BSM/Zircon/47.jpg,GRP_0348,/content/BSM-Project/data/augmented/train/Zircon/47__r45_f1.jpg,True,45,True,224,224,3,16839,e12dba922386816b8340c12da07aaa361df0dbb6a41f30ee9e417659e9bb3997
IMG_0348_r90_f0,train,Zircon,2,IMG_0348,/content/BSM-Project/data/raw/BSM/Zircon/47.jpg,GRP_0348,/content/BSM-Project/data/augmented/train/Zircon/47__r90_f0.jpg,True,90,False,224,224,3,16049,ed26b05382efd44ee4b035889d705d8e295f9afbe3662215dd884e212a48db17
IMG_0348_r90_f1,train,Zircon,2,IMG_0348,/content/BSM-Project/data/raw/BSM/Zircon/47.jpg,GRP_0348,/content/BSM-Project/data/augmented/train/Zircon/47__r90_f1.jpg,True,90,True,224,224,3,16047,a30f7cb42dbed9e119fddeb3c65d49b10b0dce4f1c7a38b4d1983fc6065cde42
IMG_0349_r0_f0,train,Zircon,2,IMG_0349,/content/BSM-Project/data/raw/BSM/Zircon/48.jpg,GRP_0349,/content/BSM-Project/data/augmented/train/Zircon/48__r0_f0.jpg,True,0,False,224,224,3,23186,f72a3aacccee79e2e3d2a0e1fa97ff64ed9ca6ed8b9a381b9dce66151f25d9f9
IMG_0349_r0_f1,train,Zircon,2,IMG_0349,/content/BSM-Project/data/raw/BSM/Zircon/48.jpg,GRP_0349,/content/BSM-Project/data/augmented/train/Zircon/48__r0_f1.jpg,True,0,True,224,224,3,23186,50c8102970995b93f9be3280ccbe9e133d95280f5b452cd0c2f0151e20e6668c
IMG_0349_r180_f0,train,Zircon,2,IMG_0349,/content/BSM-Project/data/raw/BSM/Zircon/48.jpg,GRP_0349,/content/BSM-Project/data/augmented/train/Zircon/48__r180_f0.jpg,True,180,False,224,224,3,23209,a57c9eb7138b084494c1c3114f1e3fd15869760e77b70df996f8e0c6343414b0
IMG_0349_r180_f1,train,Zircon,2,IMG_0349,/content/BSM-Project/data/raw/BSM/Zircon/48.jpg,GRP_0349,/content/BSM-Project/data/augmented/train/Zircon/48__r180_f1.jpg,True,180,True,224,224,3,23191,c712a9894760dce9134065a89bd474f339074feb86e00a07d4d1118941e40f0d
IMG_0349_r270_f0,train,Zircon,2,IMG_0349,/content/BSM-Project/data/raw/BSM/Zircon/48.jpg,GRP_0349,/content/BSM-Project/data/augmented/train/Zircon/48__r270_f0.jpg,True,270,False,224,224,3,21666,7140ed0e28e73b25a7755f90e7f2c0d4c093a5bb1f23bc73dd8bf3c61999bdc9
IMG_0349_r270_f1,train,Zircon,2,IMG_0349,/content/BSM-Project/data/raw/BSM/Zircon/48.jpg,GRP_0349,/content/BSM-Project/data/augmented/train/Zircon/48__r270_f1.jpg,True,270,True,224,224,3,21691,5ac517146441436e50e138a6264c6b6edc11c92d79d034e70ece6fb650eb754d
IMG_0349_r30_f0,train,Zircon,2,IMG_0349,/content/BSM-Project/data/raw/BSM/Zircon/48.jpg,GRP_0349,/content/BSM-Project/data/augmented/train/Zircon/48__r30_f0.jpg,True,30,False,224,224,3,22278,e1636b7470c6d806526bf37cfea88bb53849212f1ee6220a7295c6dbe00ced8b
IMG_0349_r30_f1,train,Zircon,2,IMG_0349,/content/BSM-Project/data/raw/BSM/Zircon/48.jpg,GRP_0349,/content/BSM-Project/data/augmented/train/Zircon/48__r30_f1.jpg,True,30,True,224,224,3,22296,f6a7be94cb3b0510cca8fcfc960ab1f1122b5d318eabc13f3e7f0b29be9c49a8
IMG_0349_r45_f0,train,Zircon,2,IMG_0349,/content/BSM-Project/data/raw/BSM/Zircon/48.jpg,GRP_0349,/content/BSM-Project/data/augmented/train/Zircon/48__r45_f0.jpg,True,45,False,224,224,3,22017,21e979f06ed970c5683b87688f35d30594cbf11c95c4955b489a22ec4dcb42df
IMG_0349_r45_f1,train,Zircon,2,IMG_0349,/content/BSM-Project/data/raw/BSM/Zircon/48.jpg,GRP_0349,/content/BSM-Project/data/augmented/train/Zircon/48__r45_f1.jpg,True,45,True,224,224,3,21983,cfd0fe743269c5d226f13020b475152c721cc04d08f5fc782440545c9fb2d2c6
IMG_0349_r90_f0,train,Zircon,2,IMG_0349,/content/BSM-Project/data/raw/BSM/Zircon/48.jpg,GRP_0349,/content/BSM-Project/data/augmented/train/Zircon/48__r90_f0.jpg,True,90,False,224,224,3,21668,69bce0646f4dce5feab1886f45a21d88db42c8e1e5998243d4c3b198021e0dbe
IMG_0349_r90_f1,train,Zircon,2,IMG_0349,/content/BSM-Project/data/raw/BSM/Zircon/48.jpg,GRP_0349,/content/BSM-Project/data/augmented/train/Zircon/48__r90_f1.jpg,True,90,True,224,224,3,21693,12391f74077adf2395122817756ca62e28c9d643fe133cf860fbe1a1b4b375c0
IMG_0350_r0_f0,train,Zircon,2,IMG_0350,/content/BSM-Project/data/raw/BSM/Zircon/49.jpg,GRP_0350,/content/BSM-Project/data/augmented/train/Zircon/49__r0_f0.jpg,True,0,False,224,224,3,23781,280cd0642f746456e1ab95394be6500c0dc6a54f21a552e9d0bea869704fa6e8
IMG_0350_r0_f1,train,Zircon,2,IMG_0350,/content/BSM-Project/data/raw/BSM/Zircon/49.jpg,GRP_0350,/content/BSM-Project/data/augmented/train/Zircon/49__r0_f1.jpg,True,0,True,224,224,3,23785,6a2959ab5e6348e939f06ca515b0ba8332df53d272b74332ebffae04f7330109
IMG_0350_r180_f0,train,Zircon,2,IMG_0350,/content/BSM-Project/data/raw/BSM/Zircon/49.jpg,GRP_0350,/content/BSM-Project/data/augmented/train/Zircon/49__r180_f0.jpg,True,180,False,224,224,3,23794,c64b03362dab7ad3a30e270d1ade78a07e283c81570cb7c0b5e8a1cf2183a6e7
IMG_0350_r180_f1,train,Zircon,2,IMG_0350,/content/BSM-Project/data/raw/BSM/Zircon/49.jpg,GRP_0350,/content/BSM-Project/data/augmented/train/Zircon/49__r180_f1.jpg,True,180,True,224,224,3,23782,44c7916ecf07e4caf0167ff45f230464315f2f49e13e9611b5444aafc197fa5c
IMG_0350_r270_f0,train,Zircon,2,IMG_0350,/content/BSM-Project/data/raw/BSM/Zircon/49.jpg,GRP_0350,/content/BSM-Project/data/augmented/train/Zircon/49__r270_f0.jpg,True,270,False,224,224,3,24129,923f0a94c4c15155be2daab8c04691751a8c7f0c8a5eac440a1a01e2a32cc088
IMG_0350_r270_f1,train,Zircon,2,IMG_0350,/content/BSM-Project/data/raw/BSM/Zircon/49.jpg,GRP_0350,/content/BSM-Project/data/augmented/train/Zircon/49__r270_f1.jpg,True,270,True,224,224,3,24118,b765e13ba4ba1e77026af02b882a133faa8d147d8efe23651b272e126597e167
IMG_0350_r30_f0,train,Zircon,2,IMG_0350,/content/BSM-Project/data/raw/BSM/Zircon/49.jpg,GRP_0350,/content/BSM-Project/data/augmented/train/Zircon/49__r30_f0.jpg,True,30,False,224,224,3,22807,e219a598a3628ee64c62afaec3d56717299ea5c82575095c67cac4e0b3b933c5
IMG_0350_r30_f1,train,Zircon,2,IMG_0350,/content/BSM-Project/data/raw/BSM/Zircon/49.jpg,GRP_0350,/content/BSM-Project/data/augmented/train/Zircon/49__r30_f1.jpg,True,30,True,224,224,3,22802,f1aafce54e60c6a744f6b413970228b85fd42d5d8dd147627ff388f8348702ce
IMG_0350_r45_f0,train,Zircon,2,IMG_0350,/content/BSM-Project/data/raw/BSM/Zircon/49.jpg,GRP_0350,/content/BSM-Project/data/augmented/train/Zircon/49__r45_f0.jpg,True,45,False,224,224,3,22664,92bc22ec3617d86754399cfcab52b5163b51fed7ca628464db4a227bc8f8b017
IMG_0350_r45_f1,train,Zircon,2,IMG_0350,/content/BSM-Project/data/raw/BSM/Zircon/49.jpg,GRP_0350,/content/BSM-Project/data/augmented/train/Zircon/49__r45_f1.jpg,True,45,True,224,224,3,22679,f46837bbd038a7b856d49aa65e45c0470de8a6f1e2f9b4ec97cd45558b000978
IMG_0350_r90_f0,train,Zircon,2,IMG_0350,/content/BSM-Project/data/raw/BSM/Zircon/49.jpg,GRP_0350,/content/BSM-Project/data/augmented/train/Zircon/49__r90_f0.jpg,True,90,False,224,224,3,24125,cece54bab45f4dac78f0d80d5b92a76dfae9baddfb916d2374e491b312fe9cb9
IMG_0350_r90_f1,train,Zircon,2,IMG_0350,/content/BSM-Project/data/raw/BSM/Zircon/49.jpg,GRP_0350,/content/BSM-Project/data/augmented/train/Zircon/49__r90_f1.jpg,True,90,True,224,224,3,24129,421c8b89d0fc7b611008aae83c949ee8be42a6a4c6722293fbac397543f84467
IMG_0351_r0_f0,train,Zircon,2,IMG_0351,/content/BSM-Project/data/raw/BSM/Zircon/5.jpg,GRP_0351,/content/BSM-Project/data/augmented/train/Zircon/5__r0_f0.jpg,True,0,False,224,224,3,14449,e151eeb0ff08725ecb6ed2c7d6291f98f4d7c1db4d8a2fb02c1f5b2696903a6b
IMG_0351_r0_f1,train,Zircon,2,IMG_0351,/content/BSM-Project/data/raw/BSM/Zircon/5.jpg,GRP_0351,/content/BSM-Project/data/augmented/train/Zircon/5__r0_f1.jpg,True,0,True,224,224,3,14474,afc827fd46e948071d9d127c761050e03923f54f10ef7917e6d33db2a93def3b
IMG_0351_r180_f0,train,Zircon,2,IMG_0351,/content/BSM-Project/data/raw/BSM/Zircon/5.jpg,GRP_0351,/content/BSM-Project/data/augmented/train/Zircon/5__r180_f0.jpg,True,180,False,224,224,3,14449,cc8df8665928ad3be615d60e6791ec1aa1f7f8de162a7caaa875e0e9c6ddb765
IMG_0351_r180_f1,train,Zircon,2,IMG_0351,/content/BSM-Project/data/raw/BSM/Zircon/5.jpg,GRP_0351,/content/BSM-Project/data/augmented/train/Zircon/5__r180_f1.jpg,True,180,True,224,224,3,14468,8f90622dab26686f68b6beff859774d942f48c7415319cfa37de5b093e4bc7d3
IMG_0351_r270_f0,train,Zircon,2,IMG_0351,/content/BSM-Project/data/raw/BSM/Zircon/5.jpg,GRP_0351,/content/BSM-Project/data/augmented/train/Zircon/5__r270_f0.jpg,True,270,False,224,224,3,15532,6d6f15835cc27d679a60cf231c3bc68c9f7aecfce12526d00d9ff3347f01d5a6
IMG_0351_r270_f1,train,Zircon,2,IMG_0351,/content/BSM-Project/data/raw/BSM/Zircon/5.jpg,GRP_0351,/content/BSM-Project/data/augmented/train/Zircon/5__r270_f1.jpg,True,270,True,224,224,3,15531,d53ac42fb3363b9b7e3bfbe959e2bf0dd6c513c315fb0ca63dd5911ca9f0124d
IMG_0351_r30_f0,train,Zircon,2,IMG_0351,/content/BSM-Project/data/raw/BSM/Zircon/5.jpg,GRP_0351,/content/BSM-Project/data/augmented/train/Zircon/5__r30_f0.jpg,True,30,False,224,224,3,17920,783d9bc846cdf46f5e04eff9601a63fa1c7b704d28a014d0a8024a7db3c32c6e
IMG_0351_r30_f1,train,Zircon,2,IMG_0351,/content/BSM-Project/data/raw/BSM/Zircon/5.jpg,GRP_0351,/content/BSM-Project/data/augmented/train/Zircon/5__r30_f1.jpg,True,30,True,224,224,3,17919,240fa956aa19c585f548d348bceb0d7e2444dfad0424c37beec2f7ae159cc001
IMG_0351_r45_f0,train,Zircon,2,IMG_0351,/content/BSM-Project/data/raw/BSM/Zircon/5.jpg,GRP_0351,/content/BSM-Project/data/augmented/train/Zircon/5__r45_f0.jpg,True,45,False,224,224,3,18092,7a22f1335a7fdcf4da42b51be3e6f9cfa1f973e049e3559b0dcf7da5db64739a
IMG_0351_r45_f1,train,Zircon,2,IMG_0351,/content/BSM-Project/data/raw/BSM/Zircon/5.jpg,GRP_0351,/content/BSM-Project/data/augmented/train/Zircon/5__r45_f1.jpg,True,45,True,224,224,3,18083,1ba63d887bbcf550b3f9262aa6f49304d228d371bcc1d5e77929174897a8ad75
IMG_0351_r90_f0,train,Zircon,2,IMG_0351,/content/BSM-Project/data/raw/BSM/Zircon/5.jpg,GRP_0351,/content/BSM-Project/data/augmented/train/Zircon/5__r90_f0.jpg,True,90,False,224,224,3,15540,d6660660c8e83331ebd4952a66690e6502e367cdb1046a4f15dbd7ce2288f264
IMG_0351_r90_f1,train,Zircon,2,IMG_0351,/content/BSM-Project/data/raw/BSM/Zircon/5.jpg,GRP_0351,/content/BSM-Project/data/augmented/train/Zircon/5__r90_f1.jpg,True,90,True,224,224,3,15538,843d66a84e7e93e685b4b592ef051afb49498823c36166b0101dfe2582dfe124
IMG_0352_r0_f0,train,Zircon,2,IMG_0352,/content/BSM-Project/data/raw/BSM/Zircon/50.jpg,GRP_0352,/content/BSM-Project/data/augmented/train/Zircon/50__r0_f0.jpg,True,0,False,224,224,3,27403,7f9e95045d0a7624682d4235b883ceed577944f57b0ea657eeaa95f153c444df
IMG_0352_r0_f1,train,Zircon,2,IMG_0352,/content/BSM-Project/data/raw/BSM/Zircon/50.jpg,GRP_0352,/content/BSM-Project/data/augmented/train/Zircon/50__r0_f1.jpg,True,0,True,224,224,3,27392,c33c105cba6faa87e915ee04db0fa7e6a7dd843287c700d908e26f905174c42a
IMG_0352_r180_f0,train,Zircon,2,IMG_0352,/content/BSM-Project/data/raw/BSM/Zircon/50.jpg,GRP_0352,/content/BSM-Project/data/augmented/train/Zircon/50__r180_f0.jpg,True,180,False,224,224,3,27393,63151bb20ba444b4e1ecb4b6ce8403ee7706a491f131f89eb0a9bf647b927d48
IMG_0352_r180_f1,train,Zircon,2,IMG_0352,/content/BSM-Project/data/raw/BSM/Zircon/50.jpg,GRP_0352,/content/BSM-Project/data/augmented/train/Zircon/50__r180_f1.jpg,True,180,True,224,224,3,27400,ff140421a8de65704095ee661acfaa608ee0479299433e04cd63b3bf790306e6
IMG_0352_r270_f0,train,Zircon,2,IMG_0352,/content/BSM-Project/data/raw/BSM/Zircon/50.jpg,GRP_0352,/content/BSM-Project/data/augmented/train/Zircon/50__r270_f0.jpg,True,270,False,224,224,3,24404,467e3fdcb75c67f22915d42010d8b5b840c2899b9b5044b434b1e762f4ee5f87
IMG_0352_r270_f1,train,Zircon,2,IMG_0352,/content/BSM-Project/data/raw/BSM/Zircon/50.jpg,GRP_0352,/content/BSM-Project/data/augmented/train/Zircon/50__r270_f1.jpg,True,270,True,224,224,3,24445,4bb62dcfc64f1bc1f8f701ed99d8d28ad5a7144f04d4bbb6ac0688bb2725d1d1
IMG_0352_r30_f0,train,Zircon,2,IMG_0352,/content/BSM-Project/data/raw/BSM/Zircon/50.jpg,GRP_0352,/content/BSM-Project/data/augmented/train/Zircon/50__r30_f0.jpg,True,30,False,224,224,3,27758,946bca89933af8a859c686c70a486e8afdea4ffd4d85b98a993cdbb677cdd6a4
IMG_0352_r30_f1,train,Zircon,2,IMG_0352,/content/BSM-Project/data/raw/BSM/Zircon/50.jpg,GRP_0352,/content/BSM-Project/data/augmented/train/Zircon/50__r30_f1.jpg,True,30,True,224,224,3,27743,d8c19c99b19e95638e535cc06f2684b6201f00407944d7f9a6f693a72bc4bcae
IMG_0352_r45_f0,train,Zircon,2,IMG_0352,/content/BSM-Project/data/raw/BSM/Zircon/50.jpg,GRP_0352,/content/BSM-Project/data/augmented/train/Zircon/50__r45_f0.jpg,True,45,False,224,224,3,26940,7ce0c90daa85ea9cd885d06ab1836768ab5ab93b99da0d663292458de1acfdd8
IMG_0352_r45_f1,train,Zircon,2,IMG_0352,/content/BSM-Project/data/raw/BSM/Zircon/50.jpg,GRP_0352,/content/BSM-Project/data/augmented/train/Zircon/50__r45_f1.jpg,True,45,True,224,224,3,26941,35dc9cba161025c4beec37ea605c0ee5a309cdf6a674b3b48fc4327b1fb89830
IMG_0352_r90_f0,train,Zircon,2,IMG_0352,/content/BSM-Project/data/raw/BSM/Zircon/50.jpg,GRP_0352,/content/BSM-Project/data/augmented/train/Zircon/50__r90_f0.jpg,True,90,False,224,224,3,24435,ff0e8e8395feef39dc8aef32f9352b15ba32e53c0401fbd5ccee27600934b365
IMG_0352_r90_f1,train,Zircon,2,IMG_0352,/content/BSM-Project/data/raw/BSM/Zircon/50.jpg,GRP_0352,/content/BSM-Project/data/augmented/train/Zircon/50__r90_f1.jpg,True,90,True,224,224,3,24417,52323662a1a296fe4e7d36471e47ac0467a86c3c5d442b1b81509586db3389a1
IMG_0353_r0_f0,train,Zircon,2,IMG_0353,/content/BSM-Project/data/raw/BSM/Zircon/51.jpg,GRP_0353,/content/BSM-Project/data/augmented/train/Zircon/51__r0_f0.jpg,True,0,False,224,224,3,23907,4ad2d94a63e4b386966d201f23d3af034adf0578e0c9de739b569baead4d84ea
IMG_0353_r0_f1,train,Zircon,2,IMG_0353,/content/BSM-Project/data/raw/BSM/Zircon/51.jpg,GRP_0353,/content/BSM-Project/data/augmented/train/Zircon/51__r0_f1.jpg,True,0,True,224,224,3,23901,0d784a46725fee61f4a1c235c83aceeeca40879b73141bc52809a603822825c5
IMG_0353_r180_f0,train,Zircon,2,IMG_0353,/content/BSM-Project/data/raw/BSM/Zircon/51.jpg,GRP_0353,/content/BSM-Project/data/augmented/train/Zircon/51__r180_f0.jpg,True,180,False,224,224,3,23910,edbe7ee5fa32ccc6e1a85926741f16968fd1af9ba0f4472a7e88fcb06c4013ad
IMG_0353_r180_f1,train,Zircon,2,IMG_0353,/content/BSM-Project/data/raw/BSM/Zircon/51.jpg,GRP_0353,/content/BSM-Project/data/augmented/train/Zircon/51__r180_f1.jpg,True,180,True,224,224,3,23893,866d1bba2a354937b89a2a8458a77280232f2a05053b8ac1fc45b93ea38788ca
IMG_0353_r270_f0,train,Zircon,2,IMG_0353,/content/BSM-Project/data/raw/BSM/Zircon/51.jpg,GRP_0353,/content/BSM-Project/data/augmented/train/Zircon/51__r270_f0.jpg,True,270,False,224,224,3,21109,41f7ff0dd5f5d028b5018666bdf884274cc76098bba16bac32ebb10d9c5bc235
IMG_0353_r270_f1,train,Zircon,2,IMG_0353,/content/BSM-Project/data/raw/BSM/Zircon/51.jpg,GRP_0353,/content/BSM-Project/data/augmented/train/Zircon/51__r270_f1.jpg,True,270,True,224,224,3,21111,80c94f97b5ae5531e5b8e302495553cf96afd5909fd0bc02c46cf923be63c5b4
IMG_0353_r30_f0,train,Zircon,2,IMG_0353,/content/BSM-Project/data/raw/BSM/Zircon/51.jpg,GRP_0353,/content/BSM-Project/data/augmented/train/Zircon/51__r30_f0.jpg,True,30,False,224,224,3,22751,2fda649de8a95361949ac8022c68725ad59d2dbeb1961cff086d9961a421a9d2
IMG_0353_r30_f1,train,Zircon,2,IMG_0353,/content/BSM-Project/data/raw/BSM/Zircon/51.jpg,GRP_0353,/content/BSM-Project/data/augmented/train/Zircon/51__r30_f1.jpg,True,30,True,224,224,3,22780,92aee9f107545b1f62786ecbe69be138872abfe883b2528445f30cf8ab27c6d5
IMG_0353_r45_f0,train,Zircon,2,IMG_0353,/content/BSM-Project/data/raw/BSM/Zircon/51.jpg,GRP_0353,/content/BSM-Project/data/augmented/train/Zircon/51__r45_f0.jpg,True,45,False,224,224,3,22337,4e306771109aefc9fb682c776fb59db59adb497ce52a57b05ff68b81b377005a
IMG_0353_r45_f1,train,Zircon,2,IMG_0353,/content/BSM-Project/data/raw/BSM/Zircon/51.jpg,GRP_0353,/content/BSM-Project/data/augmented/train/Zircon/51__r45_f1.jpg,True,45,True,224,224,3,22345,89edb2a129ab43ba908ad0456fabf2fefb74f7a3e8d2841a986b528dfa5f41ea
IMG_0353_r90_f0,train,Zircon,2,IMG_0353,/content/BSM-Project/data/raw/BSM/Zircon/51.jpg,GRP_0353,/content/BSM-Project/data/augmented/train/Zircon/51__r90_f0.jpg,True,90,False,224,224,3,21114,22ed7f22a521ccf9f959763d4ffa0fefc655dd060326c06082486b81e648eeb2
IMG_0353_r90_f1,train,Zircon,2,IMG_0353,/content/BSM-Project/data/raw/BSM/Zircon/51.jpg,GRP_0353,/content/BSM-Project/data/augmented/train/Zircon/51__r90_f1.jpg,True,90,True,224,224,3,21106,0d7f87df59b405c9f57a22e2f53ce88b3df27d713bf5b6018d91348c92f558a3
IMG_0354_r0_f0,train,Zircon,2,IMG_0354,/content/BSM-Project/data/raw/BSM/Zircon/52.jpg,GRP_0354,/content/BSM-Project/data/augmented/train/Zircon/52__r0_f0.jpg,True,0,False,224,224,3,21558,8de35d5f5345f397747cc76c94644ebedffcdbea23c873fbed7df2e58d74ef86
IMG_0354_r0_f1,train,Zircon,2,IMG_0354,/content/BSM-Project/data/raw/BSM/Zircon/52.jpg,GRP_0354,/content/BSM-Project/data/augmented/train/Zircon/52__r0_f1.jpg,True,0,True,224,224,3,21543,6e3f2981256857f300d60580119769e3a33ed05a37d961d9232284bd49c7f28c
IMG_0354_r180_f0,train,Zircon,2,IMG_0354,/content/BSM-Project/data/raw/BSM/Zircon/52.jpg,GRP_0354,/content/BSM-Project/data/augmented/train/Zircon/52__r180_f0.jpg,True,180,False,224,224,3,21532,4ab7193511a953437582d4eed7cbcc054ff9fc40571da02f4ab8b7a6a5cf956e
IMG_0354_r180_f1,train,Zircon,2,IMG_0354,/content/BSM-Project/data/raw/BSM/Zircon/52.jpg,GRP_0354,/content/BSM-Project/data/augmented/train/Zircon/52__r180_f1.jpg,True,180,True,224,224,3,21574,ae7914e23be90765091c478e7686f6616c4b5df619d75e39c223a84585921482
IMG_0354_r270_f0,train,Zircon,2,IMG_0354,/content/BSM-Project/data/raw/BSM/Zircon/52.jpg,GRP_0354,/content/BSM-Project/data/augmented/train/Zircon/52__r270_f0.jpg,True,270,False,224,224,3,22679,173be34368810e417ed10b574839cd65e4f3f4ea9ce026f293ae57a07a8aac83
IMG_0354_r270_f1,train,Zircon,2,IMG_0354,/content/BSM-Project/data/raw/BSM/Zircon/52.jpg,GRP_0354,/content/BSM-Project/data/augmented/train/Zircon/52__r270_f1.jpg,True,270,True,224,224,3,22615,50cb3933b9232e551c452024385105ac62fbfe80e4892d80f1b9d55b6b55dd86
IMG_0354_r30_f0,train,Zircon,2,IMG_0354,/content/BSM-Project/data/raw/BSM/Zircon/52.jpg,GRP_0354,/content/BSM-Project/data/augmented/train/Zircon/52__r30_f0.jpg,True,30,False,224,224,3,24359,0d2306eeb15ccd9f8756cb56f4e3710e2d5c1712b1fc5d29f7fd129762c92924
IMG_0354_r30_f1,train,Zircon,2,IMG_0354,/content/BSM-Project/data/raw/BSM/Zircon/52.jpg,GRP_0354,/content/BSM-Project/data/augmented/train/Zircon/52__r30_f1.jpg,True,30,True,224,224,3,24377,5aea373fc87e12783ede26eab5a9a925ef21246ff72f1253d511c50cb6960f10
IMG_0354_r45_f0,train,Zircon,2,IMG_0354,/content/BSM-Project/data/raw/BSM/Zircon/52.jpg,GRP_0354,/content/BSM-Project/data/augmented/train/Zircon/52__r45_f0.jpg,True,45,False,224,224,3,24186,daa1fbc29a7d36ad27c53bfc69a6c30788e2cd2bcb78ed31ffd8bc3c560c1eed
IMG_0354_r45_f1,train,Zircon,2,IMG_0354,/content/BSM-Project/data/raw/BSM/Zircon/52.jpg,GRP_0354,/content/BSM-Project/data/augmented/train/Zircon/52__r45_f1.jpg,True,45,True,224,224,3,24188,6a9989503682fd033f1a542bf95d1680c36de2a9fa9eae9208c6e4386c6ae471
IMG_0354_r90_f0,train,Zircon,2,IMG_0354,/content/BSM-Project/data/raw/BSM/Zircon/52.jpg,GRP_0354,/content/BSM-Project/data/augmented/train/Zircon/52__r90_f0.jpg,True,90,False,224,224,3,22642,fa54d6c36d9caebcc25414775c1bd2cea79ba3648a9c753acfe2c8b3ad066b76
IMG_0354_r90_f1,train,Zircon,2,IMG_0354,/content/BSM-Project/data/raw/BSM/Zircon/52.jpg,GRP_0354,/content/BSM-Project/data/augmented/train/Zircon/52__r90_f1.jpg,True,90,True,224,224,3,22680,5b6497b19cbed5d0785301bed8f9b1ba782ea0bd8f0d79f1f936012a33218780
IMG_0358_r0_f0,train,Zircon,2,IMG_0358,/content/BSM-Project/data/raw/BSM/Zircon/56.jpg,GRP_0358,/content/BSM-Project/data/augmented/train/Zircon/56__r0_f0.jpg,True,0,False,224,224,3,10835,1e622b3e92bec93599d38a27b26ac2ac4c8851c92b06e869eb9c5a28046b45ab
IMG_0358_r0_f1,train,Zircon,2,IMG_0358,/content/BSM-Project/data/raw/BSM/Zircon/56.jpg,GRP_0358,/content/BSM-Project/data/augmented/train/Zircon/56__r0_f1.jpg,True,0,True,224,224,3,10847,5305d04ee9f669dd75d093598737186a31bca7cf60969621a0bf449373d2edb4
IMG_0358_r180_f0,train,Zircon,2,IMG_0358,/content/BSM-Project/data/raw/BSM/Zircon/56.jpg,GRP_0358,/content/BSM-Project/data/augmented/train/Zircon/56__r180_f0.jpg,True,180,False,224,224,3,10836,4faabf119d7bb176f0bcc7aa4da88c8fabfd55f3bc653afcf9de30ed48da65d7
IMG_0358_r180_f1,train,Zircon,2,IMG_0358,/content/BSM-Project/data/raw/BSM/Zircon/56.jpg,GRP_0358,/content/BSM-Project/data/augmented/train/Zircon/56__r180_f1.jpg,True,180,True,224,224,3,10825,b2c2ab570c7a110c1957d02fb1dcca5ef7e2c8c5cd7f7bbeea1c8c0f0bf0b555
IMG_0358_r270_f0,train,Zircon,2,IMG_0358,/content/BSM-Project/data/raw/BSM/Zircon/56.jpg,GRP_0358,/content/BSM-Project/data/augmented/train/Zircon/56__r270_f0.jpg,True,270,False,224,224,3,11572,4b62faa22aaec2a5932330acc718d6b0c9e0cafec82c57d11aa4dce7f76201ba
IMG_0358_r270_f1,train,Zircon,2,IMG_0358,/content/BSM-Project/data/raw/BSM/Zircon/56.jpg,GRP_0358,/content/BSM-Project/data/augmented/train/Zircon/56__r270_f1.jpg,True,270,True,224,224,3,11587,899851d2bc3f17f1293f60557e088f18609d56a2fd3c34aec65604a9401e936a
IMG_0358_r30_f0,train,Zircon,2,IMG_0358,/content/BSM-Project/data/raw/BSM/Zircon/56.jpg,GRP_0358,/content/BSM-Project/data/augmented/train/Zircon/56__r30_f0.jpg,True,30,False,224,224,3,14330,0e3de022bf08cf3350390a47658d3600d010598ea29bc4c61c4b1ef0eb33e32c
IMG_0358_r30_f1,train,Zircon,2,IMG_0358,/content/BSM-Project/data/raw/BSM/Zircon/56.jpg,GRP_0358,/content/BSM-Project/data/augmented/train/Zircon/56__r30_f1.jpg,True,30,True,224,224,3,14310,5c6c6a37b68dec7ceedab67a60ec3f00edf2d71fbf5f9822245207a7bb5697f5
IMG_0358_r45_f0,train,Zircon,2,IMG_0358,/content/BSM-Project/data/raw/BSM/Zircon/56.jpg,GRP_0358,/content/BSM-Project/data/augmented/train/Zircon/56__r45_f0.jpg,True,45,False,224,224,3,14348,a17e9015105cd8ffe2c1220bfc219d0599930f51392aba899f792a956d75483c
IMG_0358_r45_f1,train,Zircon,2,IMG_0358,/content/BSM-Project/data/raw/BSM/Zircon/56.jpg,GRP_0358,/content/BSM-Project/data/augmented/train/Zircon/56__r45_f1.jpg,True,45,True,224,224,3,14314,d35bf1b6b52dd7953f9f02e0b0b3512b5f536c11f3e57c7664057dd87eb81636
IMG_0358_r90_f0,train,Zircon,2,IMG_0358,/content/BSM-Project/data/raw/BSM/Zircon/56.jpg,GRP_0358,/content/BSM-Project/data/augmented/train/Zircon/56__r90_f0.jpg,True,90,False,224,224,3,11565,4802dea4000168d09f7ae430e31c43a80fb1f0123d86ced562f01839d5742ea8
IMG_0358_r90_f1,train,Zircon,2,IMG_0358,/content/BSM-Project/data/raw/BSM/Zircon/56.jpg,GRP_0358,/content/BSM-Project/data/augmented/train/Zircon/56__r90_f1.jpg,True,90,True,224,224,3,11578,e279337867dd4745e99f98a5c8b009f69d32e3823459e612c1b40e06f987cb00
IMG_0359_r0_f0,train,Zircon,2,IMG_0359,/content/BSM-Project/data/raw/BSM/Zircon/57.jpg,GRP_0359,/content/BSM-Project/data/augmented/train/Zircon/57__r0_f0.jpg,True,0,False,224,224,3,18037,41f45335a63e569c3d93fa5cb2fd45b89f084075575a98291fcacea6f9aa7b56
IMG_0359_r0_f1,train,Zircon,2,IMG_0359,/content/BSM-Project/data/raw/BSM/Zircon/57.jpg,GRP_0359,/content/BSM-Project/data/augmented/train/Zircon/57__r0_f1.jpg,True,0,True,224,224,3,18026,fc7c437c9b22b968570d170ba13a25548942b93d02879ca48a2e3ed725972a76
IMG_0359_r180_f0,train,Zircon,2,IMG_0359,/content/BSM-Project/data/raw/BSM/Zircon/57.jpg,GRP_0359,/content/BSM-Project/data/augmented/train/Zircon/57__r180_f0.jpg,True,180,False,224,224,3,18036,23aa081a9190fe2976c0fe1efe5036fb5d19bebc559e713f8db3528665697a9b
IMG_0359_r180_f1,train,Zircon,2,IMG_0359,/content/BSM-Project/data/raw/BSM/Zircon/57.jpg,GRP_0359,/content/BSM-Project/data/augmented/train/Zircon/57__r180_f1.jpg,True,180,True,224,224,3,18033,643ce833ac8c72fbd4631660c704ecd86bd29da48952354d82ecc0f1345b3d85
IMG_0359_r270_f0,train,Zircon,2,IMG_0359,/content/BSM-Project/data/raw/BSM/Zircon/57.jpg,GRP_0359,/content/BSM-Project/data/augmented/train/Zircon/57__r270_f0.jpg,True,270,False,224,224,3,19029,bbe31477a489ea3c7df45ba6cebde132a5a0fb2b168f7d16262db07e5dde37f1
IMG_0359_r270_f1,train,Zircon,2,IMG_0359,/content/BSM-Project/data/raw/BSM/Zircon/57.jpg,GRP_0359,/content/BSM-Project/data/augmented/train/Zircon/57__r270_f1.jpg,True,270,True,224,224,3,19054,b8a412584ed8cc3c03456535864a7c92b242b58fceeeb65c962579406f5e0059
IMG_0359_r30_f0,train,Zircon,2,IMG_0359,/content/BSM-Project/data/raw/BSM/Zircon/57.jpg,GRP_0359,/content/BSM-Project/data/augmented/train/Zircon/57__r30_f0.jpg,True,30,False,224,224,3,21725,25e45792695dfbdfac0cde0a3723f3446fc9c85bdd74912151e793cf0a06acb7
IMG_0359_r30_f1,train,Zircon,2,IMG_0359,/content/BSM-Project/data/raw/BSM/Zircon/57.jpg,GRP_0359,/content/BSM-Project/data/augmented/train/Zircon/57__r30_f1.jpg,True,30,True,224,224,3,21669,136006e91a25008acecd326c0aaa1d5aa56bd0c480e7275b576bced12b844d6e
IMG_0359_r45_f0,train,Zircon,2,IMG_0359,/content/BSM-Project/data/raw/BSM/Zircon/57.jpg,GRP_0359,/content/BSM-Project/data/augmented/train/Zircon/57__r45_f0.jpg,True,45,False,224,224,3,21918,af3e8d076cf4c3b00040ecb82b01e35db41599b3405d61ecdc4b2f510eb03bf6
IMG_0359_r45_f1,train,Zircon,2,IMG_0359,/content/BSM-Project/data/raw/BSM/Zircon/57.jpg,GRP_0359,/content/BSM-Project/data/augmented/train/Zircon/57__r45_f1.jpg,True,45,True,224,224,3,21917,6ba63340ec33fd8cc718b741e1665a2410d977401860c4860fa80af32b1fff28
IMG_0359_r90_f0,train,Zircon,2,IMG_0359,/content/BSM-Project/data/raw/BSM/Zircon/57.jpg,GRP_0359,/content/BSM-Project/data/augmented/train/Zircon/57__r90_f0.jpg,True,90,False,224,224,3,19027,abdac4ad8480238171c0209cd2e74c910fccf5215579cf6b09c76486d396dcf1
IMG_0359_r90_f1,train,Zircon,2,IMG_0359,/content/BSM-Project/data/raw/BSM/Zircon/57.jpg,GRP_0359,/content/BSM-Project/data/augmented/train/Zircon/57__r90_f1.jpg,True,90,True,224,224,3,19038,ba6a889bf031dd5462779a3c7ac59a2ff1c9766673608be802344a6522cc8c99
IMG_0363_r0_f0,train,Zircon,2,IMG_0363,/content/BSM-Project/data/raw/BSM/Zircon/60.jpg,GRP_0363,/content/BSM-Project/data/augmented/train/Zircon/60__r0_f0.jpg,True,0,False,224,224,3,15386,f5458eb9cafbba25905e4c2916a97048adabcdf5db37e1e9f85e8d2cac598137
IMG_0363_r0_f1,train,Zircon,2,IMG_0363,/content/BSM-Project/data/raw/BSM/Zircon/60.jpg,GRP_0363,/content/BSM-Project/data/augmented/train/Zircon/60__r0_f1.jpg,True,0,True,224,224,3,15381,7620a698b291b6842ca7daceb9fc580df9967baecc2736873437a3d8538f3621
IMG_0363_r180_f0,train,Zircon,2,IMG_0363,/content/BSM-Project/data/raw/BSM/Zircon/60.jpg,GRP_0363,/content/BSM-Project/data/augmented/train/Zircon/60__r180_f0.jpg,True,180,False,224,224,3,15389,76d8fc2fdb5f1fb28d014e16e720e9f8894efda4464222492aba3f2a4c1c8dbb
IMG_0363_r180_f1,train,Zircon,2,IMG_0363,/content/BSM-Project/data/raw/BSM/Zircon/60.jpg,GRP_0363,/content/BSM-Project/data/augmented/train/Zircon/60__r180_f1.jpg,True,180,True,224,224,3,15389,d9da718355194fe54b6e55d271ef8f5e8134a5cc7d203dd69e111fbda08f23ea
IMG_0363_r270_f0,train,Zircon,2,IMG_0363,/content/BSM-Project/data/raw/BSM/Zircon/60.jpg,GRP_0363,/content/BSM-Project/data/augmented/train/Zircon/60__r270_f0.jpg,True,270,False,224,224,3,16687,f2d2821d7415d2b60891c86753f12b9ee33bc0b2d3be9c30bc98ccace64e6bef
IMG_0363_r270_f1,train,Zircon,2,IMG_0363,/content/BSM-Project/data/raw/BSM/Zircon/60.jpg,GRP_0363,/content/BSM-Project/data/augmented/train/Zircon/60__r270_f1.jpg,True,270,True,224,224,3,16676,f17001a0e68147a8c4419d7f52467b4933a5f416d4bd516ec8d8b906fae94606
IMG_0363_r30_f0,train,Zircon,2,IMG_0363,/content/BSM-Project/data/raw/BSM/Zircon/60.jpg,GRP_0363,/content/BSM-Project/data/augmented/train/Zircon/60__r30_f0.jpg,True,30,False,224,224,3,18224,31cf8bc2ef731db25f14297f75604cef514515654bca4905aa309e8d75a024b9
IMG_0363_r30_f1,train,Zircon,2,IMG_0363,/content/BSM-Project/data/raw/BSM/Zircon/60.jpg,GRP_0363,/content/BSM-Project/data/augmented/train/Zircon/60__r30_f1.jpg,True,30,True,224,224,3,18208,af9594745fabd089ada14aca2cd9f76949d529b4a04647ce400ce63787b8a8a5
IMG_0363_r45_f0,train,Zircon,2,IMG_0363,/content/BSM-Project/data/raw/BSM/Zircon/60.jpg,GRP_0363,/content/BSM-Project/data/augmented/train/Zircon/60__r45_f0.jpg,True,45,False,224,224,3,17847,95950f4de18b015b364564af907f59b2b45e0fe36be0b1093d107d300a0b923c
IMG_0363_r45_f1,train,Zircon,2,IMG_0363,/content/BSM-Project/data/raw/BSM/Zircon/60.jpg,GRP_0363,/content/BSM-Project/data/augmented/train/Zircon/60__r45_f1.jpg,True,45,True,224,224,3,17856,8981981581239ca0d9877a697ff6e98be02c6154f5c53c17b8ae07cd18e705f1
IMG_0363_r90_f0,train,Zircon,2,IMG_0363,/content/BSM-Project/data/raw/BSM/Zircon/60.jpg,GRP_0363,/content/BSM-Project/data/augmented/train/Zircon/60__r90_f0.jpg,True,90,False,224,224,3,16692,a42128a6c3084f107f6a57e22fa014fa71fd1841667fd80c13ff1a9d933eb0fd
IMG_0363_r90_f1,train,Zircon,2,IMG_0363,/content/BSM-Project/data/raw/BSM/Zircon/60.jpg,GRP_0363,/content/BSM-Project/data/augmented/train/Zircon/60__r90_f1.jpg,True,90,True,224,224,3,16692,5074769d471bbc8e08980d08d783b6d69440e74caa32338b547a8624b950d78e
IMG_0364_r0_f0,train,Zircon,2,IMG_0364,/content/BSM-Project/data/raw/BSM/Zircon/7.jpg,GRP_0364,/content/BSM-Project/data/augmented/train/Zircon/7__r0_f0.jpg,True,0,False,224,224,3,13594,f3e99e89ffcd47b994c6fed968ab391e9679b30586e8c2b5c7619682788474b1
IMG_0364_r0_f1,train,Zircon,2,IMG_0364,/content/BSM-Project/data/raw/BSM/Zircon/7.jpg,GRP_0364,/content/BSM-Project/data/augmented/train/Zircon/7__r0_f1.jpg,True,0,True,224,224,3,13572,0721abda73b562f7188a53e91e2f4357a39926f69ae9bc1485e0ffce87fa4133
IMG_0364_r180_f0,train,Zircon,2,IMG_0364,/content/BSM-Project/data/raw/BSM/Zircon/7.jpg,GRP_0364,/content/BSM-Project/data/augmented/train/Zircon/7__r180_f0.jpg,True,180,False,224,224,3,13592,8d5e7926f2a7663a866e43bcd596d98723c183dd6cc743717711fd36ace93c07
IMG_0364_r180_f1,train,Zircon,2,IMG_0364,/content/BSM-Project/data/raw/BSM/Zircon/7.jpg,GRP_0364,/content/BSM-Project/data/augmented/train/Zircon/7__r180_f1.jpg,True,180,True,224,224,3,13566,4ab42904fa0eb9852796613465e1be1d3c77072ac6eb035840692603e775ef99
IMG_0364_r270_f0,train,Zircon,2,IMG_0364,/content/BSM-Project/data/raw/BSM/Zircon/7.jpg,GRP_0364,/content/BSM-Project/data/augmented/train/Zircon/7__r270_f0.jpg,True,270,False,224,224,3,14658,c25b04150e22671fe1f92798e7eab01d24450bf3c2d45940ecbe43edebd0b764
IMG_0364_r270_f1,train,Zircon,2,IMG_0364,/content/BSM-Project/data/raw/BSM/Zircon/7.jpg,GRP_0364,/content/BSM-Project/data/augmented/train/Zircon/7__r270_f1.jpg,True,270,True,224,224,3,14689,2c89141275ba12afcdfa509c767296687fa0969f41158c01f0f4bf6fd43db92f
IMG_0364_r30_f0,train,Zircon,2,IMG_0364,/content/BSM-Project/data/raw/BSM/Zircon/7.jpg,GRP_0364,/content/BSM-Project/data/augmented/train/Zircon/7__r30_f0.jpg,True,30,False,224,224,3,16804,911acfffe92e42e22963714f7e041bc1e28724bd4f180883d5897c6cf422c625
IMG_0364_r30_f1,train,Zircon,2,IMG_0364,/content/BSM-Project/data/raw/BSM/Zircon/7.jpg,GRP_0364,/content/BSM-Project/data/augmented/train/Zircon/7__r30_f1.jpg,True,30,True,224,224,3,16776,f3988be9dd54e9fd46d624367f193dfac916d0db1cf1fd41f83140c91fe30624
IMG_0364_r45_f0,train,Zircon,2,IMG_0364,/content/BSM-Project/data/raw/BSM/Zircon/7.jpg,GRP_0364,/content/BSM-Project/data/augmented/train/Zircon/7__r45_f0.jpg,True,45,False,224,224,3,16811,c56d31ca52bcb9e8309c92b3455b26a0840a57bcac86858f9e348b83b8e84c0a
IMG_0364_r45_f1,train,Zircon,2,IMG_0364,/content/BSM-Project/data/raw/BSM/Zircon/7.jpg,GRP_0364,/content/BSM-Project/data/augmented/train/Zircon/7__r45_f1.jpg,True,45,True,224,224,3,16805,8742a2c48fe589c04288744250f8e7cf8f38626a9654bf27469658a06aacc028
IMG_0364_r90_f0,train,Zircon,2,IMG_0364,/content/BSM-Project/data/raw/BSM/Zircon/7.jpg,GRP_0364,/content/BSM-Project/data/augmented/train/Zircon/7__r90_f0.jpg,True,90,False,224,224,3,14677,d7ac9c36631798b5f97bdb55e40d0704507fdb547b7352604dde9e75cf993f21
IMG_0364_r90_f1,train,Zircon,2,IMG_0364,/content/BSM-Project/data/raw/BSM/Zircon/7.jpg,GRP_0364,/content/BSM-Project/data/augmented/train/Zircon/7__r90_f1.jpg,True,90,True,224,224,3,14689,80a3a86494f1244d5aeb4b9d3619aaae287c676c0b169daaa2d4824672e37bb3
IMG_0365_r0_f0,train,Zircon,2,IMG_0365,/content/BSM-Project/data/raw/BSM/Zircon/8.jpg,GRP_0365,/content/BSM-Project/data/augmented/train/Zircon/8__r0_f0.jpg,True,0,False,224,224,3,13364,6ee9b8b7e6f768397a0be06948aea45358a4a0314a86db3eb91bffaa8e381dff
IMG_0365_r0_f1,train,Zircon,2,IMG_0365,/content/BSM-Project/data/raw/BSM/Zircon/8.jpg,GRP_0365,/content/BSM-Project/data/augmented/train/Zircon/8__r0_f1.jpg,True,0,True,224,224,3,13352,5a91a2ce80484ccc0cbcd015b8908d23b6e799a65852dd8c968886bf8efe7539
IMG_0365_r180_f0,train,Zircon,2,IMG_0365,/content/BSM-Project/data/raw/BSM/Zircon/8.jpg,GRP_0365,/content/BSM-Project/data/augmented/train/Zircon/8__r180_f0.jpg,True,180,False,224,224,3,13351,0b268e0a4ebdea35387a74ec4427c7f7e98d65f32677bb5ac246531e65d0fb13
IMG_0365_r180_f1,train,Zircon,2,IMG_0365,/content/BSM-Project/data/raw/BSM/Zircon/8.jpg,GRP_0365,/content/BSM-Project/data/augmented/train/Zircon/8__r180_f1.jpg,True,180,True,224,224,3,13366,c6ac573abe1eea9c38ee4b247f53987227a0d4365dd3493d31b995aa3656e7c1
IMG_0365_r270_f0,train,Zircon,2,IMG_0365,/content/BSM-Project/data/raw/BSM/Zircon/8.jpg,GRP_0365,/content/BSM-Project/data/augmented/train/Zircon/8__r270_f0.jpg,True,270,False,224,224,3,14631,0d80865153def0686e0ee95504b3300b5dd18761a78830272349681feb67633e
IMG_0365_r270_f1,train,Zircon,2,IMG_0365,/content/BSM-Project/data/raw/BSM/Zircon/8.jpg,GRP_0365,/content/BSM-Project/data/augmented/train/Zircon/8__r270_f1.jpg,True,270,True,224,224,3,14628,51d3dde0c811d1c129026e678f247eacf6c937e829050514ded1bc49eb5fdb55
IMG_0365_r30_f0,train,Zircon,2,IMG_0365,/content/BSM-Project/data/raw/BSM/Zircon/8.jpg,GRP_0365,/content/BSM-Project/data/augmented/train/Zircon/8__r30_f0.jpg,True,30,False,224,224,3,16763,57a1f05919fa2defcd59249bd28acaae1e2aab681fb6ffd287e3551f3c4e4763
IMG_0365_r30_f1,train,Zircon,2,IMG_0365,/content/BSM-Project/data/raw/BSM/Zircon/8.jpg,GRP_0365,/content/BSM-Project/data/augmented/train/Zircon/8__r30_f1.jpg,True,30,True,224,224,3,16818,b6d08665c049164c6c845ad801834c10df3d45d8d01d9a073f52e23d555019ba
IMG_0365_r45_f0,train,Zircon,2,IMG_0365,/content/BSM-Project/data/raw/BSM/Zircon/8.jpg,GRP_0365,/content/BSM-Project/data/augmented/train/Zircon/8__r45_f0.jpg,True,45,False,224,224,3,16853,3a2cfbd004385552936c1bb5f3d80a6a445fb404f44b65f7f2040f75ac0587c1
IMG_0365_r45_f1,train,Zircon,2,IMG_0365,/content/BSM-Project/data/raw/BSM/Zircon/8.jpg,GRP_0365,/content/BSM-Project/data/augmented/train/Zircon/8__r45_f1.jpg,True,45,True,224,224,3,16899,ae372b91ae1545432bd638ee986570efbba9125dc789e9aa87508be439b71fef
IMG_0365_r90_f0,train,Zircon,2,IMG_0365,/content/BSM-Project/data/raw/BSM/Zircon/8.jpg,GRP_0365,/content/BSM-Project/data/augmented/train/Zircon/8__r90_f0.jpg,True,90,False,224,224,3,14627,d17770d40563a26c957f37fb6b595e38c0ac751b24f358d8e9ae3f4adde7b26c
IMG_0365_r90_f1,train,Zircon,2,IMG_0365,/content/BSM-Project/data/raw/BSM/Zircon/8.jpg,GRP_0365,/content/BSM-Project/data/augmented/train/Zircon/8__r90_f1.jpg,True,90,True,224,224,3,14619,a2e9b380d5e95c348fa01f7618bc592d7b99e332ec3b06d4d53ae137b0510c7d
IMG_0366_r0_f0,train,Zircon,2,IMG_0366,/content/BSM-Project/data/raw/BSM/Zircon/9.jpg,GRP_0366,/content/BSM-Project/data/augmented/train/Zircon/9__r0_f0.jpg,True,0,False,224,224,3,24831,e99abf0a8f410e7468a016eb67ff71e5ab6eeeefc80bea3b62ee080dfe59e1c8
IMG_0366_r0_f1,train,Zircon,2,IMG_0366,/content/BSM-Project/data/raw/BSM/Zircon/9.jpg,GRP_0366,/content/BSM-Project/data/augmented/train/Zircon/9__r0_f1.jpg,True,0,True,224,224,3,24860,6467170fd8ede66bd398147db343c1de3f2ddc8b230614ce1db1aa006d37a7fe
IMG_0366_r180_f0,train,Zircon,2,IMG_0366,/content/BSM-Project/data/raw/BSM/Zircon/9.jpg,GRP_0366,/content/BSM-Project/data/augmented/train/Zircon/9__r180_f0.jpg,True,180,False,224,224,3,24833,7ab4873d7c18e881613700df7a0cf7264cef4901f9e474e419afbe7916beb513
IMG_0366_r180_f1,train,Zircon,2,IMG_0366,/content/BSM-Project/data/raw/BSM/Zircon/9.jpg,GRP_0366,/content/BSM-Project/data/augmented/train/Zircon/9__r180_f1.jpg,True,180,True,224,224,3,24872,9ead30fac5e4cfb70cc10a6df6acaf55285a7234cbab7f8c8c3ece029f02c3a8
IMG_0366_r270_f0,train,Zircon,2,IMG_0366,/content/BSM-Project/data/raw/BSM/Zircon/9.jpg,GRP_0366,/content/BSM-Project/data/augmented/train/Zircon/9__r270_f0.jpg,True,270,False,224,224,3,22682,06df164bee7dbe63077092bb866f878e26c84b01b0950285edcbc754f841408c
IMG_0366_r270_f1,train,Zircon,2,IMG_0366,/content/BSM-Project/data/raw/BSM/Zircon/9.jpg,GRP_0366,/content/BSM-Project/data/augmented/train/Zircon/9__r270_f1.jpg,True,270,True,224,224,3,22604,b26e603c2d5afc501a6058f71edea13d0aa051468162553244301c6175426d1d
IMG_0366_r30_f0,train,Zircon,2,IMG_0366,/content/BSM-Project/data/raw/BSM/Zircon/9.jpg,GRP_0366,/content/BSM-Project/data/augmented/train/Zircon/9__r30_f0.jpg,True,30,False,224,224,3,24472,0b4c64e8aa9e737d658c6654313ec3d5e058ebc7d1f604293a005bd5ef5856e6
IMG_0366_r30_f1,train,Zircon,2,IMG_0366,/content/BSM-Project/data/raw/BSM/Zircon/9.jpg,GRP_0366,/content/BSM-Project/data/augmented/train/Zircon/9__r30_f1.jpg,True,30,True,224,224,3,24479,1558f98df7b989e9609d47900d270feb35c9458ae3e1b2cc2e7699742e32f1f2
IMG_0366_r45_f0,train,Zircon,2,IMG_0366,/content/BSM-Project/data/raw/BSM/Zircon/9.jpg,GRP_0366,/content/BSM-Project/data/augmented/train/Zircon/9__r45_f0.jpg,True,45,False,224,224,3,23373,3a5239213c9cd9295fed72d8a4d83516c04e239dcdfb033e658255979de0434e
IMG_0366_r45_f1,train,Zircon,2,IMG_0366,/content/BSM-Project/data/raw/BSM/Zircon/9.jpg,GRP_0366,/content/BSM-Project/data/augmented/train/Zircon/9__r45_f1.jpg,True,45,True,224,224,3,23430,428c480a61155a97739ec17c4d9324ad314d6633ac5d1e9673883aaa59cc5828
IMG_0366_r90_f0,train,Zircon,2,IMG_0366,/content/BSM-Project/data/raw/BSM/Zircon/9.jpg,GRP_0366,/content/BSM-Project/data/augmented/train/Zircon/9__r90_f0.jpg,True,90,False,224,224,3,22663,0dbc834cc3a3f3f57caf864d4f8f57476972d5cce1ba20c341a82e8e3b7c1f4c
IMG_0366_r90_f1,train,Zircon,2,IMG_0366,/content/BSM-Project/data/raw/BSM/Zircon/9.jpg,GRP_0366,/content/BSM-Project/data/augmented/train/Zircon/9__r90_f1.jpg,True,90,True,224,224,3,22634,3b342f0e6e7ae8e26d5f12b6c67390a2c491f035e7aaf40601d996e0f8f3df0a
IMG_0000,val,Garnet,3,IMG_0000,/content/BSM-Project/data/raw/BSM/Garnet/1.jpg,GRP_0000,/content/BSM-Project/data/processed/Garnet/1.jpg,False,0,False,224,224,3,15551,c5ba058c5359deccce3e94625d6661eaeb98d15a2f6bef9496708dac43842d1d
IMG_0012,val,Garnet,3,IMG_0012,/content/BSM-Project/data/raw/BSM/Garnet/20.jpg,GRP_0012,/content/BSM-Project/data/processed/Garnet/20.jpg,False,0,False,224,224,3,20369,d5bae60fa7082cd0b7ebd6ca2243affa8ddb9ba7bd0b9435d45222e847f14553
IMG_0019,val,Garnet,3,IMG_0019,/content/BSM-Project/data/raw/BSM/Garnet/27.jpg,GRP_0019,/content/BSM-Project/data/processed/Garnet/27.jpg,False,0,False,224,224,3,29759,a9b381d5fd3c284ad4b6820658d5f32b7cb9260df5c813042e2a517316b3fb74
IMG_0022,val,Garnet,3,IMG_0022,/content/BSM-Project/data/raw/BSM/Garnet/3.jpg,GRP_0022,/content/BSM-Project/data/processed/Garnet/3.jpg,False,0,False,224,224,3,16397,4788019806415a9ad37bc0e81257893b9864bbcf0b90d90b6573851b76f040c5
IMG_0035,val,Garnet,3,IMG_0035,/content/BSM-Project/data/raw/BSM/Garnet/41.jpg,GRP_0035,/content/BSM-Project/data/processed/Garnet/41.jpg,False,0,False,224,224,3,24844,52e73ecd12ee097291595872da81801fc16042e28328ac3dff6ded6bb4a3c81d
IMG_0041,val,Garnet,3,IMG_0041,/content/BSM-Project/data/raw/BSM/Garnet/47.jpg,GRP_0041,/content/BSM-Project/data/processed/Garnet/47.jpg,False,0,False,224,224,3,20880,3902368ca99d2d0d30b77ab0251ae9eda24137953599858364dc92c4e1bcf4fc
IMG_0045,val,Garnet,3,IMG_0045,/content/BSM-Project/data/raw/BSM/Garnet/50.jpg,GRP_0045,/content/BSM-Project/data/processed/Garnet/50.jpg,False,0,False,224,224,3,28608,5974cf0b14fc1210be6c4f5ebf7f0e1e2d9533d3aa1affdaf09fcbae12d30dec
IMG_0047,val,Garnet,3,IMG_0047,/content/BSM-Project/data/raw/BSM/Garnet/52.jpg,GRP_0047,/content/BSM-Project/data/processed/Garnet/52.jpg,False,0,False,224,224,3,26838,6502bec2eacf6d4927d819ede3613165e56d9f2ac13222fafe049198dbb06c3c
IMG_0051,val,Garnet,3,IMG_0051,/content/BSM-Project/data/raw/BSM/Garnet/56.jpg,GRP_0051,/content/BSM-Project/data/processed/Garnet/56.jpg,False,0,False,224,224,3,15547,c91c6f51c45c376fc76ca5d16786e362124058b95f693ba2b6fcf610d58eec4c
IMG_0065,val,Ilmenite,0,IMG_0065,/content/BSM-Project/data/raw/BSM/Ilmenite/14.jpg,GRP_0065,/content/BSM-Project/data/processed/Ilmenite/14.jpg,False,0,False,224,224,3,20650,83fe67b1de2b9a083477688886e92e38e7a6fe5963c14a2c23ad49628e47bbac
IMG_0067,val,Ilmenite,0,IMG_0067,/content/BSM-Project/data/raw/BSM/Ilmenite/16.jpg,GRP_0067,/content/BSM-Project/data/processed/Ilmenite/16.jpg,False,0,False,224,224,3,19733,2400063443f9e215780e2e8cc913a5a5c361c6dd787cbfff0cdf7ba15d571044
IMG_0082,val,Ilmenite,0,IMG_0082,/content/BSM-Project/data/raw/BSM/Ilmenite/3.jpg,GRP_0082,/content/BSM-Project/data/processed/Ilmenite/3.jpg,False,0,False,224,224,3,17033,2f0c5b8b50dff41e97f8051035e1e9896afcda1752bbeec0ac5868409514757a
IMG_0083,val,Ilmenite,0,IMG_0083,/content/BSM-Project/data/raw/BSM/Ilmenite/30.jpg,GRP_0083,/content/BSM-Project/data/processed/Ilmenite/30.jpg,False,0,False,224,224,3,25544,9b00a9afb5b0cc154d2a901550458be53225c440d99ab0c112c1a25e8ea8f0a4
IMG_0086,val,Ilmenite,0,IMG_0086,/content/BSM-Project/data/raw/BSM/Ilmenite/33.jpg,GRP_0086,/content/BSM-Project/data/processed/Ilmenite/33.jpg,False,0,False,224,224,3,20468,13fcfabce6f7d9e067d879588e44390c80db826e1916d3e8efa4a06adbac29f2
IMG_0092,val,Ilmenite,0,IMG_0092,/content/BSM-Project/data/raw/BSM/Ilmenite/39.jpg,GRP_0092,/content/BSM-Project/data/processed/Ilmenite/39.jpg,False,0,False,224,224,3,22265,9806745b6a722d436e8dbd00879e39e721036a68300fb8389534a0b6037839bb
IMG_0095,val,Ilmenite,0,IMG_0095,/content/BSM-Project/data/raw/BSM/Ilmenite/41.jpg,GRP_0095,/content/BSM-Project/data/processed/Ilmenite/41.jpg,False,0,False,224,224,3,22697,665fcc56ed5132f1d6fa8fa87a80def17e6de3fa9a3f59da392c56a8ce3b2b94
IMG_0118,val,Ilmenite,0,IMG_0118,/content/BSM-Project/data/raw/BSM/Ilmenite/62.jpg,GRP_0118,/content/BSM-Project/data/processed/Ilmenite/62.jpg,False,0,False,224,224,3,18178,bc94b1fda6b50be5678fa44d782e86490ae4f3abb03b33ee793076397848cc19
IMG_0120,val,Ilmenite,0,IMG_0120,/content/BSM-Project/data/raw/BSM/Ilmenite/8.jpg,GRP_0120,/content/BSM-Project/data/processed/Ilmenite/8.jpg,False,0,False,224,224,3,25085,056bccb2796ed7d2f905474982c908e71cdbad57ebfaeffdac9df4f1810e4b90
IMG_0124,val,Monazite,4,IMG_0124,/content/BSM-Project/data/raw/BSM/Monazite/11.jpg,GRP_0124,/content/BSM-Project/data/processed/Monazite/11.jpg,False,0,False,224,224,3,20236,c42bfc8dd4687a9a7a8b11d095f5e1c3b74aa6d878d84f9786f9683fa8cde4c3
IMG_0133,val,Monazite,4,IMG_0133,/content/BSM-Project/data/raw/BSM/Monazite/2.jpg,GRP_0133,/content/BSM-Project/data/processed/Monazite/2.jpg,False,0,False,224,224,3,25005,08b408a497ff49a7f23139b09f59b16995860d01477bccc80f9a531d7a2c3fa1
IMG_0134,val,Monazite,4,IMG_0134,/content/BSM-Project/data/raw/BSM/Monazite/20.jpg,GRP_0134,/content/BSM-Project/data/processed/Monazite/20.jpg,False,0,False,224,224,3,17564,80a26dc133b3b1224839067e2d1de4ac57196b51e8f4d8e25e128662b8e1ba46
IMG_0136,val,Monazite,4,IMG_0136,/content/BSM-Project/data/raw/BSM/Monazite/22.jpg,GRP_0136,/content/BSM-Project/data/processed/Monazite/22.jpg,False,0,False,224,224,3,23706,c395f76c12791cda6220f9a53052396bac1c0123e7f9fd9eaff66220ed11f845
IMG_0139,val,Monazite,4,IMG_0139,/content/BSM-Project/data/raw/BSM/Monazite/25.jpg,GRP_0139,/content/BSM-Project/data/processed/Monazite/25.jpg,False,0,False,224,224,3,24612,a6a944dc2df09d5578a49047752c8302d8c3af50baaefa1be442e1aa9860b08a
IMG_0144,val,Monazite,4,IMG_0144,/content/BSM-Project/data/raw/BSM/Monazite/3.jpg,GRP_0144,/content/BSM-Project/data/processed/Monazite/3.jpg,False,0,False,224,224,3,26644,6895ce2ca3a95309a1e12d32db1b452adcc49110de9e73b2aa07b1e1d5ad53df
IMG_0150,val,Monazite,4,IMG_0150,/content/BSM-Project/data/raw/BSM/Monazite/35.jpg,GRP_0150,/content/BSM-Project/data/processed/Monazite/35.jpg,False,0,False,224,224,3,18898,c907328f4a698fa4cfee10eaea1ed5ed54b433e263ed26f4ddf6c582f6efb14a
IMG_0164,val,Monazite,4,IMG_0164,/content/BSM-Project/data/raw/BSM/Monazite/48.jpg,GRP_0164,/content/BSM-Project/data/processed/Monazite/48.jpg,False,0,False,224,224,3,23933,c3b69d7c83aa9313dd9181fa11a84392f6e1478cf638b35f029cef3ac1488204
IMG_0177,val,Monazite,4,IMG_0177,/content/BSM-Project/data/raw/BSM/Monazite/6.jpg,GRP_0177,/content/BSM-Project/data/processed/Monazite/6.jpg,False,0,False,224,224,3,16003,787281cee0db70acfccb26189220d748a12e57ec1f71958317132024d5a675b6
IMG_0194,val,Rutile,1,IMG_0194,/content/BSM-Project/data/raw/BSM/Rutile/21.jpg,GRP_0194,/content/BSM-Project/data/processed/Rutile/21.jpg,False,0,False,224,224,3,9540,dad239750079c59d251f3c7147c0544ad91155f66d10869aabfe91be208c4f4d
IMG_0199,val,Rutile,1,IMG_0199,/content/BSM-Project/data/raw/BSM/Rutile/26.jpg,GRP_0199,/content/BSM-Project/data/processed/Rutile/26.jpg,False,0,False,224,224,3,20445,4f947db343d7dc4c87cefb38da57fe5129cdbfdeadb0f98b2fca55a04f441238
IMG_0206,val,Rutile,1,IMG_0206,/content/BSM-Project/data/raw/BSM/Rutile/34.jpg,GRP_0206,/content/BSM-Project/data/processed/Rutile/34.jpg,False,0,False,224,224,3,16436,6fc73755c278f5058162b6740489c9e1b7f02d8368aaa719f62858f99098eb50
IMG_0214,val,Rutile,1,IMG_0214,/content/BSM-Project/data/raw/BSM/Rutile/41.jpg,GRP_0214,/content/BSM-Project/data/processed/Rutile/41.jpg,False,0,False,224,224,3,18077,64edc8e4ca024db41f46e7ae5cd50df7bcb7f074e69b91cbb75a261c6523c679
IMG_0229,val,Rutile,1,IMG_0229,/content/BSM-Project/data/raw/BSM/Rutile/57.jpg,GRP_0229,/content/BSM-Project/data/processed/Rutile/57.jpg,False,0,False,224,224,3,12374,ef860bddaa0962e60ee38c65358ce0c509de158892d279f8c73442316c063437
IMG_0230,val,Rutile,1,IMG_0230,/content/BSM-Project/data/raw/BSM/Rutile/58.jpg,GRP_0230,/content/BSM-Project/data/processed/Rutile/58.jpg,False,0,False,224,224,3,20254,84508020408b72104954c24242e30d291e41b7e32a36fbd94647c5ce83bfda4d
IMG_0231,val,Rutile,1,IMG_0231,/content/BSM-Project/data/raw/BSM/Rutile/59.jpg,GRP_0231,/content/BSM-Project/data/processed/Rutile/59.jpg,False,0,False,224,224,3,13753,633df382d489cdcc125bb887153f341277d98870059b1517ca419b5b8428be7a
IMG_0237,val,Rutile,1,IMG_0237,/content/BSM-Project/data/raw/BSM/Rutile/64.jpg,GRP_0237,/content/BSM-Project/data/processed/Rutile/64.jpg,False,0,False,224,224,3,20118,1e88b9d8129c74a24895f2e193800b73951b59ad50ec828a7f746a2ad6c70960
IMG_0242,val,Rutile,1,IMG_0242,/content/BSM-Project/data/raw/BSM/Rutile/69.jpg,GRP_0242,/content/BSM-Project/data/processed/Rutile/69.jpg,False,0,False,224,224,3,13839,3d31b19d842ae3c09ab7d2ca9dad8cb1ef0824346f744058e0e3875f47a4545e
IMG_0245,val,Rutile,1,IMG_0245,/content/BSM-Project/data/raw/BSM/Rutile/71.jpg,GRP_0245,/content/BSM-Project/data/processed/Rutile/71.jpg,False,0,False,224,224,3,13573,06f195b589a71b6340e590bcb5e0d36973bd49eac5f692309e90c462fe34e661
IMG_0250,val,Sillimanite,5,IMG_0250,/content/BSM-Project/data/raw/BSM/Sillimanite/11.jpg,GRP_0250,/content/BSM-Project/data/processed/Sillimanite/11.jpg,False,0,False,224,224,3,27281,e7f38f0d8609a2bcfd55cc928a9e085bb48f0a4ccd140149da4aae7067485953
IMG_0251,val,Sillimanite,5,IMG_0251,/content/BSM-Project/data/raw/BSM/Sillimanite/12.jpg,GRP_0251,/content/BSM-Project/data/processed/Sillimanite/12.jpg,False,0,False,224,224,3,33603,9c7827c7890969f459ca2376f6857b95d450b122b9fb0920a1b86c1d8120132f
IMG_0255,val,Sillimanite,5,IMG_0255,/content/BSM-Project/data/raw/BSM/Sillimanite/16.jpg,GRP_0255,/content/BSM-Project/data/processed/Sillimanite/16.jpg,False,0,False,224,224,3,21663,f1576b769bf29167bb3be078dfceb42ecc468169322609921936fd8d7ebff095
IMG_0268,val,Sillimanite,5,IMG_0268,/content/BSM-Project/data/raw/BSM/Sillimanite/28.jpg,GRP_0268,/content/BSM-Project/data/processed/Sillimanite/28.jpg,False,0,False,224,224,3,27077,04b55aab68021fe99b27308b9cffded6810765c2d8fea05bfd21027a94e29825
IMG_0269,val,Sillimanite,5,IMG_0269,/content/BSM-Project/data/raw/BSM/Sillimanite/29.jpg,GRP_0269,/content/BSM-Project/data/processed/Sillimanite/29.jpg,False,0,False,224,224,3,22586,e01e9a572821caa82b4de9aed7130dc67a3b4ab362e6906594cad31a0333b58d
IMG_0272,val,Sillimanite,5,IMG_0272,/content/BSM-Project/data/raw/BSM/Sillimanite/31.jpg,GRP_0272,/content/BSM-Project/data/processed/Sillimanite/31.jpg,False,0,False,224,224,3,15104,2956438635fff9a72b797f79218d93097bcc4c5d8404039a84ea122f12304112
IMG_0278,val,Sillimanite,5,IMG_0278,/content/BSM-Project/data/raw/BSM/Sillimanite/37.jpg,GRP_0278,/content/BSM-Project/data/processed/Sillimanite/37.jpg,False,0,False,224,224,3,21181,8f0de216654112c0476a0aabb37e7d6bf85578264631f8df826ab44128454235
IMG_0285,val,Sillimanite,5,IMG_0285,/content/BSM-Project/data/raw/BSM/Sillimanite/43.jpg,GRP_0285,/content/BSM-Project/data/processed/Sillimanite/43.jpg,False,0,False,224,224,3,15594,d63d14c57e89786866036eedb87ab9b5b96b314a40a977aee3ccacdb267bc552
IMG_0300,val,Sillimanite,5,IMG_0300,/content/BSM-Project/data/raw/BSM/Sillimanite/57.jpg,GRP_0300,/content/BSM-Project/data/processed/Sillimanite/57.jpg,False,0,False,224,224,3,15317,f6ab2a6dae7612568ac1d34bad3aacd195f09f11f349c023016ff771fb58dc49
IMG_0313,val,Zircon,2,IMG_0313,/content/BSM-Project/data/raw/BSM/Zircon/14.jpg,GRP_0313,/content/BSM-Project/data/processed/Zircon/14.jpg,False,0,False,224,224,3,13241,995a076f8be72be4d3b5811740535fa4e39f1be492a47250a9bd6cc3bca101af
IMG_0317,val,Zircon,2,IMG_0317,/content/BSM-Project/data/raw/BSM/Zircon/18.jpg,GRP_0317,/content/BSM-Project/data/processed/Zircon/18.jpg,False,0,False,224,224,3,19801,fa47ab2eb5ad3f0ba15ea5b939ae610e98bcc6d7b6398317f55f251cbc1eda65
IMG_0327,val,Zircon,2,IMG_0327,/content/BSM-Project/data/raw/BSM/Zircon/27.jpg,GRP_0327,/content/BSM-Project/data/processed/Zircon/27.jpg,False,0,False,224,224,3,27480,80c4740e7a242c90152aebeb7bc7870f626fd88d142ed4ca15098ad07dab0c08
IMG_0338,val,Zircon,2,IMG_0338,/content/BSM-Project/data/raw/BSM/Zircon/37.jpg,GRP_0338,/content/BSM-Project/data/processed/Zircon/37.jpg,False,0,False,224,224,3,22828,ce22ae36d57529103022aa5a24ff928b2ff3b1d2dac266c2e37f796b1ccec2c5
IMG_0342,val,Zircon,2,IMG_0342,/content/BSM-Project/data/raw/BSM/Zircon/41.jpg,GRP_0342,/content/BSM-Project/data/processed/Zircon/41.jpg,False,0,False,224,224,3,24485,72689e11b03be967a1c841bc877ca3dc01b456f681ad5e6e27cb41c0690c8147
IMG_0355,val,Zircon,2,IMG_0355,/content/BSM-Project/data/raw/BSM/Zircon/53.jpg,GRP_0355,/content/BSM-Project/data/processed/Zircon/53.jpg,False,0,False,224,224,3,20327,7254d88570deac97ecac8c0e5c018f7d72fc440e68a74ee6fb6de461fe0598a0
IMG_0356,val,Zircon,2,IMG_0356,/content/BSM-Project/data/raw/BSM/Zircon/54.jpg,GRP_0356,/content/BSM-Project/data/processed/Zircon/54.jpg,False,0,False,224,224,3,20687,23b8eefdc8e8d666d39969d7b1afa8290da96baa654969a0cd812b749fec6d47
IMG_0361,val,Zircon,2,IMG_0361,/content/BSM-Project/data/raw/BSM/Zircon/59.jpg,GRP_0361,/content/BSM-Project/data/processed/Zircon/59.jpg,False,0,False,224,224,3,22673,c559263da47354de37b6a39d30b9dce6cd849e6670cbfb6b2005db3bc0516cb6
IMG_0362,val,Zircon,2,IMG_0362,/content/BSM-Project/data/raw/BSM/Zircon/6.jpg,GRP_0362,/content/BSM-Project/data/processed/Zircon/6.jpg,False,0,False,224,224,3,11694,b15462934a66c04a18845c67268ac9fe184b0c942e55ee541bd4cf4fd9a63ef5
